﻿原始产品名,原始价格,产品全称,品牌,产品线,品类,昵称,功效,参考价格,品牌产地,error
¥100-2000,¥2000-7210,,,,价格区间,,,,,
热门价格选择,¥0-100,热门价格选择,,,,,,,,
 补水润滑芦荟胶1支,¥1.01,自然乐园芦荟舒缓保湿凝胶,自然乐园,,凝胶,芦荟胶,补水+舒缓+修复,¥1.01/支,韩国,
 理肤泉B5修复面霜40ml+OM面膜套装 舒缓泛红补水保湿晒后修护,¥32.9,理肤泉B5修复面霜,理肤泉,B5,面霜,B5面霜,修复+舒缓+保湿,¥32.9/40ml,法国,
 大宝SOD蜜200ml双支润肤保湿,¥44.9,大宝SOD蜜,大宝,SOD,润肤乳,SOD蜜,保湿+滋润,¥44.9/200ml,中国,
 片仔癀 皇后牌珍珠霜25g*3,¥32.9,片仔癀皇后牌珍珠霜,片仔癀,皇后牌,面霜,珍珠霜,美白+滋养+修护,¥32.9/25g,中国,
 玉泽屏障修护保湿霜50g,¥122.55,玉泽皮肤屏障修护保湿霜,玉泽,皮肤屏障修护,面霜,修护霜,修护+保湿+舒缓,¥122.55/50g,中国,
 理肤泉全新B5霜40ml,¥95.04,理肤泉B5多效修复霜,理肤泉,B5,面霜,B5霜,修复+舒缓+保湿,¥95.04/40ml,法国,
 科颜氏高保湿面霜125ml,¥278,科颜氏高保湿面霜,科颜氏,高保湿,面霜,高保湿面霜,保湿+修护+舒缓,¥278/125ml,美国,
 【胖东来同款】懒人素颜霜N0.1,¥44.5,懒人素颜霜,空值,空值,素颜霜,胖东来同款,提亮+遮瑕+保湿,¥44.5/50ml,空值,
 【热销50W+】黄奕同款素颜霜,¥129.99,Dr.Ci:Labo城野医生素颜霜,Dr.Ci:Labo,城野医生,面霜,素颜霜,提亮+遮瑕+保湿,¥129.99/50ml,日本,
 欧莱雅小蜜罐滋润面霜60ml,¥311.05,欧莱雅金致臻颜花蜜奢养滋润面霜,欧莱雅,金致臻颜,面霜,小蜜罐,滋润+抗老+修护,¥311/60ml,法国,
 【胜过激光】日本377美白祛斑霜,¥55.75,城野医生377美白祛斑霜,城野医生,377,面霜,377面霜,美白+祛斑+淡斑,¥55.75/18g,日本,
 sakose金盏花倍润冰沙面霜80g,¥39.92,sakose金盏花倍润冰沙面霜,sakose,金盏花,面霜,冰沙霜,保湿+舒缓+修护,¥39.92/80g,中国,
乳液面霜金榜第16名,¥855,雅诗兰黛多效智妍乳液面霜,雅诗兰黛,多效智妍,面霜,智妍面霜,抗老+保湿+紧致,¥855/50ml,美国,
药房同售/烟酰胺凝胶+熊果苷乳霜,¥13.8,烟酰胺凝胶+熊果苷乳霜,The Ordinary,NMF,凝胶+乳霜,TO平价CP,美白+保湿+修护,¥13.8/30ml,加拿大,
 【胖东来专柜】维生素B5大白罐,¥23.71,维生素B5修护保湿面霜,理肤泉,B5,面霜,B5大白罐,修护+保湿+舒缓,¥23.71/50ml,法国,
【胖东来热销】TOP榜第1名面霜,¥59.8,胖东来热销面霜,胖东来,,面霜,,保湿+滋润,¥59.8/50g,中国,
 理肤泉新B5霜+小喷*2保湿套装,¥107,理肤泉B5多效修复霜,理肤泉,B5,面霜,B5霜,修复+舒缓+保湿,¥107/40ml,法国,
 春娟黄芪霜袋装30g,¥10,春娟黄芪霜,春娟,,面霜,黄芪霜,保湿+修护+滋养,¥10/30g,中国,
 【热销10w+】素颜霜TOP1宫芙,¥76,宫芙素颜霜,宫芙,,素颜霜,,提亮+遮瑕+保湿,¥76/50ml,中国,
 完美补水保湿乳液面霜毛孔收缩温和改善肌肤粗糙祛痘芦荟凝胶40g,¥38,完美芦荟胶,完美,无,凝胶,完美芦荟胶,保湿+祛痘+修复,¥38/40g,中国,
 珀莱雅源力修护面霜50g,¥236.61,珀莱雅源力修护面霜,珀莱雅,源力,面霜,源力面霜,修护+保湿+强韧屏障,¥236.61/50g,中国,
 百雀羚维生素E精华霜,¥21.8,百雀羚维生素E精华霜,百雀羚,维生素E,面霜,VE霜,保湿+滋养+修护,¥21.8/50ml,中国,
 珂润润浸保湿滋养乳霜40g【新旧包装随机发货】,¥95,珂润润浸保湿滋养乳霜,珂润,润浸,面霜,珂润面霜,保湿+修护+温和,¥95/40g,日本,
烟酰胺美白祛斑霜长斑人士必备,¥99.99,OLAY淡斑小白瓶精华液,OLAY,淡斑小白瓶,精华液,小白瓶,美白+淡斑+提亮,¥99.99/40ml,美国,
 露得清早C晚A抗纹面霜40g,¥137.61,露得清维A醇抗皱修护晚霜,露得清,维A醇,面霜,早C晚A面霜,抗皱+修护+淡纹,¥137.61/40g,美国,
 雅漾专研修护霜【轻润】40ml补水,¥132,雅漾专研修护霜,雅漾,专研修护,面霜,修护霜,修护+舒缓+补水,¥132/40ml,法国,
 丝塔芙舒缓修护面霜,¥45.6,丝塔芙舒缓修护面霜,丝塔芙,舒缓修护,面霜,丝塔芙大白罐,舒缓+修护+保湿,¥45.6/50ml,法国,
 丝塔芙舒润保湿霜550g,¥142,丝塔芙舒润保湿霜,丝塔芙,舒润,面霜,大白罐,保湿+修护+舒缓,¥142/550g,法国,
新包装·520限定礼盒,¥1030,新包装·520限定礼盒,,,,,,¥1030,,
 欧莱雅小蜜罐第二代轻盈面霜60ml,¥325.41,欧莱雅小蜜罐第二代轻盈面霜,欧莱雅,小蜜罐,面霜,小蜜罐面霜,保湿+抗老+修护,¥325/60ml,法国,
 薇诺娜屏障修护特护霜体验装5g,¥40,薇诺娜屏障修护特护霜,薇诺娜,屏障修护,面霜,特护霜,修护+保湿+舒缓,¥40/5g,中国,
 薇诺娜屏障特护霜50g,¥231.33,薇诺娜舒敏保湿特护霜,薇诺娜,舒敏保湿,面霜,特护霜,修护+保湿+舒缓,¥231/50g,中国,
 【买一送一】黄芪霜经典老国货,¥25.56,黄芪霜经典老国货,春娟,经典,面霜,黄芪霜,保湿+修护+滋养,¥25.56/30g,中国,
 【胖东来热卖】TOP第1名男士面霜,¥75,男士面霜,,,面霜,,保湿,¥75/50ml,,
 【胖东来甄选】100%芦荟原液,¥47.41,【胖东来甄选】100%芦荟原液,胖东来,甄选,原液,,保湿+舒缓,¥47.41/瓶,中国,
 HBN 全新升级双A醇晚霜2.0,¥272.33,HBN全新升级双A醇晚霜2.0,HBN,双A醇,面霜,双A醇晚霜,抗老+修护+紧致,¥272.33/50g,中国,
 珀莱雅源力面霜2.0轻盈型,¥236.61,珀莱雅源力面霜2.0轻盈型,珀莱雅,源力,面霜,源力面霜,修护+保湿+舒缓,¥236.61/50ml,中国,
¥0-100,¥100-2000,,,,,,,,,返回数据列数不正确
 【胖东来热卖】大宝B5特护霜70g,¥75.9,大宝B5特护霜,大宝,B5,面霜,B5特护霜,修护+保湿+舒缓,¥75.9/70g,中国,
 大宝美容日霜+晚霜,¥39.5,,,,,,,,,返回数据列数不正确
 玉泽皮肤屏障修护保湿霜50g（乳液面霜修护霜乳补水保湿 敏感肌）,¥178,玉泽皮肤屏障修护保湿霜,玉泽,皮肤屏障修护,面霜,屏障霜,修护+保湿+舒缓,¥178/50g,中国,
 百雀羚（PECHOIN）草本精萃八杯水倍润精华霜50g补水保湿面霜品质国货母亲节送妈妈,¥46.55,百雀羚草本精萃八杯水倍润精华霜,百雀羚,草本精萃,面霜,八杯水面霜,补水+保湿+滋润,¥46.55/50g,中国,
 大宝SOD蜜身体乳液面霜,¥75.91,大宝SOD蜜身体乳液面霜,大宝,SOD蜜,面霜,大宝SOD蜜,保湿+滋润+修护,¥75.91/100ml,中国,
 【金榜爆卖500w】高级黄芪面霜,¥103.55,黄芪养颜焕亮面霜,未知,未知,面霜,黄芪面霜,焕亮+滋养+修护,¥103.55/50ml,中国,
美白祛斑霜迷禾色斑,¥99.99,美白祛斑霜,迷禾,,面霜,,美白+祛斑,¥99.99/50ml,中国,
补水,¥72.99,,,,,,,,,返回数据列数不正确
 自然堂凝时面霜50g 补水提亮紧致,¥99.99,自然堂凝时鲜颜肌活修护面霜,自然堂,凝时鲜颜,面霜,小紫瓶面霜,补水+提亮+紧致,¥99.99/50g,中国,
【胖东來热卖】保湿面霜TOP榜1名,¥10.9,保湿面霜,,,,,,¥10.9/50ml,,
 【热销第一名】老国货黄芪霜,¥177.21,春娟黄芪霜,春娟,,面霜,黄芪霜,保湿+修护+滋养,¥177.21/30g,中国,
 法兰琳卡芦荟凝胶祛痘修护晒后皮肤舒缓控油300g男女面霜母亲礼物100%正品,¥23.92,法兰琳卡芦荟凝胶,法兰琳卡,,面霜,芦荟胶,祛痘+修护+舒缓,¥23.92/300g,中国,
 黑绷带面霜50ml,¥3950,赫莲娜黑绷带面霜,赫莲娜,黑绷带,面霜,黑绷带,修护+抗老+紧致,¥3950/50ml,法国,
 理肤泉新B5修护霜100ml,¥177.21,理肤泉新B5多效修复霜,理肤泉,B5,面霜,B5霜,修复+舒缓+保湿,¥177.21/100ml,法国,
 【试用装】润百颜白纱布面霜8g,¥23.92,润百颜白纱布屏障修护面霜,润百颜,白纱布,面霜,白纱布面霜,修护+保湿+舒缓,¥23.92/8g,中国,
 麦吉丽（mageline）全新升级二代贵妇美颜膏 抗皱紧致保湿一抹提亮素颜霜面霜 10g,¥315,麦吉丽贵妇美颜膏,麦吉丽,贵妇美颜膏,面霜,素颜霜,抗皱+紧致+提亮,¥315/10g,中国,
 适乐肤（CeraVe）【张凌赫同款】润肤C霜454g(高保湿敏感肌身体乳液面霜男女护肤),¥145,适乐肤修护保湿霜,适乐肤,CeraVe,面霜,C霜,保湿+修护+舒缓,¥145/454g,美国,
 雅漾专研修护霜【滋润】40ML敏肌,¥132,雅漾专研修护霜,雅漾,专研修护,面霜,修护霜,修护+舒缓+滋润,¥132/40ml,法国,
 雅漾三重专研舒缓霜200ml,¥231,雅漾三重专研舒缓特润保湿霜,雅漾,三重专研,面霜,三重霜,舒缓+保湿+修护,¥231/200ml,法国,
 大宝雪肤活力蜜100ml提亮肤色,¥19.7,大宝雪肤活力蜜,大宝,雪肤活力,乳液,大宝SOD蜜,保湿+提亮,¥19.7/100ml,中国,
 科颜氏全新高保湿面霜125ml,¥640,科颜氏高保湿面霜,科颜氏,高保湿,面霜,高保湿面霜,保湿+修护+舒缓,¥640/125ml,美国,
【直播间同款】薇诺娜特护霜,¥640,薇诺娜舒敏保湿特护霜,薇诺娜,舒敏保湿,面霜,特护霜,舒敏+修护+保湿,¥640/50ml,中国,
 玉泽（Dr.Yu）皮肤屏障修护专研保湿霜（第二代）10g,¥15.9,玉泽皮肤屏障修护专研保湿霜（第二代）,玉泽,皮肤屏障修护专研,面霜,屏障霜,修护+保湿+舒缓,¥15.9/10g,中国,
 薇诺娜舒敏保湿特护霜50g,¥74.9,薇诺娜舒敏保湿特护霜,薇诺娜,舒敏保湿,面霜,特护霜,舒敏+保湿+修护,¥74.9/50g,中国,
 片仔癀皇后牌臻润珍珠膏,¥91,片仔癀皇后牌臻润珍珠膏,片仔癀,皇后牌,面霜,珍珠膏,滋养+修护+提亮,¥91/20g,中国,
 玉泽特护霜120g ,¥141.55,玉泽皮肤屏障修护保湿霜,玉泽,皮肤屏障修护,面霜,特护霜,修护+保湿+舒缓,¥141.55/120g,中国,
 sakose马油弹润保湿面霜70g,¥56.91,Sakose马油弹润保湿面霜,Sakose,,面霜,马油面霜,保湿+滋润+修护,¥56.91/70g,中国,
 珂润润浸保湿面霜*2,¥192,珂润润浸保湿滋养乳霜,珂润,润浸,面霜,蓝罐面霜,保湿+修护+温和,¥192/40g,日本,
 【胖东来热卖】美白祛斑第1名,¥22,,,,,,,,,返回数据列数不正确
 【抗老抗皱】OLAY大红瓶面霜80g,¥319,OLAY新生塑颜空气感凝霜,OLAY,新生塑颜,面霜,大红瓶,抗老+抗皱+紧致,¥319/80g,美国,
 防晒保湿抗皱修护霜50g两支装,¥80.6,防晒保湿抗皱修护霜50g两支装,,,,,,¥80.6/50g,,
 【胖东来同款】TOP榜第1名面霜,¥61.2,胖东来同款TOP榜第1名面霜,,,面霜,胖东来面霜,保湿+滋润,¥61.2/50ml,,
 大宝水凝保湿面部精华霜50g,¥29.6,大宝水凝保湿面部精华霜,大宝,水凝,面霜,大宝SOD蜜,保湿+滋润,¥29.6/50g,中国,
 韩束白蛮腰面霜,¥9.41,韩束白蛮腰面霜,韩束,白蛮腰,面霜,白蛮腰面霜,美白+保湿+提亮,¥9.41/50ml,中国,
 珀莱雅（PROYA）红宝石面霜轻润款50g抗皱紧致淡纹护肤套装礼盒母亲节礼物,¥285.71,珀莱雅红宝石面霜轻润款,珀莱雅,红宝石,面霜,红宝石面霜,抗皱+紧致+淡纹,¥285.71/50g,中国,
 红宝石滋润霜5g,¥47.5,珀莱雅红宝石面霜,珀莱雅,红宝石,面霜,红宝石霜,抗老+滋润+紧致,¥47.5/5g,中国,
 【新品】JOVISSE美白祛斑素颜霜,¥125.38,JOVISSE光感美白素颜霜,JOVISSE,光感美白,素颜霜,美白素颜霜,美白+祛斑+提亮,¥125/50ml,中国,
 欧莱雅复颜日霜25ml,¥65.05,欧莱雅复颜玻尿酸水光充盈日霜,欧莱雅,复颜玻尿酸,面霜,复颜日霜,保湿+抗皱+提亮,¥65.05/25ml,法国,
 【3天无皱纹】日本抗皱紧致面霜,¥65.05,3天无皱纹抗皱紧致面霜,,,面霜,3天面霜,抗皱+紧致,¥65.05/50ml,日本,
 【快速舒敏】舒安霜50ml,¥225,薇姿舒安修护霜,薇姿,舒安,面霜,舒安霜,舒缓+修护+保湿,¥225/50ml,法国,
 【胖东来同款】TOP榜1芦荟凝胶,¥18.2,芦荟凝胶,自然乐园,None,凝胶,胖东来同款芦荟胶,保湿+舒缓+修复,¥18.2/300ml,韩国,
 【敏肌修护】HBN修护B5特润霜50g,¥198.33,HBN修护B5特润霜,HBN,修护B5,面霜,B5霜,修护+保湿+舒缓,¥198/50g,中国,
 兰蔻经典版菁纯面霜60ml轻盈,¥1898,兰蔻菁纯面霜（轻盈版）,兰蔻,菁纯,面霜,菁纯面霜,抗老+滋润+修护,¥1898/60ml,法国,
 露得清A醇抗皱修护晚霜30ml,¥269,露得清A醇抗皱修护晚霜,露得清,A醇,面霜,A醇晚霜,抗皱+修护+保湿,¥269/30ml,美国,
 肌肤未来烟酰胺清透面霜50g 补水保湿控油提亮面部护肤品女,¥255,肌肤未来烟酰胺清透面霜,肌肤未来,烟酰胺,面霜,烟酰胺面霜,补水+控油+提亮,¥255/50g,中国,
 大宝SOD蜜200ml*3润肤保湿,¥63.9,大宝SOD蜜,大宝,SOD,润肤乳,大宝SOD蜜,保湿+滋润,¥63.9/200ml,中国,
 薇诺娜舒敏保湿修红霜15g,¥31,薇诺娜舒敏保湿修红霜,薇诺娜,舒敏保湿,面霜,修红霜,舒敏+保湿+修红,¥31/15g,中国,
 HBN原白霜熊果苷曜白霜美白祛斑精华面霜减黄提亮母亲节礼物护肤,¥328,HBN熊果苷原白曜白霜,HBN,原白,面霜,原白霜,美白+祛斑+提亮,¥328/50g,中国,
 【全新升级】欧莱雅复颜日霜,¥255,欧莱雅复颜玻尿酸水光充盈日霜,欧莱雅,复颜,面霜,复颜日霜,保湿+抗皱+提亮,¥255/50ml,法国,
 【3天全脸0斑】医美级祛斑王,¥116,3天全脸0斑医美级祛斑王,,,精华,祛斑王,祛斑+美白+淡斑,¥116/30ml,,
 春娟黄芪霜升级版30g,¥39.84,春娟黄芪霜升级版,春娟,黄芪霜,面霜,黄芪霜,保湿+修护+滋养,¥39.84/30g,中国,
【国货之光】抗皱面霜维E精华,¥18.8,国货之光维E抗皱面霜,,,面霜,国货之光面霜,抗皱+保湿+修护,¥18.8/50g,中国,
同仁堂个护美妆京东自营专区,¥39.56,,,,,,,,,返回数据列数不正确
鄭明明贵妇膏 抗皱润养12g,¥259,鄭明明贵妇膏,鄭明明,贵妇膏,面霜,贵妇膏,抗皱+润养+提亮,¥259/12g,中国,
薇诺娜柔润保湿霜极润保湿霜 柔润保湿霜80g,¥30.38,薇诺娜极润保湿柔润霜,薇诺娜,极润,面霜,极润保湿霜,保湿+修护+舒缓,¥30.38/80g,中国,
 【全网已售500w+件】黄芪素颜霜,¥53.9,黄芪素颜霜,未知,,素颜霜,黄芪霜,提亮+遮瑕+保湿,¥53.9/50ml,,
同仁堂日常护理京东自营专区,¥39.63,,,,,,,,,返回数据列数不正确
 百雀羚《长相思第二季》同款面霜,¥148,百雀羚帧颜淡纹修护面霜,百雀羚,帧颜,面霜,长相思面霜,淡纹+修护+保湿,¥148/50g,中国,
 雅诗兰黛胶原乳霜50ml,¥930,雅诗兰黛胶原霜,雅诗兰黛,胶原,面霜,胶原霜,抗老+紧致+保湿,¥930/50ml,美国,
 科颜氏（Kiehl's）高保湿面霜150ml补充装保湿乳液护肤品礼盒生日礼物母亲节,¥576,科颜氏高保湿面霜,科颜氏,高保湿,面霜,高保湿面霜,保湿+修护+舒缓,¥576/150ml,美国,
 理肤泉B5修复面霜40ml单支 缓泛红补水保湿晒后修护,¥67.32,理肤泉B5多效修复霜,理肤泉,B5,面霜,B5面霜,修复+舒缓+保湿,¥67.32/40ml,法国,
 【1抹就去斑】美白面霜,¥67.32,【1抹就去斑】美白面霜,空,空,面霜,去斑面霜,美白+淡斑+保湿,¥67.32/50ml,空,
 薇诺娜舒敏保湿补水特护霜15g,¥125,薇诺娜舒敏保湿特护霜,薇诺娜,舒敏保湿,面霜,特护霜,舒敏+保湿+修护,¥125/15g,中国,
 [试用装]佰草集太极啵啵面霜13g,¥125,佰草集太极啵啵面霜,佰草集,太极,面霜,啵啵面霜,保湿+修护+抗初老,¥125/13g,中国,
 【回购券】OLAY大红瓶面霜14g,¥81,OLAY新生塑颜空气感凝霜,OLAY,新生塑颜,面霜,大红瓶,抗老+紧致+保湿,¥81/14g,美国,
 美加净银耳珍珠滋养霜120g*2,¥50.2,美加净银耳珍珠滋养霜,美加净,银耳珍珠,面霜,珍珠霜,滋养+保湿+提亮,¥50.2/120g,中国,
 美加净银耳珍珠滋养霜40g*2,¥16.8,美加净银耳珍珠滋养霜,美加净,银耳珍珠,面霜,珍珠霜,滋养+保湿+提亮,¥16.8/40g,中国,
 薇诺娜净痘清颜面霜50g,¥126,薇诺娜净痘清颜面霜,薇诺娜,净痘清颜,面霜,净痘霜,祛痘+控油+修护,¥126/50g,中国,
 薇诺娜舒缓保湿补水滋润霜50g,¥328,薇诺娜舒敏保湿特护霜,薇诺娜,舒敏,面霜,特护霜,舒缓+保湿+修护,¥328/50g,中国,
 【爆卖100w+】同仁堂黄芪霜3盒,¥106.8,同仁堂黄芪霜,同仁堂,,面霜,黄芪霜,保湿+修护+滋养,¥35.6/50g,中国,
 玉泽（Dr.Yu）皮肤屏障修护专研清透保湿霜（第二代）10g,¥15.9,玉泽皮肤屏障修护专研清透保湿霜（第二代）,玉泽,皮肤屏障修护专研,面霜,玉泽保湿霜,修护+保湿+舒缓,¥15.9/10g,中国,
 珀莱雅能量面霜 45g（经典版）,¥489,珀莱雅能量面霜,珀莱雅,能量,面霜,能量面霜,修护+抗老+保湿,¥489/45g,中国,
 片仔癀皇后牌保湿珍珠霜,¥23.76,片仔癀皇后牌珍珠霜,片仔癀,皇后牌,面霜,珍珠霜,保湿+滋养+提亮,¥23.76/25g,中国,
 【全新】OLAY淡纹黑管面霜50g,¥374.71,OLAY超红瓶淡纹紧致面霜,OLAY,超红瓶,面霜,黑管面霜,淡纹+紧致+抗老,¥374.71/50g,美国,
 【5万+件售出】理肤泉B5+霜100ml,¥98.87,理肤泉B5多效修复霜,理肤泉,B5,面霜,B5霜,修复+舒缓+保湿,¥98.87/100ml,法国,
大宝SOD蜜抗男女士面霜保湿补水滋润 秋冬护肤品擦脸妇女节礼 大宝sod蜜1瓶,¥7.8,大宝SOD蜜,大宝,SOD蜜,面霜,大宝SOD蜜,保湿+滋润,¥7.8/100ml,中国,
【古法中医传承】美白祛斑面霜,¥33.93,古法中医传承美白祛斑面霜,古法中医传承,,面霜,,美白+祛斑,¥33.93/50ml,中国,
 【3天全脸0斑点】医美级祛斑王,¥112,3天全脸0斑点医美级祛斑精华,未知,未知,精华,祛斑王,祛斑+美白+淡斑,¥112/30ml,未知,
 片仔癀皇后牌珍珠霜,¥16,片仔癀皇后牌珍珠霜,片仔癀,皇后牌,面霜,珍珠霜,美白+淡斑+滋养,¥16/20g,中国,
 美肤宝黄金多肽提拉舒纹面霜50ml,¥358,美肤宝黄金多肽提拉舒纹面霜,美肤宝,黄金多肽,面霜,黄金面霜,提拉+舒纹+抗皱,¥358/50ml,中国,
 【抗皱紧致】兰蔻塑颜紧致霜50ml,¥855,兰蔻塑颜紧致焕白霜,兰蔻,塑颜紧致,面霜,雪花霜,抗皱+紧致+焕白,¥855/50ml,法国,
 片仔癀臻白焕肤膏美白祛斑面霜,¥117.71,片仔癀臻白焕肤膏美白祛斑面霜,片仔癀,臻白焕肤膏,面霜,片仔癀美白面霜,美白+祛斑+焕肤,¥117.71/50ml,中国,
 【胖东来同款】祛痘芦荟胶修复,¥46.5,芦荟胶,自然乐园,None,凝胶,胖东来同款芦荟胶,祛痘+修复+舒缓,¥46.5/300ml,韩国,
 【胖东来同款】祛痘芦荟胶修复,¥7.8,胖东来祛痘芦荟胶,胖东来,,芦荟胶,祛痘胶,祛痘+修复,¥7.8/支,中国,
 【胖东来爆卖】黄芪面霜第1名,¥42.5,黄芪面霜,,,面霜,,保湿+滋养,¥42.5/50g,中国,
 理肤泉（LA ROCHE-POSAY） 新B5多效舒缓修护霜 40mL,¥66.99,理肤泉新B5多效舒缓修护霜,理肤泉,B5,面霜,B5霜,修护+舒缓+保湿,¥66.99/40ml,法国,
 【万人复购】理肤泉B5+修复霜,¥59.87,理肤泉B5修复霜,理肤泉,B5,面霜,B5霜,修复+舒缓+保湿,¥59.87/40ml,法国,
 雅漾三重修护AD膏200ml,¥203.1,雅漾三重修护特润保湿霜,雅漾,三重修护,面霜,AD膏,修护+保湿+舒缓,¥203.1/200ml,法国,
 珂润(curel) 润浸保湿滋润乳霜40g*2 神经酰胺保湿乳液面霜,¥198,珂润润浸保湿滋养乳霜,珂润,润浸保湿,面霜,神经酰胺面霜,保湿+修护+滋润,¥198/40g,日本,
 【双支装】保湿面霜80g,¥266,雅漾舒缓特护保湿霜,雅漾,舒缓特护,面霜,大白霜,保湿+修护+舒缓,¥266/80ml,法国,
 丁家宜美白润肤精华露50g,¥47.9,丁家宜美白润肤精华露,丁家宜,美白润肤,精华露,美白精华,美白+保湿+提亮,¥47.9/50g,中国,
 科颜氏果冻霜125ml保湿清爽面霜,¥640,科颜氏高保湿果冻清爽面霜,科颜氏,高保湿,面霜,果冻霜,保湿+清爽+控油,¥640/125ml,美国,
 澳芝曼澳洲绵羊油滋润日霜250g,¥32.8,澳芝曼澳洲绵羊油滋润日霜,澳芝曼,澳洲绵羊油,面霜,绵羊油面霜,滋润+保湿,¥32.8/250g,澳大利亚,
 欧莱雅小蜜罐轻盈面霜30ml,¥53.9,欧莱雅金致臻颜花蜜奢养轻盈面霜,欧莱雅,金致臻颜,面霜,小蜜罐,保湿+抗老+修护,¥53.9/30ml,法国,
 大宝维生素E面部精华霜50g,¥30.9,大宝维生素E面部精华霜,大宝,维生素E,面霜,大宝VE霜,保湿+滋养+修护,¥30.9/50g,中国,
 相宜本草红景天莹透幼白面霜（水润亮肤）50g（保湿面霜 祛斑美白）母亲节,¥62.08,相宜本草红景天莹透幼白面霜,相宜本草,红景天,面霜,红景天面霜,保湿+祛斑+美白,¥62/50g,中国,
 薇诺娜屏障特护霜敏感肌屏障霜保湿面霜50g ,¥122,薇诺娜舒敏保湿特护霜,薇诺娜,舒敏保湿,面霜,特护霜,修护+保湿+舒缓,¥122/50g,中国,
 欧莱雅大红罐面霜50ml,¥45,欧莱雅复颜玻尿酸水光充盈焕颜面霜,欧莱雅,复颜玻尿酸,面霜,大红罐,抗皱+保湿+提亮,¥45/50ml,法国,
 大红瓶面霜80g滋润版,¥728,SK-II大红瓶面霜,SK-II,大红瓶,面霜,大红瓶,修护+抗老+滋润,¥728/80g,日本,
 温碧泉八杯水嫩肤霜50g,¥37.05,温碧泉八杯水嫩肤霜,温碧泉,八杯水,面霜,八杯水嫩肤霜,补水+保湿+嫩肤,¥37.05/50g,中国,
 [热卖]SK-II大红瓶抗皱面霜100g,¥1720,SK-II赋能焕采精华霜,SK-II,赋能焕采,面霜,大红瓶,抗皱+紧致+修护,¥1720/100g,日本,
片仔癀皇后牌珍珠霜 补水保湿滋润 男女士面霜护肤品 25g*3瓶母亲节礼物,¥32.9,片仔癀皇后珍珠霜,片仔癀,皇后牌,面霜,珍珠霜,补水+保湿+滋润,¥32.9/25g,中国,
 希川科颜高浓壬二酸祛痘精华霜,¥49.5,希川科颜高浓壬二酸祛痘精华霜,希川科颜,高浓壬二酸,面霜,壬二酸面霜,祛痘+控油+修护,¥49.5/30g,中国,
 片仔癀皇后牌保湿滋润蜜,¥49.5,片仔癀皇后牌珍珠膏,片仔癀,皇后牌,面霜,珍珠膏,保湿+滋润+修护,¥49.5/20g,中国,
 大宝水解胶原霜50g,¥24.65,大宝水解胶原霜,大宝,,面霜,胶原霜,保湿+滋润+抗皱,¥24.65/50g,中国,
 皮宝舒缓修护霜50g,¥179.55,皮宝舒缓修护霜,皮宝,,面霜,皮宝修护霜,舒缓+修护+保湿,¥179.55/50g,中国,
 雅漾专研舒缓保湿霜40ml特护霜,¥186,雅漾专研舒缓保湿霜,雅漾,专研舒缓,面霜,特护霜,舒缓+保湿+修护,¥186/40ml,法国,
 黑绷带面霜15ml,¥1680,赫莲娜黑绷带面霜,赫莲娜,黑绷带,面霜,黑绷带,修护+抗老+紧致,¥1680/15ml,法国,
 【宋潇正品】美诗八佰珍萃贵妇膏,¥46,美诗八佰珍萃贵妇膏,美诗八佰,珍萃,面霜,贵妇膏,滋养+修护+提亮,¥46/50g,中国,
【央妈力荐】山茶花B5修护面霜,¥26.8,山茶花B5修护面霜,,,面霜,,修护+保湿,¥26.8/50ml,,
 百雀羚水嫩精纯明星修颜霜,¥90,百雀羚水嫩精纯明星修颜霜,百雀羚,水嫩精纯,面霜,精纯霜,保湿+修颜+提亮,¥90/50g,中国,
 【美白祛斑】377面霜TOP1,¥57.08,城野医生377美白面霜,城野医生,377,面霜,377面霜,美白+祛斑+提亮,¥57/50g,日本,
黄芪霜【老牌国货】紧致抗皱亮肤,¥23.91,黄芪霜,百雀羚,无,面霜,黄芪霜,紧致+抗皱+亮肤,¥23.91/50g,中国,
 相宜本草四倍蚕丝凝亮精华霜,¥60,相宜本草四倍蚕丝凝亮精华霜,相宜本草,四倍蚕丝,面霜,蚕丝霜,保湿+提亮+修护,¥60/50g,中国,
C咖双舱抗老促胶原精华面霜9g,¥109.9,C咖双舱抗老促胶原精华面霜,C咖,双舱,面霜,双舱面霜,抗老+促胶原+修护,¥109.9/9g,中国,
 修丽可紧致塑颜精华霜 15ml,¥188.9,修丽可紧致塑颜精华霜,修丽可,紧致塑颜,面霜,AGE面霜,抗老+紧致+修护,¥188.9/15ml,美国,
 【1周改善泛红】润百颜屏障面霜,¥162.66,润百颜屏障修护保湿霜,润百颜,屏障修护,面霜,屏障面霜,修护+保湿+舒缓泛红,¥162.66/50ml,中国,
珂润润浸保湿滋养乳霜70g 加量装面霜保湿  男女护肤品 节日礼物,¥223,珂润润浸保湿滋养乳霜,珂润,润浸,面霜,珂润面霜,保湿+修护+温和,¥223/70g,日本,
 丸美胶原小金针面霜盈润霜50g,¥338,丸美胶原小金针面霜,丸美,胶原小金针,面霜,小金针面霜,抗老+紧致+保湿,¥338/50g,中国,
 百雀羚（PECHOIN）经典凡士林保湿润肤霜120G滋润保湿品质国货母亲节送妈妈,¥223,百雀羚凡士林保湿润肤霜,百雀羚,经典,润肤霜,凡士林霜,保湿+滋润+修护,¥223/120g,中国,
 理肤泉B5修护霜40ml*2套装,¥157.41,理肤泉B5多效修复霜,理肤泉,B5,面霜,B5霜,修护+舒缓+保湿,¥157.41/40ml*2,法国,
 【京东甄选】30年老国货黄芪面霜,¥64.6,黄芪霜,百雀羚,无,面霜,黄芪面霜,保湿+滋养+修护,¥64.6/50g,中国,
 百雀羚（PECHOIN）经典凡士林保湿润肤霜120G滋润保湿品质国货母亲节送妈妈,¥25.9,百雀羚凡士林保湿润肤霜,百雀羚,经典,润肤霜,凡士林霜,保湿+滋润,¥25.9/120g,中国,
 【抗皱面霜热卖第1名】全脸抗皱,¥58.7,抗皱面霜热卖第1名,,,面霜,,抗皱,¥58.7/50ml,,
 美加净红米至臻面霜50g,¥43,美加净红米至臻面霜,美加净,红米至臻,面霜,红米面霜,保湿+滋养+修护,¥43/50g,中国,
 片仔癀 皇后牌珍珠膏20g*2,¥116.82,片仔癀皇后牌珍珠膏,片仔癀,皇后牌,面霜,珍珠膏,美白+淡斑+滋养,¥116.82/20g,中国,
 美加净美白面霜50g,¥53,美加净美白面霜,美加净,,面霜,美白霜,美白+保湿,¥53/50g,中国,
 军献祛痘益肤霜,¥103.3,军献益肤霜,军献,,面霜,祛痘霜,祛痘+控油+修护,¥103.3/30g,中国,
 【一抹焕亮】京润珍珠素颜珍珠膏,¥35.91,京润珍珠素颜珍珠膏,京润珍珠,素颜,面霜,珍珠膏,提亮+遮瑕+养肤,¥35.91/50g,中国,
 兰蔻全新菁纯面霜60ml-逆龄版,¥2950,兰蔻全新菁纯面霜60ml-逆龄版,兰蔻,菁纯,面霜,菁纯面霜,抗老+修护+滋润,¥2950/60ml,法国,
 兰蔻全新菁纯面霜60ml-逆龄版,¥58.7,兰蔻全新菁纯面霜60ml-逆龄版,兰蔻,菁纯,面霜,菁纯面霜,抗老+滋润+紧致,¥58.7/60ml,法国,
 雅诗兰黛智妍滋养面霜50ml,¥930,雅诗兰黛多效智妍滋养霜,雅诗兰黛,多效智妍,面霜,智妍面霜,抗老+保湿+紧致,¥930/50ml,美国,
 美加净蜂蜜倍润滋养霜80g,¥23.2,美加净蜂蜜倍润滋养霜,美加净,蜂蜜倍润,面霜,蜂蜜霜,滋养+保湿+修护,¥23.2/80g,中国,
 百雀羚（PECHOIN）经典凡士林保湿润肤霜60G滋润保湿品质国货母亲节送妈妈,¥14.16,百雀羚凡士林保湿润肤霜,百雀羚,经典,润肤霜,凡士林霜,保湿+滋润,¥14.16/60g,中国,
 【国货第一 】黄脸必备,¥76.56,珀莱雅双抗精华液,珀莱雅,双抗,精华,双抗精华,抗氧+抗糖+提亮,¥76.56/30ml,中国,
 美加净珍珠维生素E精华霜80g,¥22.8,美加净珍珠维生素E精华霜,美加净,珍珠维生素E,面霜,珍珠霜,保湿+滋养+提亮,¥22.8/80g,中国,
 相宜本草百合高保湿修护霜面霜50g（ 提亮肤色）母亲节,¥97,相宜本草百合高保湿修护霜,相宜本草,百合,面霜,百合霜,保湿+修护+提亮,¥97/50g,中国,
 佰草集保湿菁华霜50g 舒缓干燥,¥103.55,佰草集新玉润保湿菁华霜,佰草集,新玉润,面霜,玉润霜,保湿+舒缓+修护,¥103.55/50g,中国,
 【舒缓干燥】凡士林保湿霜140g,¥28.41,凡士林倍护特润修护润肤霜,凡士林,倍护特润,身体乳,凡士林保湿霜,保湿+修护+舒缓,¥28.41/140g,美国,
 大宝雪肤活力霜50g*3【临期清仓】乳液面霜男女士擦脸油护肤品母亲节,¥29.5,大宝雪肤活力霜,大宝,雪肤活力,面霜,大宝SOD蜜,保湿+滋润,¥29.5/50g,中国,
 欧珀莱均衡淡纹修护柔润乳霜,¥77.4,欧珀莱均衡淡纹修护柔润乳霜,欧珀莱,均衡,面霜,均衡乳霜,淡纹+修护+保湿,¥77.4/50ml,中国,
 兰蔻全新菁纯面霜30ml-轻盈版,¥1650,兰蔻全新菁纯面霜30ml-轻盈版,兰蔻,菁纯,面霜,菁纯面霜,抗老+修护+滋润,¥1650/30ml,法国,
 雅诗兰黛智妍胶原乳霜款面霜15ml*3淡纹抗老护肤有盒装2027年6月1日到期,¥850,雅诗兰黛胶原乳霜,雅诗兰黛,智妍,面霜,胶原霜,抗老+淡纹+紧致,¥850/45ml,美国,
 欧诗漫（OSM）光耀钻白珍粹霜50g珍白因面霜美白淡斑保湿舒缓修护母亲节礼物女,¥69.5,欧诗漫光耀钻白珍粹霜,欧诗漫,光耀钻白,面霜,珍白因面霜,美白+淡斑+保湿,¥69.5/50g,中国,
 柠檬籽遮瑕提亮面霜生日礼物50g,¥177.65,柠檬籽遮瑕提亮面霜,,,面霜,,遮瑕+提亮,¥178/50g,,
 【胖东来热卖】大白罐面霜,¥28.75,胖东来大白罐面霜,胖东来,,面霜,大白罐,保湿+滋润,¥28.75/罐,中国,
新功效·3D收紧肌源弹簧,¥880,新功效·3D收紧肌源弹簧,雅诗兰黛,肌源,精华,弹簧精华,紧致+抗老+提拉,¥880/30ml,美国,
 sakose凡士林维A酸维E膏套装60g,¥25.9,Sakose凡士林维A酸维E膏套装,Sakose,凡士林,面霜,维A酸膏,保湿+修护,¥25.9/60g,中国,
 毕生之研厚脸皮2.0轻乳霜,¥147.41,毕生之研厚脸皮2.0轻乳霜,毕生之研,厚脸皮,面霜,厚脸皮乳霜,修护+保湿+强韧屏障,¥147.41/50ml,中国,
 水密码冰川矿泉补水霜保湿面霜50g化妆护肤品男女通用,¥20.72,水密码冰川矿泉补水霜,水密码,冰川矿泉,面霜,冰川霜,补水+保湿+滋润,¥20.72/50g,中国,
 韩束金蛮腰胶原精粹面霜抗皱紧致保湿淡化细纹面部护肤男女礼物50g,¥110,韩束金蛮腰胶原精粹面霜,韩束,金蛮腰,面霜,金蛮腰面霜,抗皱+紧致+保湿,¥110/50g,中国,
 毛戈平奢华养肤黑霜25g,¥309,毛戈平奢华养肤黑霜,毛戈平,奢华养肤,面霜,黑霜,滋养+修护+抗老,¥309/25g,中国,
 【强效修复】B5修护霜50g,¥52,理肤泉B5多效修复霜,理肤泉,B5,面霜,B5霜,修复+舒缓+保湿,¥52/50g,法国,
 理肤泉B5绷带霜40ml修护屏障,¥245.52,理肤泉B5多效修复霜,理肤泉,B5,面霜,B5绷带霜,修护+舒缓+保湿,¥245.52/40ml,法国,
长效高保湿 绽妍B5面霜50g,¥81.8,绽妍B5保湿修护面霜,绽妍,B5,面霜,B5面霜,保湿+修护+舒缓,¥81.8/50g,中国,
全网热销9万+,¥214.66,,,,,全网热销9万+,,,,
 二代377美白面霜拍50g享65g,¥184,城野医生377美白淡斑面霜,城野医生,377,面霜,377面霜,美白+淡斑+提亮,¥184/50g,日本,
 珀莱雅红宝石轻润霜50g*2瓶,¥518,珀莱雅红宝石轻润霜,珀莱雅,红宝石,面霜,红宝石面霜,抗老+保湿+紧致,¥518/50g,中国,
【胖东来断货王】黄芪面霜NO.1,¥228,黄芪霜,片仔癀,,面霜,胖东来断货王,保湿+修护+提亮,¥228/30g,中国,
 科颜氏金盏花面霜50ml精华水面霜,¥440,科颜氏金盏花精华水活面霜,科颜氏,金盏花,面霜,金盏花面霜,保湿+舒缓+修护,¥440/50ml,美国,
片仔癀皇后珍珠霜,¥20.58,片仔癀皇后珍珠霜,片仔癀,皇后,面霜,珍珠霜,美白+淡斑+滋养,¥20.58/20g,中国,
 雅漾三重AD膏400ml,¥329.4,雅漾三重修护特润霜,雅漾,三重修护,面霜,AD膏,修护+保湿+舒缓,¥329.4/400ml,法国,
 薇诺娜净痘清颜霜15g,¥38,薇诺娜净痘清颜霜,薇诺娜,净痘清颜,面霜,净痘霜,祛痘+控油+修护,¥38/15g,中国,
 【央视推荐】祛痘天花板,¥440,祛痘天花板,理肤泉,Effaclar,精华,DUO乳,祛痘+控油+修护,¥440/40ml,法国,
 敷尔佳积雪草舒缓修护霜50g补水保湿滋润泛红敏感肌护肤品 礼物,¥141,敷尔佳积雪草舒缓修护霜,敷尔佳,积雪草,面霜,积雪草面霜,舒缓+修护+保湿,¥141/50g,中国,
 【金榜爆卖王】次日消痘,¥47,次日消痘精华,无,无,精华,消痘精华,祛痘+控油+修护,¥47/30ml,无,
 毛戈平养肤焕颜黑霜50g,¥600,毛戈平光感滋润养肤黑霜,毛戈平,光感滋润养肤,面霜,黑霜,滋养+焕亮+修护,¥600/50g,中国,
同仁堂日常护理京东自营专区,¥37.53,,,,,,,,,返回数据列数不正确
北京同仁堂黄芪霜50g3盒装,¥54.5,北京同仁堂黄芪霜,北京同仁堂,,面霜,黄芪霜,保湿+修护+滋养,¥54.5/50g,中国,
 B5修护霜保湿晒后积雪草男女50g,¥26.61,理肤泉B5多效修复霜,理肤泉,B5,面霜,B5霜,修护+保湿+舒缓,¥26.61/50g,法国,
珂润保湿面霜40g 新老版随机发货,¥135,珂润润浸保湿滋养乳霜,珂润,润浸,面霜,珂润面霜,保湿+修护+温和,¥135/40g,日本,
 相宜本草匀净透亮美白润养霜50g（美白霜 滋润保湿)母亲节,¥35,相宜本草匀净透亮美白润养霜,相宜本草,匀净透亮,面霜,美白霜,美白+滋润+保湿,¥35/50g,中国,
 【黄奕推荐】宫芙胶原素颜霜40g,¥133,宫芙胶原素颜霜,宫芙,胶原,素颜霜,胶原霜,提亮+遮瑕+保湿,¥133/40g,中国,
 水之印五合一面霜升级版90g*2,¥148,水之印五合一面霜升级版,水之印,五合一,面霜,五合一面霜,保湿+修护+紧致,¥148/90g,日本,
 修正抗皱紧致面霜国货提拉滋润,¥44,修正抗皱紧致面霜,修正,,面霜,抗皱面霜,抗皱+紧致+滋润,¥44/50ml,中国,
 修丽可242面霜48ml,¥1720,修丽可242皮脂膜修护霜,修丽可,242,面霜,242面霜,修护+保湿+强韧屏障,¥1720/48ml,美国,
佰束【拒绝虚假宣传】【无效包退】黄金胶原蛋白抗皱霜 抗皱淡纹zn 【买一送一】到手2瓶 解决各种纹,¥44,佰草集黄金胶原蛋白抗皱霜,佰草集,黄金胶原蛋白,面霜,黄金面霜,抗皱+淡纹+保湿,¥44/50ml,中国,
 日本377美白祛斑霜【4瓶装】,¥120,城野医生377VC美白淡斑精华,城野医生,377VC,精华,377精华,美白+淡斑+抗氧化,¥120/18g,日本,
 百雀羚面霜 沁肤菁纯霜,¥60.4,百雀羚沁肤菁纯霜,百雀羚,沁肤菁纯,面霜,菁纯霜,保湿+滋润+修护,¥60.4/50ml,中国,
 珂润浸润保湿面霜,¥102,珂润浸润保湿面霜,珂润,浸润,面霜,蓝罐面霜,保湿+修护+温和,¥102/40g,日本,
 珀莱雅（PROYA）双抗面霜50g补水保湿美白面霜滋润抗氧保湿面霜舒缓焕亮修护,¥177.21,珀莱雅双抗焕亮修护精华霜,珀莱雅,双抗,面霜,双抗面霜,抗氧+焕亮+修护,¥177/50g,中国,
 珀莱雅（PROYA）双抗面霜50g补水保湿美白面霜滋润抗氧保湿面霜舒缓焕亮修护,¥27.6,珀莱雅双抗焕亮修护精华霜,珀莱雅,双抗,面霜,双抗面霜,抗氧+焕亮+修护,¥27.6/50g,中国,
 百雀羚（PECHOIN）水润保湿霜50G保湿补水滋润面霜品质国货母亲节送妈妈,¥27.6,百雀羚水润保湿霜,百雀羚,水润保湿,面霜,水润霜,保湿+补水+滋润,¥27.6/50g,中国,
 自然堂小紫瓶精华霜55g修护抗老,¥245,自然堂小紫瓶精华霜,自然堂,小紫瓶,面霜,小紫瓶,修护+抗老,¥245/55g,中国,
 防晒保湿抗皱修护霜50g,¥45.3,防晒保湿抗皱修护霜50g,大宝,,面霜,,防晒+保湿+抗皱,¥45.3/50g,中国,
 片仔癀皇后牌美白滋润3件套,¥78.21,片仔癀皇后牌美白滋润3件套,片仔癀,皇后牌,套装,皇后套装,美白+滋润,¥78.21/套,中国,
 eaoron晶透素颜霜遮瑕提亮,¥95,EAORON晶透素颜霜,EAORON,晶透,素颜霜,素颜霜,遮瑕+提亮+保湿,¥95/50ml,澳大利亚,
 【全新】兰蔻「粉水霜」50ml,¥580,兰蔻粉水清透面霜,兰蔻,粉水,面霜,粉水霜,保湿+舒缓+修护,¥580/50ml,法国,
 适乐肤（CeraVe）【张凌赫同款】修护润肤霜340g(C霜高保湿滋润身体乳液面霜男女),¥148,适乐肤修护润肤霜,CeraVe,修护,面霜,C霜,修护+保湿+滋润,¥148/340g,美国,
 薇诺娜光透皙白套装日霜晚霜美白补水乳液面霜护肤品化妆品母亲节礼物,¥389,薇诺娜光透皙白套装,薇诺娜,光透皙白,面霜套装,皙白套装,美白+补水,¥389/套,中国,
 理肤泉全新B5修护霜100ml*2支装,¥295.71,理肤泉B5多效修复霜,理肤泉,B5,面霜,B5霜,修复+舒缓+保湿,¥295.71/100ml,法国,
 HBN晚霜2.0视黄醇双a醇面霜抗皱紧致母亲节礼物护肤,¥195,HBN视黄醇紧塑赋活晚霜,HBN,视黄醇,面霜,双A醇晚霜,抗皱+紧致+修护,¥195/50g,中国,
 片仔癀皇后牌美白祛斑膏,¥478,片仔癀皇后牌珍珠膏,片仔癀,皇后牌,面霜,珍珠膏,美白+祛斑+滋养,¥478/20g,中国,
 完美芦荟胶&美白祛斑霜*4盒淡化黑色素祛面霜烟酰胺保湿黄老凝胶淡斑,¥245,,,,,,,,,返回数据列数不正确
 珀芙研728舒缓保湿修护面霜100g,¥265.22,珀芙研728舒缓保湿修护面霜,珀芙研,728,面霜,728面霜,舒缓+保湿+修护,¥265/100g,中国,
理肤泉B5多效舒缓修护霜40ml,¥74,理肤泉B5多效舒缓修护霜,理肤泉,B5,面霜,B5霜,修护+舒缓+保湿,¥74/40ml,法国,
 懒人素颜霜50ml服帖不假白,¥68.05,懒人素颜霜,无品牌,,素颜霜,懒人霜,提亮+遮瑕+保湿,¥68.05/50ml,,
 【没用退】同仁堂老国货黄芪霜,¥51.8,同仁堂黄芪霜,同仁堂,老国货,面霜,黄芪霜,保湿+修护+滋养,¥51.8/30g,中国,
 雅诗兰黛白金黑钻面霜30ml,¥1820,雅诗兰黛白金黑钻面霜,雅诗兰黛,白金,面霜,黑钻面霜,抗老+紧致+修护,¥1820/30ml,美国,
 【胖东来爆款】懒人遮瑕素颜霜,¥36.8,懒人遮瑕素颜霜,胖东来,,素颜霜,懒人霜,遮瑕+提亮+保湿,¥36.8/50ml,中国,
 欧莱雅水绷带面霜50ml,¥156,欧莱雅复颜玻尿酸水光充盈水绷带面霜,欧莱雅,复颜玻尿酸,面霜,水绷带,保湿+修护+抗皱,¥156/50ml,法国,
 薇诺娜高保湿补水修护面霜50g,¥231.33,薇诺娜高保湿修护面霜,薇诺娜,高保湿,面霜,薇诺娜特护霜,保湿+修护+舒缓,¥231/50g,中国,
 丸美丝蛋白紧致焕颜精华霜50g,¥145,丸美丝蛋白紧致焕颜精华霜,丸美,丝蛋白,面霜,丝蛋白霜,紧致+焕颜+抗老,¥145/50g,中国,
 【美白祛斑第一名】强效型,¥83,小灯泡美白精华,SK-II,光蕴环采,精华,小灯泡,美白+祛斑+提亮,¥1540/30ml,日本,
郁美净鲜奶霜,¥36.8,郁美净鲜奶儿童面霜,郁美净,鲜奶,面霜,鲜奶霜,滋润+保湿+温和,¥36.8/110g,中国,
  毕生之研厚脸皮霜2.0-50g,¥147.41,毕生之研厚脸皮面霜2.0,毕生之研,厚脸皮,面霜,厚脸皮霜,修护+保湿+强韧屏障,¥147/50g,中国,
 科颜氏（Kiehl's）营养舒缓保湿霜200ml 护肤品面霜温和水润敏感肌护肤生日礼物,¥295,科颜氏高保湿面霜,科颜氏,高保湿,面霜,高保湿霜,保湿+舒缓+修护,¥295/200ml,美国,
 进口版修护日晚霜100g,¥80,进口版修护日晚霜100g,空,空,面霜,空,修护+保湿,¥80/100g,空,
 雅漾专研速修霜40ml*2舒缓泛红,¥337,雅漾专研速修霜,雅漾,专研速修,面霜,速修霜,舒缓+修护+泛红,¥337/40ml,法国,
 【胖东来爆款】懒人素颜霜top1,¥34.91,懒人素颜霜,胖东来,,素颜霜,懒人霜,提亮+均匀肤色,¥34.91/瓶,中国,
 科颜氏高保湿清爽面霜125ml,¥226,科颜氏高保湿清爽面霜,科颜氏,高保湿,面霜,高保湿面霜,保湿+控油+清爽,¥226/125ml,美国,
 雅芳安蓓润保湿凝露50g*2,¥56.91,雅芳安蓓润保湿凝露,雅芳,安蓓润,凝露,安蓓润凝露,保湿+补水+舒缓,¥56.91/50g,美国,
【胖东来热销】TOP榜第1名面霜,¥131,胖东来热销面霜,胖东来,,面霜,,保湿,¥131/50ml,中国,
 理肤泉轻盈水活霜50ml乳液面霜,¥265.32,理肤泉B5多效修复霜,理肤泉,B5,面霜,B5霜,修复+舒缓+保湿,¥265.32/50ml,法国,
 雅漾专研修护霜40ml*2干敏肌补水,¥317,雅漾专研修护霜,雅漾,专研修护,面霜,修护霜,修护+舒缓+保湿,¥317/40ml,法国,
 片仔癀皇后牌人参霜,¥226.71,片仔癀皇后牌人参霜,片仔癀,皇后牌,面霜,人参霜,滋养+修护+抗老,¥226.71/50ml,中国,
 【热卖】兰蔻焕白极光面霜50ml,¥820,兰蔻极光焕白面霜,兰蔻,极光,面霜,极光面霜,焕白+提亮+保湿,¥820/50ml,法国,
 AMC南非芦荟胶补水保湿,¥45,AMC南非芦荟胶,AMC,,芦荟胶,南非芦荟胶,补水+保湿+舒缓,¥45/100ml,南非,
 薇诺娜极润保湿乳液50g 面霜保湿补水 1件,¥98.9,薇诺娜极润保湿乳液,薇诺娜,极润,乳液,极润乳液,保湿+补水+舒缓,¥98.9/50g,中国,
【3瓶】黄芪霜紧致抗皱滋润保湿,¥50.91,黄芪霜,无,无,面霜,黄芪霜,紧致+抗皱+保湿,¥50.91/瓶,中国,
百雀羚【明星同款】国货之光淡纹,¥358,百雀羚帧颜淡纹修护精华霜,百雀羚,帧颜,面霜,帧颜霜,淡纹+修护+抗老,¥358/50g,中国,
 春娟黄芪养颜霜40g,¥79.2,春娟黄芪养颜霜,春娟,黄芪系列,面霜,黄芪霜,滋养+修护+保湿,¥79.2/40g,中国,
 百雀羚护肤礼盒绿宝石淡纹霜,¥358,百雀羚绿宝石淡纹修护面霜,百雀羚,绿宝石,面霜,绿宝石面霜,淡纹+修护+保湿,¥358/50g,中国,
适乐肤高保湿润肤霜85g,¥42.8,适乐肤高保湿润肤霜85g,适乐肤,高保湿,面霜,C乳,保湿+修护+舒缓,¥42.8/85g,美国,
 谷雨山参胶原面霜50g,¥274.55,谷雨山参胶原面霜,谷雨,山参,面霜,山参面霜,抗老+紧致+滋养,¥274.55/50g,中国,
 [热卖]SK-II大红瓶轻盈面霜50g,¥1030,SK-II微肌因赋活修护精华霜,SK-II,微肌因,面霜,大红瓶,抗老+修护+保湿,¥1030/50g,日本,
 【热销5w+】南京同仁堂祛斑霜,¥102.1,南京同仁堂祛斑霜,南京同仁堂,,面霜,同仁堂祛斑霜,祛斑+美白+淡斑,¥102.1/瓶,中国,
 欧莱雅小蜜罐滋润面霜80ml,¥394.71,欧莱雅小蜜罐滋润面霜,欧莱雅,小蜜罐,面霜,小蜜罐,滋润+抗老+修护,¥394.71/80ml,法国,
 理肤泉B5修护水乳两件套,¥295.71,理肤泉B5修护水乳两件套,理肤泉,B5,水乳套装,B5水乳,修护+保湿+舒缓,¥295.71/套,法国,
 雅漾三重AD特护霜50ml,¥123.7,雅漾三重AD特护霜,雅漾,三重AD,面霜,AD霜,舒缓+修护+保湿,¥123.7/50ml,法国,
 大宝SOD蜜+维生素E乳大容量套装,¥62.9,大宝SOD蜜+维生素E乳大容量套装,大宝,,面霜/乳液,大宝套装,保湿+滋润,¥62.9/100ml,中国,
 瑷尔博士益生精研修护霜50g,¥143,瑷尔博士益生精研修护霜,瑷尔博士,益生精研,面霜,益生霜,修护+保湿+舒缓,¥143/50g,中国,
 欧莱雅金致臻颜花蜜胶原轻乳霜60ml轻盈版+30ml*2 小蜜罐修护紧致保湿,¥269,欧莱雅金致臻颜花蜜胶原轻乳霜,欧莱雅,金致臻颜,面霜,小蜜罐,修护+紧致+保湿,¥269/60ml,法国,
 片仔癀 皇后牌珍珠膏20g*2,¥113,片仔癀皇后珍珠膏,片仔癀,皇后牌,面霜,珍珠膏,美白+淡斑+滋养,¥113/20g,中国,
 【全新升级】欧莱雅复颜晚霜,¥225,欧莱雅复颜玻尿酸水光充盈晚霜,欧莱雅,复颜,面霜,复颜晚霜,抗皱+保湿+紧致,¥225/50ml,法国,
 【焦点面霜】可复美重组胶原蛋白光奕律时修护精华霜100g,¥359,可复美重组胶原蛋白光奕律时修护精华霜,可复美,光奕律时,面霜,焦点面霜,修护+抗老+保湿,¥359/100g,中国,
 九朵云焕彩亮白面霜,¥106.33,九朵云焕彩亮白面霜,九朵云,焕彩亮白,面霜,九朵云面霜,美白+提亮+保湿,¥106/50ml,韩国,
 大红瓶面霜80g清爽版,¥728,SK-II大红瓶面霜80g清爽版,SK-II,大红瓶,面霜,神仙面霜,修护+抗老+保湿,¥728/80g,日本,
 【国货经典】黄芪霜60g,¥29.66,春娟黄芪霜,春娟,黄芪霜,面霜,黄芪霜,保湿+修护+滋养,¥29.66/60g,中国,
 YYTISS 377美白100%祛斑面霜,¥131.1,YYTISS 377美白祛斑面霜,YYTISS,377,面霜,377面霜,美白+祛斑,¥131.1/50ml,中国,
 百雀羚面霜 肌初赋活抗皱菁华霜,¥194,百雀羚肌初赋活抗皱菁华霜,百雀羚,肌初赋活,面霜,抗皱霜,抗皱+紧致+保湿,¥194/50g,中国,
 焕颜紧致面霜日霜50ml,¥398,雅诗兰黛多效智妍精华霜,雅诗兰黛,多效智妍,面霜,智妍面霜,抗老+紧致+保湿,¥398/50ml,美国,
 欧莱雅20霜15ml,¥87.9,欧莱雅复颜玻尿酸水光充盈焕颜面霜,欧莱雅,复颜玻尿酸,面霜,20霜,保湿+修护+抗皱,¥87.9/15ml,法国,
 大宝雪肤活力霜50g滋养透亮,¥24.65,大宝雪肤活力霜,大宝,雪肤活力,面霜,大宝SOD蜜,保湿+滋养+透亮,¥24.65/50g,中国,
 【胖东来热卖】老国货黄芪霜200g,¥22.55,黄芪霜,春娟,无,面霜,黄芪霜,保湿+修护+滋养,¥22.55/200g,中国,
保湿紧致改善黄皮面霜50g/一盒装,¥51,保湿紧致改善黄皮面霜50g/一盒装,欧莱雅,复颜玻尿酸,面霜,玻尿酸面霜,保湿+紧致+提亮,¥51/50g,法国,
 同仁堂面霜抗皱紧致抗衰老,¥59.86,同仁堂抗皱紧致面霜,同仁堂,,面霜,同仁堂抗皱面霜,抗皱+紧致+抗衰老,¥59.86/50ml,中国,
 完美补水保湿乳液面霜修复毛孔皮肤温和晒后粗糙祛痘芦荟凝胶40g*4支,¥112.9,完美芦荟保湿凝胶,完美,无,凝胶,芦荟胶,保湿+修复+祛痘,¥28.2/40g,中国,
 大宝美容晚霜滋润套装,¥49.5,大宝美容晚霜滋润套装,大宝,美容晚霜,面霜,大宝晚霜,滋润+保湿,¥49.5/50ml,中国,
 完美补水保湿乳液面霜修复毛孔皮肤温和晒后粗糙祛痘芦荟凝胶40g*4支,¥59.86,完美日记玻尿酸补水保湿乳液,完美日记,,乳液,补水小奶瓶,补水+保湿+修复,¥59.86/40g,中国,
 韩后红石榴红茶滋润面霜,¥59.3,韩后红石榴红茶滋润面霜,韩后,红石榴红茶,面霜,红石榴面霜,滋润+保湿+抗氧化,¥59.3/50g,中国,
 珀莱雅红宝石轻盈霜50g*2瓶,¥518,珀莱雅红宝石轻盈霜,珀莱雅,红宝石,面霜,红宝石面霜,抗老+紧致+保湿,¥259/50g,中国,
 羽西鎏金面霜50ml,¥609,羽西鎏金瓶面霜,羽西,鎏金瓶,面霜,鎏金面霜,抗老+紧致+修护,¥609/50ml,中国,
 [热卖]SK-II大红瓶轻盈面霜80g,¥1510,SK-II大红瓶轻盈面霜,SK-II,大红瓶,面霜,大红瓶面霜,抗老+紧致+保湿,¥1510/80g,日本,
 薇诺娜舒敏保湿特护霜5g,¥35.5,薇诺娜舒敏保湿特护霜,薇诺娜,舒敏保湿,面霜,特护霜,舒敏+保湿+修护,¥35.5/5g,中国,
 可复美吨吨霜50g 焕亮肌肤,¥251,可复美胶原蛋白嘭嘭霜,可复美,胶原蛋白,面霜,吨吨霜,焕亮+保湿+修护,¥251/50g,中国,
 [热卖]SK-II大红瓶抗皱面霜80g,¥1507,SK-II赋能焕采精华霜,SK-II,赋能焕采,面霜,大红瓶,抗皱+紧致+修护,¥1507/80g,日本,
 【双支大容量】保湿面霜70g*2,¥290,【双支大容量】保湿面霜70g*2,科颜氏,高保湿,面霜,高保湿面霜,保湿+修护+滋润,¥290/70g,美国,
「到手11g」梵蜜琳抗皱贵妇膏,¥290,梵蜜琳贵妇抗皱精华霜,梵蜜琳,贵妇,面霜,贵妇膏,抗皱+修护+滋养,¥290/11g,中国,
 韩后水光裸妆素颜霜52g,¥58.41,韩后水光裸妆素颜霜,韩后,水光裸妆,素颜霜,水光素颜霜,提亮+遮瑕+保湿,¥58.41/52g,中国,
 【双支大容量】保湿面霜70g*2,¥418,【双支大容量】保湿面霜70g*2（价格：¥418）,科颜氏,高保湿,面霜,高保湿面霜,保湿+修护+滋润,¥209/70g,美国,
 【回购券】淡纹黑管面霜1g*2,¥19,回购券淡纹黑管面霜1g*2,,,,面霜,,¥19/2g,,
 雅诗兰黛智妍夜胶原75ml,¥1250,雅诗兰黛智妍胶原霜,雅诗兰黛,智妍,面霜,胶原霜,抗老+紧致+修护,¥1250/75ml,美国,
 适乐肤（CeraVe）【张凌赫同款】高保湿润肤霜85g双罐装C霜干皮滋润乳液面霜男女,¥120,适乐肤高保湿润肤霜,CeraVe,,面霜,C霜,保湿+修护+滋润,¥120/85g,美国,
改善泛红加厚修护15g修红霜,¥17.8,修红霜,薇诺娜,舒敏保湿,面霜,修红霜,修护+改善泛红+舒缓,¥17.8/15g,中国,
 希思黎黑玫瑰焕采精华霜50ml,¥699,希思黎黑玫瑰焕采精华霜,希思黎,黑玫瑰,面霜,黑玫瑰面霜,抗老+提亮+保湿,¥699/50ml,法国,
 麦吉丽（mageline）贵妇美颜膏 抗皱紧致保湿一抹提亮素颜霜面霜 20g,¥635,麦吉丽贵妇美颜膏,麦吉丽,贵妇,面霜,素颜霜,抗皱+紧致+提亮,¥635/20g,中国,
美加净保湿紧致润肤霜80g,¥15.96,美加净保湿紧致润肤霜,美加净,,润肤霜,,保湿+紧致,¥15.96/80g,中国,
 长效锁水卓效保湿科颜氏保湿面霜,¥259.9,科颜氏高保湿面霜,科颜氏,高保湿,面霜,高保湿面霜,保湿+锁水+修护,¥259.9/50ml,美国,
 欧珀莱时光锁塑颜紧肤霜,¥222.75,欧珀莱时光锁塑颜紧肤霜,欧珀莱,时光锁,面霜,时光锁面霜,紧致+塑颜+抗老,¥222.75/50ml,日本,
 修正凝肌透白淡斑霜2*30g套装 淡化斑点烟酰胺美白淡化黑色素祛斑霜,¥81,修正凝肌透白淡斑霜,修正药业,,面霜,修正淡斑霜,美白+淡斑+祛斑,¥81/60g,中国,
百雀羚八杯水倍润精华霜 共两瓶,¥51,百雀羚八杯水倍润精华霜,百雀羚,八杯水,面霜,八杯水面霜,保湿+滋润+修护,¥51/50g,中国,
 资生堂悦薇智感焕白霜丰润型50ml,¥368,资生堂悦薇智感焕白霜丰润型,资生堂,悦薇,面霜,悦薇面霜,焕白+抗老+保湿,¥368/50ml,日本,
 【胖东来严选】绵羊油面霜TOP榜1,¥18.9,胖东来绵羊油面霜,胖东来,严选,面霜,绵羊油面霜,滋润+保湿,¥18.9/50ml,中国,
 丸美胶原小金针面霜轻盈霜50g,¥338,丸美胶原小金针面霜轻盈霜,丸美,胶原小金针,面霜,小金针面霜,抗老+紧致+保湿,¥338/50g,中国,
佰束美白祛斑霜烟酰胺淡化黑色素,¥55.84,佰束美白祛斑霜,佰束,,面霜,美白祛斑霜,美白+祛斑+淡斑,¥55.84/50ml,中国,
 雅漾恒润柔肤清爽面霜,¥63.5,雅漾恒润保湿清爽面霜,雅漾,恒润保湿,面霜,恒润面霜,保湿+舒缓+清爽,¥63.5/50ml,法国,
 【现货速达】LA MER奇迹晚霜30ml,¥1980,LA MER奇迹面霜,LA MER,奇迹,面霜,经典面霜,修护+抗老+滋润,¥1980/30ml,美国,
 珀莱雅红宝石滋润霜50g*2瓶,¥518,珀莱雅红宝石面霜,珀莱雅,红宝石,面霜,红宝石面霜,抗老+紧致+滋润,¥518/50g,中国,
 卡姿兰明星素颜霜套装50g*2,¥186,卡姿兰明星素颜霜套装50g*2,卡姿兰,明星,素颜霜,明星素颜霜,提亮+遮瑕+保湿,¥186/50g*2,中国,
 大干皮锁死  补水保湿一绝,¥204.5,大干皮锁死,,,面霜,,补水+保湿,¥204.5/50ml,,
 欧莱雅20霜30ml ,¥345.21,欧莱雅复颜玻尿酸水光充盈焕颜面霜,欧莱雅,复颜玻尿酸,面霜,20霜,保湿+抗皱+修护,¥345/30ml,法国,
美容修饰,¥25,美容修饰,,,,,,¥25,,
 适乐肤屏障修护润肤霜,¥25,适乐肤屏障修护润肤霜,适乐肤,屏障修护,面霜,C霜,修护+保湿+舒缓,¥25/50ml,美国,
柔润保湿霜150g,¥55.84,珂润润浸保湿柔和乳霜,珂润,润浸保湿,面霜,珂润面霜,保湿+修护+温和,¥55.84/150g,日本,
 修丽可AGE紧致保湿面霜,¥839,修丽可AGE紧致抗痕面霜,修丽可,AGE,面霜,AGE面霜,抗老+紧致+保湿,¥839/48ml,美国,
美容修饰,¥44.66,美容修饰,,,,,,¥44.66,,
 协和硅霜50g补水保湿干燥肌肤滋润乳液面霜 修护肌肤老牌国货身体乳,¥21.3,协和硅霜,协和,,面霜,硅霜,补水+保湿+修护,¥21.3/50g,中国,
 老中医痘清霜祛痘膏,¥64.6,老中医痘清霜祛痘膏,老中医,,祛痘膏,老中医祛痘膏,祛痘+控油+消炎,¥64.6/支,中国,
 【胖东来热卖】素颜霜第1名,¥91,素颜霜,空,空,素颜霜,空,提亮+均匀肤色,¥91/50ml,空,
 雅漾三重修护AD膏,¥160.55,雅漾三重修护特润保湿霜,雅漾,三重修护,面霜,AD膏,修护+保湿+舒缓,¥160.55/200ml,法国,
谷雨美白奶罐2.0光感美白修护,¥105.3,谷雨美白奶罐面霜2.0,谷雨,光感美白,面霜,美白奶罐,美白+修护+提亮,¥105.3/50g,中国,
春娟黄芪养颜霜40g抗皱紧致,¥91,春娟黄芪养颜霜,春娟,黄芪养颜,面霜,黄芪霜,抗皱+紧致+滋养,¥91/40g,中国,
春娟黄芪养颜霜40g抗皱紧致,¥89.1,春娟黄芪养颜霜,春娟,黄芪养颜,面霜,黄芪霜,抗皱+紧致+滋养,¥89.1/40g,中国,
全网热销1万+,¥258,,,,,,,,,返回数据列数不正确
 蘭（LAN）兰时光兰花冷霜保湿面霜滋润补水护肤品50g礼物送女友送母亲,¥278,蘭时光兰花冷霜,蘭,兰时光,面霜,兰花霜,保湿+滋润+抗老,¥278/50g,中国,
丸美紧弹修护微囊霜,¥151.05,丸美紧弹修护微囊霜,丸美,紧弹,面霜,微囊霜,紧致+修护+抗老,¥151.05/50g,中国,
欧莱雅第三代小蜜罐滋润面霜60ml,¥359,欧莱雅第三代小蜜罐滋润面霜,欧莱雅,小蜜罐,面霜,小蜜罐面霜,滋润+抗老+修护,¥359/60ml,法国,
 片仔癀 皇后牌珍珠膏20g,¥65.34,片仔癀皇后牌珍珠膏,片仔癀,皇后牌,面霜,珍珠膏,美白+淡斑+滋养,¥65.34/20g,中国,
晒后修复提拉保湿黎芙莎芦荟凝胶,¥1.9,黎芙莎芦荟晒后修复凝胶,黎芙莎,,凝胶,芦荟胶,晒后修复+保湿+舒缓,¥1.9/支,中国,
薇诺娜高保湿修护面霜15g*2 【效期剩余15个月】 修护保湿紧致舒缓,¥135.8,薇诺娜高保湿修护面霜,薇诺娜,高保湿修护,面霜,薇诺娜特护霜,修护+保湿+舒缓,¥135.8/15g*2,中国,
 自然堂雪松活颜御龄霜50g,¥135.8,自然堂雪松御龄活颜霜,自然堂,雪松,面霜,雪松霜,抗老+修护+滋养,¥135.8/50g,中国,
 小娇韵诗O椰水光霜50ml全肤质,¥260,娇韵诗O椰水光霜,娇韵诗,O椰,面霜,小娇韵诗,保湿+提亮+水润,¥260/50ml,法国,
 自然堂雪松活颜御龄霜50g,¥253,自然堂雪松御龄活颜霜,自然堂,雪松,面霜,雪松霜,抗老+修护+滋养,¥253/50g,中国,
 雅漾恒润高保湿面霜40ml,¥63.5,雅漾恒润保湿面霜,雅漾,恒润,面霜,高保湿面霜,保湿+舒缓+修护,¥63.5/40ml,法国,
 【现货速达】LA MER精华面霜15ml,¥980.1,LA MER精华面霜,LA MER,经典,面霜,神奇面霜,修护+保湿+抗老,¥980.1/15ml,美国,
 理肤泉特安修护安心霜40ml乳液,¥236.61,理肤泉特安修护安心霜,理肤泉,特安修护,面霜,安心霜,修护+舒缓+保湿,¥236.61/40ml,法国,
 水之印五合一升级版金罐90g*3,¥228,水之印五合一面霜升级版,水之印,,面霜,金罐面霜,保湿+修护+紧致,¥228/90g,日本,
 【回购券】OLAY超红瓶面霜15g,¥134,OLAY超红瓶面霜,OLAY,超红瓶,面霜,超红瓶面霜,抗老+紧致+提亮,¥134/15g,中国,
可丽金胶卷面霜紧致抗皱30g,¥224,可丽金胶原蛋白面霜,可丽金,胶原蛋白,面霜,胶卷面霜,紧致+抗皱+保湿,¥224/30g,中国,
 The Ordinary杜鹃花酸壬二酸面霜,¥109.25,The Ordinary 10%杜鹃花酸壬二酸亮肤面霜,The Ordinary,N/A,面霜,壬二酸面霜,亮肤+控油+祛痘,¥109/30ml,加拿大,
 【胖东来热销】懒人素颜霜TOP1,¥150.1,懒人素颜霜,Dr.Jart+,V7,素颜霜,V7素颜霜,提亮+遮瑕+保湿,¥150/50ml,韩国,
 【含烟酰胺】丝塔芙大白罐566g,¥99.75,丝塔芙大白罐舒润保湿霜,丝塔芙,大白罐,面霜,大白罐,保湿+修护+舒缓,¥99.75/566g,法国,
 雅漾倍护霜100ml 敏肌可用,¥150.1,雅漾舒缓特护保湿霜,雅漾,舒缓特护,面霜,大白霜,舒缓+修护+保湿,¥150/100ml,法国,
玉兰油滋润霜50g*2瓶,¥104.4,玉兰油新生塑颜金纯面霜,OLAY,新生塑颜,面霜,大红瓶,抗老+滋润+紧致,¥104.4/50g,中国,
冰溪皮肤屏障修护霜,¥198,冰溪皮肤屏障修护霜,冰溪,皮肤屏障,面霜,冰溪修护霜,修护+保湿+舒缓,¥198/50ml,中国,
 肌肤未来（SKYNFUTURE）377美白淡斑面霜50g去斑淡化斑点提亮肤色面部护肤品 母亲节礼物,¥170.05,肌肤未来377美白淡斑面霜,肌肤未来,377,面霜,377面霜,美白+淡斑+提亮,¥170/50g,中国,
欧诗漫幻亮水光素颜霜,¥32.3,欧诗漫幻亮水光素颜霜,欧诗漫,幻亮,素颜霜,水光霜,提亮+遮瑕+保湿,¥32.3/50g,中国,
 【贵妇面霜】迷奇重塑年轻美容蜜,¥153,迷奇贵妇面霜,迷奇,重塑年轻,面霜,贵妇面霜,抗老+紧致+滋润,¥153/50g,中国,
 科颜氏高保湿面霜50ml ,¥178.6,科颜氏高保湿面霜,科颜氏,高保湿,面霜,高保湿面霜,保湿+修护+舒缓,¥178.6/50ml,美国,
 白云山黄金抗皱胶原蛋白面霜抗衰老提拉紧致去细纹一支50g,¥45.9,白云山黄金抗皱胶原蛋白面霜,白云山,黄金抗皱,面霜,黄金面霜,抗皱+紧致+去细纹,¥45.9/50g,中国,
 【现货速达】LA MER奇迹面霜礼盒,¥3340,LA MER奇迹面霜,LA MER,奇迹,面霜,奇迹面霜,修护+保湿+抗老,¥3340/60ml,美国,
 【敏肌优选】B5积雪草苷修护面霜,¥14.86,理肤泉B5积雪草修护面霜,理肤泉,B5,面霜,B5面霜,修护+舒缓+保湿,¥14.86/40ml,法国,
大宝SOD蜜抗男女士面霜保湿补水滋润 秋冬护肤品擦脸妇女节礼 大宝sod蜜2瓶,¥14.86,大宝SOD蜜,大宝,SOD蜜,面霜,大宝SOD蜜,保湿+滋润+补水,¥14.86/100ml,中国,
 颐莲（RELLET）玻尿酸嘭润面霜50g  补水保湿维稳修护精华霜送女生母亲节礼物,¥3340,颐莲玻尿酸嘭润面霜,颐莲,嘭润,面霜,嘭润面霜,补水+保湿+修护,¥3340/50g,中国,
 露得清维醇二代晚霜双支礼盒装,¥499,露得清维A醇抗皱修护晚霜,露得清,维A醇,面霜,A醇晚霜,抗皱+修护+淡纹,¥499/50ml,美国,
 欧莱雅全新20霜50ml 焕颜淡纹霜,¥485,欧莱雅复颜玻尿酸水光充盈焕颜淡纹霜,欧莱雅,复颜玻尿酸,面霜,20霜,淡纹+保湿+抗老,¥485/50ml,法国,
欧诗漫面霜高保湿营养透亮柔嫩霜舒缓修护滋润 50g*2瓶,¥42.89,欧诗漫珍珠白柔嫩透亮霜,欧诗漫,珍珠白,面霜,珍珠霜,保湿+透亮+修护,¥42.89/50g,中国,
 雅诗兰黛智妍紧塑焕白淡斑精华霜,¥1190,雅诗兰黛智妍紧塑焕白精华霜,雅诗兰黛,智妍,面霜,白胶原霜,淡斑+紧致+焕白,¥1190/50ml,美国,
自然堂铂金胶原修护紧塑霜55g,¥288,自然堂铂金胶原修护紧塑霜,自然堂,铂金胶原,面霜,胶原霜,修护+紧致+抗老,¥288/55g,中国,
 【三支装】保湿面霜40g*3,¥378,保湿面霜,无,无,面霜,无,保湿,¥126/40g,无,
 适乐肤（CeraVe）高保湿润肤霜 453g(C霜神经酰胺敏感肌面霜强韧修护屏障身体霜),¥170,适乐肤高保湿润肤霜,CeraVe,,面霜,C霜,保湿+修护+强韧屏障,¥170/453g,美国,
 丸美弹力蛋白凝时紧致霜50g,¥242,丸美弹力蛋白凝时紧致霜,丸美,弹力蛋白,面霜,弹力霜,紧致+抗皱+保湿,¥242/50g,中国,
 【无效全退】美白祛斑提亮黄芪霜,¥57.9,【无效全退】美白祛斑提亮黄芪霜,,,面霜,黄芪霜,美白+祛斑+提亮,¥57.9/50g,,
 【水感透皙】OLAY水感空气霜50g,¥246.51,OLAY水感透皙空气霜,OLAY,水感透皙,面霜,空气霜,保湿+提亮+控油,¥246.51/50g,美国,
 林清轩修护面霜,¥157,林清轩山茶花修护面霜,林清轩,山茶花,面霜,山茶花面霜,修护+保湿+滋养,¥157/50g,中国,
 【胖东来热卖】大宝A醇淡纹乳,¥149.9,大宝A醇淡纹乳,大宝,A醇,乳液,A醇淡纹乳,淡纹+抗老+保湿,¥149.9/30ml,中国,
欧莱雅小蜜罐面霜,¥47.8,欧莱雅金致臻颜花蜜奢养面霜,欧莱雅,金致臻颜,面霜,小蜜罐,滋润+抗老+修护,¥47.8/50ml,法国,
 雅漾清爽型焕亮面霜50ml,¥120.1,雅漾清爽型焕亮面霜,雅漾,清爽型,面霜,焕亮面霜,保湿+焕亮+舒缓,¥120/50ml,法国,
 可复美秩序霜外控油 深净痘,¥247,可复美秩序控油净痘霜,可复美,秩序,面霜,秩序霜,控油+净痘+修护,¥247/50ml,中国,
 优时颜第2代黑引力面霜轻盈版50g,¥300,优时颜第2代黑引力面霜轻盈版,优时颜,黑引力,面霜,黑引力面霜,抗老+修护+紧致,¥300/50g,中国,
 修正 凝肌透白淡斑霜3支装 淡化斑点烟酰胺祛斑美白淡化黑色素祛斑霜,¥131,修正凝肌透白淡斑霜,修正,,面霜,淡斑霜,淡斑+美白+祛斑,¥131/支,中国,
 大宝美容日霜50g补水保湿,¥23.66,大宝美容日霜,大宝,美容日霜,面霜,大宝SOD蜜,补水+保湿,¥23.66/50g,中国,
谷雨美白奶罐2.0光感美白修护,¥38.9,谷雨美白奶罐2.0光感美白修护面霜,谷雨,美白奶罐2.0,面霜,美白奶罐,美白+修护+提亮,¥38.9/50g,中国,
薇诺娜舒敏保湿特护霜10g*2支敏感肌乳液面霜舒缓修护屏障保湿面部护肤 舒敏特护霜10g*1支（1支体验装）,¥15.38,薇诺娜舒敏保湿特护霜,薇诺娜,舒敏,面霜,特护霜,舒敏+修护+保湿,¥15.38/10g,中国,
 馥珮新活抗皱保湿霜50g,¥22.9,馥珮新活抗皱保湿霜,馥珮,新活,面霜,新活霜,抗皱+保湿,¥22.9/50g,中国,
 雅诗兰黛多效智妍面霜,¥499,雅诗兰黛多效智妍面霜,雅诗兰黛,多效智妍,面霜,智妍面霜,抗老+紧致+保湿,¥499/50ml,美国,
 泊美鲜纯珍萃保湿面霜 控油,¥66.1,泊美鲜纯珍萃保湿面霜,泊美,鲜纯珍萃,面霜,鲜纯面霜,保湿+控油,¥66.1/50g,日本,
 【徐璐同款】宫芙素颜乳霜套组,¥111,宫芙素颜乳霜套组,宫芙,,素颜乳霜,徐璐同款,提亮+遮瑕+保湿,¥111/套,中国,
 老牌国货黄芪霜2盒,¥3.9,黄芪霜,美加净,,面霜,老牌国货黄芪霜,保湿+滋养,¥3.9/盒,中国,
片仔癀珍珠霜瓶,¥19.8,片仔癀珍珠霜,片仔癀,,面霜,珍珠霜,美白+淡斑+保湿,¥19.8/20g,中国,
黄芪霜滋润秋冬男女两瓶装,¥2.84,黄芪霜,无,无,面霜,黄芪霜,滋润+保湿,¥2.84/瓶,无,
梦丝恋胖东来推荐大瓶300g黄芪霜面霜嫩白保湿改善滋润温和补水秋冬男女 300g黄芪霜二瓶装,¥2.9,梦丝恋黄芪霜,梦丝恋,,面霜,黄芪霜,嫩白+保湿+滋润,¥2.9/300g,中国,
 去黄提亮紧致嫩白黄芪霜,¥6.99,黄芪霜,百雀羚,草本,面霜,小黄芪霜,去黄+提亮+嫩白,¥6.99/50g,中国,
香港大药房【香港柿子叶猪油膏】抗氧化美提亮白去黄改善暗沉肤色祛黄褐雀斑 正品肺叶猪油膏 浓度999+【重度快速滁斑】特强,¥12.8,香港柿子叶猪油膏,香港大药房,,面霜,猪油膏,抗氧化+提亮+祛斑,¥12.8/瓶,中国香港,
 老牌国货滋润脸部黄芪霜80g*1瓶,¥3.99,春娟黄芪霜,春娟,,面霜,黄芪霜,滋润+保湿+修护,¥3.99/80g,中国,
美加净（MAXAM）面霜银耳珍珠滋养霜袋装保湿滋养搽脸油 银耳滋养霜 20g -10袋,¥16.9,美加净银耳珍珠滋养霜,美加净,银耳珍珠,面霜,珍珠霜,保湿+滋养,¥16.9/20g,中国,
北京同仁堂芦荟胶1罐,¥20.4,北京同仁堂芦荟胶,北京同仁堂,,芦荟胶,同仁堂芦荟胶,保湿+舒缓+修护,¥20.4/罐,中国,
 【全网爆款】三七柿叶膏,¥19.8,三七柿叶膏,,,面霜,,,¥19.8/50ml,,
 3个装雪花膏 发不同香型,¥208,3个装雪花膏,,,面霜,雪花膏,保湿+滋润,¥208/3个装,中国,
 3个装雪花膏 发不同香型,¥8.9,3个装雪花膏,,,面霜,雪花膏,保湿,¥8.9/个,中国,
 【胖东来热销】抗皱紧致面霜,¥83.6,抗皱紧致面霜,,,面霜,,抗皱+紧致,¥83.6/50ml,,
理奈正品去斑霜专用祛老年斑专用脸部去手上手部手背的药膏强力去除 20g,¥6.99,理肤泉B5多效修复霜,理肤泉,B5,面霜,B5霜,修复+舒缓+保湿,¥119/40ml,法国,
 【小袋装】珍珠美白祛斑霜,¥17.91,珍珠美白祛斑霜,未知,未知,面霜,珍珠霜,美白+祛斑,¥17.91/未知,未知,
 形象美凡士林保湿霜面霜170g,¥19.7,凡士林倍护特润修护润肤霜,凡士林,倍护特润,面霜,凡士林大蓝罐,保湿+修护+滋润,¥19.7/170g,美国,
 薇诺娜舒敏保湿特护霜60g（30g*2）,¥198,薇诺娜舒敏保湿特护霜,薇诺娜,舒敏保湿,面霜,特护霜,舒缓+保湿+修护,¥198/60g,中国,
 珂润润浸保湿滋养乳霜（ 40g*2）,¥208,珂润润浸保湿滋养乳霜,珂润,润浸保湿,面霜,珂润面霜,保湿+修护+温和,¥208/40g,日本,
定价,¥730,定价,,,,,,¥730,,
 香奈儿山茶花保湿乳霜50g,¥720,香奈儿山茶花保湿乳霜,香奈儿,山茶花,面霜,山茶花面霜,保湿+滋润+修护,¥720/50g,法国,
 珀莱雅（PROYA）红宝石面霜3.0 抗皱紧致淡化细纹 保湿乳液面霜女士（滋润型50g）,¥178,珀莱雅红宝石面霜3.0,珀莱雅,红宝石,面霜,红宝石面霜,抗皱+紧致+保湿,¥178/50g,中国,
 片仔癀御容臻致珍珠膏,¥398,片仔癀御容臻致珍珠膏,片仔癀,御容臻致,面霜,珍珠膏,修护+滋养+提亮,¥398/20g,中国,
 佰草集太极啵啵霜精华霜乳液啵啵面霜50g( 提拉紧致修护淡化细纹),¥284.05,佰草集太极啵啵精华霜,佰草集,太极,面霜,啵啵霜,提拉紧致+修护+淡化细纹,¥284/50g,中国,
 【最快一周】国货黄芪霜第一名,¥51.5,春娟黄芪霜,春娟,,面霜,黄芪霜,保湿+修护+滋养,¥51.5/30g,中国,
 BEAUTY NOTES维生素原B5舒缓修护霜皮肤屏障受损晒后保湿改善干燥肌肤泛红面霜,¥19,BEAUTY NOTES维生素原B5舒缓修护霜,BEAUTY NOTES,,面霜,B5修护霜,修护+保湿+舒缓,¥19/50ml,中国,
 春娟黄芪保湿修复霜50g,¥63.2,春娟黄芪保湿修复霜,春娟,黄芪,面霜,黄芪霜,保湿+修复,¥63.2/50g,中国,
 片仔癀灵芝臻颜淡纹霜,¥173.25,片仔癀灵芝臻颜淡纹霜,片仔癀,灵芝臻颜,面霜,灵芝霜,淡纹+抗老+滋养,¥173.25/50ml,中国,
 TUNKO神仙养肤贵妇膏,¥173.25,TUNKO神仙养肤贵妇膏,TUNKO,神仙养肤,面霜,贵妇膏,滋养+修护+提亮,¥173.25/50g,中国,
 TUNKO神仙养肤贵妇膏,¥56.43,TUNKO神仙养肤贵妇膏,TUNKO,神仙养肤,面霜,贵妇膏,滋养+修护+提亮,¥56.43/30g,中国,
 hfp超A醇淡纹面霜50g,¥186.81,HFP超A醇淡纹面霜,HomeFacialPro,超A醇,面霜,超A醇面霜,淡纹+抗皱+紧致,¥186.81/50g,中国,
 修丽可242神经酰胺修护霜,¥789,修丽可242皮脂膜修护霜,修丽可,242,面霜,242面霜,修护+保湿+强韧屏障,¥789/48ml,美国,
 玉兰油大红瓶面霜50g两个装,¥148.99,玉兰油新生塑颜金纯面霜,OLAY,新生塑颜,面霜,大红瓶,抗老+紧致+保湿,¥148.99/50g,中国,
 【亮肤神器】377美白祛斑霜,¥23.8,城野医生377美白淡斑面霜,城野医生,377,面霜,377霜,美白+淡斑+提亮,¥23.8/18g,日本,
限时7.47折,¥121.05,,,,,,,,,返回数据列数不正确
片仔癀皇后牌臻润级珍珠膏2瓶,¥141.05,片仔癀皇后牌臻润级珍珠膏,片仔癀,皇后牌臻润级,面霜,珍珠膏,美白+滋养+淡斑,¥141.05/2瓶,中国,
 【3瓶装】日本抗皱紧致面霜,¥112.55,资生堂悦薇珀翡塑颜抗皱面霜,资生堂,悦薇珀翡,面霜,悦薇面霜,抗皱+紧致+保湿,¥112.55/50ml,日本,
美素花胚太空霜抗皱紧致15g,¥46,美素花胚太空霜,美素,花胚,面霜,太空霜,抗皱+紧致,¥46/15g,中国,
 宝宝面霜200ml高倍保湿,¥135.9,强生婴儿滋养润肤霜,强生,婴儿护理,面霜,宝宝面霜,保湿+滋养+温和,¥135.9/200ml,美国,
 玉兰油大红瓶面霜50g,¥84.99,OLAY新生塑颜金纯面霜,OLAY,新生塑颜,面霜,大红瓶,抗老+紧致+保湿,¥84.99/50g,美国,
 希思黎 黑玫瑰焕采面霜 50ml,¥599,希思黎黑玫瑰焕采精华面霜,希思黎,黑玫瑰,面霜,黑玫瑰面霜,提亮+保湿+抗老,¥599/50ml,法国,
 【胖东来爆款】羊奶霜Top1,¥18.76,羊奶霜,,,面霜,,滋润,¥18.76/瓶,中国,
 欧诗漫净透润白赋活霜,¥141.55,欧诗漫净透润白赋活霜,欧诗漫,净透润白,面霜,小白灯面霜,美白+保湿+提亮,¥141.55/50g,中国,
 【水润清透】净痘控油保湿面霜,¥46,水润清透净痘控油保湿面霜,,,面霜,,控油+保湿+净痘,¥46/50ml,,
LAN兰时光滋润补水面霜,¥15.2,LAN兰时光滋润补水面霜,LAN,时光,面霜,兰面霜,补水+滋润,¥15.2/50ml,中国,
LAN兰时光滋润补水面霜,¥132.33,LAN兰时光滋润补水面霜,LAN兰,时光,面霜,时光面霜,补水+滋润+保湿,¥132.33/50ml,中国,
 【瑞士进口】自然提亮素颜霜,¥114,瑞士进口自然提亮素颜霜,,,素颜霜,自然提亮霜,提亮+均匀肤色,¥114/50ml,瑞士,
 慕斯质地 宫芙面部素颜霜自然色,¥66.1,宫芙慕斯素颜霜,宫芙,,素颜霜,慕斯素颜霜,提亮+遮瑕+保湿,¥66.1/瓶,中国,
欧莱雅（L'OREAL）面霜女士复颜抗皱紧致日霜晚霜组合套装护肤品补水保湿滋润视黄醇 复颜抗皱晚霜+日霜共100ml,¥137.9,欧莱雅复颜抗皱紧致日霜晚霜套装,欧莱雅,复颜抗皱,面霜,复颜抗皱套装,抗皱+紧致+保湿,¥137.9/100ml,法国,
 欧莱雅20面霜30ml,¥99.9,欧莱雅复颜玻尿酸水光充盈焕颜面霜,欧莱雅,复颜玻尿酸,面霜,20面霜,保湿+抗皱+提亮,¥99.9/30ml,法国,
 凌博士时光霜50g,¥269.9,凌博士时光塑颜紧致面霜,凌博士,时光塑颜,面霜,时光霜,抗老+紧致+保湿,¥269.9/50g,中国,
 片仔癀皇后牌人参霜,¥74,片仔癀皇后牌人参霜,片仔癀,皇后牌,面霜,人参霜,滋养+修护+抗老,¥74/50g,中国,
 【原装进口】回购榜TOP1祛斑霜,¥213,祛斑霜,空,空,面霜,空,祛斑+美白,¥213/50ml,空,
 积雪草复颜舒缓膏买1送1,¥11.7,积雪草复颜舒缓膏,暂无,暂无,面霜,暂无,舒缓+修护+保湿,¥11.7/暂无,暂无,
舒敏保湿特护霜,¥49.68,薇诺娜舒敏保湿特护霜,薇诺娜,舒敏保湿,面霜,特护霜,舒敏+保湿+修护,¥49.68/50g,中国,
 雅诗兰黛红石榴面霜50ml,¥685,雅诗兰黛红石榴鲜活亮采面霜,雅诗兰黛,红石榴,面霜,红石榴面霜,提亮+保湿+抗氧化,¥685/50ml,美国,
 自然堂雪润皙白晶澈滋养霜,¥112,自然堂雪润皙白晶澈滋养霜,自然堂,雪润皙白,面霜,雪润面霜,美白+保湿+滋养,¥112/50ml,中国,
 【小样旅行装】你的朋友买过,¥15.8,小样旅行装,,,,,,¥15.8,,
 【经典国货】滋润黄芪霜三盒装,¥32.8,春娟黄芪霜,春娟,,面霜,黄芪霜,滋润+保湿+修护,¥32.8/30g,中国,
柿叶膏50g*1瓶,¥4.55,柿叶膏,,,,,保湿,¥4.55/50g,,
正品烟酰胺凝胶50g 买2送1,¥9.8,烟酰胺凝胶,The Ordinary,NMF,凝胶,TO烟酰胺,美白+控油+修护,¥9.8/50g,加拿大,
 珀芙研舒缓修护霜10g(软管),¥4.9,珀芙研舒缓修护霜,珀芙研,,面霜,修护霜,舒缓+修护+保湿,¥4.9/10g,中国,
 绵羊油面霜140g*2瓶,¥6.23,绵羊油面霜,无,无,面霜,绵羊油,保湿+滋润,¥6.23/140g,无,
积雪草复颜舒缓膏和熊果苷乳膏,¥13.8,,,,,,,,,返回数据列数不正确
臻羞维A酸霜乳膏+维E尿素乳霜鸡皮暗沉粗糙可用改善肌肤干燥光滑润泽 维A酸霜乳膏+维E尿素霜,¥6.5,臻羞维A酸霜乳膏+维E尿素乳霜,,,乳膏,维A酸霜乳膏,改善干燥+光滑肌肤,¥6.5/支,,
 【试用】毛戈平面膜3g+黑霜2g,¥21.9,毛戈平光感滋润无痕粉膏,毛戈平,光感滋润无痕,粉膏,无痕粉膏,遮瑕+持妆+滋润,¥350/14.5g,中国,
美加净银耳珍珠滋养霜40g,¥9.59,美加净银耳珍珠滋养霜,美加净,银耳珍珠,面霜,珍珠霜,滋养+保湿+提亮,¥9.59/40g,中国,
美加净银耳珍珠滋养霜40g,¥6.23,美加净银耳珍珠滋养霜,美加净,银耳珍珠,面霜,珍珠霜,滋养+保湿+提亮,¥6.23/40g,中国,
 【不做黄脸婆】经典黄芪霜50g,¥14.92,春娟黄芪霜,春娟,,面霜,黄芪霜,保湿+祛黄+修护,¥14.92/50g,中国,
 【胖东来热卖】美白素颜霜top1,¥34.91,胖东来美白素颜霜,胖东来,,素颜霜,,美白+提亮,¥34.91/瓶,中国,
 烟酰胺凝胶+熊果苷乳膏 套装2支,¥18.9,烟酰胺凝胶+熊果苷乳膏套装,The Ordinary,,精华,小白瓶+熊果苷,美白+淡斑+保湿,¥18.9/套,加拿大,
 保湿油润马油棒2支,¥2,保湿油润马油棒,无品牌,,润唇膏,马油棒,保湿+滋润,¥2/支,,
 理肤泉B5乳霜两件套装护肤品,¥259,理肤泉B5多效修复霜,理肤泉,B5,面霜,B5霜,修复+舒缓+保湿,¥259/40ml,法国,
 安安金纯橄榄油滋养倍润补水霜,¥33.2,安安金纯橄榄油滋养倍润补水霜,安安金纯,橄榄油滋养倍润,面霜,橄榄霜,补水+滋养+保湿,¥33.2/50g,中国,
 亚玛莉莎黄芪霜2瓶,¥44.9,亚玛莉莎黄芪霜,亚玛莉莎,,面霜,黄芪霜,保湿+滋养,¥44.9/瓶,中国,
保湿女神节礼物美白润肤霜50g,¥68.99,保湿女神节礼物美白润肤霜50g,无,无,润肤霜,无,保湿+美白,¥68.99/50g,无,
 娇韵诗沁润奇肌保湿乳霜,¥520,娇韵诗沁润奇肌保湿乳霜,娇韵诗,沁润奇肌,面霜,不死鸟面霜,保湿+修护+舒缓,¥520/50ml,法国,
 可复美焦点面霜50g替换装,¥319,可复美焦点面霜50g替换装,可复美,焦点,面霜,焦点面霜,修护+保湿+舒缓,¥319/50g,中国,
 艾珂薇n4舒缓修护面霜,¥192,艾珂薇N4舒缓修护面霜,ACOINE,N4,面霜,N4面霜,舒缓+修护+保湿,¥192/50ml,韩国,
 【联名】安克X塑颜百肽霜 50ml,¥950,安克塑颜百肽霜,安克,塑颜,面霜,百肽霜,抗老+紧致+提拉,¥950/50ml,中国,
【已售出10万+】麦吉丽贵妇膏,¥315,麦吉丽贵妇美颜膏,麦吉丽,贵妇,面霜,贵妇膏,提亮+修护+滋养,¥315/30g,中国,
 后天气丹水乳中样面霜10ml,¥25.9,天气丹华炫滋养面霜,Whoo后,天气丹,面霜,天气丹面霜,滋养+修护+抗老,¥25.9/10ml,韩国,
 黑绷带面霜100ml,¥6350,赫莲娜黑绷带面霜,赫莲娜,黑绷带,面霜,黑绷带,修护+抗老+紧致,¥6350/100ml,法国,
 欧莱雅牡丹焕白面霜 25ml,¥99.9,欧莱雅牡丹焕白面霜,欧莱雅,牡丹,面霜,牡丹面霜,焕白+提亮+保湿,¥99.9/25ml,法国,
 阿芙（AFU）十一11籽精华面霜经典版50g+50g 含玻色因 紧致抗皱 送女友礼物,¥309,阿芙11籽精华面霜,阿芙,11籽,面霜,11籽面霜,紧致+抗皱+保湿,¥309/50g,中国,
 X肽面霜50g,¥265.05,X肽面霜,空值,空值,面霜,空值,空值,¥265/50g,空值,
 毕生之研厚脸皮霜2.0-30g,¥83,毕生之研厚脸皮霜2.0,毕生之研,厚脸皮,面霜,厚脸皮霜,修护+保湿+强韧屏障,¥83/30g,中国,
美加净保湿紧致润肤霜80g*2瓶,¥30.5,美加净保湿紧致润肤霜,美加净,保湿紧致,面霜,美加净润肤霜,保湿+紧致,¥30.5/160g,中国,
 【特征祛斑美白】美白焕颜祛斑霜,¥52.2,美白焕颜祛斑霜,未知,未知,面霜,祛斑霜,美白+祛斑+焕颜,¥52.2/未知,未知,
 黛珂 保湿滋润小南瓜面霜 40g,¥160.55,黛珂保湿滋润小南瓜面霜,黛珂,保湿滋润,面霜,小南瓜面霜,保湿+滋润,¥160.55/40g,日本,
南京同仁堂个人护理京东自营专区,¥52.73,,,,,,,,,返回数据列数不正确
 润百颜HACE精华面霜10g,¥55.92,润百颜HACE精华面霜,润百颜,HACE,面霜,HACE面霜,抗老+修护+保湿,¥55.92/10g,中国,
自然堂素颜霜女懒人素颜霜遮瑕,¥43.09,自然堂雪润素颜霜,自然堂,雪润,素颜霜,懒人素颜霜,提亮+遮瑕+保湿,¥43.09/50g,中国,
 【医美级377成分】不好用直接退,¥27,377光感小白瓶,OLAY,光感小白瓶,精华,小白瓶,美白+提亮+淡斑,¥27/30ml,美国,
郑明明贵妇膏【明星定制款48g】,¥980,郑明明贵妇膏,郑明明,明星定制款,面霜,贵妇膏,滋养+修护+抗老,¥980/48g,中国,
 毕生之研厚脸皮乳2.0-30ml,¥83,毕生之研厚脸皮乳2.0,毕生之研,厚脸皮,乳液,厚脸皮乳,修护+保湿+强韧屏障,¥83/30ml,中国,
 自然堂弹嫩紧致抗皱早安霜50g,¥205,自然堂弹嫩紧致抗皱早安霜,自然堂,弹嫩紧致抗皱,面霜,早安霜,紧致+抗皱+保湿,¥205/50g,中国,
 兰蔻全新菁纯面霜60ml-滋润版,¥2628,兰蔻全新菁纯面霜60ml-滋润版,兰蔻,菁纯,面霜,菁纯面霜,抗老+滋润+修护,¥2628/60ml,法国,
春娟黄芪养颜霜小黄瓶40g,¥89.1,春娟黄芪养颜霜,春娟,黄芪养颜,面霜,小黄瓶,滋养+修护+保湿,¥89.1/40g,中国,
 欧诗漫肌源赋活弹嫩霜50g,¥94.05,欧诗漫肌源赋活弹嫩霜,欧诗漫,肌源赋活,面霜,弹嫩霜,保湿+弹润+修护,¥94.05/50g,中国,
 【斑点越多效果越好】美白祛斑霜,¥192.9,美白祛斑霜,未知,未知,面霜,祛斑霜,美白+祛斑+淡斑,¥192.9/未知,未知,
 抗皱紧致面霜,¥27,抗皱紧致面霜,欧莱雅,复颜玻尿酸,面霜,玻尿酸面霜,抗皱+紧致+保湿,¥27/50ml,法国,
 Cetaphil丝塔芙大白罐舒润保湿霜面部身体润肤乳秋冬面霜敏感肌含烟酰胺 【港版】大白罐250g*2瓶,¥107,丝塔芙舒润保湿霜,丝塔芙,舒润,面霜,大白罐,保湿+修护+舒缓,¥107/250g,法国,
抗皱紧致舒缓焦点面霜50g,¥365.01,雅诗兰黛多效智妍抗皱紧致舒缓焦点面霜,雅诗兰黛,多效智妍,面霜,智妍面霜,抗皱+紧致+舒缓,¥365/50g,美国,
 雅漾修红防晒保湿日霜,¥103.9,雅漾修红舒缓保湿日霜,雅漾,修红,面霜,修红霜,舒缓+修护+保湿,¥103.9/50ml,法国,
 hfp牛油果高保湿特护霜50g,¥186.81,HFP牛油果高保湿特护霜,HomeFacialPro,牛油果,面霜,牛油果面霜,保湿+修护+舒缓,¥186.81/50g,中国,
 赫莲娜活颜修护夜霜100ml 黑绷带面霜 保湿紧致晚霜 玻色因,¥3599,赫莲娜活颜修护舒缓晚霜,赫莲娜,活颜修护,面霜,黑绷带,修护+抗老+保湿,¥3599/100ml,法国,
 滋润保湿马油面霜220g,¥54.28,马油高保湿面霜,九朵云,马油,面霜,马油面霜,保湿+滋润+修护,¥54.28/220g,韩国,
 泊美胶原抗皱面霜7g,¥46.55,泊美胶原蛋白抗皱面霜,泊美,胶原蛋白,面霜,胶原面霜,抗皱+紧致+保湿,¥46.55/7g,日本,
 蒂迩肌舒润修护保湿精华霜,¥133,蒂迩肌舒润修护保湿精华霜,蒂迩肌,舒润修护,面霜,Dr.G面霜,修护+保湿+舒缓,¥133/50ml,韩国,
 韩束X肽面霜,¥113.05,韩束X肽面霜,韩束,X肽,面霜,X肽面霜,抗皱+紧致+修护,¥113.05/50ml,中国,
 【胖东来热卖】美白高保湿乳液,¥143.2,美白高保湿乳液,资生堂,新透白,乳液,透白乳,美白+保湿,¥143.2/50ml,日本,
 适乐肤神经酰胺屏障修护润肤霜85克,¥70.9,适乐肤神经酰胺屏障修护润肤霜,CeraVe,神经酰胺,面霜,C乳,修护+保湿+屏障,¥70.9/85g,美国,
 春娟黄芪古植臻萃霜40g 黄芪霜  滋养保湿 强韧屏障 紧致肌肤 ,¥143.2,春娟黄芪古植臻萃霜,春娟,古植臻萃,面霜,黄芪霜,滋养保湿+强韧屏障+紧致肌肤,¥143.2/40g,中国,
【金榜严选】保湿面霜第1名,¥144.8,保湿面霜,空,空,面霜,空,保湿,¥144.8/50ml,空,
 sakose马油面霜80g,¥39.92,Sakose马油面霜,Sakose,,面霜,马油霜,保湿+修护+滋润,¥39.92/80g,中国,
春娟黄芪臻萃霜40g滋养紧致焕亮,¥178.6,春娟黄芪臻萃滋养霜,春娟,黄芪臻萃,面霜,黄芪霜,滋养+紧致+焕亮,¥178.6/40g,中国,
 【暗黄必备】黄芪水乳套装,¥54.9,黄芪水乳套装,无,无,水乳套装,黄芪水乳,保湿+提亮,¥54.9/套,无,
 【现货速达】LA MER云绒霜礼盒,¥3340,LA MER云绒霜,LA MER,云绒,面霜,传奇面霜,修护+抗老+滋润,¥3340/60ml,美国,
 梵蜜琳抗皱紧致贵妇膏,¥290,梵蜜琳贵妇抗皱紧致膏,梵蜜琳,贵妇,面霜,贵妇膏,抗皱+紧致+滋养,¥290/40g,中国,
珀莱雅红宝石面霜50g,¥290,珀莱雅红宝石面霜,珀莱雅,红宝石,面霜,红宝石面霜,抗老+紧致+修护,¥290/50g,中国,
保湿舒缓祛痘净痘清颜霜,¥66.31,净痘清颜霜,薇诺娜,净痘系列,面霜,净痘霜,保湿+舒缓+祛痘,¥66.31/50g,中国,
 可丽金安护特润霜200g,¥231,可丽金安护特润霜,可丽金,安护,面霜,特润霜,保湿+修护+舒缓,¥231/200g,中国,
 玉兰油大红瓶面霜50g,¥72.88,玉兰油新生塑颜金纯面霜,OLAY,新生塑颜,面霜,大红瓶,抗老+紧致+保湿,¥72.88/50g,美国,
 适乐肤（CeraVe）【张凌赫同款】高保湿润肤霜454g双罐C霜干皮滋润修护面霜身体乳,¥300,适乐肤高保湿润肤霜,CeraVe,,面霜,C霜,保湿+修护+滋润,¥300/454g,美国,
珀芙研水润平衡倍护霜80g 干敏皮保湿面霜修护角质 【性价比】倍护霜80g*2,¥118.9,珀芙研水润平衡倍护霜,珀芙研,水润平衡,面霜,倍护霜,保湿+修护+舒缓,¥118.9/80g,中国,
 【超值大容量】壬二酸水杨酸100g,¥19.92,壬二酸水杨酸精华霜,The Ordinary,,精华霜,杜鹃花酸精华,祛痘+控油+去角质,¥19.92/100g,加拿大,
新功效·3D收紧肌源弹簧,¥900,新功效·3D收紧肌源弹簧,雅诗兰黛,肌源,精华,弹簧精华,紧致+抗老+提拉,¥900/30ml,美国,
 【母亲节礼物】送老婆送妈妈,¥365,,,,,母亲节礼物,,¥365,,
 祛斑美白去淡化黑色素烟酰胺凝胶,¥23,祛斑美白烟酰胺凝胶,未知,,凝胶,,美白+淡斑+提亮,¥23/支,,
丸美小金针面霜5g-轻盈版,¥211,丸美小金针次抛精华,丸美,小金针,精华,小金针,抗皱+修护+紧致,¥211/5g,中国,
丸美小金针面霜5g-轻盈版,¥7.9,丸美小金针次抛精华面霜,丸美,小金针,面霜,小金针面霜,抗皱+紧致+修护,¥7.9/5g,中国,
 【养肤不暗沉】素颜霜Top1,¥58.5,养肤不暗沉素颜霜,,,素颜霜,,提亮+养肤+遮瑕,¥58.5/瓶,,
 小灯泡素颜霜防水防汗,¥2,小灯泡素颜霜,未知,,素颜霜,,提亮+防水+防汗,¥2/未知,未知,
素秀臣氏积雪草苷软膏复颜舒缓淡化痘印坑修复霜祛痘膏保湿学生青春痘男女 2支【钜惠装】,¥8.79,素秀臣氏积雪草修复霜,素秀臣氏,,面霜,积雪草霜,修复+舒缓+祛痘,¥8.79/支,中国,
 hfp金盏花清爽保湿面霜50g,¥186.81,HFP金盏花舒缓保湿面霜,HFP,金盏花,面霜,金盏花面霜,舒缓+保湿+修护,¥186.81/50g,中国,
 【药房同款】维E乳1瓶,¥2,协和维生素E乳,协和,,乳液,维E乳,保湿+滋润+修护,¥2/100ml,中国,
 小灯泡素颜霜防水防汗,¥5.01,小灯泡素颜霜防水防汗,,,,素颜霜,,¥5.01,,
 tooldoo壬二酸20%凝胶,¥24.55,tooldoo壬二酸20%凝胶,tooldoo,,凝胶,,祛痘+控油+淡印,¥24.55/30g,中国,
 珀莱雅能量面霜 45g（丰润版）,¥489,珀莱雅能量面霜,珀莱雅,能量,面霜,能量面霜,修护+保湿+抗老,¥489/45g,中国,
 【央视力荐】377美白祛斑霜,¥37,377美白祛斑霜,城野医生,377,面霜,377霜,美白+祛斑+提亮,¥37/30g,日本,
洗护京东自营专区,¥51.9,,,,,,,,,返回数据列数不正确
玉兰油活肤抗皱菁华霜50g*2瓶,¥104.4,玉兰油活肤抗皱菁华霜,玉兰油,活肤抗皱,面霜,大红瓶,抗老+紧致+保湿,¥104.4/50g,美国,
 科颜氏紫玻A面霜50ml多重紧致,¥710,科颜氏紫玻A面霜,科颜氏,紫玻A,面霜,紫玻A面霜,抗老+紧致+修护,¥710/50ml,美国,
 【美白祛斑】老国货黄芪霜,¥37.41,黄芪美白祛斑霜,百雀羚,黄芪系列,面霜,黄芪霜,美白+祛斑+保湿,¥37.41/30g,中国,
 皮宝舒缓特润霜50g,¥179.55,皮宝舒缓特润霜,皮宝,,面霜,皮宝特润霜,舒缓+修护+保湿,¥179.55/50g,中国,
 可丽金胶卷面霜50g,¥409,可丽金胶原蛋白面霜,可丽金,胶原蛋白,面霜,胶卷面霜,修护+保湿+抗老,¥409/50g,中国,
欧莱雅花蜜面霜第三代,¥88.6,欧莱雅复颜玻尿酸水光充盈花蜜面霜,欧莱雅,复颜玻尿酸,面霜,花蜜面霜,保湿+抗皱+提亮,¥88.6/50ml,法国,
 自然堂弹嫩紧致抗皱晚安霜50g,¥221,自然堂弹嫩紧致抗皱晚安霜,自然堂,弹嫩紧致抗皱,面霜,晚安霜,紧致+抗皱+修护,¥221/50g,中国,
 修正 六胜肽抗皱保湿补水润肤面霜男女护肤 提亮肤色淡化细纹干纹50g,¥40.8,修正六胜肽抗皱保湿补水润肤面霜,修正,,面霜,六胜肽面霜,抗皱+保湿+补水,¥40.8/50g,中国,
 【胖东来热卖】大宝B5特护霜70g,¥149.9,大宝B5特护霜,大宝,B5,面霜,B5霜,修护+保湿+舒缓,¥149.9/70g,中国,
 理肤泉B5修复面霜40ml*2 双支装 舒缓泛红补水保湿晒后修护,¥125,理肤泉B5修复面霜,理肤泉,B5,面霜,B5面霜,修复+舒缓+保湿,¥125/40ml,法国,
 格丽松滋润马油面霜70g 韩国进口,¥125,格丽松马油滋润面霜,格丽松,,面霜,马油面霜,滋润+修护+保湿,¥125/70g,韩国,
 大宝抗老淡纹+修护组合,¥124.9,大宝抗皱修护精华乳+眼霜组合,大宝,,精华乳+眼霜,大宝抗老组合,抗老+淡纹+修护,¥124.9/套,中国,
 肌肤未来（SKYNFUTURE）377肌源美白祛斑面霜10g 提亮肤色淡化斑点改善暗沉面部护理,¥47.41,肌肤未来377肌源美白祛斑面霜,肌肤未来,377肌源,面霜,377面霜,美白+祛斑+提亮,¥47.41/10g,中国,
 【胖东来爆卖】抗皱紧致黄芪霜,¥39.2,抗皱紧致黄芪霜,,,面霜,黄芪霜,抗皱+紧致,¥39.2/50g,中国,
【一抹焕亮】素颜焕美珍珠膏,¥29.8,一抹焕亮素颜焕美珍珠膏,,,面霜,珍珠膏,提亮+遮瑕+保湿,¥29.8/30g,中国,
美白色斑雀斑晒斑暗沉素颜祛斑霜,¥173,美白祛斑霜,资生堂,新透白,面霜,樱花霜,美白+淡斑+提亮,¥173/50ml,日本,
相宜本草八倍补水保湿面霜,¥41.8,相宜本草八倍凝水霜,相宜本草,八倍,面霜,八倍面霜,补水+保湿,¥41.8/50g,中国,
 法兰琳卡修护酵母精华芦荟胶60g,¥71.1,法兰琳卡修护酵母精华芦荟胶,法兰琳卡,修护酵母精华,芦荟胶,酵母芦荟胶,修护+保湿+舒缓,¥71.1/60g,中国,
 水密码冰川矿泉补水霜保湿面霜50g*2化妆护肤品男女通用,¥68.31,水密码冰川矿泉补水霜,水密码,冰川矿泉,面霜,冰川霜,补水+保湿+滋润,¥68.31/50g,中国,
 欧舒丹乳木果保湿凝霜50ML,¥166.25,欧舒丹乳木果保湿凝霜,欧舒丹,乳木果,面霜,乳木果面霜,保湿+滋润+修护,¥166/50ml,法国,
 【一抹淡黄/无效退】国货黄芪霜,¥53,一抹淡黄黄芪修护霜,一抹淡黄,,面霜,黄芪霜,修护+保湿+提亮,¥53/50g,中国,
玉兰油透亮润肤面霜50g,¥53.69,玉兰油新生塑颜金纯面霜,OLAY,新生塑颜,面霜,大红瓶,抗老+提亮+保湿,¥53.69/50g,美国,
玉兰油多效修护霜美肤嫩白淡化斑点紧致护肤提亮肤色七重功效7合1补水保湿面霜改善暗沉粗糙男女通用护肤品 玉兰油多效修护霜50g,¥110,玉兰油多效修护霜,OLAY,多效修护,面霜,7合1面霜,修护+嫩白+保湿,¥110/50g,美国,
标婷维生素e乳100g面霜女男ve乳膏保湿滋润肌肤不油腻易吸收北京发货 3瓶装（按压嘴）,¥28.42,标婷维生素E乳,标婷,,面霜,VE乳,保湿+滋润,¥28.42/100g,中国,
 百雀羚男士活力轻透素颜霜50g,¥114,百雀羚男士活力轻透素颜霜,百雀羚,男士活力,素颜霜,男士素颜霜,提亮+遮瑕+控油,¥114/50g,中国,
 PMPM玫瑰神经酰胺舒缓修护精华霜25g,¥124,PMPM玫瑰神经酰胺舒缓修护精华霜,PMPM,玫瑰神经酰胺,面霜,玫瑰霜,舒缓+修护+保湿,¥124/25g,中国,
 【胖东来热销】抗皱面霜榜第1,¥73,抗皱面霜,,,面霜,,抗皱,¥73/50ml,,
身体提亮裸妆专用护肤素颜霜,¥28.41,身体提亮裸妆专用护肤素颜霜,未知,,素颜霜,素颜霜,提亮+裸妆+护肤,¥28.41/未知,未知,
 【升级版】京润珍珠素颜霜,¥62.42,【升级版】京润珍珠素颜霜,京润珍珠,升级版,素颜霜,珍珠素颜霜,提亮+遮瑕+保湿,¥62.42/50g,中国,
 植荟露神经酰胺保湿面霜男女士敏感肌护肤品干皮补水滋润修护屏障受损,¥26.55,植荟露神经酰胺保湿面霜,植荟露,,面霜,神经酰胺面霜,保湿+修护+滋润,¥26.55/50ml,中国,
100%正品紧致经典款春娟黄芪霜,¥44,春娟黄芪霜,春娟,黄芪霜,面霜,黄芪霜,保湿+紧致,¥44/30g,中国,
 熬夜光感弹润乳液面霜50g,¥147.51,熬夜光感弹润乳液面霜,OLAY,熬夜光感,面霜,熬夜霜,提亮+保湿+弹润,¥147.51/50g,美国,
补水紧致抗皱B5润肤霜250g*2罐,¥54.9,理肤泉B5多效修复霜,理肤泉,B5,面霜,B5霜,修复+舒缓+保湿,¥54.9/250g,法国,
片仔癀臻润级舒缓抗皱护肤面霜女,¥49.2,片仔癀臻润级舒缓抗皱护肤面霜,片仔癀,臻润级,面霜,片仔癀面霜,舒缓+抗皱+保湿,¥49.2/50g,中国,
 薇诺娜屏障敏感肌保湿面霜,¥137,薇诺娜舒敏保湿特护霜,薇诺娜,舒敏保湿,面霜,特护霜,修护+保湿+舒缓,¥137/50g,中国,
 【热卖】兰蔻塑颜紧致百肽霜75ml,¥1270,兰蔻塑颜紧致百肽霜,兰蔻,塑颜紧致,面霜,百肽霜,紧致+抗老+提拉,¥1270/75ml,法国,
50g一盒焦点面霜正装+大水膜1盒,¥180,焦点面霜,相宜本草,红景天,面霜,小红瓶面霜,保湿+修护,¥180/50g,中国,
春娟黄芪国粹保湿霜50g润泽维稳,¥67.15,春娟黄芪国粹保湿霜,春娟,黄芪国粹,面霜,黄芪霜,保湿+维稳,¥67.15/50g,中国,
 夸迪CT50超弹面霜40g,¥419,夸迪CT50超弹面霜,夸迪,CT50,面霜,CT50面霜,抗老+紧致+弹润,¥419/40g,中国,
 资生堂水之印五合一面霜90g,¥67.4,资生堂水之印五合一面霜,资生堂,水之印,面霜,五合一面霜,保湿+紧致+提亮,¥67.4/90g,日本,
 柔润保湿霜80g*2,¥62,柔润保湿霜80g*2,无,无,面霜,无,保湿+滋润,¥62/80g,无,
 HEXKIN赫诗琴水光霜抗皱紧致保湿,¥184,HEXKIN赫诗琴水光抗皱紧致面霜,HEXKIN赫诗琴,水光,面霜,水光霜,抗皱+紧致+保湿,¥184/50ml,中国,
 达尔肤B5+屏修霜50ml,¥190,达尔肤B5+屏修霜,达尔肤,B5+,面霜,屏修霜,修护+保湿+舒缓,¥190/50ml,中国台湾,
 润百颜胶原紧塑面霜15g,¥64.41,润百颜胶原紧塑面霜,润百颜,胶原紧塑,面霜,胶原面霜,紧致+抗皱+保湿,¥64.41/15g,中国,
 创福康特护霜(盈润型）50g,¥187.1,创福康特护霜(盈润型),创福康,特护,面霜,特护霜,修护+保湿+舒缓,¥187.1/50g,中国,
 日本抗皱紧致面霜【2瓶装】,¥93.55,资生堂悦薇珀翡塑颜抗皱霜,资生堂,悦薇珀翡,面霜,小针管,抗皱+紧致+提亮,¥480/40ml,日本,
 雅诗兰黛智妍夜胶原晚霜50ml淡纹面霜紧致护肤品套装化妆品礼盒母亲节礼物,¥980,雅诗兰黛智妍胶原晚霜,雅诗兰黛,智妍,面霜,胶原霜,抗老+紧致+淡纹,¥980/50ml,美国,
 白云山美白祛斑霜90g,¥119.8,白云山美白祛斑霜,白云山,,面霜,美白祛斑霜,美白+祛斑,¥119.8/90g,中国,
丸美紧弹修护微囊霜,¥80.05,丸美紧弹修护微囊霜,丸美,紧弹,面霜,微囊霜,紧致+修护+保湿,¥80.05/50g,中国,
美白祛斑滋润补水珍珠霜,¥11.8,珍珠霜,百雀羚,经典,面霜,珍珠霜,美白+祛斑+滋润,¥11.8/50g,中国,
欧莱雅乳液抗皱紧致乳,¥51.7,欧莱雅复颜玻尿酸水光充盈乳液,欧莱雅,复颜玻尿酸,乳液,抗皱乳,抗皱+紧致+保湿,¥51.7/50ml,法国,
 三生花自然光感素颜霜50克,¥70.98,三生花自然光感素颜霜,百雀羚,三生花,素颜霜,三生花素颜霜,提亮+遮瑕+保湿,¥70.98/50g,中国,
 日本美白祛斑面霜精华液两件套,¥84.25,日本美白祛斑面霜精华液两件套,资生堂,新透白美肌,面霜+精华,樱花美白瓶,美白+祛斑+提亮,¥84.25/套,日本,
薇诺娜银核系列  面霜精华滋养修护补水保湿抗皱紧致舒缓母亲节礼物 【新品会员派样】银核霜5g,¥47,薇诺娜银核精华霜,薇诺娜,银核,面霜,银核霜,修护+抗皱+保湿,¥47/5g,中国,
臻羞维A酸霜乳膏+维E尿素乳霜鸡皮暗沉粗糙可用改善肌肤干燥光滑润泽 2支维a酸+2支尿素维e,¥11.8,,,,,,,,,返回数据列数不正确
 【官方正品】抗皱精华面霜50g,¥37.9,抗皱精华面霜,,,面霜,,抗皱,¥37.9/50g,,
美白祛斑滋润补水珍珠霜,¥32.9,珍珠美白祛斑霜,百雀羚,珍珠,面霜,珍珠霜,美白+祛斑+滋润,¥32.9/50g,中国,
 【直播专属】提拉紧塑,¥510,提拉紧塑精华,未知,,精华,提拉紧塑,紧致+提拉+抗皱,¥510/30ml,,
滋润保湿黄芪面霜干皮30*3瓶装,¥149.4,黄芪滋润保湿面霜,未知,,面霜,黄芪面霜,保湿+滋润+修护,¥149.4/90ml,,
 【淡纹】淡纹紧致乳霜40g,¥174,欧莱雅复颜玻尿酸淡纹紧致乳霜,欧莱雅,复颜玻尿酸,面霜,紫熨斗面霜,淡纹+紧致+保湿,¥174/40g,法国,
 马齿苋特护霜,¥37.9,薇诺娜马齿苋特护霜,薇诺娜,马齿苋,面霜,特护霜,舒缓+修护+保湿,¥37.9/50g,中国,
沁润保湿女神节礼物贴贴霜30g,¥149.4,沁润保湿面霜,薇诺娜,沁润,面霜,贴贴霜,保湿+修护+舒缓,¥149.4/30g,中国,
 初高中学生保湿面霜青少年男女用,¥37.8,学生保湿面霜,,,面霜,学生面霜,保湿+补水,¥37.8/50ml,,
片仔癀皇后珍珠霜,¥14.97,片仔癀皇后珍珠霜,片仔癀,皇后珍珠,面霜,珍珠霜,美白+淡斑+滋养,¥14.97/20g,中国,
 BONPOINT小樱桃儿童高保湿面霜50ml 质地轻盈 温和舒缓 2026年2月到期,¥249.9,BONPOINT小樱桃儿童高保湿面霜,BONPOINT,小樱桃,面霜,小樱桃面霜,保湿+温和+舒缓,¥249.9/50ml,法国,
 HBN多重视黄醇晚霜高浓度超A面霜紧致抗皱修护母亲节礼物护肤,¥342.33,HBN多重视黄醇晚霜,HBN,多重,面霜,超A面霜,抗皱+紧致+修护,¥342/50ml,中国,
 馥蕾诗玫瑰保湿面霜,¥470,馥蕾诗玫瑰保湿面霜,馥蕾诗,玫瑰,面霜,玫瑰面霜,保湿+补水+舒缓,¥470/50ml,法国,
姬存希素颜霜官网方旗舰护肤品蜗牛原液焕采遮瑕提亮裸妆BB霜懒人面霜女 素颜霜50g 正品保证防伪可查,¥56.5,姬存希蜗牛原液焕采素颜霜,姬存希,蜗牛原液焕采,素颜霜,懒人面霜,遮瑕+提亮+焕采,¥56.5/50g,中国,
 形象美维生素e乳,¥17.72,形象美维生素e乳,形象美,,乳液,维E乳,保湿+滋润+修护,¥17.72/100ml,中国,
 【蜡黄脸必备】老国货嫩肤黄芪霜,¥16.8,春娟黄芪霜,春娟,黄芪霜,面霜,黄芪霜,嫩肤+保湿+祛黄,¥16.8/30g,中国,
【今日赠送】虫草灵芝贵妇膏懒人素颜霜抗皱遮瑕亮白提亮肤色 贵妇膏3瓶【粉粉嫩嫩】,¥3.69,虫草灵芝贵妇膏,未知,,面霜,贵妇膏,抗皱+遮瑕+亮白,¥3.69/瓶,,
 黄金重组胶原蛋白抗皱霜,¥27.8,可丽金黄金重组胶原蛋白抗皱霜,可丽金,黄金重组,面霜,胶原霜,抗皱+修护+紧致,¥27.8/30g,中国,
 壬二酸凝胶+水杨酸祛痘套装20g*2,¥15.4,壬二酸凝胶+水杨酸祛痘套装20g*2,The Ordinary,,精华,祛痘套装,祛痘+控油+去角质,¥15.4/40g,加拿大,
 抗皱紧致面霜 1瓶,¥4,抗皱紧致面霜,,,面霜,,抗皱+紧致,¥4/瓶,,
热销【5千+人加购】美白素颜霜,¥13.7,卡姿兰素颜霜,卡姿兰,,素颜霜,懒人霜,美白+提亮+遮瑕,¥13.7/50g,中国,
 绵羊油面霜140g*1瓶,¥3.9,绵羊油面霜,无,无,面霜,绵羊油霜,保湿+滋润,¥3.9/140g,无,
美加净银耳珍珠滋养霜120g,¥26.6,美加净银耳珍珠滋养霜,美加净,银耳珍珠,面霜,珍珠霜,滋养+保湿+提亮,¥26.6/120g,中国,
