﻿原始产品名,原始价格,产品全称,品牌,产品线,品类,昵称,功效,参考价格,品牌产地,error
瑷尔博士益生菌熬夜水乳补水保湿修护屏障修正泛红舒缓肌肤2.0,¥69,瑷尔博士益生菌熬夜水乳2.0,瑷尔博士,益生菌熬夜,水乳,熬夜水乳,修护+保湿+舒缓,¥69/套,中国,
【屈臣氏售罄王】儒意山茶花美白乳液补水光果甘草抗糖祛黄护肤品,暂无报价,儒意山茶花美白乳液,儒意,山茶花,乳液,,美白+补水+抗糖,¥暂无报价,中国,
hfp大白瓶烟酰胺美白去黄提亮改善暗沉肤色乳液补水保湿熊果苷女,¥189,HFP烟酰胺美白乳液,HFP,,乳液,大白瓶,美白+去黄+提亮,¥189/30ml,中国,
薇诺娜极润保湿乳液深层补水滋润舒缓敏感肌护肤品旗舰店官方正品,¥90,薇诺娜极润保湿乳液,薇诺娜,极润,乳液,极润乳液,保湿+舒缓+补水,¥90/50ml,中国,
半亩花田盈润舒缓神经酰胺乳液补水保湿化妆护肤品学生党男女正品,暂无报价,半亩花田神经酰胺盈润舒缓乳液,半亩花田,盈润舒缓,乳液,神经酰胺乳液,补水+保湿+舒缓,暂无报价,中国,
【送双抗水乳】珀莱雅双抗水乳液套装抗糖抗氧补水保湿护肤女送礼,暂无报价,珀莱雅双抗水乳套装,珀莱雅,双抗,水乳,双抗水乳,抗糖+抗氧+保湿,暂无报价,中国,
【官方正品】韩后山茶花精华乳抗皱紧致滋润淡化皱纹提升肌肤,¥58,韩后山茶花精华乳,韩后,山茶花,精华乳,山茶花精华,抗皱+紧致+滋润,¥58/50ml,中国,
百雀羚乳液水润长效保湿乳清爽保湿不油腻打造专属水润肌正品保障,¥57,百雀羚水润长效保湿乳,百雀羚,水润长效,乳液,水润乳,保湿+清爽+水润,¥57/100ml,中国,
瑷尔博士益生菌水乳1.0补水保湿修护屏障维稳焕亮温和不刺激正品,暂无报价,瑷尔博士益生菌水乳1.0,瑷尔博士,益生菌,水乳,益生菌水乳,补水+修护+维稳,暂无报价,中国,
薇诺娜修红舒缓安肤乳50g 敏感肌修护舒缓改善泛红调节肤色紧绷感,暂无报价,薇诺娜舒敏保湿修红霜,薇诺娜,舒敏保湿,面霜,修红霜,舒缓+修红+保湿,¥暂无报价,中国,
2.0瑷尔博士水乳益生菌水乳补水保湿舒缓修护敏感熬夜肌平衡水油,¥65,瑷尔博士益生菌水乳2.0,瑷尔博士,益生菌,水乳,益生菌水乳,补水+舒缓+修护,¥65/套,中国,
瑷尔博士益生菌熬夜水乳1.0修护保湿补水舒缓护肤油皮学生党,¥61.55,瑷尔博士益生菌熬夜水乳1.0,瑷尔博士,益生菌熬夜,水乳,熬夜水乳,修护+保湿+舒缓,¥61.55/套,中国,
【药房直售】协和维生素e乳亮肤防干裂补水熬夜去黄滋润保湿面霜,暂无报价,协和维生素E乳,协和,,面霜,维生素E乳,亮肤+保湿+滋润,¥暂无报价,中国,
377官方正品水乳套装熊果苷去黄提亮保湿抗衰老美白护肤优选推荐,¥129,377美白水乳套装,城野医生,377,水乳套装,377水乳,美白+去黄+保湿,¥129/套,日本,
协和维生素B5多效修护精华乳补水舒缓保湿面霜乳提升皮肤细腻润肤,¥43.7,协和维生素B5多效修护精华乳,协和,,精华乳,B5精华乳,修护+补水+保湿,¥43.7/50ml,中国,
薇诺娜精华乳补水保湿舒缓敏感肌可用修护屏障滋润换季正品学生女,¥106.9,薇诺娜舒敏保湿特护精华乳,薇诺娜,舒敏保湿,精华乳,特护精华乳,舒缓+修护+保湿,¥106.9/50ml,中国,
协和维生素e乳保湿补水滋润面霜乳液VE身体乳维e乳国货,暂无报价,协和维生素E乳,协和,,乳液,维E乳,保湿+滋润+修护,暂无报价,中国,
袋鼠妈妈水乳精华乳保湿乳小麦乳液补水茶树舒缓控油护肤保湿正品,暂无报价,袋鼠妈妈小麦水乳精华乳,袋鼠妈妈,小麦,乳液,小麦乳,保湿+舒缓+控油,暂无报价,中国,
植物主义牛油果乳液准妈妈面部精华乳学生用化妆品补水保湿护肤品,¥43,植物主义牛油果乳液,植物主义,牛油果,乳液,牛油果乳液,补水+保湿+温和,¥43/100ml,中国,
John Jeff维生素B5乳液(轻盈版)补水清爽保湿缓解干燥油皮姐夫,¥69,John Jeff维生素B5乳液(轻盈版),John Jeff,,乳液,姐夫B5乳液,补水+保湿+舒缓,¥69/50ml,中国,
自然堂冰肌多肽抗皱乳紧致抗皱补水淡纹官方旗舰店护肤品女,暂无报价,自然堂冰肌多肽抗皱乳,自然堂,冰肌多肽,乳液,冰肌乳,抗皱+紧致+补水,暂无报价,中国,
珀莱雅乳液正品美白淡斑祛斑祛黄提亮改善痘印暗沉护肤品化妆品女,¥78.8,珀莱雅靓白芯肌光采乳液,珀莱雅,靓白芯肌,乳液,靓白乳液,美白+淡斑+提亮,¥78.8/100ml,中国,
珀莱雅水动力乳深层补水保湿滋润清爽润泽盈润护肤品正品假一赔十,¥65,珀莱雅水动力保湿乳,珀莱雅,水动力,乳液,水动力乳,补水+保湿+清爽,¥65/100ml,中国,
郁美净鲜奶乳液面霜保湿补水国货滋润男女官方温和旗舰店正品护肤,¥79.8,郁美净鲜奶乳液面霜,郁美净,鲜奶,面霜,鲜奶霜,保湿+滋润+温和,¥79.8/110g,中国,
曼秀雷敦肌研乳液保湿补水滋润舒缓肌肤紧绷感面部女学生护肤正品,暂无报价,肌研极润保湿乳液,曼秀雷敦,极润,乳液,极润乳液,保湿+补水+舒缓,暂无报价,日本,
玉泽清痘调护平衡乳50ml补水保湿水油平衡水杨酸控油油痘肌,¥75,玉泽清痘调护平衡乳,玉泽,清痘调护,乳液,清痘乳,控油+祛痘+保湿,¥75/50ml,中国,
欧莱雅复颜抗皱乳液110ml紧致淡化细纹清爽保湿不油腻女士,¥119,欧莱雅复颜抗皱乳液,欧莱雅,复颜,乳液,抗皱乳液,抗皱+紧致+保湿,¥119/110ml,法国,
ddg511清透特护乳液补水保湿清爽维稳强韧肌肤屏障平衡水油男女,¥75.65,DDG511清透特护乳液,DDG,511,乳液,DDG511乳液,补水+保湿+维稳,¥75.65/50ml,中国,
欧诗漫珍珠白乳液120ML美白淡斑改善暗沉提亮肤色保湿收缩毛孔女,¥108,欧诗漫珍珠白净透润白乳液,欧诗漫,珍珠白,乳液,珍珠白乳液,美白+淡斑+提亮,¥108/120ml,中国,
稀物集松茸菌菇液晶乳清爽滋润保湿补水乳液官方正品护肤品学生党,¥158,稀物集松茸菌菇液晶乳,稀物集,松茸菌菇,乳液,菌菇乳,保湿+补水+修护,¥158/100ml,中国,
谷雨雪肌水乳套装美白霜减黄提亮肤色补水保湿熬夜修护肤品正品女,¥68.9,谷雨光感美白水乳套装,谷雨,光感美白,水乳套装,小奶罐,美白+提亮+保湿,¥68.9/套,中国,
瑷尔博士水乳2.0益生菌熬夜补水保湿修护屏障舒缓干混油皮学生党,¥148.94,瑷尔博士益生菌水乳2.0,瑷尔博士,益生菌,水乳,益生菌水乳,补水+修护+舒缓,¥148.94/套,中国,
[国内专柜]倩碧(CLINIQUE)黄油125ml/200ml卓越润肤乳清爽/滋润,¥159,倩碧卓越润肤乳,倩碧,卓越润肤系列,乳液,黄油,保湿+修护+舒缓,¥159/125ml,美国,
珀莱雅紧致肌密乳液护肤品紧致补水淡化保湿细纹精华抗皱官方正品,¥126,珀莱雅紧致肌密乳液,珀莱雅,紧致肌密,乳液,肌密乳液,紧致+补水+抗皱,¥126/50ml,中国,
【官方旗舰】珀莱雅密集保湿精粹乳液补水锁水滋润护肤品清爽女,¥36.1,珀莱雅密集保湿精粹乳液,珀莱雅,密集保湿,乳液,保湿乳,保湿+补水+滋润,¥36.1/50ml,中国,
百雀羚舒润补水安肤乳滋润紧致抗皱修护乳液旗舰店官网正品,¥143,百雀羚舒润补水安肤乳,百雀羚,舒润,乳液,舒润安肤乳,补水+紧致+抗皱,¥143/100ml,中国,
兰亭玻尿酸舒缓保湿乳液护肤保湿滋润水油平衡清爽补水保湿正品,¥49.9,兰亭玻尿酸舒缓保湿乳液,兰亭,,乳液,玻尿酸乳液,保湿+舒缓+水油平衡,¥49.9/瓶,中国,
HBN双A精华乳2.0视黄醇精华乳液紧致毛孔维A醇熬夜精华,¥199,HBN双A精华乳2.0视黄醇精华乳液,HBN,双A,精华乳,双A精华,抗老+紧致+焕亮,¥199/30ml,中国,
协和维生素B5多效修护乳保湿补水舒缓皮肤敏感面霜乳液100ml,¥46.8,协和维生素B5多效修护乳,协和,,乳液,B5修护乳,保湿+修护+舒缓,¥46.8/100ml,中国,
hfp低聚糖水感保湿乳液补水控油清爽滋润不油腻妆前打底水乳套装,¥189,HomeFacialPro低聚糖保湿乳液,HomeFacialPro,低聚糖,乳液,低聚糖乳液,保湿+控油+清爽,¥189/50ml,中国,
颐莲3.0面霜高保湿补水滋润舒缓修护屏障受损敏感肌嘭嘭霜pro升级,暂无报价,颐莲嘭嘭霜3.0,颐莲,嘭嘭霜,面霜,嘭嘭霜,保湿+修护+舒缓,暂无报价,中国,
老牌国货黄芪精华乳液抗皱衰老补水保湿嫩肤去黄提亮紧致淡纹大瓶,¥19.9,黄芪精华乳液,百雀羚,草本精粹,乳液,黄芪乳,抗皱+补水+提亮,¥19.9/100ml,中国,
瑷尔博士水乳益生菌水乳液补水保湿修护平衡水油熬夜修护肤品正品,¥52.8,瑷尔博士益生菌水乳,瑷尔博士,益生菌,水乳,益生菌水乳,补水+修护+平衡水油,¥52.8/套,中国,
珀莱雅乳液正品专柜保湿补水女水动力盈润乳,¥59,珀莱雅水动力盈润乳,珀莱雅,水动力,乳液,水动力乳液,保湿+补水,¥59/50ml,中国,
【节日送礼】溪木源积雪草水乳液护肤套装清爽补水保湿敏感肌可用,¥59.9,溪木源积雪草水乳套装,溪木源,积雪草,水乳套装,积雪草水乳,补水+保湿+舒缓,¥59.9/套,中国,
【送红宝石水乳】珀莱雅红宝石水乳液套装补水抗皱淡纹护肤女礼物,暂无报价,珀莱雅红宝石水乳套装,珀莱雅,红宝石,水乳,红宝石水乳,补水+抗皱+淡纹,暂无报价,中国,
颐莲嘭嘭面霜Pro补水保湿修护滋润舒缓高保湿福瑞达玻尿酸正品3.0,暂无报价,颐莲嘭嘭面霜Pro,颐莲,嘭嘭,面霜,嘭嘭面霜,补水+保湿+修护,暂无报价,中国,
【敏肌修红】薇诺娜修红舒缓安肤乳补水保湿敏感肌改善泛红修护,暂无报价,薇诺娜修红舒缓安肤乳,薇诺娜,修红舒缓,乳液,修红乳,修护+舒缓+保湿,暂无报价,中国,
CeraVe适乐肤神经酰胺屏障修护润肤乳236ml神酰C乳保湿舒缓张凌赫,¥87.79,CeraVe神经酰胺屏障修护润肤乳,CeraVe,神经酰胺,润肤乳,神酰C乳,修护+保湿+舒缓,¥87.79/236ml,美国,
玉泽皮肤屏障神经酰胺修护调理乳补水保湿修护乳液敏感肌适用,¥109,玉泽皮肤屏障修护保湿乳,玉泽,皮肤屏障修护,乳液,屏障乳,修护+保湿+舒缓,¥109/50ml,中国,
珀莱雅乳液正品专柜保湿补水女水动力盈润乳水嫩护肤正品,¥65,珀莱雅水动力盈润乳,珀莱雅,水动力,乳液,水动力乳液,保湿+补水+滋润,¥65/50ml,中国,
高姿匀净透亮乳液单瓶女士保湿补水提亮肤色面霜护肤品女官方正品,暂无报价,高姿匀净透亮乳液,高姿,匀净透亮,乳液,高姿乳液,保湿+提亮+补水,暂无报价,中国,
百雀羚乳液草本系列水润深层保湿乳草本精粹深层补水清爽保湿女士,¥48.73,百雀羚水润深层保湿乳,百雀羚,草本精粹,乳液,草本保湿乳,补水+保湿+清爽,¥48.73/100ml,中国,
法国极光水乳液抗皱紧致衰老补水保湿滋润提亮男女士清爽型正品,¥138,极光净澈水乳套装,兰蔻,极光,水乳套装,极光水乳,抗皱+补水+提亮,¥138/50ml,法国,
馥珮馥佩水感美肌乳液保湿补水滋润春夏季油皮学生男女擦脸护肤品,暂无报价,馥珮水感美肌乳液,馥珮,,乳液,水感乳液,保湿+补水+滋润,暂无报价,中国,
植物主义准孕妇乳液化妆品天然纯补水保湿滋润学生可用护肤品,¥43,植物主义准孕妇乳液,植物主义,准孕妇,乳液,孕妇乳液,补水+保湿+滋润,¥43/100ml,中国,
瑷尔博士水乳2.0益生菌水乳清爽滋润补水保湿舒缓修护平衡水油,¥65,瑷尔博士益生菌水乳2.0,瑷尔博士,益生菌,水乳,益生菌水乳,补水+保湿+修护,¥65/套,中国,
百雀羚乳液 草本系列水润深层保湿乳草本精粹深层补水清爽保湿女,¥53,百雀羚草本精粹水润保湿乳,百雀羚,草本精粹,乳液,草本乳液,保湿+补水+清爽,¥53/100ml,中国,
药房同款I正品维生素E乳滋润补水保湿面霜身体乳护手霜紧致皮肤,¥48.9,维生素E乳,标婷,,面霜,VE乳,滋润+保湿+紧致,¥48.9/100ml,中国,
瑷尔博士水乳益生菌修护水乳清爽补水保湿滋润油皮干皮学生党,暂无报价,瑷尔博士益生菌修护水乳,瑷尔博士,益生菌,水乳,益生菌水乳,修护+补水+保湿,暂无报价,中国,
自然堂水润保湿柔肤乳清爽保湿深层补水乳液学生平价官方正品,¥42,自然堂水润保湿柔肤乳,自然堂,水润保湿,乳液,水乳套装,保湿+补水+清爽,¥42/100ml,中国,
日本无印水乳化妆水高保湿乳液爽肤水面部清爽滋润型男女套装补水,¥37.6,无印良品高保湿化妆水乳液套装,无印良品,高保湿,水乳套装,无印水乳,保湿+补水+清爽,¥37.6/套,日本,
【刮码】溪木源水乳山茶花舒敏修护精华乳舒缓敏感肌褪红保湿正品,¥49.9,溪木源山茶花舒敏修护精华乳,溪木源,山茶花,精华乳,山茶花精华乳,舒敏+修护+保湿,¥49.9/50ml,中国,
大宝维他命B5保湿舒缓修护乳95ml男女生学生保湿滋润肌肤修护乳液,暂无报价,大宝维他命B5保湿舒缓修护乳,大宝,,乳液,B5修护乳,保湿+舒缓+修护,暂无报价,中国,
美容院神经酰胺润肤乳二裂酵母舒护滋润干燥积雪草玻尿酸保湿乳液,¥39,美容院神经酰胺润肤乳,美容院,,润肤乳,,保湿+滋润+修护,¥39/50ml,中国,
珀莱雅乳液紧致抗皱补水保湿舒缓修护敏感肌肤水乳护肤品正品男女,¥285.1,珀莱雅弹润透亮青春精华乳,珀莱雅,弹润透亮青春,乳液,弹润乳,紧致+抗皱+补水,¥285.1/50ml,中国,
自然堂冰肌修护保湿乳液补水舒缓屏障修护持久保湿,暂无报价,自然堂冰肌水修护保湿乳液,自然堂,冰肌水,乳液,冰肌水乳液,保湿+修护+舒缓,暂无报价,中国,
孔凤春马齿苋嫩肤乳液保湿补水女学生春夏娇嫩肌舒缓肌肤清透滋养,暂无报价,孔凤春马齿苋嫩肤保湿乳液,孔凤春,马齿苋,乳液,马齿苋乳液,保湿+舒缓+滋养,暂无报价,中国,
【官方正品】维生素C水乳套装熬夜去黄提亮修护补水保湿抗氧抗糖,暂无报价,维生素C水乳套装,空,空,水乳套装,VC水乳,提亮+抗氧+保湿,暂无报价,空,
韩束红蛮腰多肽胶原弹嫩柔肤乳100ml抗皱紧致补水保湿护肤正品,¥34.9,韩束红蛮腰多肽胶原弹嫩柔肤乳,韩束,红蛮腰,乳液,红蛮腰乳液,抗皱+紧致+保湿,¥34.9/100ml,中国,
丁家宜美白水乳套装祛斑祛黄提亮肤色修护补水保湿乳液护肤礼盒装,¥78.8,丁家宜美白水乳套装,丁家宜,美白,水乳套装,美白水乳,美白+祛斑+保湿,¥78.8/套,中国,
溪木源山茶花舒敏精华乳褪红修护屏障保湿舒缓肌肤护肤品女正品,¥46.9,溪木源山茶花舒敏修护精华乳,溪木源,山茶花,精华乳,山茶花精华,舒敏+修护+保湿,¥46.9/30ml,中国,
珀莱雅水动力乳液深层补水保湿透润锁水润泽提亮控油清爽不紧绷,¥59,珀莱雅水动力保湿乳液,珀莱雅,水动力,乳液,水动力乳液,补水+保湿+控油,¥59/100ml,中国,
瑷尔博士水乳2.0益生菌修护水乳补水保湿滋润换季熬夜学生党正品,¥65,瑷尔博士益生菌修护水乳2.0,瑷尔博士,益生菌修护,水乳,益生菌水乳,修护+补水+保湿,¥65/套,中国,
珀莱雅水漾肌密清润乳液补水保湿舒缓清爽温和护肤品旗舰店正品,¥108,珀莱雅水漾肌密清润乳液,珀莱雅,水漾肌密,乳液,水漾乳液,补水+保湿+舒缓,¥108/120ml,中国,
韩束红蛮腰多肽胶原弹嫩柔肤乳100ml补水保湿抗初紧致抗皱正品,¥59,韩束红蛮腰多肽胶原弹嫩柔肤乳,韩束,红蛮腰,乳液,红蛮腰乳液,补水+保湿+抗初老,¥59/100ml,中国,
珀莱雅乳液水漾肌密清润乳120ml水润保湿补水乳护肤品套装正品,¥103,珀莱雅水漾肌密清润乳,珀莱雅,水漾肌密,乳液,水漾乳,保湿+补水+滋润,¥103/120ml,中国,
植物主义水乳学生党熬夜肌肤提亮爽肤水乳液补水保湿护肤品夏季,暂无报价,植物主义水乳套装,植物主义,,水乳套装,学生党水乳,补水+保湿+提亮,暂无报价,中国,
老牌国货燕麦水乳套装熬夜去黄提亮抗氧抗衰老抗皱乳液控油敏感肌,¥29.9,燕麦水乳套装,百雀羚,草本精萃,水乳套装,燕麦水乳,去黄+抗氧+控油,¥29.9/套,中国,
真丽斯平衡修护倍润乳干皮补水保湿舒缓滋润不黏腻保湿乳学生党,¥89,真丽斯平衡修护倍润乳,真丽斯,平衡修护,乳液,倍润乳,补水+保湿+舒缓,¥89/50ml,中国,
山茶花提亮肤色水乳套装补水爽肤水乳液面霜洗面奶抗氧化去黄,¥23.9,山茶花润泽水乳套装,香奈儿,山茶花,水乳套装,山茶花水乳,保湿+提亮+抗氧化,¥23.9/套,法国,
植物主义牛油果保湿乳护肤品持久温和保湿乳液女学生可用正品旗舰,¥43,植物主义牛油果保湿乳,植物主义,牛油果,乳液,牛油果乳,保湿+温和,¥43/100ml,中国,
法兰琳卡烟酰胺透润紧致乳液补水保湿紧致提亮肤色男女正品护肤乳,暂无报价,法兰琳卡烟酰胺透润紧致乳液,法兰琳卡,烟酰胺透润,乳液,烟酰胺乳液,补水+紧致+提亮,暂无报价,中国,
百雀羚乳液多效紧致赋颜精华乳补水保湿紧致抗皱护肤品官方旗舰店,暂无报价,百雀羚多效紧致赋颜精华乳,百雀羚,多效紧致赋颜,精华乳,赋颜精华乳,紧致+抗皱+保湿,暂无报价,中国,
百雀羚三生花舒缓安肤乳液温和补水保湿滋润修护敏感肌可用正品,¥36.9,百雀羚三生花舒缓安肤乳液,百雀羚,三生花,乳液,三生花乳液,舒缓+补水+修护,¥36.9/100ml,中国,
珀莱雅紧致抗皱乳液补水保湿水润淡化细纹提拉紧致抗皱护肤品男女,¥91.8,珀莱雅紧致抗皱乳液,珀莱雅,紧致抗皱,乳液,抗皱乳液,紧致+抗皱+保湿,¥91.8/50ml,中国,
康雪维生素C熬夜精华水乳套装去黄提亮补水保湿收缩毛孔抗氧抗糖,¥33.92,康雪维生素C熬夜精华水,康雪,维生素C,精华水,熬夜精华水,去黄+提亮+抗氧,¥33.92/瓶,中国,
小红书推荐山茶花水乳套装敏感肌补水保湿滋润舒缓修护肤品学生女,¥35.8,山茶花水润保湿水乳套装,无,无,水乳套装,山茶花水乳,补水+保湿+舒缓,¥35.8/套,无,
【618抢】珀莱雅源力精华乳液2.0补水保湿维稳抗皱修护舒缓泛红,¥268,珀莱雅源力修护精华液2.0,珀莱雅,源力,精华,源力精华,修护+抗皱+保湿,¥268/30ml,中国,
【官方】大白罐B5维生素保湿霜补水保湿面霜防干裂全身润肤二合一,¥36,Cerave保湿修护霜,Cerave,,面霜,大白罐,保湿+修护+舒缓,¥36/50ml,美国,
老牌京卫本草玻尿酸乳液保湿补水面霜秋冬季清爽滋润护肤国货正品,¥37.97,京卫本草玻尿酸保湿乳,京卫本草,,面霜,玻尿酸面霜,保湿+补水+滋润,¥37.97/瓶,中国,
Embryolisse旗舰店妆前乳隔离补水保湿隐形毛孔法国宝大深蓝浅蓝,¥68,Embryolisse保湿妆前乳,Embryolisse,无,妆前乳,法国大宝,保湿+隐形毛孔+隔离,¥68/75ml,法国,
安安金纯芦荟深层补水乳液保湿滋润提拉紧致护肤品化妆品官网正品,¥33.9,安安金纯芦荟深层补水乳液,安安金纯,金纯,乳液,芦荟乳液,补水+保湿+滋润,¥33.9/100ml,中国,
【买1套送1套量】珀莱雅源力精华乳液修护屏障抗皱补水保湿护肤女,暂无报价,珀莱雅源力修护精华,珀莱雅,源力,精华,源力精华,修护+抗皱+保湿,暂无报价,中国,
精华乳胶原多肽弹嫩亮肤保湿提拉紧致淡纹改善干燥粗糙护肤乳液女,¥79,胶原多肽精华乳,未知,,精华乳,胶原乳,保湿+紧致+淡纹,¥79/30ml,,
【官方旗舰】百雀羚草本精萃水润长效保湿乳舒缓滋润乳液护肤品女,暂无报价,百雀羚草本精萃水润长效保湿乳,百雀羚,草本精萃,乳液,草本保湿乳,保湿+舒缓+滋润,暂无报价,中国,
百雀羚肌初赋活焕颜乳淡纹紧致抗初老补水保湿抗皱乳液官方正品,¥89.8,百雀羚肌初赋活抗皱乳液,百雀羚,肌初赋活,乳液,肌初赋活乳液,抗皱+紧致+保湿,¥89.8/100ml,中国,
珀莱雅水动力盈润乳液补水保湿清爽温和水润护肤品化妆品官方正品,¥79.9,珀莱雅水动力盈润乳液,珀莱雅,水动力,乳液,水动力乳液,补水+保湿+清爽,¥79.9/100ml,中国,
官方正品玻尿酸保湿乳液补水保湿滋润提亮肤色不油腻面部护肤,¥49.9,玻尿酸保湿乳液,无,无,乳液,玻尿酸乳液,保湿+补水+提亮,¥49.9/无,无,
精油乳液善草纪茉莉乳液保湿补水清爽舒润经典款古韵清香护肤清新,¥73.3,善草纪茉莉透润保湿乳液,善草纪,茉莉透润,乳液,茉莉乳液,保湿+补水+清爽,¥73.3/100ml,中国,
半亩花田神经酰胺乳液补水保湿滋润修护化妆护肤品学生党男女正品,¥35.9,半亩花田神经酰胺修护乳液,半亩花田,神经酰胺,乳液,神经酰胺乳液,补水+保湿+修护,¥35.9/100ml,中国,
VOODOO维生素大白B5保湿滋润面霜干裂全身持久留香身体润肤身体乳,¥24.9,VOODOO维生素大白B5保湿滋润面霜,VOODOO,维生素大白B5,面霜,大白面霜,保湿+滋润+修护,¥24.9/50ml,中国,
维生素B5保湿乳液舒缓肌肤持久锁住水润美白|孕妇可用,¥39,理肤泉B5多效修复乳,理肤泉,B5,乳液,B5修复乳,修复+保湿+舒缓,¥39/40ml,法国,
【旗舰店】兰亭玻尿酸舒缓保湿乳液高效保湿混皮控油补水舒缓护肤,¥49.9,兰亭玻尿酸舒缓保湿乳液,兰亭,,乳液,玻尿酸乳液,保湿+舒缓+控油,¥49.9/50ml,中国,
377美白保湿乳液精华乳补水保湿去黄提亮抗氧化祛斑烟酰胺素颜乳,¥39.9,城野医生377美白精华,城野医生,377,精华,377精华,美白+抗氧化+淡斑,¥39.9/18g,日本,
珀莱雅水动力盈润乳100ml补水保湿乳液护肤化妆品官方旗舰店正品,¥63.9,珀莱雅水动力盈润乳,珀莱雅,水动力,乳液,水乳,补水+保湿+滋润,¥63.9/100ml,中国,
积雪草保湿乳液小分子灌肤女补水美容院专用面部做脸护肤品大容量,¥29,积雪草保湿乳液,无,无,乳液,无,保湿+修护+补水,¥29/无,无,
精心硅VE乳 200g 北京精心硅ve乳正品保湿滋润滋养硅e乳男女通用,¥38.8,精心硅E乳,精心,,乳液,硅E乳,保湿+滋润,¥38.8/200g,中国,
RNW水乳套装B5玻尿酸深层补水保湿护肤品泛醇旗舰店乳液爽肤水,暂无报价,RNW B5玻尿酸水乳套装,RNW,B5,水乳套装,B5水乳,补水+保湿+修护,暂无报价,韩国,
植物主义雪耳酵活准孕妇乳液甘草化妆品纯补水保湿滋润紧致护肤品,¥39,植物主义雪耳酵活准孕妇乳液,植物主义,雪耳酵活,乳液,雪耳乳液,补水+保湿+滋润,¥39/100ml,中国,
积雪草水乳爽肤水乳液温和补水保湿提亮熬夜修护控油收缩毛孔正品,¥28.8,积雪草修护水乳套装,Dr.Jart+,Cicapair,水乳套装,积雪草水乳,修护+保湿+控油,¥28.8/套,韩国,
百雀羚水乳长效保湿润泽肌肤清爽补水春夏乳液滋润保湿滋润乳男女,¥55.4,百雀羚水能量焕耀保湿乳,百雀羚,水能量,乳液,水能量乳液,保湿+补水+滋润,¥55.4/100ml,中国,
自然之名酵母植萃卓能透润精华乳100ml透亮嫩肤保湿学生女正品,¥89,自然之名酵母植萃卓能透润精华乳,自然之名,酵母植萃,精华乳,酵母精华,透亮+嫩肤+保湿,¥89/100ml,中国,
华美科焕亮水乳补水保湿烟酰胺去暗黄提亮改善暗沉淡色沉熬夜修护,¥68,华熙生物润百颜焕亮水乳套装,华熙生物,润百颜,水乳,焕亮水乳,提亮+保湿+修护,¥68/套,中国,
北大研发OHBT玻色因熊果苷精华水乳套装抗氧抗糖淡纹紧致美白补水,暂无报价,北大研发OHBT玻色因熊果苷精华水乳套装,北大研发,OHBT,水乳套装,玻色因水乳,抗氧+抗糖+美白,暂无报价,中国,
蓝胖子维生素B5水乳套装补水保湿抗氧去黄舒缓泛红修护提拉紧致女,¥39.9,蓝胖子维生素B5水乳套装,蓝胖子,,水乳套装,蓝胖子水乳,补水+舒缓+修护,¥39.9/套,中国,
泰国乳液ATREUS水嫩凝肌补水保湿补水清爽提亮乳液精华三合一嫩肤,暂无报价,ATREUS水嫩凝肌乳液,ATREUS,水嫩凝肌,乳液,三合一乳液,补水+保湿+提亮,暂无报价,泰国,
【药房同款】维生素E乳修复保湿补水面霜护手霜身体乳维生素e乳,¥48.8,维生素E乳,标婷,无,乳液,VE乳,保湿+修复+滋润,¥48.8/100ml,中国,
【屈臣氏优选】儒意白松露抗皱水乳抗氧化初老补水保湿紧致淡纹女,¥42.8,儒意白松露抗皱水乳,儒意,白松露,水乳,白松露水乳,抗皱+抗氧化+保湿,¥42.8/套,中国,
自然堂雪域精粹纯粹滋润乳液补水保湿滋润舒缓女学生护肤正品,暂无报价,自然堂雪域精粹纯粹滋润乳液,自然堂,雪域精粹,乳液,雪域乳液,补水+保湿+舒缓,暂无报价,中国,
袋鼠妈妈青少年护肤套装学生保湿乳补水控油9-18岁青少年润肤乳,¥89,袋鼠妈妈青少年护肤套装,袋鼠妈妈,青少年护肤,护肤套装,学生保湿套装,保湿+控油+补水,¥89/套,中国,
谷雨雪肌水乳套装美白霜提亮肤色补水保湿修护去黄熬夜护肤品正品,¥68.9,谷雨光感美白修护霜,谷雨,光感,面霜,小奶罐,美白+提亮+修护,¥68.9/50g,中国,
花谷果灵芝舒缓湿敷水乳爽肤补水精华保湿修护春夏护肤女学生推荐,¥89.9,花谷果灵芝舒缓湿敷水,花谷果,灵芝舒缓,爽肤水,灵芝水,舒缓+补水+修护,¥89.9/150ml,中国,
谷雨光感水乳两套装美白霜补水保湿提亮肤色修护滋润护肤品正品女,¥97.9,谷雨光感水乳套装,谷雨,光感,水乳套装,光感水乳,美白+补水+提亮,¥97.9/套,中国,
【母亲节礼物】红宝石乳液套装抗皱淡纹紧致肌肤正装化妆品礼盒,¥139,红宝石乳液套装,珀莱雅,红宝石,乳液,红宝石乳液,抗皱+淡纹+紧致,¥139/50ml,中国,
欧诗漫珍珠营养美肤水乳套装补水保湿亮肤美白淡斑护肤提亮正品女,¥79.9,欧诗漫珍珠白水乳套装,欧诗漫,珍珠白,水乳套装,珍珠水乳,补水+美白+淡斑,¥79.9/套,中国,
【经典国货】玻尿酸维e高保湿乳滋润补水保湿美白提亮全身护肤乳,¥39.9,玻尿酸维E高保湿乳,百雀羚,经典国货,乳液,维E乳,保湿+滋润+美白,¥39.9/100ml,中国,
珀莱雅紧致抗皱乳液补水保湿淡化细纹控油提亮水乳护肤品正品男女,¥99.1,珀莱雅弹润透亮青春乳液,珀莱雅,弹润透亮青春,乳液,青春乳液,紧致+抗皱+保湿,¥99.1/50ml,中国,
【新品上市】自然堂雪域修护保湿乳修护屏障舒缓控油乳液,¥99,自然堂雪域精粹滋润保湿乳,自然堂,雪域精粹,乳液,雪域乳液,修护+保湿+控油,¥99/50ml,中国,
珀莱雅紧致肌密乳液抗皱提拉紧致补水润养保湿淡化细纹官方正品,¥68,珀莱雅紧致肌密乳液,珀莱雅,紧致肌密,乳液,紧致肌密乳液,紧致+抗皱+保湿,¥68/50ml,中国,
【官方旗舰】珀莱雅焕润保湿水乳套装补水淡纹修护紧致护肤女送礼,暂无报价,珀莱雅焕润保湿水乳套装,珀莱雅,焕润,水乳套装,焕润水乳,保湿+淡纹+修护,暂无报价,中国,
【母亲节礼物】珀莱雅紧致肌密水乳套装妈妈抗皱淡纹补水保湿护肤,暂无报价,珀莱雅紧致肌密水乳套装,珀莱雅,紧致肌密,水乳套装,妈妈水乳,抗皱+淡纹+保湿,暂无报价,中国,
欧莱雅乳液复颜视黄醇保湿乳液补水锁水紧致抗皱淡化细纹女110ml,¥119,欧莱雅复颜玻尿酸水光充盈乳液,欧莱雅,复颜,乳液,视黄醇乳液,保湿+抗皱+紧致,¥119/110ml,法国,
维生素e透亮紧致焕颜乳滋润保湿清爽润肤不油腻面部护肤旅行便携,¥19.9,维生素E透亮紧致焕颜乳,美加净,透亮紧致,乳液,维E乳,保湿+提亮+紧致,¥19.9/50ml,中国,
薇诺娜乳液修红舒缓安肤乳改善泛红调节肤色紧绷感修护舒缓敏感肌,暂无报价,薇诺娜舒敏保湿修红霜,薇诺娜,舒敏保湿,面霜,修红霜,舒缓+修护+保湿,暂无报价,中国,
玉泽皮肤屏障修护调理乳50ml 国货润肤护肤补水保湿乳液敏肌适用,¥95,玉泽皮肤屏障修护调理乳,玉泽,皮肤屏障修护,乳液,屏障乳,修护+保湿+舒缓,¥95/50ml,中国,
Clinique/倩碧黄油无油/有油乳液面霜补水保湿控油干皮维稳正品,¥118,倩碧卓越润肤乳（无油版）,倩碧,卓越润肤乳,乳液,黄油,保湿+控油+维稳,¥118/125ml,美国,
【新品擀面杖】大宝早C晚A护肤套组维他命A醇60ml+VC焕白乳50ml,¥154.9,大宝早C晚A护肤套组,大宝,早C晚A,护肤套组,早C晚A套组,焕白+抗老+修护,¥154.9/110ml,中国,
林清轩双抗乳液抗糖抗氧化提亮肤色保湿滋润紧致肌肤女护肤,¥70,林清轩双抗乳液,林清轩,双抗,乳液,双抗乳液,抗糖+抗氧化+保湿,¥70/30ml,中国,
丝塔芙牛油果保湿身体乳润肤乳滋润修护肌肤敏感肌适用,¥49,丝塔芙牛油果保湿身体乳,丝塔芙,牛油果,身体乳,牛油果身体乳,保湿+修护+舒缓,¥49/250ml,法国,
泊本姜黄素控油舒缓精华乳80g 温和祛痘去闭口乳液护肤品敏感肌,¥64.9,泊本6D玻尿酸姜黄素精华乳,泊本,6D玻尿酸,精华乳,姜黄素精华,控油+舒缓+祛痘,¥64.9/80g,中国,
珀莱雅海洋活能密集保湿乳补水保湿滋润不腻学生护肤品国货正品,¥29.8,珀莱雅海洋活能密集保湿乳,珀莱雅,海洋活能,乳液,海洋保湿乳,保湿+滋润,¥29.8/50ml,中国,
欧诗漫珍珠白乳乳液保湿补水美白祛斑淡斑祛黄提亮护肤品官方正品,¥109,欧诗漫珍珠白净透润白乳,欧诗漫,珍珠白,乳液,小白灯,美白+保湿+祛斑,¥109/120ml,中国,
屈臣氏正品S.A卓沿白金舒润保湿修护乳液50ml 补水保湿舒缓敏感肌,¥67,卓沿白金舒润保湿修护乳液,卓沿,白金舒润,乳液,白金乳液,保湿+修护+舒缓,¥67/50ml,中国,
【官方旗舰】百雀羚水清漾保湿精华乳100ml补水保湿舒缓滋润乳液,暂无报价,百雀羚水清漾保湿精华乳,百雀羚,水清漾,乳液,水漾乳,保湿+舒缓+滋润,¥暂无报价,中国,
珀莱雅水动力系列盈润乳补水保湿深层长效清爽滋润官方正品化妆品,¥65,珀莱雅水动力盈润乳,珀莱雅,水动力,乳液,水动力乳液,补水+保湿+滋润,¥65/100ml,中国,
美容院灌肤乳液专用孕妇可用面部乳液大瓶面霜补水滋润身体乳女士,¥26,美容院灌肤乳液专用孕妇可用面部乳液大瓶面霜补水滋润身体乳女士,,,,乳液,,¥26/瓶,,
植物主义准孕妇保湿乳液女补水秋冬滋润润肤乳素颜面霜懒人裸妆,¥28.2,植物主义准孕妇保湿乳液,植物主义,准孕妇,乳液,孕妇乳液,保湿+滋润+温和,¥28.2/100ml,中国,
冰溪皮肤屏障修护乳50g 舒缓不刺激清爽修护敏感肌肤水乳补水保湿,暂无报价,冰溪皮肤屏障修护乳,冰溪,皮肤屏障修护,乳液,冰溪修护乳,修护+舒缓+保湿,暂无报价,中国,
适合40-60-75岁中老年妈妈补水保湿抗皱提拉紧致胶原蛋白精华乳女,¥66.64,胶原蛋白精华乳,未知,,精华乳,胶原乳,补水+抗皱+紧致,¥66.64/未知,未知,
珀莱雅乳液正品专柜保湿乳液身体乳保湿清爽补水面部护肤品学生党,¥67.31,珀莱雅水漾肌密保湿乳液,珀莱雅,水漾肌密,乳液,,保湿+补水+清爽,¥67.31/50ml,中国,
康雪老国货熊果苷水乳套装补水保湿去黄提亮紧致淡纹抗皱护肤男女,¥29.9,康雪熊果苷水乳套装,康雪,熊果苷,水乳套装,熊果苷水乳,补水+去黄+抗皱,¥29.9/套,中国,
瑷尔博士水乳2.0益生菌平衡修护水乳补水保湿滋润清爽肤水油干皮,¥65,瑷尔博士益生菌平衡修护水乳2.0,瑷尔博士,益生菌平衡修护,水乳,益生菌水乳,补水+保湿+修护,¥65/套,中国,
欧诗漫珍珠金致焕妍紧肤乳提拉紧致补水深层保湿护肤品官方正品,¥118,欧诗漫珍珠金致焕妍紧肤乳,欧诗漫,珍珠金致,乳液,珍珠金致乳液,紧致+补水+保湿,¥118/50ml,中国,
欧诗漫美白淡斑乳液提亮肤色补水保湿祛黄水乳化妆护肤品男女,¥102.89,欧诗漫珍珠白净透润白乳,欧诗漫,珍珠白,乳液,珍珠白乳液,美白+淡斑+保湿,¥102.89/100ml,中国,
真丽斯平衡修护乳控油补水保湿夏季清爽乳液舒缓修护强韧屏障学生,¥84.5,真丽斯平衡修护乳,真丽斯,平衡修护,乳液,平衡乳,控油+补水+修护,¥84.5/100ml,中国,
博优研3A视黄醇精华乳抗皱紧致提亮VC抗自由基维a醇精华乳,¥128,博优研3A视黄醇精华乳,博优研,3A视黄醇,精华乳,3A精华,抗皱+紧致+提亮,¥128/30ml,中国,
山茶花提亮肤色水乳套装补水爽肤水乳液面霜洗面奶护肤品平价学生,¥23.9,山茶花水乳套装,无,无,水乳套装,无,补水+提亮,¥23.9/套,无,
hfp乳液大白瓶烟酰胺美白提亮改善暗沉肤色乳液补水男女保湿正品,¥179,HomeFacialPro烟酰胺美白乳液,HomeFacialPro,烟酰胺,乳液,大白瓶,美白+提亮+保湿,¥179/100ml,中国,
京卫本草透明质酸乳液补水保湿滋润面霜正品国货护肤品玻尿酸乳液,¥40.92,京卫本草透明质酸乳液,京卫本草,,乳液,玻尿酸乳液,补水+保湿+滋润,¥40.92/瓶,中国,
自然堂乳液水润保湿柔肤乳100ml补水保湿滋润焕肤学生护肤品正品,¥59.9,自然堂水润保湿柔肤乳,自然堂,水润保湿,乳液,小紫瓶,保湿+补水+焕肤,¥59.9/100ml,中国,
珀莱雅水动力乳液保湿水润补水润泽清爽护肤品官方正品假一赔十,¥65,珀莱雅水动力保湿乳液,珀莱雅,水动力,乳液,水动力乳液,保湿+补水+清爽,¥65/100ml,中国,
美加净酵米焕活保湿精华乳液舒缓滋润保湿紧致肌肤官方旗舰店正品,¥41,美加净酵米焕活保湿精华乳液,美加净,酵米焕活,乳液,酵米乳液,保湿+舒缓+紧致,¥41/100ml,中国,
保湿补水正品神经酰胺止身体痒全身干燥痒起皮脱皮四季用干性男女,¥39,神经酰胺保湿身体乳,无品牌,,身体乳,,保湿+修护+止痒,¥39/瓶,中国,
珀莱雅水动力乳液深层补水保湿滋润清爽润泽盈润护肤品官方正品,¥65,珀莱雅水动力保湿乳液,珀莱雅,水动力,乳液,水动力乳液,补水+保湿+滋润,¥65/100ml,中国,
欧诗漫珍珠白乳液滋润提亮肤色补水保湿收缩毛孔护肤品官方正品女,¥59.9,欧诗漫珍珠白柔肤水乳,欧诗漫,珍珠白,乳液,珍珠白乳液,滋润+提亮+补水,¥59.9/100ml,中国,
【官方旗舰】百雀羚水清漾保湿精华乳液100ml补水滋润清爽正品,¥72,百雀羚水清漾保湿精华乳液,百雀羚,水清漾,乳液,水清漾乳液,保湿+补水+清爽,¥72/100ml,中国,
欧诗漫乳液美白祛斑祛黄淡印提亮补水保湿舒缓肌肤水乳套装正品女,¥85,欧诗漫珍珠白净透润白乳,欧诗漫,珍珠白,乳液,珍珠白乳液,美白+祛斑+提亮,¥85/100ml,中国,
百雀羚水润长效保湿乳水润光滑深层锁水提亮肤色补水滋润官方正品,¥57,百雀羚水润长效保湿乳,百雀羚,水润长效,乳液,水润乳,保湿+补水+提亮,¥57/100ml,中国,
植物主义保湿乳液护肤品水乳补水收缩毛孔控油清爽不油腻学生,¥28,植物主义保湿乳液,植物主义,,乳液,,保湿+补水+控油,¥28/100ml,中国,
B5修复霜修护屏障舒缓肌肤修护泛红印痕滋润保湿敏感肌b5修复霜,¥36.5,理肤泉B5多效修复霜,理肤泉,B5,面霜,B5修复霜,修护+舒缓+保湿,¥36.5/40ml,法国,
虾青素抗氧化熬夜精华乳液美容院抗老抗糖去黄提亮面部暗沉补水,¥29,虾青素抗氧化熬夜精华,未知,,精华液,虾青素精华,抗氧化+提亮+抗老,¥29/30ml,,
【改善泛红】薇诺娜修红舒缓安肤乳50g 敏感肌修护屏障舒缓保湿,¥76,薇诺娜舒敏保湿修红霜,薇诺娜,舒敏保湿,面霜,修红霜,修护+舒缓+保湿,¥76/50g,中国,
美肤宝水份源保湿乳液面部补水滋润锁水清爽不粘腻易吸收正品,¥49,美肤宝水份源保湿乳液,美肤宝,水份源,乳液,水份源乳液,补水+保湿+滋润,¥49/120ml,中国,
瑷尔博士闪充反重力水乳微晶水修护紧致抗皱补水保湿舒缓敏感肌,¥109,瑷尔博士闪充反重力微晶水,瑷尔博士,闪充,爽肤水,反重力水,修护+紧致+抗皱,¥109/100ml,中国,
【药房直售】协和维生素e乳去黄亮肤补水保湿防干裂淡纹嫩白紧致,¥23.8,协和维生素E乳,协和,,乳液,维E乳,保湿+嫩白+淡纹,¥23.8/100ml,中国,
老牌国货玻尿酸维E保湿乳液补水滋润去黄提亮护肤维生素e乳液正品,¥39.9,美加净玻尿酸维E保湿乳液,美加净,,乳液,维E乳液,保湿+滋润+提亮,¥39.9/100ml,中国,
珀莱雅官方正品乳液120g补水美白祛斑提亮抑黑淡斑光感研白化妆品,¥89,珀莱雅光感研白乳液,珀莱雅,光感研白,乳液,研白乳液,美白+祛斑+提亮,¥89/120g,中国,
【官方】黄芪润肤乳嫩白去黄提亮补水保湿滋润防干裂面霜全身可用,¥19.9,黄芪润肤乳,无,无,润肤乳,黄芪霜,嫩白+去黄+保湿,¥19.9/瓶,中国,
珀莱雅水乳液动力盈润乳补水保湿滋润防干燥起皮护肤品学生版男女,¥58,珀莱雅水动力盈润乳,珀莱雅,水动力,乳液,水乳,补水+保湿+滋润,¥58/50ml,中国,
百雀羚维生素E精华乳润肤霜男女士保湿抗皱紧致乳液面霜官方正品,¥48.8,百雀羚维生素E精华乳润肤霜,百雀羚,维生素E,面霜,VE面霜,保湿+抗皱+紧致,¥48.8/50ml,中国,
【同款加量】薇诺娜乳液面霜特润保湿柔肤乳滋润保湿修护舒缓敏感,¥61.2,薇诺娜特润保湿柔肤乳,薇诺娜,特润保湿,乳液,薇诺娜特护乳,保湿+修护+舒缓,¥61.2/50ml,中国,
韩国妆前乳化妆师专用肌肤屏障舒缓乳液补水保湿抗氧抗糖提拉紧致,¥19.9,韩国妆前乳化妆师专用肌肤屏障舒缓乳液,无,无,妆前乳,无,补水+舒缓+保湿,¥19.9/50ml,韩国,
老牌黄芪保湿修护精华乳液国货紧致抗皱衰老水乳套装大瓶去黄提亮,¥19.9,黄芪保湿修护精华乳液,百雀羚,草本精粹,乳液,黄芪乳液,保湿+修护+抗老,¥19.9/100ml,中国,
胶原蛋白抗皱乳液补水保湿提拉紧致嫩白祛黄去细纹抗衰老精华乳,¥58,胶原蛋白抗皱精华乳,未知,,精华乳,胶原蛋白精华,抗皱+补水+抗衰老,¥58/30ml,,
珀莱雅乳液正品专柜保湿补水女水动力盈润乳收缩毛孔紧致肌肤,¥59,珀莱雅水动力盈润乳,珀莱雅,水动力,乳液,水动力乳液,保湿+补水+紧致,¥59/50ml,中国,
片仔癀牌清盈祛痘乳液男女控油保湿清痘乳液改善痘肌保湿舒缓控油,¥48.9,片仔癀清盈祛痘乳液,片仔癀,清盈,乳液,祛痘乳,控油+祛痘+保湿,¥48.9/50ml,中国,
水肌美保湿乳液补水锁水修护精华液滋润养改善情人节礼物女士护肤,¥66.35,水肌美保湿修护精华液,水肌美,,精华液,水肌美精华,保湿+修护+滋润,¥66.35/瓶,中国,
珀莱雅水动力盈润乳100ml补水保湿乳液护肤化妆品官方正品,¥63,珀莱雅水动力盈润乳,珀莱雅,水动力,乳液,水乳,补水+保湿,¥63/100ml,中国,
JohnJeff绿茶多酚乳液即时吸油控油抗氧化提亮肤色油皮无负担姐夫,¥71.1,JohnJeff绿茶多酚控油乳液,JohnJeff,,乳液,姐夫乳液,控油+抗氧化+提亮,¥71.1/30ml,中国,
大宝早B晚A护肤套组A醇淡纹紧致B5乳修护舒缓B5霜特润四季干油皮,¥124.9,大宝早B晚A护肤套组,大宝,早B晚A,护肤套组,早B晚A套组,淡纹+修护+舒缓,¥124.9/套,中国,
珀莱雅乳液紧致抗皱淡化细纹补水保湿乳提亮肤色中年护肤品水乳女,暂无报价,珀莱雅弹润透亮青春乳液,珀莱雅,弹润透亮青春,乳液,弹润乳,紧致+抗皱+保湿,暂无报价,中国,
【官方旗舰】可复美胶原乳重组胶原蛋白修护保湿修护乳G101,¥151.3,可复美胶原乳重组胶原蛋白修护乳,可复美,重组胶原蛋白,乳液,胶原乳,修护+保湿+抗老,¥151.3/50ml,中国,
欧诗漫珍珠白净透润白保湿凝乳美白乳液补水保湿提亮祛斑淡印,¥44.1,欧诗漫珍珠白净透润白保湿凝乳,欧诗漫,珍珠白,乳液,珍珠白乳液,美白+保湿+提亮,¥44.1/30ml,中国,
植物主义保湿乳液润肤乳海藻舒缓保湿精华清爽补水准孕妇学生可用,¥57,植物主义海藻舒缓保湿乳液,植物主义,海藻舒缓,乳液,海藻乳,保湿+舒缓+清爽,¥57/100ml,中国,
瑷尔博士水乳2.0益生菌水乳液清爽温和补水保湿熬夜修护平衡水油,¥65,瑷尔博士益生菌水乳2.0,瑷尔博士,益生菌,水乳,益生菌水乳,补水+修护+平衡水油,¥65/套,中国,
溪木源水乳山茶花精华乳舒缓保湿修护补水褪红敏感肌女化妆品护肤,¥69.21,溪木源山茶花舒缓修护精华乳,溪木源,山茶花,精华乳,山茶花精华乳,舒缓+修护+保湿,¥69.21/50ml,中国,
薇诺娜极润保湿乳液65g舒缓敏感肌可用干皮补水乳液面霜官方正品,¥114.3,薇诺娜极润保湿乳液,薇诺娜,极润,乳液,极润乳液,保湿+舒缓+补水,¥114.3/65g,中国,
维生素C熬夜精华水乳套装去黄提亮补水保湿抗糖抗氧收缩毛孔正品,¥21.9,维生素C熬夜精华水乳套装,未知,,水乳套装,,去黄+提亮+补水,¥21.9/,,
欧诗漫乳液美白淡斑祛黄提亮补水保湿清爽滋润水乳套装正品牌男女,¥69,欧诗漫珍珠白净透润白乳液,欧诗漫,珍珠白,乳液,小白灯,美白+淡斑+保湿,¥69/100ml,中国,
美容院积雪草小分子水乳大瓶灌肤保湿滋润舒肤敏干油皮补水滋润乳,¥29,积雪草舒敏保湿水乳,无,无,水乳,积雪草水乳,保湿+舒缓+修护,¥29/套,无,
珀莱雅水漾肌密乳液水润控油润泽补水保湿控油锁水护肤品官方正品,¥108,珀莱雅水漾肌密乳液,珀莱雅,水漾肌密,乳液,水漾乳液,补水+保湿+控油,¥108/100ml,中国,
欧诗漫紧致抗皱乳液淡化细纹提拉紧致滋养修护补水润肤护肤品男女,¥127,欧诗漫珍珠白紧致抗皱乳液,欧诗漫,珍珠白,乳液,珍珠乳液,紧致+抗皱+补水,¥127/120ml,中国,
【滋润】薇诺娜乳液面霜特润乳液高保湿秋冬面霜舒缓补水官方正品,¥81.9,薇诺娜特润保湿霜,薇诺娜,特润,面霜,特润霜,保湿+舒缓+修护,¥81.9/50g,中国,
德国balea芭乐雅vc精华乳液淡斑嫩白保湿乳液提亮肤色保湿VC乳液,¥22.3,德国balea芭乐雅VC精华乳液,Balea,,精华乳液,VC乳液,淡斑+嫩白+保湿,¥22.3/50ml,德国,
谷雨月见仙人掌精华乳套装补水保湿滋润干皮舒缓化妆护肤品学生女,¥48.8,谷雨仙人掌水乳套装,谷雨,仙人掌,精华乳,仙人掌水乳,补水+保湿+舒缓,¥48.8/套,中国,
珀莱雅乳液补水保湿舒缓滋润嫩肤清爽提亮肤色护肤品水乳正品男女,¥79,珀莱雅水漾肌密恒润乳,珀莱雅,水漾肌密,乳液,水漾乳液,补水+保湿+舒缓,¥79/120ml,中国,
一叶子莲花水漾保湿乳液补水亮肤植物酵素酪梨清爽控油正品女学生,¥33.9,一叶子莲花水漾保湿乳液,一叶子,莲花水漾,乳液,莲花乳,保湿+亮肤+控油,¥33.9/100ml,中国,
大宝早C晚A护肤套组维他命A醇60ml+VC焕白乳50ml淡,¥155.9,大宝早C晚A护肤套组,大宝,早C晚A,护肤套组,早C晚A套组,焕白+抗老+修护,¥155.9/110ml,中国,
林清轩二裂酵母多肽精华乳滋润保湿抗皱淡化细纹弹嫩紧致肌肤官方,暂无报价,林清轩二裂酵母多肽精华乳,林清轩,二裂酵母多肽,精华乳,山茶花精华乳,保湿+抗皱+紧致,暂无报价,中国,
可复美修复乳40gR乳液重组胶原蛋白敷料激光术后皮炎湿疹修护正品,¥115.2,可复美类人胶原蛋白敷料,可复美,类人胶原蛋白,乳液,修复乳,修复+舒缓+保湿,¥115.2/40g,中国,
【新品】ROHTO乐敦海外旗舰店日本乐敦CC乳液vc亮白保湿锁水乳女,¥59.42,乐敦CC亮白保湿乳液,乐敦,CC,乳液,CC乳液,亮白+保湿+锁水,¥59.42/50ml,日本,
华美科水乳套装护肤品补水保湿学生党祛斑美白抗皱医用护肤品正品,¥68,华美科水乳套装,华美科,,水乳套装,,补水+保湿+美白,¥68/套,中国,
韩束护肤乳液单品女清爽美白补水保湿品牌按压瓶老牌子好用正品,¥37.3,韩束红石榴鲜活水盈乳液,韩束,红石榴,乳液,红石榴乳液,美白+补水+保湿,¥37.3/100ml,中国,
精心硅VE乳200g北京协和医院保湿手霜补水面霜正品身体乳,¥38.8,精心硅VE乳,北京协和医院,,面霜,协和VE乳,保湿+补水+滋润,¥38.8/200g,中国,
有效期26.1月Dag山茶花柔肤保湿乳液修护补水水乳二合一清仓学生,¥23.68,山茶花保湿柔肤乳液,Dag,,乳液,,保湿+补水+修护,¥23.68/50ml,中国,
【官方旗舰】百雀羚恒采新颜焕颜育肤乳补水保湿紧致抗皱乳液,¥104,百雀羚恒采新颜焕颜育肤乳,百雀羚,恒采新颜,乳液,焕颜乳,补水+保湿+抗皱,¥104/100ml,中国,
进口保湿乳液脸部去黄提亮强效补水舒缓美白清爽护肤套盒专用正品,¥159,进口保湿乳液脸部去黄提亮强效补水舒缓美白清爽护肤套盒专用正品,,,,乳液,,¥159/,,
120ml水密码冰川矿泉精华乳液补水保湿滋润保湿乳霜专柜同款,¥29.9,水密码冰川矿泉精华乳液,水密码,冰川矿泉,乳液,冰川水乳,补水+保湿+滋润,¥29.9/120ml,中国,
大宝早B晚A护肤套装B5修护乳95ml+维他命A醇60ml淡,¥126.9,大宝B5修护乳+维A醇护肤套装,大宝,早B晚A,护肤套装,大宝早B晚A套装,修护+抗老+保湿,¥126.9/155ml,中国,
春娟黄芪保湿乳液100g老牌国货护肤品牛油果清爽补水缓解干燥,¥62.99,春娟黄芪保湿乳液,春娟,黄芪,乳液,黄芪乳,保湿+补水+清爽,¥62.99/100g,中国,
珀莱雅密集保湿乳液补水滋润锁水清爽不粘腻易吸收秋冬季护肤品女,¥36.9,珀莱雅密集保湿乳液,珀莱雅,密集保湿,乳液,保湿乳,保湿+补水+锁水,¥36.9/50ml,中国,
佰草集乳液干皮玲珑乳补水保湿清爽面部精华乳液护肤品化妆品秋冬,¥109,佰草集玲珑水润保湿乳液,佰草集,玲珑,乳液,玲珑乳,补水+保湿+清爽,¥109/50ml,中国,
【清仓】汇美舍玫瑰保湿精华乳面部乳液补水提亮4D玻尿酸改善干纹,¥39.1,汇美舍玫瑰保湿精华乳,汇美舍,玫瑰保湿,精华乳,4D玻尿酸精华,保湿+提亮+改善干纹,¥39.1/50ml,中国,
【官方旗舰】欧诗漫珍珠白净透润白保湿乳液深层补水美白淡斑护肤,¥109,欧诗漫珍珠白净透润白保湿乳液,欧诗漫,珍珠白,乳液,珍珠白乳液,美白+保湿+淡斑,¥109/100ml,中国,
羊胎素抗皱精华乳 高保湿补水紧致提拉嫩白祛黄去细纹抗初老乳液,¥68,羊胎素抗皱精华乳,暂无品牌信息,,精华乳,羊胎素精华,抗皱+紧致+嫩白,¥68/50ml,,
相宜本草百合高保湿润养乳补水锁水滋润乳液清爽护肤品正品,¥69,相宜本草百合高保湿润养乳,相宜本草,百合,乳液,百合乳,补水+锁水+滋润,¥69/100ml,中国,
百雀羚维他命b5修护保湿乳液补水面霜舒缓干痒泛红正品润肤乳脸部,¥34.9,百雀羚维他命B5修护保湿乳液,百雀羚,维他命B5,乳液,B5乳液,保湿+修护+舒缓,¥34.9/100ml,中国,
ddg511清透特护水乳舒缓修护屏障敏感肌混油皮保湿乳液小样正品女,¥78,DDG511清透特护水乳,DDG,511,水乳,DDG511水乳,舒缓+修护+保湿,¥78/50ml,中国,
维生素e透亮紧致焕颜乳滋润保湿清爽润肤不油腻补水弹嫩旅行便携,¥19.9,维生素E透亮紧致焕颜乳,自然堂,透亮紧致,乳液,VE乳液,保湿+紧致+透亮,¥19.9/50ml,中国,
百雀羚乳液水润长效保湿乳清爽补水保湿滋润舒缓擦脸护肤品正品女,¥36.52,百雀羚水润长效保湿乳,百雀羚,水润长效,乳液,水润乳,保湿+补水+舒缓,¥36.52/100ml,中国,
低聚糖保湿乳液清爽控油不油腻水乳补水保湿滋润护肤品面霜男女,¥28.32,低聚糖保湿乳液,无,无,乳液,无,保湿+控油+补水,¥28.32/瓶,无,
欧诗漫乳液美白淡斑补水保湿祛黄提亮温和敏感肌可用护肤品正品女,¥78.9,欧诗漫珍珠白净透润白乳液,欧诗漫,珍珠白,乳液,珍珠白乳液,美白+淡斑+补水,¥78.9/120ml,中国,
珀莱雅水动力盈润乳100ml快补水高保湿锁水清爽化妆品官方正品,¥79.1,珀莱雅水动力盈润乳,珀莱雅,水动力,乳液,水动力乳液,补水+保湿+清爽,¥79.1/100ml,中国,
珀莱雅水动力盈润乳补水保湿滋润乳液女护肤化妆品精华官方正品,¥69.9,珀莱雅水动力盈润乳,珀莱雅,水动力,乳液,水动力乳液,补水+保湿+滋润,¥69.9/100ml,中国,
谷雨白千松露控油水乳套装补水保湿改善闭口祛痘修护油皮清爽护肤,¥61.9,谷雨白千松露控油水乳套装,谷雨,白千松露,水乳套装,白千松露水乳,控油+保湿+祛痘,¥61.9/套,中国,
小黄油135g舒缓保湿精华乳液面霜深层补水保湿清爽不油腻锁水控油,¥29.45,倩碧卓越润肤乳,倩碧,卓越,乳液,小黄油,保湿+舒缓+控油,¥29.45/135g,美国,
百雀羚乳液护肤品保湿水嫩倍现精华100ml补水国货护肤学生正品,¥69,百雀羚水嫩倍现保湿精华乳,百雀羚,水嫩倍现,精华乳,水嫩精华,保湿+补水+嫩肤,¥69/100ml,中国,
珀莱雅水漾肌密乳液水润控油深层持久补水保湿清爽护肤品官方正品,¥108,珀莱雅水漾肌密乳液,珀莱雅,水漾肌密,乳液,水漾乳液,补水+控油+保湿,¥108/100ml,中国,
溪木源水乳层孔菌控油安护精华水舒缓敏感感肌补水保湿学生正品,暂无报价,溪木源层孔菌控油安护精华水,溪木源,层孔菌,精华水,层孔菌水,控油+舒缓+保湿,暂无报价,中国,
TJE多肽水乳霜三效合一120ml爆水清爽型补水保湿滋润水润舒缓乳液,¥24.4,TJE多肽水乳霜三效合一120ml,TJE,,水乳霜,,补水+保湿+舒缓,¥24.4/120ml,,
百雀羚乳液 水润长效保湿乳100ml深层补水滋润锁水女护肤品老品牌,¥39,百雀羚水润长效保湿乳,百雀羚,水润长效,乳液,水润乳,保湿+补水+锁水,¥39/100ml,中国,
珀莱雅乳液补水保湿提亮肤色清爽滋润肌肤水乳护肤品官方正品男女,¥49,珀莱雅水漾芯肌透润乳,珀莱雅,水漾芯肌,乳液,水漾乳液,补水+保湿+提亮,¥49/100ml,中国,
维生素b5保湿乳液舒缓敏感肌修复淡化红血丝保湿乳干敏皮秋冬乳液,¥19.9,理肤泉B5多效修复乳,理肤泉,B5,乳液,B5修复乳,修复+舒缓+保湿,¥19.9/40ml,法国,
【正品行货】科颜氏安白精华乳液烟酰胺焕亮减黄修护保湿,暂无报价,科颜氏安白瓶精华液,科颜氏,安白瓶,精华液,安白瓶,焕亮+减黄+修护,¥540/30ml,美国,
袋鼠妈妈小麦倍护乳液保湿乳清爽滋润补水深嫩肤清爽护肤品正品,¥89.6,袋鼠妈妈小麦倍护乳液,袋鼠妈妈,小麦倍护,乳液,小麦乳液,保湿+滋润+嫩肤,¥89.6/100ml,中国,
百雀羚乳液维他命B5舒缓修护精华乳保湿全身可用身体浴后乳,¥35.8,百雀羚维他命B5舒缓修护精华乳,百雀羚,维他命B5,精华乳,百雀羚B5乳,舒缓+修护+保湿,¥35.8/100ml,中国,
【正品行货】Kiehl‘s/科颜氏金盏花舒缓平衡乳液125ml 滋润修护,暂无报价,科颜氏金盏花舒缓平衡乳液,科颜氏,金盏花,乳液,金盏花乳液,舒缓+平衡+修护,¥/125ml,美国,
百雀羚三生花舒缓高保湿精华乳液100ml抗皱保湿舒缓敏感适用正品,¥15.8,百雀羚三生花舒缓高保湿精华乳液,百雀羚,三生花,乳液,三生花乳液,保湿+舒缓+抗皱,¥15.8/100ml,中国,
福瑞达颐莲御龄紧致臻享水乳抗皱紧致保湿亮肤色淡化细纹官方正品,暂无报价,颐莲御龄紧致臻享水乳,福瑞达,御龄,水乳,御龄水乳,抗皱+紧致+保湿,暂无报价,中国,
【保税直发】whoo后拱辰享气韵生乳液110ml滋润保湿水油平衡,暂无报价,后拱辰享气韵生乳液,Whoo,拱辰享,乳液,气韵生乳液,保湿+水油平衡+滋润,暂无报价,韩国,
【韩国原装 保税直发】Innisfree悦诗风吟绿茶精华乳液160ml,¥23.8,悦诗风吟绿茶籽精华乳液,Innisfree,绿茶籽,乳液,小绿瓶,保湿+补水+抗氧化,¥23.8/160ml,韩国,
【正品保障】珀莱雅2.0双抗乳液正装抗糖抗氧去黄提亮补水保湿女,¥75.6,珀莱雅双抗精华液2.0,珀莱雅,双抗,精华液,双抗精华,抗糖+抗氧+提亮,¥75.6/50ml,中国,
whoo后天气丹光耀焕活滋养乳中样50ml小样保湿乳液紧致 Pro版,暂无报价,后天气丹光耀焕活滋养乳,Whoo,天气丹,乳液,天气丹乳液,滋养+保湿+紧致,暂无报价,韩国,
【正品保障】珀莱雅红宝石乳液60ml补水滋润抗皱淡纹紧致饱满女,¥34.2,珀莱雅红宝石乳液,珀莱雅,红宝石,乳液,红宝石乳液,补水+抗皱+紧致,¥34.2/60ml,中国,
百雀羚乳液女蓓丽玻尿酸焕颜保湿乳120ml莹润保湿护肤品官网正品,暂无报价,百雀羚蓓丽玻尿酸焕颜保湿乳,百雀羚,蓓丽,乳液,玻尿酸保湿乳,保湿+焕颜+补水,¥暂无报价,中国,
大宝SOD蜜95ml身体乳液面霜滋润抗氧化补水保湿男女素颜护肤正品,暂无报价,大宝SOD蜜,大宝,SOD,面霜,SOD蜜,滋润+抗氧化+保湿,¥暂无报价,中国,
Dr.Alva瑷尔博士抗初老赋颜乳补水保湿乳液 注意日期介意不要拍,¥39.9,瑷尔博士抗初老赋颜乳,瑷尔博士,抗初老赋颜,乳液,,补水+保湿+抗初老,¥39.9/50ml,中国,
精华乳液保湿乳抗皱紧致补水去黄滋润提亮抗衰老水乳正品女护肤品,¥23.8,精华乳液保湿乳,,,乳液,,保湿+补水+滋润,¥23.8/50ml,,
DECORTE黛珂 牛油果天然植物乳液150ml 平衡水油收毛孔保湿舒缓,¥106,黛珂牛油果植物乳液,黛珂,牛油果,乳液,牛油果乳液,保湿+平衡水油+舒缓,¥106/150ml,日本,
精华乳液高保湿乳抗皱紧致补水滋润提亮去黄脸部水乳正品女护肤品,暂无报价,高保湿精华乳液,资生堂,悦薇,乳液,悦薇乳液,保湿+抗皱+提亮,¥480/100ml,日本,
玫瑰嫩白保湿精华乳液500ml 补水抗皱滋润亮肤美容院专用灌肤水疗,¥19.31,玫瑰嫩白保湿精华乳液,无,无,精华乳液,无,保湿+嫩白+抗皱,¥19.31/500ml,无,
无盒秀丽韩御时鎏金凝润乳液,¥65,秀丽韩御时鎏金凝润乳液,秀丽韩,御时鎏金,乳液,鎏金乳液,保湿+抗老+提亮,¥65/150ml,韩国,
BH润肤冰肌乳妆前打底补水保湿脸部持久滋润控油润肤乳官方正品女,¥42.42,BH润肤冰肌乳妆前打底补水保湿脸部持久滋润控油润肤乳官方正品女,BH,,润肤乳,,补水+保湿+控油,¥42.42/50ml,,
康婷瑞倪维儿凝水保湿乳100g补水保湿亮肤天然乳液正品化妆品,¥49,瑞倪维儿凝水保湿乳,瑞倪维儿,凝水,乳液,凝水乳,保湿+补水+亮肤,¥49/100g,中国,
玫琳凯1号滋养润肤乳液水乳套装女保湿补水面霜一号乳滋润护肤品,¥69,玫琳凯滋养润肤乳液,玫琳凯,滋养润肤,乳液,1号乳,保湿+补水+滋润,¥69/50ml,美国,
大宝SOD蜜清爽保湿凝露100ml多规格海藻精华乳液补水保湿清透面霜,暂无报价,大宝SOD蜜清爽保湿凝露,大宝,SOD蜜,面霜,大宝SOD蜜,保湿+补水+清爽,暂无报价,中国,
自然堂乳液紧致抗皱焕活乳补水保湿滋润淡化细纹化妆品女正品,¥99,自然堂凝时鲜颜肌活乳液,自然堂,凝时鲜颜,乳液,小紫瓶乳液,紧致+抗皱+保湿,¥99/100ml,中国,
孔凤春马齿苋舒缓精华乳液保湿补水女学生薄皮专用换季护肤品国货,暂无报价,孔凤春马齿苋舒缓精华乳液,孔凤春,,乳液,马齿苋乳液,舒缓+保湿+补水,暂无报价,中国,
韩束水动力焕能乳100ml 控油焕亮紧致弹润温和补水保湿乳液护肤女,暂无报价,韩束水动力焕能乳,韩束,水动力,乳液,水乳,控油+焕亮+保湿,暂无报价,中国,
片仔癀美白乳液祛斑补水保湿提亮肤色去黄去暗沉轻肌菁纯清润乳液,¥58,片仔癀美白菁纯清润乳液,片仔癀,菁纯,乳液,美白乳液,美白+祛斑+保湿,¥58/50ml,中国,
【超级爆款】珂润保湿水润乳液120ml敏感肌补水学生党男女必备,¥145,珂润润浸保湿柔和乳液,珂润,润浸,乳液,珂润乳液,保湿+舒缓+温和,¥145/120ml,日本,
自然堂乳液凝时鲜颜乳液面部保湿提拉紧致舒缓肌肤护肤品官方正品,暂无报价,自然堂凝时鲜颜肌活乳液,自然堂,凝时鲜颜,乳液,小紫瓶,保湿+紧致+舒缓,暂无报价,中国,
高姿白金乳液面霜女焕亮补水保湿滋润化妆品护肤品高姿官方旗舰店,暂无报价,高姿白金焕亮乳液面霜,高姿,白金焕亮,面霜,白金面霜,焕亮+补水+保湿,暂无报价,中国,
林清轩祛痘乳控油净痘细肤乳祛痘修护细腻毛孔修护油痘肌男女生,暂无报价,林清轩祛痘控油净痘细肤乳,林清轩,,乳液,祛痘乳,控油+祛痘+修护,暂无报价,中国,
正品康婷瑞倪维儿凝水保湿乳100克补水保湿滋润乳液化妆品基础装,¥49,康婷瑞倪维儿凝水保湿乳,康婷,瑞倪维儿,乳液,凝水保湿乳,补水+保湿+滋润,¥49/100g,中国,
黛珂DECORTE 牛油果植萃乳液150mL 保湿弹润饱满,¥107,黛珂牛油果乳液,黛珂,牛油果,乳液,牛油果乳液,保湿+弹润+饱满,¥107/150ml,日本,
欧诗漫 珍珠金致焕妍紧肤乳 金致抗皱滋润保湿补水亮肤正品女,暂无报价,欧诗漫珍珠金致焕妍紧肤乳,欧诗漫,珍珠金致,乳液,金致乳液,抗皱+保湿+亮肤,暂无报价,中国,
法兰琳卡山茶花鲜活亮润精华乳100g保湿乳液补水润肤正品包邮,暂无报价,法兰琳卡山茶花鲜活亮润精华乳,法兰琳卡,山茶花鲜活亮润,精华乳,山茶花精华乳,保湿+补水+亮肤,¥暂无报价,中国,
法兰琳卡紧致精华乳液补水保湿舒缓护肤品水乳套装女男学生乳液霜,暂无报价,法兰琳卡紧致精华乳液,法兰琳卡,紧致精华,乳液,暂无,紧致+补水+舒缓,暂无报价,中国,
珀莱雅紧致抗皱乳液补水保湿淡化细纹提亮肤色抗初老水乳护肤品女,¥79,珀莱雅弹润透亮青春精华乳,珀莱雅,弹润透亮,乳液,弹润乳,紧致+抗皱+保湿,¥79/50ml,中国,
敏肌推荐特安舒润乳液舒缓保湿补水改善敏感泛红血丝强韧屏障正品,¥67.8,理肤泉特安舒护乳,理肤泉,特安,乳液,安心乳,舒缓+保湿+修护,¥67.8/50ml,法国,
欧诗漫珍珠白乳液美白淡斑补水保湿提亮肤色滋润水乳霜套装护肤女,暂无报价,欧诗漫珍珠白净透润白乳液,欧诗漫,珍珠白,乳液,珍珠白乳液,美白+淡斑+补水,暂无报价,中国,
RNW控油精华乳面部清爽控油补水滋润舒缓肌肤精华乳液学生女正品,暂无报价,RNW控油精华乳,RNW,,精华乳,RNW精华乳,控油+补水+舒缓,¥/50ml,韩国,
欧诗漫 珍珠肌源紧致菁华乳 抗皱抗初老抗衰保湿补水提亮女正品,暂无报价,欧诗漫珍珠肌源紧致菁华乳,欧诗漫,珍珠肌源,精华乳,珍珠精华,抗皱+保湿+提亮,¥暂无报价,中国,
【母亲节礼物】珀莱雅循环水乳套装修护抗皱舒缓干敏肌保湿护肤品,暂无报价,珀莱雅循环活能水乳套装,珀莱雅,循环活能,水乳套装,循环水乳,修护+抗皱+保湿,¥暂无报价,中国,
OLAY玉兰油大红瓶乳液塑颜金纯精华乳补水保湿细滑女士护肤品,¥189,OLAY玉兰油大红瓶塑颜金纯精华乳,OLAY,大红瓶,精华乳,大红瓶精华乳,抗老+保湿+紧致,¥189/50ml,美国,
【滋润保湿】薇诺娜特润保湿柔肤乳液面霜补水修护滋润学生舒缓,暂无报价,薇诺娜特润保湿柔肤乳,薇诺娜,特润保湿,乳液,特润乳,保湿+修护+舒缓,暂无报价,中国,
【保税直发】SKII骨胶致活肤修护补水保湿护肤抗皱乳液紧致100g,暂无报价,SK-II骨胶原修护乳液,SK-II,骨胶原,乳液,骨胶原乳液,紧致+抗皱+保湿,暂无报价,日本,
雪玲妃二裂酵母水乳液面霜套装护肤品套装清爽女男补水保湿修护,暂无报价,雪玲妃二裂酵母水乳液面霜套装,雪玲妃,二裂酵母,套装,酵母套装,补水+保湿+修护,暂无报价,中国,
Elixir怡丽丝尔优悦活颜保湿乳液滋润保湿紧致抗皱美白正品,¥119.4,怡丽丝尔优悦活颜保湿乳液,怡丽丝尔,优悦活颜,乳液,小金管乳液,保湿+紧致+美白,¥119.4/35ml,日本,
瑷尔博士反重力水乳套装微晶水补水保湿滋润紧致抗皱清爽国货男女,暂无报价,瑷尔博士反重力水乳套装,瑷尔博士,反重力,水乳套装,反重力水乳,补水+抗皱+紧致,暂无报价,中国,
温碧泉八杯水嫩肤乳脸部高补水保湿清爽乳液水润保湿男女面部护肤,¥29.25,温碧泉八杯水嫩肤乳,温碧泉,八杯水,乳液,八杯水乳,补水+保湿+清爽,¥29.25/50ml,中国,
孔凤春神经酰胺乳液补水保湿滋润修护屏障泛红护肤品学生女军训,¥24.9,孔凤春神经酰胺修护乳液,孔凤春,神经酰胺,乳液,神经酰胺乳液,补水+修护+保湿,¥24.9/50ml,中国,
馥珮水嫩美肌保湿乳110ml 男女脸部补水保湿滋润护肤品乳液,暂无报价,馥珮水嫩美肌保湿乳,馥珮,水嫩美肌,乳液,保湿乳,补水+保湿+滋润,暂无报价,中国,
欧诗漫珍珠金致焕妍紧肤乳液滋润补水保湿锁水提亮肤色护肤女正品,暂无报价,欧诗漫珍珠金致焕妍紧肤乳液,欧诗漫,珍珠金致,乳液,珍珠乳液,滋润+保湿+提亮,暂无报价,中国,
维生素精华乳液烟酰胺泛醇保湿补水抗皱强韧屏障改善滋润干燥肌肤,¥74,维生素精华乳液,The Ordinary,"""""",精华液,烟酰胺精华,保湿+抗皱+修护,¥74/30ml,加拿大,
whoo后天气丹乳中样25ml*4滋养肌肤提拉紧致肌肤收缩毛孔抗氧化-W,¥73.2,后天气丹华炫滋养乳,Whoo,天气丹,乳液,天气丹乳液,滋养+紧致+抗氧化,¥73.2/100ml,韩国,
【送2套水乳】珀莱雅循环修护水乳套装养肤抗皱舒缓干敏肌护肤女,暂无报价,珀莱雅循环修护水乳套装,珀莱雅,循环修护,水乳套装,修护水乳,修护+抗皱+舒缓,暂无报价,中国,
【官方正品】玻尿酸维e乳补水保湿滋润去黄提亮改善肌肤干燥男女,¥39.9,维E玻尿酸保湿乳,无品牌,,乳液,维E乳,保湿+滋润+提亮,¥39.9/瓶,中国,
百雀羚乳液 水润长效保湿乳100ml深层补水滋润锁水女护肤品旗舰店,¥59.8,百雀羚水润长效保湿乳,百雀羚,水润长效,乳液,水润乳,保湿+补水+锁水,¥59.8/100ml,中国,
安安金纯橄榄油美白滋润保湿乳液淡斑祛斑提亮肤色补水清爽不油腻,¥45.6,安安金纯橄榄油美白乳液,安安金纯,金纯,乳液,橄榄油乳液,美白+保湿+淡斑,¥45.6/100ml,中国,
377美白精华乳淡化色斑补水保湿修护烟酰胺美白祛斑乳液,¥59.9,城野医生377美白精华乳,城野医生,377,精华乳,377精华,美白+淡斑+修护,¥59.9/18g,日本,
官方正品七子白水乳黄芪去黄提亮抗皱淡纹抗衰老熬夜保湿控油乳液,¥15.9,七子白水乳,未知,,水乳,七子白水乳,去黄+抗老+保湿,¥15.9/未知,中国,
抗氧化抗衰老燕麦水乳熬夜修护祛黄提亮抗皱纹保湿孕妇温和敏感肌,¥29.9,燕麦柔润水乳套装,The Ordinary,无,水乳,燕麦水乳,抗氧化+保湿+修护,¥29.9/50ml,加拿大,
华美科双抗精华液抗皱纹紧致抗衰老抗氧化去黄抗初老面霜水乳套装,¥54,华美科双抗精华液,华美科,双抗,精华液,双抗精华,抗皱+紧致+抗氧化,¥54/30ml,中国,
珀莱雅水动力乳液深层保湿补水长效持久水润清爽润泽护肤品套装,¥65,珀莱雅水动力保湿乳液,珀莱雅,水动力,乳液,水动力乳液,保湿+补水+清爽,¥65/100ml,中国,
进口NING399美白精华乳烟酰胺淡斑抗氧化改善暗沉提亮去黄水乳女,暂无报价,NING美白精华乳,NING,无,精华乳,无,美白+淡斑+抗氧化,暂无报价,中国,
珀莱雅赋能鲜颜细滑乳液淡化细纹干纹紧致弹润抗皱滋润乳小红瓶女,¥129,珀莱雅赋能鲜颜细滑乳液,珀莱雅,赋能鲜颜,乳液,小红瓶,抗皱+滋润+紧致,¥129/50ml,中国,
胶原蛋白精华乳液保湿乳补水嫩白控油抗皱祛黄紧致提拉抗初老,¥58,胶原蛋白保湿乳,未知,,乳液,,保湿+嫩白+抗初老,¥58/50ml,,
珀莱雅水动力乳液深层补水长效保湿持久清爽水润护肤品官方正品,¥65,珀莱雅水动力保湿乳液,珀莱雅,水动力,乳液,水动力乳液,补水+保湿+清爽,¥65/100ml,中国,
艾珂薇水乳n4乳液舒缓平乳修护敏感保湿补水平价清爽修复学生正品,¥98.1,艾珂薇N4舒缓保湿乳液,艾珂薇,N4,乳液,平乳,舒缓+保湿+修复,¥98.1/100ml,韩国,
正品玻尿酸维e乳液保湿滋润抗氧淡斑去黄提亮改善粗糙全身可用女,¥39.9,维E玻尿酸保湿乳液,未知,,乳液,维E乳液,保湿+抗氧+提亮,¥39.9/瓶,,
露得清水杨酸葡萄柚抗痘乳液118ml 温和保湿清爽修护临期,¥85,露得清水杨酸葡萄柚抗痘乳液,露得清,,乳液,葡萄柚乳液,抗痘+保湿+清爽,¥85/118ml,美国,
正品山茶花水乳套装补水保湿提亮肤色爽肤水乳液面霜学生党护肤品,¥49.9,山茶花润泽水乳套装,香奈儿,山茶花,水乳套装,山茶花水乳,补水+保湿+提亮,¥49.9/套,法国,
兰亭玻尿酸舒缓保湿乳液高效保湿清爽不油腻混皮控油补水舒缓护肤,¥49.9,兰亭玻尿酸舒缓保湿乳液,兰亭,玻尿酸,乳液,玻尿酸乳液,保湿+控油+舒缓,¥49.9/50ml,中国,
老牌国货维E玻尿酸保湿乳液补水滋润熬夜去黄提亮护肤维生素e乳液,暂无报价,老牌国货维E玻尿酸保湿乳液,老牌国货,,乳液,维E乳液,保湿+补水+提亮,暂无报价,中国,
烟酰胺精华乳液舒缓屏障泛红干燥粗糙焕亮保湿控油清爽不油腻面霜,¥69,烟酰胺精华乳液,OLAY,光感小白瓶,精华,小白瓶,焕亮+保湿+控油,¥69/30ml,美国,
珀莱雅乳液水动力深层持久补水保湿滋润锁水清爽官方正品护肤品,¥62,珀莱雅水动力保湿乳液,珀莱雅,水动力,乳液,水动力乳液,补水+保湿+清爽,¥62/50ml,中国,
自然堂雪域精粹纯粹滋润乳液120ml补水锁水紧致保湿抗氧滋润型女,¥79,自然堂雪域精粹纯粹滋润乳液,自然堂,雪域精粹,乳液,雪域乳液,补水+锁水+抗氧,¥79/120ml,中国,
老牌国货维生素E保湿乳液补水滋润提亮肤色全身舒缓肌肤男女正品,¥59.9,美加净维生素E保湿乳液,美加净,维生素E,乳液,VE乳,保湿+滋润+提亮,¥59.9/100ml,中国,
神仙乳紧致乳液高保湿乳补水嫩白抗皱祛黄紧致提拉擦脸油抗初老,¥128,,,,,,,,,返回数据列数不正确
大宝维他命C焕白淡斑精华乳面霜滋润保湿祛斑美白透光乳滋润面霜,¥69.09,大宝维他命C焕白淡斑精华乳,大宝,维他命C,面霜,VC面霜,美白+淡斑+保湿,¥69.09/50ml,中国,
珀莱雅乳液补水保湿乳清爽滋润不油腻提亮肤色水乳护肤品正品男女,¥59,珀莱雅水漾肌密保湿乳,珀莱雅,水漾肌密,乳液,水漾乳液,补水+保湿+提亮,¥59/100ml,中国,
珀莱雅紧致肌密精华乳抗皱紧致补水保湿修护淡化细纹 正品,¥46.9,珀莱雅紧致肌密精华乳,珀莱雅,紧致肌密,精华乳,肌密精华,抗皱+紧致+保湿,¥46.9/30ml,中国,
珀莱雅盈润乳液水动力长效补水保湿水润润泽透亮锁水护肤品正品,¥59,珀莱雅盈润乳液,珀莱雅,盈润,乳液,水动力乳液,补水+保湿+透亮,¥59/50ml,中国,
补水保湿正品神经酰胺止身体痒全身干燥脱皮起皮痒秋四季干性男女,¥39,神经酰胺保湿身体乳,,,身体乳,,补水+保湿+止痒,¥39/瓶,,
溪木源山茶花舒缓修护精华乳强韧屏障敏肌适用保湿滋润修红乳液女,¥80.75,溪木源山茶花舒缓修护精华乳,溪木源,山茶花,精华乳,山茶花精华乳,舒缓+修护+保湿,¥80.75/50ml,中国,
珀莱雅乳液补水保湿乳面霜清爽滋润提亮肤色学生党护肤品正品男女,¥49,珀莱雅水漾肌密保湿乳,珀莱雅,水漾肌密,乳液,水漾乳液,补水+保湿+提亮,¥49/100ml,中国,
薇诺娜极润保湿乳液深层补水修护滋润护肤舒缓敏感肌适用官方正品,¥48.6,薇诺娜极润保湿乳液,薇诺娜,极润,乳液,极润乳液,保湿+修护+舒缓,¥48.6/50ml,中国,
玉泽乳液皮肤屏障修护神经酰胺调理乳维稳敏感肌补水保湿舒缓泛红,¥44.9,玉泽皮肤屏障修护保湿乳,玉泽,皮肤屏障修护,乳液,神经酰胺调理乳,修护+保湿+舒缓,¥44.9/50ml,中国,
珀莱雅乳液美白淡斑提拉紧致舒缓补水保湿爽肤水乳护肤品正品男女,¥89,珀莱雅靓白芯肌晶采乳液,珀莱雅,靓白芯肌,乳液,靓白乳液,美白+淡斑+保湿,¥89/100ml,中国,
珀莱雅乳液补水保湿清爽滋润收缩毛孔提亮肤色水润护肤乳霜正品女,¥67.1,珀莱雅水漾肌密补水保湿乳液,珀莱雅,水漾肌密,乳液,水漾乳液,补水+保湿+清爽,¥67.1/100ml,中国,
【官方旗舰】百雀羚维他命B5修护舒缓精华乳保湿补水紧致抗皱乳液,¥30.43,百雀羚维他命B5修护舒缓精华乳,百雀羚,维他命B5,精华乳,B5精华乳,修护+舒缓+保湿,¥30.43/30ml,中国,
袋鼠妈妈保湿乳护肤品小麦补水茶树燕窝系列乳液舒缓补水控油套装,¥68.3,袋鼠妈妈小麦保湿乳,袋鼠妈妈,小麦,乳液,小麦乳,保湿+舒缓+控油,¥68.3/50ml,中国,
【保税直发】倩碧匀净卓妍润肤乳液100ml美白淡斑提亮抗氧化,暂无报价,倩碧匀净卓妍润肤乳液,倩碧,匀净卓妍,乳液,匀净乳液,美白+淡斑+抗氧化,暂无报价,美国,
Kiehl's/科颜氏高保湿乳液温和水润补水保湿舒缓润肤契尔氏水乳,¥280,科颜氏高保湿乳液,科颜氏,高保湿,乳液,高保湿乳液,保湿+补水+舒缓,¥280/125ml,美国,
院线研发酵母多肽能量乳提拉紧致抗皱滋润清爽补水保湿玻色因乳液,¥68.7,院线研发酵母多肽能量乳,院线研发,,乳液,酵母能量乳,紧致+抗皱+补水,¥68.7/50ml,中国,
瑷尔博士2.0水乳修护滋润熬夜维稳保湿补水舒缓正品护肤品套装女,¥160,瑷尔博士益生菌水乳2.0,瑷尔博士,益生菌,水乳,益生菌水乳,修护+保湿+舒缓,¥160/套,中国,
屈臣氏胶原弹润乳液100ml轻盈保湿清爽不油腻易吸收正品,¥19.9,屈臣氏胶原弹润乳液,屈臣氏,胶原弹润,乳液,胶原乳,保湿+弹润+清爽,¥19.9/100ml,中国,
【药房同售】维生素e乳保湿补水滋润面霜学生水乳润肤乳身体乳女,¥5.98,维生素E乳,标婷,,面霜,VE乳,保湿+滋润+修护,¥5.98/100ml,中国,
美肤宝精萃透白亮肤乳液120ml 提亮肤色补水保湿滋润精粹官方正品,¥36.8,美肤宝精萃透白亮肤乳液,美肤宝,精萃透白,乳液,透白乳液,提亮+补水+保湿,¥36.8/120ml,中国,
羊胎素抗皱乳液 保湿滋润补水紧致抗初老祛黄嫩白秋冬正品精华乳,¥68,羊胎素抗皱乳液,无品牌,,乳液,羊胎素乳液,抗皱+保湿+嫩白,¥68/50ml,,
欧诗漫乳液珍珠白净透丰润采凝乳补水保湿美白淡斑提亮护肤正品女,暂无报价,欧诗漫珍珠白净透丰润采凝乳,欧诗漫,珍珠白,乳液,珍珠白乳液,美白+补水+淡斑,暂无报价,中国,
梦妆益生神经酰胺屏障保湿润肤乳修护舒缓保湿去角质官网正品,¥88,梦妆益生神经酰胺屏障保湿润肤乳,梦妆,益生神经酰胺,润肤乳,神经酰胺乳,修护+舒缓+保湿,¥88/100ml,韩国,
珀莱雅乳液赠美白淡斑补水保湿提亮肤色祛黄祛斑化妆品护肤品男女,¥94.88,珀莱雅靓白芯肌晶采乳液,珀莱雅,靓白芯肌,乳液,靓白乳液,美白+补水+提亮,¥94.88/120ml,中国,
袋鼠妈妈小麦保湿乳倍护乳液清爽滋润补水保湿深舒缓护肤舒缓正品,¥108,袋鼠妈妈小麦倍护保湿乳,袋鼠妈妈,小麦倍护,乳液,,保湿+舒缓+补水,¥108/100ml,中国,
百雀羚水嫩倍现精华乳液正品补水保湿嫩肤滢润嫩滑水润化妆护肤品,暂无报价,百雀羚水嫩倍现精华乳液,百雀羚,水嫩倍现,乳液,水嫩乳液,补水+保湿+嫩肤,暂无报价,中国,
珀莱雅乳液补水保湿乳清爽滋润舒缓肌肤水润水乳护肤品品牌正品女,¥79,珀莱雅水漾肌密保湿乳,珀莱雅,水漾肌密,乳液,水漾乳液,补水+保湿+舒缓,¥79/120ml,中国,
欧诗漫平衡控油精华乳液补水保湿控油祛痘舒缓油皮清爽男女护肤品,暂无报价,欧诗漫珍珠白平衡控油精华乳,欧诗漫,珍珠白,精华乳,小白灯,控油+祛痘+舒缓,暂无报价,中国,
美容院装大瓶玻尿酸保湿水光乳液补水收敛毛孔滋润锁水水油平衡,¥40,美容院专用玻尿酸保湿乳液,无,,乳液,大瓶水光乳,保湿+补水+水油平衡,¥40/瓶,,
珀莱雅乳液补水保湿护肤品滋润肌肤水乳提亮肤色细致毛孔正品男女,¥79,珀莱雅水漾肌密恒润乳,珀莱雅,水漾肌密,乳液,水漾乳液,补水+保湿+提亮,¥79/120ml,中国,
【药房同款】维生素E乳保湿补水滋润面霜身体乳液学生水乳面霜女,暂无报价,维生素E乳,标婷,,乳液,维生素E乳,保湿+滋润+修护,¥15.8/100ml,中国,
一叶子花而生白百合美白淡斑精华乳官方正品提亮补水保湿乳液水润,¥23.6,一叶子花而生白百合美白淡斑精华乳,一叶子,花而生,精华乳,白百合精华,美白+淡斑+保湿,¥23.6/30ml,中国,
宫佩去黄提亮VC水润水乳套装补水保湿去黄提亮抗氧化熬夜肌女厂家,暂无报价,宫佩VC水润水乳套装,宫佩,,水乳套装,,去黄提亮+补水保湿+抗氧化,暂无报价,中国,
欧莱雅水乳套装女士玻尿酸水光充盈导入乳液玻色因补水护肤品,¥96,欧莱雅复颜玻尿酸水光充盈导入乳液,欧莱雅,复颜玻尿酸,乳液,水光乳,补水+玻尿酸+玻色因,¥96/50ml,法国,
美加净银耳珍珠维生素E乳100ml护肤补水保湿润肤滋润舒缓面霜乳液,¥11.9,美加净银耳珍珠维生素E乳,美加净,银耳珍珠,乳液,珍珠霜,补水+滋润+舒缓,¥11.9/100ml,中国,
薇诺娜修红舒缓安肤乳 面膜 敏感肌补水保湿改善泛红修护屏障乳霜,暂无报价,薇诺娜舒敏保湿修红霜,薇诺娜,舒敏保湿,面霜,修红霜,舒缓+修红+保湿,暂无报价,中国,
自然堂乳液雪润皙白晶采乳液美白淡斑祛斑补水保湿滋润专柜正品,¥45,自然堂雪润皙白晶采乳液,自然堂,雪润皙白,乳液,雪润乳液,美白+淡斑+保湿,¥45/100ml,中国,
COSME DECORTE 黛珂牛油果乳液150ml,¥107,黛珂牛油果乳液,黛珂,牛油果,乳液,牛油果乳液,保湿+修护+平衡,¥107/150ml,日本,
欧诗漫 珍珠粉嫩轻盈保湿乳100ml 补水滋润亮肤 专柜旗舰店正品女,暂无报价,欧诗漫珍珠粉嫩轻盈保湿乳,欧诗漫,珍珠粉嫩,乳液,珍珠保湿乳,补水+滋润+亮肤,¥暂无报价,中国,
孔凤春二裂酵母补水保湿舒缓呵护减黄焕亮女学生党护肤品水乳套装,¥15.9,孔凤春二裂酵母水乳套装,孔凤春,二裂酵母,水乳套装,学生党水乳,补水+保湿+舒缓,¥15.9/套,中国,
敏感肌专用修红改善泛红薇诺娜肤乳15g补水保湿滋润学生男女正品,¥37.8,薇诺娜舒敏保湿特护霜,薇诺娜,舒敏,面霜,小特护,修护+保湿+舒缓,¥37.8/15g,中国,
孔凤春保湿乳液舒缓控油保湿面霜干皮补水男女护肤品面部乳霜精华,¥21.8,孔凤春舒缓保湿面霜,孔凤春,,面霜,马齿苋面霜,舒缓+保湿+控油,¥21.8/50g,中国,
适乐肤C乳神经酰胺屏障补水修护润肤乳保湿身体乳液,暂无报价,适乐肤C乳神经酰胺修护保湿身体乳,适乐肤,C乳,身体乳,C乳,修护+保湿+屏障,暂无报价,美国,
林清轩 二裂酵母多肽精华水乳套装滋润保湿抗皱淡化细纹弹嫩紧致,暂无报价,林清轩二裂酵母多肽精华水乳套装,林清轩,二裂酵母多肽,水乳套装,,保湿+抗皱+紧致,暂无报价,中国,
【正品行货】适乐肤C乳神经酰胺屏障补水修护润肤乳保湿身体乳液,暂无报价,适乐肤修护保湿润肤乳,适乐肤,修护保湿,润肤乳,C乳,修护+保湿+舒缓,¥128/236ml,法国,
自然堂乳液凝时鲜颜肌活乳液紧致抗皱淡化细纹补水保湿滋润女正品,¥58.5,自然堂凝时鲜颜肌活乳液,自然堂,凝时鲜颜,乳液,小紫瓶,紧致+抗皱+保湿,¥58.5/50ml,中国,
二代欧莱雅金致臻颜花蜜奢胶原护肤大中样套装水乳液面霜提拉紧致,¥99,欧莱雅金致臻颜花蜜奢胶原护肤套装,欧莱雅,金致臻颜,护肤套装,花蜜套装,提拉+紧致+滋润,¥99/套,法国,
倩碧黄油乳液有油/无油50ml中样补水保湿控油滋润旅行装,暂无报价,倩碧卓越润肤乳（有油/无油型）,倩碧,卓越润肤系列,乳液,黄油乳液,补水+保湿+控油,暂无报价,美国,
自然堂雪域修护保湿乳修护屏障舒缓控油乳液护肤品女化妆品正品,暂无报价,自然堂雪域精粹滋润保湿乳,自然堂,雪域精粹,乳液,雪域乳液,修护+保湿+舒缓,暂无报价,中国,
377水乳套装熊果苷美白提亮去黄补水提亮补水正品抗衰老润肤护肤,¥129,377水乳套装,城野医生,377,水乳套装,377水乳,美白+提亮+补水,¥129/套,日本,
孔凤春乳液神经酰胺水乳套装护肤舒缓保湿修护乳强韧屏障修护泛红,暂无报价,孔凤春神经酰胺水乳套装,孔凤春,神经酰胺,乳液,神经酰胺水乳,舒缓+保湿+修护,暂无报价,中国,
大宝SOD蜜285ml面霜补保湿滋润护手霜擦脸霜身体乳润肤乳男女学生,暂无报价,大宝SOD蜜,大宝,SOD,面霜,SOD蜜,保湿+滋润,¥285ml,中国,
伊肤泉安肤修护保湿乳舒缓敏感肌改善泛红维稳屏障清爽乳液旗舰店,¥127.44,伊肤泉安肤修护保湿乳,伊肤泉,安肤修护,乳液,安肤乳,舒缓+修护+保湿,¥127/50ml,中国,
【全新升级】欧莱雅花蜜胶原水乳套装小蜜罐补水保湿淡纹紧致抗皱,¥63.6,欧莱雅花蜜胶原水乳套装,欧莱雅,花蜜胶原,水乳套装,小蜜罐,补水+保湿+抗皱,¥63.6/套,法国,
片仔癀牌灵芝臻颜淡纹乳100ml滋润保湿改善细纹紧致补水焕肤乳,暂无报价,片仔癀灵芝臻颜淡纹乳,片仔癀,灵芝臻颜,乳液,灵芝乳,保湿+淡纹+紧致,暂无报价,中国,
可复美修复乳R型乳重组胶原蛋白敷料皮炎湿疹术后修复乳液4支正品,暂无报价,可复美R型重组胶原蛋白修复乳,可复美,R型,乳液,胶原蛋白乳,修复+舒缓+保湿,暂无报价,中国,
高夫多效防御乳液男士补水保湿润肤擦脸旗舰店官方正品,暂无报价,高夫多效防御乳液,高夫,多效防御,乳液,高夫乳液,补水+保湿+防御,暂无报价,中国,
美肤宝臻妍乳液紧致抗皱提拉补水保湿淡化细纹老牌子官方正品女,暂无报价,美肤宝臻妍乳液,美肤宝,臻妍,乳液,臻妍乳液,紧致+抗皱+保湿,暂无报价,中国,
大宝维他命B5保湿舒缓修护乳皮肤屏障泛红补水清爽积雪草乳液,暂无报价,大宝维他命B5保湿舒缓修护乳,大宝,,乳液,B5修护乳,保湿+舒缓+修护,暂无报价,中国,
【敏感肌专研】薇诺娜乳液套特润保湿柔肤乳舒缓修护补水保湿面膜,暂无报价,,,,,,,,,返回数据列数不正确
维e烟酰胺护肤甘油保湿补水防干裂提亮肤色改善肌肤妆前乳不卡粉,¥19.9,维E烟酰胺护肤甘油,无品牌,,护肤甘油,维E甘油,保湿+提亮+妆前打底,¥19.9/瓶,,
【官方正品】欧诗漫水乳套装美白淡斑乳液面霜柔肤水补水保湿滋润,¥34.9,欧诗漫珍珠白水乳套装,欧诗漫,珍珠白,水乳套装,小白灯,美白+补水+淡斑,¥34.9/套,中国,
薇诺娜特润保湿柔肤乳两支装 深润锁水改善屏障修护舒缓敏感肌用,¥249,薇诺娜特润保湿柔肤乳,薇诺娜,特润保湿,乳液,特润乳,保湿+修护+舒缓,¥249/50ml,中国,
珀莱雅紧致抗皱水乳淡化细纹提亮肤色补水保湿乳液修护滋养护肤品,¥38.9,珀莱雅紧致抗皱水乳套装,珀莱雅,紧致抗皱,水乳,抗皱水乳,抗皱+补水+提亮,¥38.9/套,中国,
CeraVe适乐肤烟酰胺修护精华乳保湿神经酰胺乳液补水强韧屏障60ml,¥128,CeraVe烟酰胺修护精华乳,CeraVe,修护,乳液,PM乳,修护+保湿+强韧屏障,¥128/60ml,美国,
【正品行货】海蓝之谜精萃乳125ml保湿抗皱淡纹焕亮紧致 礼物礼盒,¥1282,海蓝之谜精萃乳,海蓝之谜,精萃,乳液,精萃乳,保湿+抗皱+紧致,¥1282/125ml,美国,
珀莱雅红宝石精华乳赋能鲜颜紧致抗皱紧致淡纹补水保湿滋润保湿乳,¥99,珀莱雅红宝石精华乳赋能鲜颜紧致抗皱紧致淡纹补水保湿滋润保湿乳,珀莱雅,红宝石,精华乳,红宝石精华,抗皱+紧致+保湿,¥99/30ml,中国,
【母亲节礼物】珀莱雅红宝石精华2.0淡纹紧致抗皱保湿乳液护肤品,暂无报价,珀莱雅红宝石精华2.0,珀莱雅,红宝石,精华,红宝石精华,淡纹+紧致+保湿,¥暂无报价,中国,
一叶子光透匀亮乳液美白淡斑补水保湿提亮肌肤紧致弹嫩护肤品正品,¥13.9,一叶子光透匀亮乳液,一叶子,光透匀亮,乳液,光感小白瓶,美白+淡斑+补水,¥13.9/50ml,中国,
孔凤春马齿苋舒缓嫩肤乳液补水换季保湿润养护肤品面霜学生女国货,¥25.9,孔凤春马齿苋舒缓嫩肤乳液,孔凤春,马齿苋,乳液,马齿苋乳液,舒缓+补水+保湿,¥25.9/50ml,中国,
自然堂凝时鲜颜乳液烟酰胺补水保湿紧致护肤品化妆品女保湿乳正品,暂无报价,自然堂凝时鲜颜肌活乳液,自然堂,凝时鲜颜,乳液,小紫瓶,补水+保湿+紧致,暂无报价,中国,
温碧泉安呵保湿乳液脸部补水保湿温和润肤滋润呵护改善干燥安呵乳,暂无报价,温碧泉安呵保湿乳液,温碧泉,安呵,乳液,安呵乳,保湿+补水+滋润,暂无报价,中国,
大宝早C晚B套装焕白淡斑VC乳+B5修护乳液烟酰胺美白敏感肌保湿,暂无报价,大宝早C晚B套装焕白淡斑VC乳+B5修护乳液,大宝,早C晚B,乳液套装,大宝早C晚A,美白+修护+保湿,暂无报价,中国,
菲诗小铺金盏花清润水乳保湿护肤礼盒套装正品,暂无报价,菲诗小铺金盏花清润水乳保湿护肤礼盒套装,菲诗小铺,金盏花,水乳套装,金盏花水乳,保湿+舒缓+修护,暂无报价,韩国,
韩束红蛮腰2.0水乳套装紧致抗皱补水保湿多肽胶原环六肽护肤品,暂无报价,韩束红蛮腰2.0水乳套装,韩束,红蛮腰,水乳套装,红蛮腰水乳,紧致+抗皱+补水,暂无报价,中国,
自然堂乳液凝时鲜颜肌活乳液120ml补水保湿紧致滋润抗皱淡化细纹,¥58.5,自然堂凝时鲜颜肌活乳液,自然堂,凝时鲜颜,乳液,小紫瓶,补水+保湿+抗皱,¥58.5/120ml,中国,
【有效期1年26年5月左右】RNW水乳洁面深层清洁补水精华水乳液,¥59.9,RNW水乳洁面套装,RNW,,洁面+水乳,RNW水乳,清洁+补水,¥59.9/套,韩国,
【钜惠来袭】馥兰子保湿滋润水润乳液增强肌肤屏障呵护润泽肌肤,暂无报价,馥兰子水润保湿乳液,馥兰子,,乳液,水润乳,保湿+滋润+增强屏障,暂无报价,中国,
Sulwhasoo雪花秀滋阴乳液125ml,¥120,雪花秀滋盈生人参焕颜乳液,雪花秀,滋盈生,乳液,滋阴乳液,保湿+抗老+提亮,¥120/125ml,韩国,
伊露莹臻润水乳爽肤水保湿精华补水乳液收缩滋润毛孔护肤套装正品,¥39.9,伊露莹臻润爽肤水,伊露莹,臻润,爽肤水,,补水+保湿+收缩毛孔,¥39.9/瓶,中国,
珀莱雅水漾肌密清润乳补水保湿清爽控油提亮肤色护肤品正品男女,¥119,珀莱雅水漾肌密清润乳,珀莱雅,水漾肌密,乳液,水漾乳液,补水+保湿+控油,¥119/120ml,中国,
珀莱雅乳液水漾肌密清润乳120ml水润保湿补水舒缓清爽护肤化妆品,¥119.9,珀莱雅水漾肌密清润乳,珀莱雅,水漾肌密,乳液,水漾乳,保湿+补水+舒缓,¥119.9/120ml,中国,
珀莱雅乳液紧致抗皱淡纹补水保湿滋润清爽不油水乳套装正品牌男女,¥205,珀莱雅弹润透亮青春精华乳,珀莱雅,弹润透亮青春,乳液,红宝石乳液,紧致+抗皱+补水,¥205/50ml,中国,
【官方旗舰】百雀羚弹嫩赋活焕亮精华乳紧致抗皱舒缓补水保湿乳液,¥43.9,百雀羚弹嫩赋活焕亮精华乳,百雀羚,弹嫩赋活,乳液,弹嫩乳,紧致+抗皱+保湿,¥43.9/30ml,中国,
【新品上市】大宝B5特护霜舒缓特润保湿滋润面霜敏肌屏障修护70g,暂无报价,大宝B5特护霜,大宝,B5特护,面霜,B5霜,舒缓+保湿+修护,暂无报价,中国,
珀莱雅乳液补水保湿乳水润乳清爽滋润提亮肤色收缩毛孔学生党男女,¥67.1,珀莱雅水漾肌密保湿乳,珀莱雅,水漾肌密,乳液,水润乳,补水+保湿+提亮,¥67.1/100ml,中国,
珀莱雅水动力盈润乳补水保湿滋润锁水清爽温和护肤化妆品官方正品,¥69,珀莱雅水动力盈润乳,珀莱雅,水动力,乳液,水动力乳液,补水+保湿+滋润,¥69/100ml,中国,
馥珮积雪草面霜补水保湿舒润美肌熬夜提亮肤色抗氧化滋润秋冬乳液,¥26.8,馥珮积雪草舒润美肌面霜,馥珮,积雪草,面霜,积雪草面霜,补水+保湿+抗氧化,¥26.8/50g,中国,
毕生之研DS乳AR乳脂平衡特护玫瑰痤疮脂溢性皮修复修红敏感肌油皮,暂无报价,毕生之研DS乳AR乳脂平衡特护霜,毕生之研,DS乳AR乳,面霜,DS乳,修护+平衡+舒缓,暂无报价,中国,
孔凤春马齿苋嫩肤乳液补水保湿换季舒缓缓解干燥学生男女秋冬面霜,¥25.89,孔凤春马齿苋嫩肤乳液,孔凤春,马齿苋,乳液,马齿苋乳液,补水+保湿+舒缓,¥25.89/50ml,中国,
ORBIS奥蜜思澄光润白凝乳50ml祛斑美白保湿 清爽型L,¥89,ORBIS澄光润白凝乳,ORBIS,澄光润白,乳液,澄光乳,美白+保湿+祛斑,¥89/50ml,日本,
溪木源山茶花水乳套装补水保湿舒缓修护敏感肌护肤女溪木源刮码,¥49.9,溪木源山茶花水乳套装,溪木源,山茶花,水乳套装,山茶花水乳,补水+保湿+舒缓,¥49.9/套,中国,
林清轩双抗精华乳新品水润滋养紧致保湿乳面部护肤官方正品旗舰店,¥72,林清轩双抗精华乳,林清轩,双抗,精华乳,双抗精华乳,滋养+紧致+保湿,¥72/30ml,中国,
【经典老国货】黄芪霜提亮嫩白祛黄祛斑补水抗皱紧致滋润抗衰老,暂无报价,春娟黄芪霜,春娟,黄芪霜,面霜,黄芪霜,提亮+抗皱+滋润,暂无报价,中国,
377美白淡斑润肤乳 滋润控油淡化色斑提亮美白温和肌肤控油保湿乳,¥59.9,城野医生377美白淡斑润肤乳,城野医生,377,乳液,377美白乳,美白+淡斑+控油,¥59.9/50ml,日本,
毕生之研控油细毛孔调理乳保湿面霜舒缓修护屏障保湿滋润精华乳液,¥68.6,毕生之研控油细毛孔调理乳,毕生之研,控油细毛孔,乳液,毛孔调理乳,控油+修护+保湿,¥68.6/50ml,中国,
优斐斯UFACE菁润舒缓乳液 调节肌肤水油平衡保湿锁水滋养肌肤正品,¥83.9,优斐斯菁润舒缓乳液,优斐斯,菁润,乳液,菁润乳液,保湿+舒缓+滋养,¥83.9/50ml,中国,
【保税直发】黛珂DECORTE牛油果乳液保湿补水细腻肌肤,¥98.01,黛珂牛油果乳液,黛珂,牛油果,乳液,紫苏水伴侣,保湿+补水+细腻肌肤,¥98.01/150ml,日本,
植卡美乳液提拉紧致补水保湿清爽轻薄不油腻精华乳正品,¥168,植卡美小奶瓶精华乳,植卡美,小奶瓶,精华乳,小奶瓶精华乳,提拉紧致+补水保湿+清爽,¥168/50ml,中国,
雪玉B5舒缓保湿霜 100g B5舒缓保湿霜保湿修护敏感面霜开学用品,¥78,雪玉B5舒缓保湿霜,雪玉,B5舒缓,面霜,B5霜,舒缓+保湿+修护,¥78/100g,中国,
谷雨白千松露控油祛痘水乳液舒缓泛红面霜护肤套装细腻毛孔正品,暂无报价,谷雨白千松露控油水乳霜套装,谷雨,白千松露,护肤套装,,控油+祛痘+舒缓,暂无报价,中国,
【囤货装】薇诺娜修红舒缓安肤乳敏感肌补水保湿改善泛红修护屏障,¥178,薇诺娜修红舒缓安肤乳,薇诺娜,修红舒缓,乳液,安肤乳,舒缓+修护+保湿,¥178/50ml,中国,
一叶子覆盆子紧实细肤乳液女补舒缓湿液清爽不油腻旗舰官方网妈妈,暂无报价,一叶子覆盆子紧实细肤乳液,一叶子,覆盆子,乳液,覆盆子乳液,紧致+补水+舒缓,暂无报价,中国,
欧诗漫珍珠白净透润白保湿乳补水保湿美白淡斑乳液提亮护肤品,¥92.56,欧诗漫珍珠白净透润白保湿乳,欧诗漫,珍珠白,乳液,小白灯,美白+保湿+淡斑,¥92.56/30ml,中国,
大宝ABC功效护肤维他命A醇淡纹B5修护特润舒缓VC乳焕白淡斑四季,¥194.9,大宝ABC功效护肤维他命A醇淡纹B5修护特润舒缓VC乳焕白淡斑四季,大宝,ABC功效护肤,乳液,ABC乳,淡纹+修护+焕白,¥194.9/50ml,中国,
VOODO0水杨酸祛痘水乳控油褪红修护敏肌清爽补水保湿收缩毛孔女男,¥29.9,VOODOO水杨酸祛痘水乳,VOODOO,水杨酸祛痘,水乳,祛痘水乳,控油+祛痘+修护,¥29.9/套,中国,
悦木之源灵芝焕能强韧乳液维稳修护保湿菌菇乳液100ml,¥88,悦木之源灵芝焕能强韧乳液,悦木之源,灵芝焕能,乳液,菌菇乳液,修护+保湿+强韧,¥88/100ml,美国,
自然堂弹嫩紧致抗皱滋养乳液120ml 滋润补水保湿修护锁水淡化皱纹,暂无报价,自然堂弹嫩紧致抗皱滋养乳液,自然堂,弹嫩紧致,乳液,弹嫩乳液,抗皱+滋养+保湿,暂无报价,中国,
御泥坊矜纯臻白小金瓶复颜乳120ml 美白祛斑淡化斑点暗黄补水,¥25.3,御泥坊矜纯臻白小金瓶复颜乳,御泥坊,矜纯臻白,乳液,小金瓶,美白+祛斑+补水,¥25.3/120ml,中国,
孔凤春马齿苋面部补水保湿面霜润肤乳液舒缓保湿干燥秋冬敏肌男女,暂无报价,孔凤春马齿苋舒缓保湿面霜,孔凤春,马齿苋,面霜,马齿苋面霜,舒缓+保湿+补水,暂无报价,中国,
袋鼠妈妈儿童保湿平衡水油润肤乳青少年初中高中男女孩学生保湿乳,¥89,袋鼠妈妈儿童保湿平衡水油润肤乳,袋鼠妈妈,儿童保湿平衡,润肤乳,学生保湿乳,保湿+平衡水油,¥89/100ml,中国,
自然堂凝时鲜颜肌活乳补水保湿抗皱紧致护淡化细纹滋润肤乳肤正品,暂无报价,自然堂凝时鲜颜肌活乳液,自然堂,凝时鲜颜,乳液,小紫瓶,补水+抗皱+紧致,暂无报价,中国,
大宝维他命C焕白淡斑精华乳50ml+水凝保湿精华水150ml玻尿酸补水,暂无报价,,,,,,,,,返回数据列数不正确
精华乳液高保湿乳补水嫩白抗皱滋润祛黄脸部紧致提拉抗衰老正品,¥58.9,高保湿精华乳液,无,无,精华乳液,高保湿乳,补水+嫩白+抗皱,¥58.9/50ml,无,
【抖音同款】BUV牛油果轻润舒护精粹乳保湿锁水焕肤滋养男女通用,¥138,BUV牛油果轻润舒护精粹乳,BUV,牛油果,乳液,牛油果乳,保湿+焕肤+滋养,¥138/50ml,中国,
美肤宝五珍弹力保湿紧致乳液抗皱提亮紧致修护去细纹套装女正品,¥135,美肤宝五珍弹力保湿紧致乳液,美肤宝,五珍,乳液,五珍乳液,保湿+紧致+抗皱,¥135/50ml,中国,
胶原蛋白抗皱保湿精华乳 补水提拉紧致淡斑美白去细纹抗衰老乳液,¥57.3,胶原蛋白抗皱保湿精华乳,欧莱雅,复颜玻尿酸,精华乳,玻尿酸精华,抗皱+保湿+提拉,¥57.3/30ml,法国,
美加净银耳珍珠维生素E乳液长效保湿舒缓修护润肤清爽护肤不油腻,¥67.4,美加净银耳珍珠维生素E乳液,美加净,银耳珍珠,乳液,银耳珍珠霜,保湿+舒缓+修护,¥67.4/120ml,中国,
雅诗兰黛智妍紧塑焕白精华乳100ml白胶原乳液,¥345,雅诗兰黛智妍紧塑焕白精华乳,雅诗兰黛,智妍,精华乳,白胶原乳液,焕白+紧致+抗老,¥345/100ml,美国,
珀莱雅光感美白补水保湿淡斑祛斑紧致舒缓化妆护肤精华乳官方正品,¥109,珀莱雅光感透白精华乳,珀莱雅,光感透白,精华乳,光感小白瓶,美白+淡斑+保湿,¥109/30ml,中国,
左颜右色玻尿酸保湿乳补水润肤乳液秋冬滋润保湿不油腻男士护肤品,¥33.92,左颜右色玻尿酸保湿乳,左颜右色,玻尿酸,乳液,保湿乳,保湿+补水+滋润,¥33.92/100ml,中国,
凌博士青春乳保湿抗初精华紧致抗皱补水玻尿酸正品护肤品,¥74.9,凌博士青春乳保湿精华,凌博士,青春乳,精华,青春乳精华,保湿+抗初老+紧致,¥74.9/30ml,中国,
欧莱雅男士青春肌源紧致乳液145ml抗皱舒缓控油补水保湿护肤品,暂无报价,欧莱雅男士青春肌源紧致乳液,欧莱雅,青春肌源,乳液,男士红罐乳液,抗皱+控油+保湿,暂无报价,法国,
康雪正品人参水乳面部抗皱淡纹熬夜祛黄熬夜改善暗沉乳液保湿补水,¥29.9,康雪人参水乳,康雪,人参,水乳,人参水乳,抗皱+保湿+祛黄,¥29.9/套,中国,
京卫本草胎盘乳液110ml 滋润保湿补水紧致 正品经典国货 男女可用,¥16.8,京卫本草胎盘乳霜,京卫本草,,乳液,胎盘乳霜,滋润+保湿+紧致,¥16.8/110ml,中国,
大宝维生素E乳300ml增强版人参黄芪滋润长效修护ve保湿身体乳液,暂无报价,大宝维生素E乳增强版,大宝,维生素E,身体乳,大宝VE乳,滋润+修护+保湿,暂无报价,中国,
水乳套装护肤品女学生水润肌肤保湿补水柔肤水精华乳平价爽肤水女,暂无报价,水乳套装护肤品女学生水润肌肤保湿补水柔肤水精华乳平价爽肤水女,,,,,,¥0/0ml,,
雪玲妃神经酰胺水乳舒缓保湿乳全方位补水修护肌肤自然水润护肤品,¥34,雪玲妃神经酰胺舒缓保湿乳,雪玲妃,神经酰胺,乳液,神经酰胺乳,舒缓+保湿+修护,¥34/50ml,中国,
百雀羚焕龄紧致精华乳液抗皱紧致提拉抗初老乳液补水保湿,¥133,百雀羚焕龄紧致精华乳液,百雀羚,焕龄,乳液,焕龄乳液,抗皱+紧致+保湿,¥133/50ml,中国,
舒缓保湿乳修复屏障泛红敏感肌肤滋润补水亮肤稳定肌底精华乳面霜,¥17.9,舒缓保湿修复乳,无品牌,,乳液,修复乳,舒缓+保湿+修复,¥17.9/50ml,,
珀莱雅密集保湿精粹乳改善肌肤补水保湿乳液清爽护肤化妆品女学生,¥36.9,珀莱雅密集保湿精粹乳,珀莱雅,密集保湿,乳液,保湿乳,补水+保湿+清爽,¥36.9/50ml,中国,
毕生之研厚脸皮乳屏障修护乳液温和保湿淡化痘印舒缓肌肤厚脸皮霜,暂无报价,毕生之研厚脸皮乳,毕生之研,厚脸皮,乳液,厚脸皮乳,修护+保湿+舒缓,暂无报价,中国,
靓妃多肽臻萃嫩颜乳乳液紧致抗皱保湿补水滋润正品护肤颜乳精华乳,¥160,靓妃多肽臻萃嫩颜乳,靓妃,多肽臻萃,乳液,嫩颜乳,紧致+抗皱+保湿,¥160/50ml,中国,
修正特护保湿乳液补水滋润肌肤水润敏感肌皮肤屏障改善干燥护肤品,¥21.3,修正特护保湿乳液,修正,,乳液,特护乳液,保湿+修护+舒缓,¥21.3/瓶,中国,
自然堂弹嫩紧致抗皱滋养乳液滋润补水保湿修护锁水淡化皱纹正品女,暂无报价,自然堂弹嫩紧致抗皱滋养乳液,自然堂,弹嫩紧致,乳液,弹嫩乳液,紧致+抗皱+保湿,暂无报价,中国,
大宝维他命C焕白淡斑精华乳50ml烟酰胺美白提亮不复黑去黄祛斑,暂无报价,大宝维他命C焕白淡斑精华乳,大宝,维他命C,精华乳,大宝美白精华,美白+淡斑+提亮,¥暂无报价,中国,
佰草集太极乳液紧致抗皱补水保湿保湿乳液修护乳清爽控油不油腻女,暂无报价,佰草集太极日月焕颜乳液,佰草集,太极,乳液,太极乳液,紧致+抗皱+补水,暂无报价,中国,
孔凤春马齿苋嫩肤保湿霜干燥保湿肌肤舒缓深层补水面霜乳液学生女,暂无报价,孔凤春马齿苋嫩肤保湿霜,孔凤春,马齿苋,面霜,马齿苋面霜,保湿+舒缓+嫩肤,暂无报价,中国,
毕生之研厚脸皮乳霜屏障修护敏感肌补水保湿修红面霜乳液淡红舒缓,¥96.3,毕生之研厚脸皮乳霜,毕生之研,厚脸皮,面霜,厚脸皮霜,修护+保湿+舒缓,¥96.3/50ml,中国,
欧莱雅金致臻颜松露奢养肌活乳液紧致修护女士面部护肤品新升级款,¥135,欧莱雅金致臻颜松露奢养肌活乳液,欧莱雅,金致臻颜,乳液,松露乳液,紧致+修护+滋养,¥135/50ml,法国,
欧诗漫营养透白平衡露美白淡斑乳液滋润保湿修护舒缓提亮肌肤正品,¥31.45,欧诗漫珍珠白净透平衡露,欧诗漫,珍珠白,乳液,珍珠白乳液,美白+保湿+修护,¥31.45/30ml,中国,
【新品】大宝维他命C焕白淡斑精华乳美白提亮不复黑去黄祛斑,暂无报价,大宝维他命C焕白淡斑精华乳,大宝,维他命C,精华乳,VC精华乳,美白+淡斑+提亮,暂无报价,中国,
溪木源山茶花水乳套装舒缓修护敏感肌补水保湿舒缓修护男女护肤品,¥108,溪木源山茶花水乳套装,溪木源,山茶花,水乳套装,山茶花水乳,舒缓+修护+保湿,¥108/套,中国,
谷雨光果甘草雪肌乳套装精华祛黄提亮肤色保湿改善暗沉爽肤水正品,¥69.9,谷雨光果甘草雪肌精华乳,谷雨,光果甘草,精华乳,雪肌乳,祛黄+提亮+保湿,¥69.9/30ml,中国,
大宝维他命A淡纹细润嫩肤乳60ml+集萃美白防晒75g抗皱紧致女护肤,暂无报价,,,,,,,,,返回数据列数不正确
DABAO大宝维他命C焕白淡斑精华乳B5乳保湿去黄提亮舒缓修护肌肤,暂无报价,大宝维他命C焕白淡斑精华乳,大宝,维他命C,精华乳,B5乳,焕白+淡斑+保湿,暂无报价,中国,
孔凤春马齿苋嫩肤保湿乳液补水保湿舒缓润肤细腻护肤品学生党男女,¥25.38,孔凤春马齿苋嫩肤保湿乳液,孔凤春,马齿苋,乳液,马齿苋乳液,保湿+舒缓+嫩肤,¥25.38/200ml,中国,
