product,price
Neutrogena 露得清 Hydro Boost 面霜，透明质酸晚霜，适合所有肤质，50ml,100
Cetaphil 丝塔芙 面霜 保湿 453g*2 适合成人使用 水 甘油 干性肌肤 2件装,100
Eucerin 面霜 抗衰老 48g*2 适合成人使用 维生素E 适合敏感肌肤,100
Eucerin 面霜 抗皱 淡化细纹 保湿 滋润 48g适合成人使用 capric triglyceride carbomer 适合敏感肌肤 1件装,100
Vanicream 面霜 保湿 89ml 适合各年龄段 透明质酸 适合敏感肌肤,100
Neutrogena 露得清 面霜 改善细纹 48g 适合成人使用 维生素A 维生素A酸 适合各种肤质 1件装,100
CeraVe 面霜 保湿 539g 适合青少年 透明质酸 适合各种肤质 1件装,100
Neutrogena 露得清 面霜 含有玻尿酸的水凝乳面霜可提供9倍的保湿效果 让肌肤水润光泽 洁面乳14ml+面霜50ml 适合成人使用 玻尿酸 干性肌肤 2件装,100
Cetaphil 丝塔芙 面霜 保湿 48g 适合成人使用 Homosalate 9.5% 适合敏感肤质 1件装,100
Jack Black 双效面霜 SPF 20 251 毫升,100
CeraVe 面部精华 精华30ml+面霜48g 适合成人 烟酰胺 肽 适合混合肤质,100
Aveeno 艾惟诺 面霜 保湿 48g 适合成人使用 神经酰胺 维生素B5 适合敏感肌肤 干性肌肤 1件装,100
L'OCCITANE 欧舒丹 面霜 滋润 49.2ml 适合成人 乳木果脂 适合干性肌肤 1件装,100
Tautropfen 滋养/沙棘，滋润面霜，适合干性皮肤，50毫升,100
Nivea 妮维雅 Q10 能量补充面霜（50ml），女性活力晚霜，保湿晚霜，维生素 C 和 Q10 补充面霜,100
Cetaphil 丝塔芙 面霜 保湿 88ml 适合成人 透明质酸 适合敏感肌肤 1件装,100
"NIVEA 妮维雅 男士保护和护理密集保湿面霜 3 件装(3 x 50 毫升),男士舒缓面霜 保湿日霜",100
Cetaphil 丝塔芙 面霜 保湿 48g 适合成人使用 透明质酸 适合混合肤质 1件装,100
Neutrogena 露得清 面霜 48g 适合成人使用 甘油 维生素C 适合成熟肌肤类型 1件装,100
OLAY 面霜 保湿 适合成人 肽 维A酸 适合中性肤质 面霜48g+7g 套装包含面霜、面霜赠品，非组套商品,100
GUERLAIN 娇兰 面霜 保湿 适合成人 透明质酸 适合干性肌肤 1件装 76g,100
BYOMA 面霜 美白 保湿 滋润 50ml 适合成人 角蛋白 适合各种肤质 1件装,100
Neutrogena 露得清 面部保湿霜 面霜59ml+洁面乳14ml 适合成人使用 适合所有肤质 2件装,100
Cetaphil 丝塔芙 晚霜 夜间保湿面霜 提供水润保湿滋养无刺激增强收缩毛孔 48g,100
"Burt's Bees 伯特的小蜜蜂敏感肌肤套装,温和面霜,含芦荟和米奶,天然护肤,6 盎司/3 盎司",100
Sesderma | Mesoses 面霜 | 含活性成分的脂质体面霜 | 至尊*霜 | 抗皱面霜 | 氨基酸 | 维生素 | 透明质酸 | 日霜 | 50毫升,100
Declare Pro Youthing 女士青春至尊面霜 50 毫升,100
"Delia Cosmetics Hyaluron Fusion 日夜面霜 抗皱,* 提拉浓缩 马鞭草萃取物 (年龄50+)50毫升",100
Estee Lauder 雅诗兰黛 面霜 控油 1.7盎司(约48.39克) 适合成人使用 氯化物 甘油 适合油性肌肤 1件装,100
OLAY 面霜 241g 烟酰胺 适合各种肤质 1件装,100
Vanicream 面霜 保湿 适合成人 乳液 适合敏感肌肤 1件装 453g,100
Biotherm 碧欧泉蓝疗视黄醇礼品套装(精华 7 毫升 + 面霜 50 毫升 + 晚霜 15 毫升 + 眼部护理 5 毫升),100
OLAY 面霜 抗皱 保湿 滋润48g+7g 适合成人使用 胶原蛋白肽 烟酰胺,100
LA MER 海蓝之谜 面霜 保湿 15ml 适合成人使用 适合各种肤质 1件装,100
Fresh 面霜 保湿 适合成人使用 乙酰萨利酸 适合混合肤质 1件装 50ml,100
Ambi 面霜 均匀肤色 保湿 适合成人使用 甘草 烟酰胺 适合各种肤质 30ml,100
Clinique For Men 抗衰老保湿面霜 100 毫升,100
EltaMD 面霜 EltaMD AM Therapy 面霜通 48g 适合成人使用 透明质酸 适合油性肌肤 1件装,100
Babor 芭宝 CLASSICS 阿甘面霜 丰盈型面霜 适用于干燥肌肤 含有阿甘油和维生素E 植物配方 无酒精 50毫升,100
Barrier Bestie Ultra Whip 面霜 59ml,100
Weleda 维蕾德 深层保湿面霜，30ml,100
CeraVe 保湿面霜，适用于中性至干性皮肤，2 x 52毫升,100
Institut Esthederm Esthederm – 卓越面霜 – 滋养面部、颈部和肩部霜 – * – 成熟皮肤，50ml,100
"KOAHDE 白米面霜,米保湿霜,适用于面部,米亮面霜,米保湿霜,抗衰老面霜,米保湿面霜,50克",100
GUERLAIN 娇兰 面霜 保湿 滋润 适合成人使用 玻尿酸 适合混合肤质 50ml,100
Sisley 希思黎 面霜 保湿 1.4盎司(约39.96克) 适合成人使用 丙烯酸酯 山莨菪素 1件装,100
RoC Retinol Correxion Line Smoothing Max 保湿霜 面霜48g+96g,100
Biotherm 碧欧泉 面霜 滋润 50毫升 适合成人使用 水杨酸 适合油性肌肤,100
Neoretin 面霜 1.01液体盎司(约30ml) 适合成人使用 维生素A 适合各种肤质 1件装,100
Sisley 希思黎 面霜 保湿 1.6盎司(约45.4克) 适合成人 黄瓜 适合干性、所有肤质 1件装,100
Jurlique 茱莉蔻 面霜 保湿 0.67盎司 适合成人使用 适合各种肤质 3件装,100
"男士保湿面霜,含有机芦荟 + 透明质酸 + 摩洛哥坚果油 - 男士面霜,理想的护理和清新 - 男士面部护理,75毫升 - Skincare Vegan - 天然缎面",100
SVR 面霜 适合干性肌肤 适合成人 200ml,100
"KRAVE IT ®️ 视黄醇面霜 - *面霜 含透明质酸和胶原蛋白 - 视黄醇面部保湿霜适用于皱纹、黑斑和不均匀皮肤纹理,50ml",100
"HUGO 男式 S 码标志毛圈布运动衫, 天然面霜",100
Coola 面霜 维生素C白藜芦醇有助于减少黑眼圈和细纹 适合所有肤质 24ml 无香料,100
Helly Hansen 男女通用儿童 Jr Champ 毛绒夹克外套 034 面霜 12,100
PCA SKIN 面霜 PCA SKIN HydraMatte 帮助减少皮肤表面的油脂 凝胶配方 51g 适合成人使用 油性肌肤 1件装n,100
Babor 芭宝 SKINOVAGE 平衡霜 适用于混合性皮肤的面霜 具有哑光效果的保湿护理 使肤色均匀 抗衰老 50毫升,100
Burt's Bees 面霜 保湿 51g 适合成人 乳酸 适合各种肤质 1件装,100
REVLON BB面霜 保湿 30毫升 适合所有肤质 浅中020,100
Elizabeth Arden 伊丽莎白雅顿 8 小时® 面霜套装 八小时修护舒缓膏 50ml + 深层滋润护手霜 30ml + 奇迹护理油 30ml 基本护理,100
"Ecooking 高档护肤入门套装,旅行装,洁面啫喱,去角质,保湿精华,面霜和唇膏",100
Honest Beauty 面霜 保湿 改善细纹 50ml 适合成人使用 透明质酸 山茶籽油 1件装,100
NIVEA 妮维雅 2 件装 Cellular Expert Lift 抗皱面霜套装 适用于日夜 SPF 30 2 × 50 毫升,100
"StriVectin Contour Restore™ 紧致保湿霜 可明显修整和抚平面部和下巴的细纹,Contour Restore™ 紧致保湿面霜,1.7 盎司|50ml",100
Andalou Naturals 面霜 改善细纹 50g 适合成人使用 维生素C 适合干性、所有肤质 1件装,100
Phyts Panacea 女士抗衰老面霜 - 1.6 盎司面霜,100
CELLEX-C Seline-E 修护滋养面霜，60 毫升,100
Guinot Creme Hydra Beaute 面霜 1.7 盎司,100
"Biretix Isorepair 面霜,50ml",100
"LuminaSkin Age Barrier 高级面霜 - Renewal 面霜 - 保湿面部保湿霜,抗衰老和皮肤屏障修复面霜 48ml",100
StriVectin 面霜 每日面霜针对多种老化迹象 1.7液体盎司(约50ml) 适合成人 维他命A酸 适合各种肤质 1件装,100
Institut Esthederm 面霜 乳霜 47.3ml 1件装 管装,100
"NIVEA 妮维雅面霜,多用途面霜,400毫升",100
Babor 芭宝 SKINOVAGE 舒缓面霜（丰盈型） 专为敏感肌肤设计的丰盈型面霜 舒缓保湿 无色无香 纯植物配方 50毫升,100
"Avene 雅漾 面霜,1件装(1 x 15毫升)",100
Biore 面霜 滋润保湿养护丰盈补充100ml面霜 适合成人使用 鳄梨碳益生元 适合混合肤质 3.4盎司面霜,100
Nova Lucia 面霜 夏威夷芦荟面霜 修复晚霜 防晒 牛皮癣面霜 干性肌肤面霜 防皱面霜 女性适用 8盎司液体(约237毫升) 适合成人使用 芦荟 适合各种肌肤类型 1件装,100
Topicrem 面霜 适合敏感肌肤类型,100
Nova Lucia 面霜 夏威夷芦荟面霜 修复晚霜 防晒 牛皮癣面霜 干性肌肤面霜 防皱面霜 女性适用 8盎司液体(约237毫升) 适合成人使用 芦荟 适合各种肌肤类型 1件装,100
Topicrem 面霜 适合敏感肌肤类型,100
Jurlique 茱莉蔻 面霜 男女通用 无动物实验测试 保湿 100ml,100
Jurlique 茱莉蔻 面霜 保湿 50ml 适合成人 适合各种肤质 1件装,100
NIVEA 妮维雅 Hyaluron Cellular Filler (2 x 50 毫升) 抗衰老面霜礼品套装 含日霜 FP30 和晚霜 紧致面霜 含透明质酸,100
DHC 蝶翠诗 面霜 富含乳霜质地的保湿养护面霜 50g 适合成人 硫酮 混合肤质 1件装,100
Biodroga 面霜和保湿霜 适合成人 甘油,100
OLAY 玉兰油 新生面霜 无香型 50毫升,100
PAYOT - Cream No.2 羊绒 - 富含面霜 50毫升,100
Diadermine 面霜 适合成人 玻尿酸,100
Antipodes 面霜 滋润 60 ML 适合成人使用 适合干性肌肤,100
Cult51 面霜 保湿 适合成人使用 甘油 适合各种肤质,100
LANEIGE 面霜 这款面霜可明显改善暗沉和极细小斑点 1盎司(约28.35克) 适合成人 维生素C 适合各种肤质 1件装 30ml,100
"Acqua alle 玫瑰抗皱面霜,含黑玫瑰和植物透明质酸的抗衰老活性成分,抗皱面霜,填充放松效果,50毫升",100
Weleda Melva 白色面霜，50毫升,100
Elizabeth Arden 伊丽莎白雅顿 面霜 明显改善皮肤状态 防水 适合敏感肤质 37毫升 ideabone,100
Gillette 吉列 面霜 适合各种肤质,100
OLAY 面霜 保湿 60ml*3 适合成人使用 水杨酸 适合各种肤质,100
Novexpert 面霜 适合成人 锌 适合各种肤质 30ml,100
"Noodle & Boo 完美面霜,Pregrancy 护肤*霜,富含可可油和鳄梨油,136g",100
LANCOME 兰蔻 Nutrix Crème Tubo面霜，125 毫升。,100
Peter Thomas Roth 彼得罗夫 面霜 保湿 50ml 适合成人使用 乳酸 适合各种肤质,100
Polåar 面霜和保湿霜 1.70液体盎司(约50毫升) 极地肽 适合混合肤质,100
Lierac LEIRAC|Premium The Voluptous 面霜 - 抗衰老面霜 - 女士保湿面部保湿霜含烟酰胺和透明质酸 - 滋养、紧致和平滑肌肤 - 50 毫升罐装,100
Nuxe 面霜 发现Nuxe平滑面霜 肌肤更紧致 1.7液体盎司(约50毫升) 适合成人 维生素E 适合各种肤质 1件装,100
Lab Series 面霜 保湿 4.50液体盎司(约133毫升) 适合成人 咖啡因 适合各种肤质 1件装,100
OLAY 面霜 保湿 滋润 光滑肌肤 2件套 适合成人使用 透明质酸 烟酰胺 肽 维生素B3 适合正常肌肤 面霜48g+面霜7g,100
RÉNÉRGIE MULTI-LIFT ULTRA 面霜 抗骑行 50 毫升,100
Sisley 希思黎 面霜，1 件装（1 x 250 毫升）,100
Schrammek BB面霜 保湿 41ml 适合敏感肌肤 1件装,100
Aveeno 艾惟诺 面霜 提供滋润和美白的凝胶面霜 1.7盎司(约48.39克) 适合成人使用 卡波姆 甘油 适合中性肤质 1件装,100
BABOR 面霜 有助于4周内减少皱纹 出现 50ml 适合成人使用 氨基酸 适合各种肤质 1件装,100
BABOR 芭宝 SKINOVAGE Purifying Cream 面霜 适用于瑕疵肌肤 澄清毛孔细致面部护理 纯植物配方 50 毫升,100
Ella Baché Nutri Action Royale 修复霜 50 毫升 面霜 含滋养蜂蜡和富含维生素的小麦胚芽油,100
Edge 面霜 适合成人 适合各种肤质 88ml,100
Decleor 面霜 保湿 适合各种肤质 薰衣草 | 15 ml,100
"Ella Baché Ella Perfect 洁面乳,含番茄提取物,150毫升 - 温和的面霜深层清洁皮肤,保湿",100
iS CLINICAL 面霜 含抗氧化维生素A修复干燥肌肤 50g 适合成人使用 玻尿酸 适合各种肤质 1件装,100
Oars + Alps 面霜 抗衰老 滋润 保湿 防水 适合各种肤质 57.2ml 无香料,100
Nivea Q10 Plus 抗皱面霜 SPF 15-50 毫升 50 Milliliters,100
Palmer's 帕玛氏 面霜 75ml 适合成人使用 乳酸 适合各种肤质,100
Burt's Bees Soap Bark & Chamomile 深层洁面霜 6 盎司(约 170.1 克)面霜,100
"Turmeric Dark Spot Corrector 精华液霜,姜黄保湿面霜,姜黄霜,用于修正深色斑点,姜黄霜,姜黄霜,姜黄面霜,女士姜黄面霜 50g",100
Clinique 无油面霜 SPF 30，1.7 液盎司 盎司。,100
-417 面霜 保湿 50ml 适合成人使用 霍霍巴 适合油性肤质,100
Dior 迪奥 面霜 适合成人 适合各种肤质 含有玻尿酸 50ml,100
Glow Recipe 面霜 保湿 1.7盎司装(约48.3克) 适合油性肌肤 1件装,100
Augustinus Bader 面霜 1盎司(约28.35克) 适合成人 适合敏感肌肤 1件装,100
OLAY 面霜 保湿 抗衰老 48g 适合成人使用 胶原蛋白 适合各种肤质 1件装,100
"姜黄面霜、抗衰老面霜、含维生素 C 的姜黄面霜,用于保湿、紧致、紧致肌肤,天然姜黄面部修复霜,适合中性、干燥、油性和混合性皮肤 50g",100
FILORGA 菲洛嘉 面霜 含5种不同玻尿酸 使肌肤丰盈光滑 适合成人使用 玻尿酸 适合中性肤质 50ml,100
OLAY 面霜 适合成人 维生素C 适合各种肤质 1件装 15ml,100
Nuxe Rêve de Miel 超舒适面霜 30毫升,100
OneSkin 面霜 保湿 19.4ml 成人 玻尿酸 适合各种肤质 1件装,100
"Guinot 面霜 维生素E和绿茶提取物能抗自由基,同时滋养皮肤。 50ml 适合成人 维生素E 适合各种肤质",100
Leven Rose 面霜 保湿 适合干性肌肤 维生素E 30ml 1件装,100
Ahava 面霜 提供水分 滋润 养护 1.7液体盎司(约50毫升) 适合成人使用 透明质酸 适合干性肌肤,100
OLAY 面霜 保湿 177ml*2 适合成人 丙烯酸酯 卡波姆 适合干性肌肤 2件装,100
Derma E DMAE硫辛酸C-酯提拉紧致面霜 56g,100
SK-II 护肤套装 Facial Treatment Essence And Skinpower Cream Set Unisex 精华230ml+面霜80g,100
Curél 珂润 面霜 控油 120ml 适合成人 角蛋白 适合干性肌肤 1件装,100
Eminence 面霜 保湿 60ml装 适合成人使用 适合粉刺肌肤类型 1件装,100
CHANEL 香奈儿 面霜 1.7盎司装(约48.3克) 角蛋白 适合各种肤质 1件装,100
Andalou Naturals 面霜 抗衰老 58ml装 适合成人 维生素E 适合成熟肌肤类型 1件装,100
Curél 珂润 面霜 3.17盎司(约90克) 适合干性肌肤 1件装,100
"BEUKING 樱花面部乳液保湿精华,用于收缩毛孔皮肤日常护理,爽肤水乳液保湿修复面霜维生素 C 精华改善皮肤滋养面霜软化剂护肤",100
"OLAY 面霜 50ml 适合成人使用 维生素B3,维生素B5 适合成熟肌肤类型 1件装",100
Honest Beauty 面霜 保湿 改善细纹 50ml 适合成人使用 透明质酸 山茶籽油 1件装,100
"BIOLABS PRO 天然生物同色 Bi-EST 2.5 面霜,两个月供应量(3.6 盎司 - 无香型)",100
Sulwhasoo 雪花秀 面霜 这种水分帮助保湿 平衡皮肤的油水平衡 5.1液体盎司(约151毫升) 适合干性肤质 1件装,100
HUYGENS – 有机透明质酸面霜 – 活肤舒缓霜 – 50毫升 – 纯天然 – 纯素 – 法国制造,100
Babor 芭宝 SKINOVAGE 活力霜 适用于疲倦和需要恢复的皮肤的面霜 具有活力滋润的护理效果 无动物成分配方 50毫升,100
OLAY 维生素 C + AHA24 日间凝胶面霜 肤色明亮均匀 50 毫升,100
Doctor BABOR 芭宝 再生霜 | 再生抗衰老和抗色素斑面霜 含有专业视黄醇复合物 | 打造明亮、年轻肌肤 | 细致肌肤 | 纯植物性 | - 50毫升,100
EltaMD 面霜 EltaMD强效面部和身体保 79g 适合成人 硫酸钠 锌 适合敏感肌肤 1件装,100
Cetaphil 丝塔芙 面霜 保湿 4盎司 适合成人使用 3% Avobenzone 适合油性、敏感性肌肤 1件装,100
Pevonia 面霜 平滑皱纹 修复顽固皱纹 紧致 回春 美白 滋润和保护 50g 适合成人使用 维生素E 适合干性肌肤 1件装,100
Naturally Serious 面霜 保湿 50ml 适合成人使用 神经酰胺 玻尿酸 肽 硫酮 适合各种肤质 1件装,100
"NIVEA 妮维雅 Q10 Energy Crema de Noche Antiarrugas + Energizante (50 毫升),面霜面部可放射,8 小时,抗氧化剂",100
OLAY 面霜 保湿 1.7盎司(约48.39克) 适合成人 维生素E 适合各种肤质 1件装,100
Advanced Clinicals 面霜 玻尿酸 1.75液体盎司(约52ml) 2件装,100
BULLDOG 面霜 保湿 100ml 适合成人使用 迷迭香 维生素E 适合敏感肌肤 1件装,100
The INKEY List 面霜 1.00液体盎司(约29.57毫升) 适合成人使用 水杨酸 适合油性、混合性肤质 1件装,100
Bulldog Mens Skincare and Grooming 面霜 保湿 1件装 成人 维生素E 敏感肤质 100ml,100
OLAY AHA24 + 维生素 C 凝胶面霜，，富含维生素 C、果酸和烟酰胺 50 毫升,100
"Absolute Aromas 维生素 E 霜 1 千克 – 无香型基底霜,不含对羟基苯甲酸酯和硫酸盐 – 保湿面霜,适用于面部、身体和*痕|1000g",100
OETUIOW CC面霜 保湿 3.21盎司 适合所有肤质 自然色,100
Andalou Naturals 面霜 改善细纹 0.6盎司(约17.01克) 适合成人使用 维生素C 干性肌肤 1件装,100
