product,price
清新舒适身体乳液 473ml,78.79
"eos 身体乳液 保湿 473ml 适合成人 碳酸氢钠,甘油 适合各种肤质 1件装",90.12
Jergens 身体乳液 保湿滋润 适合成人使用 烷基苯甲酸酯 肌氨酸 621ml*3,149.98
CeraVe PM乳 熬夜修复 烟酰胺提亮补水保湿乳液 男女护肤品 89ml,106.2
CeraVe 婴儿乳液 保湿 8盎司(约226.8克) 适合青少年使用 玻尿酸 适合敏感肌肤,90.56
CeraVe 身体乳液 保湿滋润 19盎司(约538.15克) 适合青少年 玻尿酸 适合油性、敏感性、干性、正常肤质,119.13
Lubriderm 身体乳液 保湿 适合成人使用 角蛋白 适合干性肌肤 1件装 709ml,84.86
Cantu 护发造型霜和乳液 滋润 保湿 顺滑 清洁 护理 340ml 所有发质 男女通用,82.08
Eucerin 身体乳液 提供滋润保湿 500ml 适合成人使用 乳酸 适合干性肌肤 1件装,90.34
"Noodle & Boo 新生儿婴儿日常护理用薰衣草超柔保湿乳液,473ml (Pack of 1)",125.49
Lubriderm 身体乳液 适合各种肤质 709ml*2,191.71
AmLactin 身体乳液 保湿 14.1盎司(约400克) 适合成人 乳酸 适合干性肌肤 1件装,156.41
Coppertone 水宝宝 运动防晒乳液，SPF 50 防晒，3 液量盎司（89ml），6 件装,160.8
"Banana Boat 防晒后保湿乳液,含芦荟和维生素 E,473ml | 防晒后,香蕉船晒后乳液,晒伤缓解,",94.36
"Garnier 卡尼尔 PureActive 水杨去角质乳液,120毫升",98.1
Gold Bond Body Bright 身体和面部乳液 - 226g,127.32
Jergens 身体乳液 富含乳木果油深层滋润保湿剂 保湿 496ml*3,201.51
Weleda 维蕾德 身体乳液 滋养 200ml 装 适合成人使用 适合敏感肌肤类型 1件装,129.22
Burt's Bees 原生滋养乳液 婴儿护理乳液，管装/170g,165.98
Jergens 舒缓芦荟乳液 621ml,94.94
Curél 珂润 身体乳液 保湿 适合成人 乳酸 适合干性肌肤 354ml*2,189.23
GUERLAIN 娇兰 Abeille Royale 面部乳液 300 毫升,853.89
Noodle & Boo 新生儿礼品套装：洗发沐浴露二合一237ml+柔软婴儿乳液 237ml,154.51
Burt's Bees Baby 婴儿乳液 滋润 340.1g*3 适合成人使用 芦荟提取液 柠檬酸,247.62
Curél 珂润 身体乳液 保湿 29ml*30 适合成人 神经酰胺 适合干性肌肤,208.89
Nivea Body 身体乳液 保湿 400ml*3 适合成人 甘油 适合干性肌肤 3件装,176.66
Cetaphil 丝塔芙 身体凝胶和乳液 滋润 453克 适合成人 杏仁油 适合干性肌肤 453克,150.42
CeraVe 身体乳液 舒缓 473ml 适合成人使用 尿素 适合干性肤质 1件装,149.54
Suave 丝华芙 身体乳液 补水 532ml 适合成人 维生素E 适合干性肌肤 6件装,176.36
Neostrata 芯丝翠 身体乳液 高强度去角质 6.8液体盎司(约201毫升) 适合成人 乙醇酸 适合中性肤质 1件装,321.15
Noodle & Boo 婴儿乳液 甜杏仁油滋润皮肤 473ml 适合新生儿 维生素E 适合敏感肌肤 1件装,146.54
Cetaphil 丝塔芙 身体乳液 保湿 8盎司(约226.8克) 适合成人 维生素E 适合敏感肌肤类型 3件装,207.13
Aveeno 艾惟诺 身体乳液 保湿 354ml 适合成人使用 适合粉刺肌肤类型 1件装,102.62
Gold Bond 身体乳液 滋润 适合成人使用 椰子油 适合干性肌肤 1件装 396g,108.03
Burt's Bees 身体乳液 保湿 6盎司(约170克) 适合成人 乳酸 适合各种肤质 3件装,197.49
Lubriderm 身体乳液 保湿 32液体盎司(约946毫升) 适合成人 维生素B5 维生素E 适合干性肌肤 1件装,112.41
PerfeECTLY CLEAN INFUSION 平衡精华乳液 400 毫升,337.56
Hermes 身体乳液 软化 平滑 滋润 适合成人使用 200ml,384.59
Mario Badescu 黄瓜清洁乳液 472ml,204.94
Nivea Men 剃须后乳液 妮维雅男士极润滋养剃后乳液 3.3液体盎司(约98毫升),132.8
YOPE 天然身体乳液 | 300 毫升 | Fiebbaum | 身体乳 | 身体霜 | 保湿乳液 | 适用于干性皮肤 | 纯植物身体乳液 | 97% 天然配料,111.49
CeraVe 身体乳液 温和去角质 粗糙和颗粒状肌肤适用 562毫升,198.44
Shikai Products 琉璃苣*高级*乳液 - 480ml*2,480.85
MEDAVITA CUTIS PURA 卫生头皮乳液 500 毫升,534.91
"numis med 洗脸乳液 ph 5.5 补充袋 - 6 x 舒缓肌肤乳液,适用于敏感和敏感肌肤 - 纯植物护肤,不含硅、对羟基苯甲酸酯和矿物油 - 乳液(6 x 500 毫升)",493.92
"Cetaphil 丝塔芙日常洁面乳,洁面乳473ml+乳液59ml",147.86
"嬸嬸把 BUIN Tan 和 Protect Lotion SPF 15, 150毫升",171.67
Blue Lizard 运动矿物质 SPF 乳液 148ml - SPF 50+,124.18
TIGI 提基 头发造型乳液 滋润 110g 卷发 男女通用,127.17
Lubriderm 身体乳液 保湿 适合成人 维生素E 适合干性肌肤 473ml*2,191.13
Noodle & Boo 新生儿套装，新生儿礼物；婴儿乳液和沐浴露 沐浴露237ml+洗发水237ml+身体乳237ml,235.05
Vanicream 面霜 保湿 适合成人 乳液 适合敏感肌肤 1件装 453g,121.91
"大量 (2) Ed Hardy 椰油亲吻金色美黑乳液,13 盎司",433.71
OGX 发型乳液 平滑 保湿 光泽 170ml 卷发 蓬松 男女通用,84.49
Jack Black 身体乳液 保湿 473ml 适合成人使用 薰衣草 柠檬 适合所有肤质 1件装,190.1
Nivea 妮维雅 身体乳液 滋润 500ml*3 适合成人 乙醇酸 适合干性肤质,205.89
Dr Teal's 身体乳液 焕然一新 成人使用 维生素E 各种肤质 身体乳532ml*3,229.86
Aveeno 艾惟诺 身体乳液 保湿 350ml 成人使用 甘油 干性肌肤 1件装,121.69
"Estee Lauder 雅诗兰黛 微精华护理乳液,含生物发酵,3.4 盎司/100 毫升",569.67
ATTITUDE 婴儿乳液 保湿 473ml 适合婴儿使用 适合各种肤质 1件装,124.18
CeraVe 身体乳液 237ml 适合成人使用 尿素 适合干性肤质 1件装,130.24
Nivea Men 剃须乳液 3.3盎司(约94克) 适合成人使用 干性、敏感性肤质 3件装,172.56
EltaMD UV 活性矿物防晒乳液，Broad-Spectrum SPF 50+，防水，无油，不油腻，全身防晒霜，3液体盎司，85克,237.83
OLAY 身体乳液 保湿 532ml 适合成人使用 适合中性肤质 1件装,125.93
Vanicream 保湿乳液 2 盎司旅行装(3 件装),232.79
Molton Brown 海岸柏树和海茴香身体乳液 10 液盎司,321.59
"Biotherm 碧欧泉 身体乳液 滋润 舒缓 400ml 适合成人使用 矫正油,乳木果脂。益生菌活性成分 1件装",314.28
"Coppertone 儿童滚珠防晒霜,蓝色氧化锌防晒乳液,儿童无泪防晒霜,75ml瓶装",97.94
Eucerin 身体乳液 保湿 33.8液体盎司(约1000毫升) 适合成人 乳酸 适合各种肤质 1件装,182.28
OLAY 身体乳液 抗衰老 502ml 适合成人使用 烟酰胺 适合中性肤质 1件装,101.3
Curél 珂润 身体乳液 保湿 20液体盎司(约591毫升) 适合成人使用 角鲨烯 桉树油 适合干性肌肤 1件装,402.2
Lot 2 Ed Hardy 好莱坞青铜室内晒黑乳液加速器古铜色 300ml*2,307.19
Vaseline 身体凝胶和乳液 283g 适合成人 维生素C 适合中性肤质 1件装,127.76
Bosch 博世 AdvancedSpray 18V-500 无绳喷漆系统适用于乳液/乳胶漆、釉料和清漆;3 平方米/分钟;2 x 1200 毫升杯;18 V 系统;不含电池),1506.41
Palmer's 帕玛氏 身体乳液 保湿 适合成人 维生素E 适合各种肤质 1件装 1000ml,122.72
"Estee Lauder 雅诗兰黛 Nutrious Airy 乳液保湿霜,100ml",284.08
Drybar 护发造型霜和乳液 深度锁水不会让头发变重持续72小时顺滑吹风造型 100ml 所有发质,206.99
"Burt's Bees 伯特的小蜜蜂敏感肌肤套装,温和面霜,含芦荟和米奶,天然护肤,6 盎司/3 盎司",190.98
Hairitage 卷发增强型发膜和乳液 增强卷发效果 170ml 所有发质 女性,99.84
"Moen 3942 Soap and Lotion Dispenser,",347.83
Cantu 护发乳液 滋润 340毫升 所有发质,107
Nip+Fab 身体乳液 身体乳液 去角质 200ml,128.12
"Excellula Power 乳液,120ml",269.7
Oribe Matte Wave texture 乳液 100ml,272.33
"Prija 身体乳液,含维生素 E 2 x 380 毫升身体乳液,保湿乳液,人参",420.59
GROHE 高仪 40535 000 - 肥皂和乳液分配器,406.59
Ahava 身体乳液 快速吸收不油腻的乳液滋润干燥发痒的皮肤提供清爽的滋润效果 500ml,261.29
AHAVA 死海水矿物身体乳液，原味 500ml,329.92
Pevonia Rs2 温和乳液，120ml,188.86
"Sesderma Hidraderm 身体乳液, 13.5液体盎司/400毫升",300.9
ORLANE PARIS B21 Extraordinaire Box 精华28g+乳液121g+14g眼霜,1757.78
CEZANNE 浓密保养 乳液 280毫升 高保湿 陶瓷 乳液 全身 大容量,377.65
L'Occitane 欧舒丹 轻柔乳液，10.1盎司，300毫升,218.9
Avanti Linens 银河系乳液泵,145.15
Moroccanoil 定型乳液 提供持久防止蓬松保护 296ml 卷发 女性,389.56
"Kassatex ARN-LD 藤制乳液分配器,白色",142.3
Intea Lotion Reflex Blondes Chamomile 100ml,153.92
"Merle Norman 保湿乳液,85g",411.93
LA MER 海蓝之谜 保湿乳液 125ml,1344.82
"Lefranc Bourgeois 闪光丙烯酸乙烯基乳液,400 毫升,白色",244.9
BABOR DOCTOR 新生平衡乳液洁面乳,529.16
M-mark Citrus Body Lotion - 280ml - Refill,399.2
Maui Babe Browning 乳液 236ml*4,473.68
BURBERRY 博柏利 女神身体乳液 200毫升,528.76
KSD-43 肥皂或乳液分配器 不含污渍的不锈钢 KSD-43SFS,230.01
CeraVe 面部保湿乳液 保湿 清洁 340.2g乳液 + 85.7ml洁面乳 适合青少年 透明质酸 适合干性肤质,150.05
维多利亚的秘密 Bombshell 激情乳液,314.13
Vanicream 保湿乳液 227g*3,337.16
Ed Hardy Butter Me Brown Tanning DHA & Streak Free Bronzing Cream Lotion 乳液300ml*2,339.71
"The Body Shop Almond Milk & Honey Body Lotion By The Body Shop for Women - 6.75 Oz Body Lotion, 6.75 Oz",358.37
rohto hadalabo gokujyun 高级玻尿酸乳液和牛奶套装 化妆水170ml+乳液140ml,308.94
"SEKKISEI 乳液,液体面部保湿霜,6.7 盎司",480.48
UNO Skin Barrier 乳液 (男士化妆水) 100毫升,408.19
Cetaphil 丝塔芙 身体乳液 舒缓性 296ml*3保湿乳液 适合成人 角鲨烯 维生素B5 适合干性肌肤,648.07
Mario Badescu Skin Care 维生素E身体乳液，472ml,184.84
Novexpert 女士夜间去皮晚霜抗浪费 - 115ml 乳液,189.74
"Kraus KSD-53SFACB Boden 厨房肥皂和乳液分配器,无点古铜色",249.67
KOSE 保湿温和白色清爽乳液 180ml,382.92
"Purpose Dual *** SPF 15 Moisture Lotion, 118ml",105.32
Sisley Paris 希思黎 PHYTO JOUR&NUIT 乳液生态 Lotte 4 件装 希思黎全效保湿乳液 125ml + 希思黎全效保湿霜 5ml + 希思黎全效保湿精华 10ml + 希思黎眼唇精华霜 5ml,1371.5
Tanning Paradise 芦荟黑晒黑乳液 | *、抗橙、抗皱哑光黑色古铜色美黑乳液 | 纹身和防褪色 | 芦荟羊绒混合美黑乳液 400ml,345.78
"Nairobi Wrapp-It 闪亮泡沫乳液,8 盎司",367.6
Jergens 身体乳液 59ml*20 适合成人 维生素E 适合各种肤质,229.79
GUERLAIN 娇兰 身体乳液 200ml 适合成人 苯基苄酯 卡波姆 1件装,492.1
Devoted Creations 财富古铜色美黑乳液 400ml,452.49
St.Tropez 渐变棕褐色西瓜乳液 200ml | 自美黑,161.45
UNO Skin Barrier Emulsion (男士乳液) 80毫升,358.86
"Palmer's for Pets 可可油*直接缓解乳液喷雾,适用于狗狗,含维生素 E | 无香型狗狗乳液,适用于干性瘙痒皮肤 | Palmer's Spray 狗狗乳液 - 8 盎司(约 236.8 克) (FF15584)",86.68
"Skin Filter 奢华黑色自晒黑 – 高级 10,000 倍晒黑乳液 – 亲肤自晒黑乳液,采用抗橙色技术 – 室内美黑乳液,带纹身保护* – 黑色 300ml",329.41
L'OCCITANE 欧舒丹 身体乳液 滋润皮肤 适合成人 杏仁油 干性肌肤 1件装 240ml,302.0
Neutrogena 露得清 身体乳液 适合干燥皮肤 400 毫升,157.61
TRISWIM 身体乳液 TRISWIM乳液含有芦荟 32液体盎司(约946毫升) 适合成人 有机芦荟 适合各种肤质 1件装,567.31
Onyx Black Caviar *乳液 极多重烘烤复合物,385.91
Johnson's 婴儿乳液 椰子油 适合各种肤质 800ml*2,202.67
Miss Jessie's 枕头软卷发中性乳液 8.5 盎司,182.06
CHANEL 香奈儿 身体凝胶和乳液 保湿 滋润 适合成人 维生素C 适合各种肤质,1138.28
"+ Lux 未过滤的Santal N°32 逐渐保湿自晒黑乳液 - 自晒黑乳液不会弄脏、条纹或污渍 - 逐渐自晒黑乳液,全年*光泽 - 自晒黑 畅销产品 素食、无麸质、无刺激性",410.32
Aveeno 艾惟诺 皮肤舒缓保湿乳液，舒缓肌肤，身体乳液，适用于非常干燥和敏感的皮肤护理，500ml,326.85
hansgrohe 汉斯格雅 洗涤剂/乳液分配器 厨房配件（圆形）镀铬,594.3
"World Amenities Bodyography blanc- 乳液 | 1 加仑,3.8 升 | 香草白茶补充乳液瓶带泵,适合所有肤质 - 1 加仑装",454.24
"Linco Care Calypso Sun Lotion SPF 50, 150ml",353.6
去角质身体乳液 - 12% 乳酸身体乳液。 提供温和的去角质，立即保湿，修复干燥裂纹皮肤状况和角蛋白石。,331.6
Cetraben 身体乳液 500ml 适合成人使用 1件装,371
ORIBE 定型乳液 创造直顺光滑造型 控制飞边与蓬松 142g 直发 男女通用,659.05
肌ラボ 極潤α ハリ乳液 140ml,388.99
UpSpring 用于检测乳液中酒精的Milkscreen 试纸 - 适合在家测试，简单的乳液酒精浸渍测试，2 分钟内获得准确结果，30 条试纸,189.96
Devoted Creations 乳白色美黑乳液 362ml,308.87
Keri Keri 原装日常干性皮肤*乳液，425g*3,376.62
Maui Babe - Browning 乳液 118ml,237.76
Molton Brown 身体乳液 轻度保湿 男女通用 无动物实验测试 300ml 1件装,219.56
Cetaphil 丝塔芙 身体乳液 保湿 226g*3 适合成人 甘油 烟酰胺 敏感肌肤,247.7
"iBodle 乳液 300 毫升 / 10.14 液体盎司 - 保湿保湿保湿乳液,含有机天然成分,适合儿童和成人,低致敏性,皮肤卓越",399.72
CHANEL 香奈儿 身体乳液 适合成人使用 适合干性肌肤,663.86
Tret-A(Retinaldehyde 0.15% 乳液 *高级*亮肤面部护理 15g,399.06
AmLactin 快速舒缓修复身体乳液，含神经酰胺，干性皮肤保湿乳液 ，泵瓶（两件装）（包装可能会有所不同）7.9 盎司/225 克 x 2,555.01
Noble Isle 保湿乳液 250ml 适合成人使用 1件装,397.38
草本乳液棒 - 柠檬香草 53.9g,249.01
CND 身体乳液 快速吸收的手部和身体乳液深层滋润皮肤 245ml 适合成人使用 绿茶 适合各种肤质 1件装,93.33
Bath & Body Works 身体乳液 236ml*3 维生素E,347.68
Amika 护发造型霜和乳液 轻柔控制卷发 200ml 卷发 男女通用,184.55
AmLactin 身体乳液 保湿 59ml 适合成人 乳酸 适合干性肌肤 6件装,159.33
"Crest *乳液免洗牙齿*护理,含*棒,0.8 盎司(25 克),0.8 盎司",204.58
Noodle & Boo 基础护理套装 乳液59ml+洗发水57ml+沐浴露59ml,130.1
Cureac 痤疮干燥乳液 - 30ml*4,234.61
Jergens 身体乳液 保湿 207ml*3适合成人 薰衣草 适合干性肌肤,168.1
Victoria's Secret Tease Crème Cloud 乳液,269.4
"Devoted Creations 发光, 褐色增强身体乳液 13.5 盎司 400ml",360.33
Molton Brown 身体乳液 持久留香 295ml 适合成人使用 柠檬酸 适合所有肤质 1件装,253.47
Bath & Body Works 香薰沐浴露和乳液套装 - 能量橙色 + 姜黄,420.7
Jergens 身体乳液 保湿 295ml*4 适合成人使用 玻尿酸 适合干性、敏感性肌肤,256.32
BIODERMA 法国贝德玛 ABCDerm - 冷霜身体霜 - 温和保湿霜 - 婴儿和儿童身体乳液,200.41
Cadence 旅行容器 - 身体护理胶囊套装 - 磁性旅行胶囊 - 适用于沐浴露、乳液、防晒霜 - 3 种弹性介质(1.3 盎司)带沐浴露、乳液和太阳图标标签 - 沙色,665.98
Ahava 身体乳液 紧致平滑老化迹象 4.1升 适合成人使用 维生素E 适合各种肤质 1件装,442.04
"Millennium Tanning 纯黑色特种储备 200X 美黑乳液,400ml*3",888.68
Baylis & Harding Goodness Oud、Cedar & Amber 护手和身体乳液 500ml,518.12
Estee Lauder 雅诗兰黛 身体乳液 使肌肤柔软 8.4盎司(约238.44克) 适合成人使用 适合敏感肌肤类型 1件装,522.03
Suave 丝华芙 身体乳液 补水 532ml 适合成人 维生素E 适合干性肌肤 6件装,287.09
"Crème Of Nature Argan Oil Foam Wrap Lotion, 207 ml, Clear",93.26
Sesderma 身体乳液 保湿 美白 13.5液体盎司(约400毫升) 适合成人 Tranexamic Acid 适合混合肤质 1件装,275.54
Olaplex 头发造型乳液 滋润头发 保湿头发 96ml 液体盎司 适合所有年龄段 女性,171.83
"36 件装干性皮肤乳液,男女身体乳液,送给妈妈的礼物,天然植物香味身体保湿霜,旅行装乳液散装,迷你保湿乳液,含乳木果油,女士水疗礼品 en,Mothers D。 ay 送给她的礼物,员工感谢礼物,父亲节礼物",243.82
"Dove 多芬男士+护理超保湿乳液,3 合 1 高级男士护肤,面霜,手部和身体乳液,适用于干性皮肤,75ml*12",298.57
Ginger Lily Farms 身体乳液 舒缓性 3780ml 适合成人 维生素E 适合干性肌肤 1件装,279.49
"Diptyque La Droguerie 皮革和木质护理乳液,含蜂蜡 8.5 盎司",557.15
Moroccanoil 定型乳液和发蜡 平复毛躁 296ml 所有发质 女性,389.56
Dr. Teal's Night Time Therapy Melatonin 身体乳液 - 226.8g*2 - 纯粹 Epsom 盐乳液，皮肤护理*和肌肉缓解,243.82
Jack Black 身体乳液 保湿 16.00液体盎司(约473毫升) 薰衣草 适合各种肤质 1件装,206.11
Hawaiian Tropic 丝滑保湿防晒乳液 SPF30，50 毫升，1 件,92.15
Evereden 婴儿沐浴 DUO:新生儿婴儿乳液和 2 合 1 新生儿洗发水和沐浴露套装 - 舒缓、清洁和保湿婴儿洗发水和乳液 身体乳251ml+润肤露251ml,373.85
"AmLactin 获奖必备护肤套装 - 日常滋养 12% 乳液,超平滑霜,足部修复霜和保湿袜 - 乳酸保湿霜礼品套装,适合全身皮肤更新 去角质保湿乳液225g+足部修复去角质保湿霜85g+超级平滑去角质保湿霜140g+袜子",279.64
St. Ives 身体乳液 保湿 适合成人 阿尔加油 适合各种肤质 621ml*4,238.56
Method 身体乳液 414ml 适合成人使用 适合所有肤质 1件装,124.84
Devoted Creations 蓝*诱惑室内和室外美黑乳液 362ml,348.12
Jurlique 茱莉蔻 手部乳液和霜 保湿 125ml 适合成人使用 适合所有肤质 1件装,241.41
"Ed Hardy 椰子之吻金美黑乳液,400ml",319.98
TIGI 提基 头发造型乳液 防热 保护 120ml 所有发质 男女通用,144.95
"EASACE 背部和身体乳液涂抹器,长手柄 21.5 英寸(约 54.6 厘米)可调节乳液滚筒,带 2 个备用滚筒(银色)",297.25
Kanebo 佳丽宝 身体乳液 保湿 125ml 适合成人使用 适合干性肌肤,764.05
Creme of Nature 头发造型乳液 增亮 298g 卷发 干性 男女通用,102.18
Lancaster 防晒油和乳液 使皮肤光滑 防水 适合干性肤质 142g,417.48
"Dove 多芬男士+护理超保湿面霜 – 多芬乳液,3 合 1 高级男士护肤,面霜,护手霜和身体乳液,适用于极度干燥的皮肤,适合所有肤质,150ml*6",115.55
Millennium Tanning Forever Dark 黑色哑光即时古铜色 晒黑乳液 400ml,372.82
"La Mer 护肤旅行装礼品套装保湿霜,再生精华,护理乳液,去角质油",1320.85
Burt's Bees 面部清洁乳液 236毫升 美白 适合各种肤质,89.17
Jurlique 茱莉蔻 手部乳液和霜 保湿 300ml 适合成人使用 适合所有肤质 1件装,210.5
Nuxe 身体乳液 滋润身体 400ml 适合成人 绿茶 干性肌肤 1件装,402.86
Jurlique 茱莉蔻 手部乳液和霜 保湿 295ml 适合成人使用 适合所有肤质 1件装,180.75
Jergens 身体乳液 621ml 适合成人 维生素 适合各种肤质 1件装,113.8
SHEA MOISTURE 定型乳液 控油 保湿 卷发效果增强 227g 卷发 女性,85.51
Malin + Goetz 维生素 B5 身体乳液 8.5 盎司/250 毫升,292.35
Avena Instituto Espanol 身体乳液 保湿 适合成人使用 干性肤质 500ml*2,138.58
Nivea 妮维雅 身体乳液 滋润 适合成人使用 杏仁油 甘油 适合干性肌肤 500ml*2,175.63
Penaten 身体凝胶和乳液 适合成人 适合敏感肌肤类型,57.33
Jack Black 身体乳液 快速吸收 473ml 适合成人使用 维生素E 适合干性肌肤 1件装,170.88
Jack Black 身体乳液 快速吸收 473ml 适合成人使用 维生素E 适合干性肌肤 1件装,170.88
St. Ives 身体乳液 保湿 21盎司(约595克) 适合成人 甘油 适合各种肤质 4件装,233.01
COLOR WOW 定型乳液 立即修复飞边头发 118ml 干燥、飞边 男女通用,153.19
wet n wild 彩妆保湿乳液 裸妆色调 保湿 27ml,83.78
"TEK - 灰木头皮按摩刷带,非常适合清洗空气和防脱发乳液,8.5 x 5 厘米",238.79
Topicrem 身体乳液 保湿 16.91液体盎司(约500ml) 适合成人使用 适合干性、敏感性肌肤 2件装,204.54
Aesop 身体乳液 滋润 滋养 100ml 适合成人使用 天竺葵叶 橘皮 1件装,462.94
Suave 丝华芙 身体乳液 抗衰老 532ml 适合成人 维生素E 适合所有肤质 6件装,237.03
Hadalabo Gokujun 高级透明质酸乳液 2020 年秋季革新 140mL,302.38
2 件套 Devoted Creations Blonde Obsession 室内美黑乳液古铜色 12.25 液体盎司,473.32
Millennium Tanning Products 纯黑褐色扩展超保湿保湿乳液 18 盎司(2 瓶装),443.65
Crabtree & Evelyn 甜杏仁油沐浴露和身体乳液 沐浴露500ml+身体护肤油500ml,434.44
Aveeno 艾惟诺 身体乳液 保湿 使皮肤光滑 6盎司 适合成人使用 水 丙三醇 适合敏感肌肤,259.83
Palmer's 可可脂按摩乳液，用于妊娠期皮肤护理| 8.5盎司/250ml,87.34
"SLMD by Dr. Pimple Popper | 乙醇酸身体乳液 | 去角质乳液适用于粗糙、凹凸的皮肤和皮肤容易进入 KP,内生毛发,剃须肿块 | 10% AHA - 178ml",319.4
OLAY 身体乳液 滋养 500ml 适合成人使用 适合中性肤质 1件装,123.08
keri 原装保湿洁乳液， softly 香味，高跟鞋，900 ml / 861.8 gram 4 Pack,553.06
Institut Esthederm 身体乳液 卸妆后补充滋润皮肤 200ml适合成人使用 适合各种肤质 1件装,242.48
"BEUKING 樱花面部乳液保湿精华,用于收缩毛孔皮肤日常护理,爽肤水乳液保湿修复面霜维生素 C 精华改善皮肤滋养面霜软化剂护肤",285.34
OLAY 身体乳液 保湿 532ml 适合成人使用 适合所有肤质 1件装,122.2
"Peter Thomas Roth 彼得罗夫 面部保湿乳液 美白适合成人使用 乳酸 适合各种肤质 1件装, 50ml/1.7 fl.oz",344.47
Minon Amino Moist Moist charge Lotion II (more moist type) 150mL,295.57
"Medix 5.5 摩洛哥坚果油 + 椰子油护肤套装保湿霜身体和面部乳液 | 紧致身体乳液套装减少皱纹、脂肪团、干性皮肤和不均匀肤色,444ml*2",324.66
Lubriderm 身体乳液 保湿 473ml 适合成人使用 甘油 适合干性肌肤 1件装,117.53
St. Ives 身体乳液 保湿 5 适合成人 大豆油和植物甘油 适合干性肌肤 621ml*4,193.54
Ricitos de Oro 婴儿乳液 保湿 适合成人使用 适合敏感肌肤 380ml*2,108.03
Maui Moisture 护发造型霜和乳液 滋润 340ml 卷发 螺旋卷发 男女通用,107.22
"Fiesta Sun Blackberry Blast 超黑美黑乳液,236毫升",264.29
Red Flower 身体乳液 深度滋润 300ml 适合成人使用 芦荟汁 鳄梨 适合所有肤质 1件装,236.44
Nivea Men 身体乳液 保湿 500ml 适合成人 甘油 适合干性肌肤 1件装,101.3
Devoted Creations 黑色天鹅绒抗橙哑光黑古铜色美黑乳液 362ml,378.96
肌研 极润 高级玻尿酸保湿乳液 140毫升,224.75
Carina Organics 身体乳液 保湿 250ml 适合成人使用 干性肤质 1件装,380.28
CeraVe 身体乳液 保湿滋润 平滑肌肤 237ml 适合青少年 水杨酸 干性肌肤 1件装,137.41
"Collectibles Peanuts 史努比肥皂/乳液/洗手液树脂泵分配器,10 盎司(约 283.8 克)(官方授权产品)",177.02
Molton Brown 身体乳液 轻盈滋润皮肤 1件装 适合成人使用 佛罗拉 适合中性肤质 1件装 300ml,213.64
Vaseline Intensive Care Essential 治愈乳液，100ml*2,200.19
Avena Instituto Espanol 身体乳液 保湿 500ml*2 适合成人使用 适合各种肤质,137.85
Briogeo 头发造型乳液 防热 保护 113g 所有发质 男女通用,312.45
Biotherm 碧欧泉 男士活源紧致抗衰老乳液 200ml 补水保湿 生日礼物送男友,394.68
Lubriderm 身体乳液 保湿 236ml 适合成人使用 甘油 适合中性肤质 3件装,573.3
"312g Optiphen 防腐剂 - 油溶性天然防腐剂,Optiphen 适合制作肥皂、护发素、乳液、面霜等",376.48
"Puffs Plus 乳液面部纸巾,10 块,每盒 56 张纸巾(包装可能有所不同)",418.43
Pili 硫磺乳液。 Loción azufrada。 有助于控制油性皮肤。,225.18
Mustela 妙思乐 Hydra Bebe身体乳液，适合一般皮肤，300ml,254.01
Rose of Bulgaria 身体乳液 维生素E 适合干性肌肤,219.05
Weleda 维蕾德 身体乳液 美白 适合成人使用 乳酸 适合各种肤质 1件装 150ml,158.09
SHEA MOISTURE 护发造型霜和乳液 保湿 增强卷曲 控油防毛躁 轻盈 340克 卷发 粗发 男女通用,92.68
Burt's Bees 婴儿乳液 低过敏性 170g 适合成人使用 薰衣草 适合所有肤质 3件装,218.1
Neutrogena 露得清 身体凝胶和乳液 240g玻尿酸 适合干性肌肤 1件装,94.14
Suave 丝华芙 身体乳液 舒缓 532ml 适合成人 卡普里酰甘油 卡波姆 适合干性肌肤 6件装,296.81
Jack Black 身体乳液 快速渗透的凉爽身体乳液 16液体盎司(约473毫升) 适合成人使用 维生素E 适合正常肌肤 1件装,233.88
Schwarzkopf 施华蔻 Igora Royal Vibrance Activator 乳液 4% 13 卷 1 升,303.43
"TRISWIM 儿童游泳皂和乳液套装 8 液体盎司(约 251.4 毫升)| 无泪 2 合 1 儿童游泳洗发水去除氯/沐浴露和保湿乳液套装 | 温和氯溶液,适合儿童清洁",375.97
"Mary&May 维生素C + 双歧杆菌乳液,适用于所有肤质的维生素乳液,密集提亮肌肤,改善肤色和质地的外观 4.2 液盎司",286.42
Lubriderm 身体乳液 补水 473ml 适合成人 含有神经酰胺 适合干性肌肤 6件装,350.39
Jergens 身体乳液 保湿 384ml 适合成人使用 甘油 适合各种肤质 1件装,107.15
OLAY 身体乳液 滋润 502ml 适合成人使用 视黄醇 适合中性肤质 1件装,110.29
"Advanced Clinicals 视黄醇身体乳液 + 紧致胶原蛋白身体油 2 件套 | 无香料视黄醇面部乳液 + 胶原蛋白按摩身体油 | 视黄醇霜绉纱皮肤护理,2 件套",307.56
Ahava 身体乳液 提供滋润和平滑 营养皮肤 3.4盎司(约96.9克) 适合成人使用 乳酸 适合各种肤质 1件装,275.91
Collagenetics 2 合 1 Pro Red Light Therapy Prep 美黑乳液,298.27
Old Spice 身体乳液 保湿 473ml 适合成人使用 适合所有肤质 1件装,108.76
NuFACE 面霜和保湿乳液 临床证明可提供持续24小时的即时和长效保湿 97.6ml,532.74
Old Spice 身体乳液 保湿 473ml 适合成人使用 适合所有肤质 1件装,107.59
Neutrogena 露得清 身体乳液 453g*2 适合成人使用 适合各种肤质 含有玻尿酸 2件装,184.62
Keri 原装*保湿乳液，柔滑香味，泵，900 毫升/30.4 盎司,259.39
Old Spice 身体乳液 保湿 适合成人 椰子油 薰衣草 适合各种肤质 473ml*4,374.07
Victoria's Secret 身体乳液 226g 适合成人使用 1件装,258.07
Neutrogena 露得清 身体乳液 保湿 399ml*3 适合成人使用 薄荷醇 适合干性肌肤 3件装,496.93
2 Ed Hardy 椰子亲吻皮肤软化金色室内紫外线床美黑乳液 400ml*2,423.11
One Love Organics 身体凝胶和乳液 保湿 适合成人 椰子 适合中性肤质 60g,423.91
GUERLAIN 娇兰 身体乳液 滋润肌肤 5.0盎司(约141.75克) 适合成人使用 适合各种肤质,643.54
"European Gold Dark Star 5000X 室内美黑乳液,354ml",223.36
L'OCCITANE 欧舒丹 身体乳液 软化皮肤 29.6ml 成人 乳木果脂 适合各种肤质 1件装,202.67
Yes To 面部清洁乳液 舒缓 男女通用 6液体盎司(约177.9 ml) 1件装,95.75
Le Petit Olivier 身体乳液 保湿 滋润 柔软 250ml 适合成人使用 绿茶 适合油性肤质,145.74
Eucerin 身体凝胶和乳液 保湿 226g 适合成人使用 乳酸 适合干性肌肤 1件装,106.64
Vaseline 身体乳液 提供滋润保湿 20.3液体盎司(约600毫升) 适合成人使用 甘油 适合中性肤质 4件装,247.48
everyone for every body 身体乳液 滋养 32液量盎司 适合成人使用 维生素E 适合干性肤质 2件装,247.19
StriVectin 面部保湿乳液 明显减少细纹 深层皱纹 1.7液体盎司(约50.5 ml) 适合成人使用 玻尿酸 适合各种肤质 1件装,430.86
