product,price
"SUNGBOON EDITOR 官方深层胶原蛋白面膜 (1ea) | TikTok Trend 商品 | 真正胶原蛋白 2,160,000PPB 弹性 | 保湿胶原蛋白面膜 | 韩国皮肤护理 37g",100
L'Oréal 欧莱雅 Série Expert Absolute Golden 面膜,100
Neutrogena 露得清 面膜 男女通用 补水 滋养 保湿 塑形 含透明质酸 补水 30g*12片,100
WFWJ 面部护理面膜 旅行装 细纹护理,100
"Macadamia Professional Natural Oil 深层修复面膜,470 ml",100
OLAY 面膜 女性 干燥 含乳木果油 滋润 100ml,100
"Garnier 卡尼尔降临日历,布口罩套装,带面膜的美容套装,适用于Hydra Bomb 和 SkinActive,1 x 12 口罩",100
NILUTO 深层胶原蛋白抗皱提升面膜 生物胶原蛋白面膜 生物胶原蛋白深层胶原蛋白面膜 抗皱面膜 深层提升胶原蛋白面膜 36g*8片,100
Natura Bissé Inhibit Tensolift 颈部面膜 15ml*1片,100
Doctor BABOR 芭宝 Cryo Plumping 面膜 清新滋养面膜 24 小时即时保湿 | 光滑和紧致肌肤 | 纯植物性 | 1 件,100
Moroccanoil 护发面膜 深层滋养 16.9液体盎司 适合成人 女性 深层滋养 重建发质强度 恢复弹性,100
NOW Foods 面部护理面膜 男女通用 适用于油性肌肤 临床测试 清洁 312g,100
Natura Bissé Inhibit Tensolift 颈部面膜 15ml*1片,100
Doctor BABOR 芭宝 Cryo Plumping 面膜 清新滋养面膜 24 小时即时保湿 | 光滑和紧致肌肤 | 纯植物性 | 1 件,100
Moroccanoil 护发面膜 深层滋养 16.9液体盎司 适合成人 女性 深层滋养 重建发质强度 恢复弹性,100
NOW Foods 面部护理面膜 男女通用 适用于油性肌肤 临床测试 清洁 312g,100
Lumene 面膜 女性 平滑肌肤 美白 提供维生素 去角质 天然成分 光滑肌肤 150ml,100
Yes To 面膜 男女通用 补水 舒缓 补水 软化肌肤 舒缓 3液体盎司(约89毫升),100
"Grown Alchemist 抗衰老修复凝胶面膜(75 毫升/3.5 盎司),抗衰老肽面膜,保湿,紧致和抗皱",100
MENOKIN 面部护理面膜 女性 保湿 提供维生素 快速修复面膜 亮肤 1件装 95ml,100
"Mediheal Essential HERO 30 片装(胶原蛋白、茶树、Madecassoside)| 韩国护肤面膜组合,保湿,舒缓瑕疵",100
"BIODANCE 生物胶原蛋白深层面膜,保湿隔夜水凝胶面膜,缩小毛孔,改善弹性,34g x4ea",100
"medicube 姜黄隔夜包装去皮面膜 - 用水解胶原蛋白滋养暗淡、不均匀的皮肤,令肌肤焕发光泽,提高弹性。韩国护肤,75ml",100
"YEAღ SMOOTHIE 巴西莓面膜,石榴,视黄醇 - 保湿面膜,密集护理,光彩照人 - 100% 可生物降解 - 1 件装",100
Freeman 面部护理面膜 女性 排毒 无动物实验测试 舒缓 175ml,100
"Insutam 前额抗皱贴片:夜间面部皱纹贴片,提升女士微笑线条 12prs",100
Guinot 面膜 男女通用 水疗 深层补水滋润面膜 补水滋润 50ml,100
"ELEMIS 动态换肤凝胶面膜 ,50ml",100
FarmHouse Fresh 面膜 三合一面膜套装 提供光泽、补水和紧致效果 29.5ml*3,100
Fresh 面膜 女性 无香料 30ml*2,100
FarmHouse Fresh 面膜 三合一面膜套装 提供光泽、补水和紧致效果 29.5ml*3,100
Fresh 面膜 女性 无香料 30ml*2,100
"VESPRO 25g*100片 胶原蛋白精华面膜,面膜护肤,保湿面膜,适合所有肤质,保湿舒缓,自然护肤水疗面膜",100
"保湿面膜保湿面膜护肤面膜,透明质酸面膜,含维生素B5,女士面膜,面膜,*面膜,25g*10",100
"Amika 护发面膜 此修复面膜可减少断裂,防止损坏,并加强发丝 16.0液体盎司 适合成人 女性",100
Sisley 希思黎 Express Flower Gel 保湿护理面膜-60毫升,100
Fanola Wonder 卷发面膜 1000毫升,100
Nexxus 护发面膜 30.0 液体盎司 适合成人 女性 滋润,100
"ANAiRUi 姜黄粘土面膜 - 绿茶*粘土面膜 - 死海矿物质泥面膜,水疗面膜套装,70g*3",100
"面膜去角质专业海藻酸盐面膜,含茶树油薄荷,用于清洁面部天然化妆品SPA质量清洁面膜,适用于所有皮肤类型8 * 30克.",100
"SUNGBOON EDITOR 官方深层胶原蛋白面膜 (1ea) | TikTok Trend 商品 | 真正胶原蛋白 2,160,000PPB 弹性 | 保湿胶原蛋白面膜 | 韩国皮肤护理 37g",100
L'Oréal 欧莱雅 Série Expert Absolute Golden 面膜,100
Neutrogena 露得清 面膜 男女通用 补水 滋养 保湿 塑形 含透明质酸 补水 30g*12片,100
WFWJ 面部护理面膜 旅行装 细纹护理,100
"Macadamia Professional Natural Oil 深层修复面膜,470 ml",100
OLAY 面膜 女性 干燥 含乳木果油 滋润 100ml,100
"Garnier 卡尼尔降临日历,布口罩套装,带面膜的美容套装,适用于Hydra Bomb 和 SkinActive,1 x 12 口罩",100
NILUTO 深层胶原蛋白抗皱提升面膜 生物胶原蛋白面膜 生物胶原蛋白深层胶原蛋白面膜 抗皱面膜 深层提升胶原蛋白面膜 36g*8片,100
Natura Bissé Inhibit Tensolift 颈部面膜 15ml*1片,100
Doctor BABOR 芭宝 Cryo Plumping 面膜 清新滋养面膜 24 小时即时保湿 | 光滑和紧致肌肤 | 纯植物性 | 1 件,100
Lumene 面膜 女性 平滑肌肤 美白 提供维生素 去角质 天然成分 光滑肌肤 150ml,100
Yes To 面膜 男女通用 补水 舒缓 补水 软化肌肤 舒缓 3液体盎司(约89毫升),100
"Fokiabin 果冻面膜适用于面部专业天然凝胶面膜,亮白保湿橡胶面膜,650g罐装面膜护肤(保加利亚玫瑰)",100
"Naturally 修复胶原蛋白面膜,含5 张面膜 25g*5片",100
"Grown Alchemist 抗衰老修复凝胶面膜(75 毫升/3.5 盎司),抗衰老肽面膜,保湿,紧致和抗皱",100
MENOKIN 面部护理面膜 女性 保湿 提供维生素 快速修复面膜 亮肤 1件装 95ml,100
"Mediheal Essential HERO 30 片装(胶原蛋白、茶树、Madecassoside)| 韩国护肤面膜组合,保湿,舒缓瑕疵",100
"BIODANCE 生物胶原蛋白深层面膜,保湿隔夜水凝胶面膜,缩小毛孔,改善弹性,34g x4ea",100
"medicube 姜黄隔夜包装去皮面膜 - 用水解胶原蛋白滋养暗淡、不均匀的皮肤,令肌肤焕发光泽,提高弹性。韩国护肤,75ml",100
"YEAღ SMOOTHIE 巴西莓面膜,石榴,视黄醇 - 保湿面膜,密集护理,光彩照人 - 100% 可生物降解 - 1 件装",100
Guinot 面膜 男女通用 水疗 深层补水滋润面膜 补水滋润 50ml,100
"ELEMIS 动态换肤凝胶面膜 ,50ml",100
FarmHouse Fresh 面膜 三合一面膜套装 提供光泽、补水和紧致效果 29.5ml*3,100
Fresh 面膜 女性 无香料 30ml*2,100
FarmHouse Fresh 面膜 三合一面膜套装 提供光泽、补水和紧致效果 29.5ml*3,100
Fresh 面膜 女性 无香料 30ml*2,100
"VESPRO 25g*100片 胶原蛋白精华面膜,面膜护肤,保湿面膜,适合所有肤质,保湿舒缓,自然护肤水疗面膜",100
"保湿面膜保湿面膜护肤面膜,透明质酸面膜,含维生素B5,女士面膜,面膜,*面膜,25g*10",100
"Amika 护发面膜 此修复面膜可减少断裂,防止损坏,并加强发丝 16.0液体盎司 适合成人 女性",100
Sisley 希思黎 Express Flower Gel 保湿护理面膜-60毫升,100
Fanola Wonder 卷发面膜 1000毫升,100
Nexxus 护发面膜 30.0 液体盎司 适合成人 女性 滋润,100
"ANAiRUi 姜黄粘土面膜 - 绿茶*粘土面膜 - 死海矿物质泥面膜,水疗面膜套装,70g*3",100
"面膜去角质专业海藻酸盐面膜,含茶树油薄荷,用于清洁面部天然化妆品SPA质量清洁面膜,适用于所有皮肤类型8 * 30克.",100
Babor 芭宝 SKINOVAGE 活力面膜 专为疲倦暗沉肌肤设计 富含维生素C的保湿面膜 植物配方 50毫升,100
"ANAiRUi 姜黄粘土面膜 - 绿茶*粘土面膜 - 死海矿物质泥面膜,水疗面膜套装,70g*3",100
"面膜去角质专业海藻酸盐面膜,含茶树油薄荷,用于清洁面部天然化妆品SPA质量清洁面膜,适用于所有皮肤类型8 * 30克.",100
Babor 芭宝 SKINOVAGE 活力面膜 专为疲倦暗沉肌肤设计 富含维生素C的保湿面膜 植物配方 50毫升,100
Schaebens 保湿面膜，100ml|5ml*2份*10件,100
SHEA MOISTURE 护发面膜 无动物实验测试 325ml 适合成人使用 女性 修复受损发质,100
ESPA | 等渗保湿面膜 | 55毫升,100
Perricone MD 面部护理面膜 无香型 提供强大的补水 59ml,100
"RtLvio LED 面膜光疗,7 色 LED 光疗面膜,适用于面部皮肤护理,彩色 LED 美容面膜,LED 面膜治疗面部,",100
"SUERBEATY 红光面膜,7-1 色红光面部,红蓝光面膜,面部皮肤护理面膜,女士礼品,无绳,便携,可充电",100
Perricone MD 面部护理面膜 男女通用 保湿 柔滑 无动物实验测试 提供即时和持久的保湿 59ml,100
Caudalie VinoHydra 保湿面膜,100
Quality 1st The Derma 敏感面膜-30张-Cica,100
DECLÉOR 面部护理面膜 男女通用 50ml,100
"Karuna Hit Rewind 抗皱修护面膜和贴片套装,包括 2 个保湿面膜、2 个抗衰老面膜和 4 个微针贴片",100
"Mediheal Dermaplus 芦荟面膜(10 片) - 日常纯素面膜,含泛醇和透明质酸,韩国自我护肤面膜面膜 22ml*10片",100
"PROcure Rosacare 舒缓面膜,含透明质酸水凝胶,适用于酒糟鼻症状,25ml*5",100
Dermaroller 丝质面膜强效透明质酸保湿霜含 Matriyxl 3000 生育酚提升胶原蛋白保湿干性皮肤减少细纹皱纹一次性面膜 18ml*5片,100
"Baysea 僵尸面膜 - 僵尸面膜皮肤护理,僵尸洗净面膜,保湿护肤面膜,用于平滑皮肤修复,毛孔收紧和提升深层清洁粘土泥面膜 7.5g*8",100
"JunKuJK 20 片保湿面膜,保湿面膜护肤礼品套装,提亮持久面膜护肤和面膜套装,适合所有肤质",100
Annmarie Skin Care 面膜 男女通用 补水 舒缓 滋养 提供氨基酸 非转基因 补水滋润干燥肌肤 1件装,100
"JunKuJK 20 片保湿面膜,保湿面膜护肤礼品套装,提亮持久面膜护肤和面膜套装,适合所有肤质",100
Annmarie Skin Care 面膜 男女通用 补水 舒缓 滋养 提供氨基酸 非转基因 补水滋润干燥肌肤 1件装,100
"AAVRANI 发光活化去角质 – 无污渍姜黄面膜,含芦荟、荷荷巴、乳木果、薰衣草和印度楝 – 去角质粘土面膜,适用于痤疮、黑斑和深层毛孔清洁,50ml(新)",100
"+WIS+ 密集保湿面膜,光滑面膜,25g*24片,深层保湿,含透明质酸,控油,收缩毛孔紧致抗衰老胶原蛋白",100
"面膜护肤,粘土面膜套装,姜黄,绿茶,死海泥,玫瑰,24K 金,茄子,鳄梨,面膜深层毛孔清洁祛痘,男女泥面膜。 5g*20",100
"Naturally 30 种混合装,适用于面部 5 张面膜,1 件",100
ISTON 面膜 男女通用 面部护理 弹性 补水 6件,100
"SUERBEATY 面部护理面膜 男女通用 使用前请先洗脸,使用后请涂抹保湿面膜和护肤品。建议每周使用3-4次,最佳每隔一天使用15-20分钟。 240颗灯珠 7色光 无线设计 轻便 均匀肤色 1件装",100
"黑头去除面膜套装,木炭去角质面膜,带面膜刷和痘痘提取剂,深层清洁面膜适用于面部鼻黑头粉刺,适合所有肤质 100g",100
"nvyue 金色去角质面膜,98.4% 金色去角质面膜,抗衰老金面膜用于保湿去除黑头,减少细纹,清洁毛孔",100
"ulluxe 面膜套装 - 维生素 C 姜黄粘土面膜,死海泥和水杨酸面膜,用于清洁毛孔、黑头、黑斑和提亮肤色,面膜护肤,女士礼品套装 80g*3",100
"Princess Pippa's Place 保加利亚玫瑰果冻面膜粉 - 果冻面膜可剥离 - 保湿、保湿、抗衰老果冻面膜,适用于面部光泽和容光焕发肌肤 - 300 克/10.5 盎司",100
"【OBS Lab 】10 片-组合超保湿精华面膜(共 10 片),韩国面膜,护肤保湿 20ml*10片",100
"WELLDERMA 高级蓝宝石胶原蛋白贴合面膜 25g*4片 抗衰老胶原蛋白水凝胶面膜,保湿和光泽护理,密集抗皱紧致",100
"Jutqut 淡水珍珠粉有机,100g 100% 天然珍珠粉,有机珍珠粉,DIY 护肤 — DIY 抗氧化,保湿,收缩毛孔,抗衰老面膜,珍珠粉补充剂",100
"导电凝胶 – 韩国配方专利,这款凝胶底漆也可用作面膜,营养密集成分,胶原蛋白,多种提取物从韩国进口。 非常适合您的微电流设备 200ml",100
YG LianKai 面部护理面膜 男女通用 金色撕拉式面膜抗皱抗衰老金色面膜补水去黑头减少细纹清洁毛孔 清洁 80g*2,100
YG LianKai 面部护理面膜 男女通用 旅行装 去黑头 15ml,100
WENJLYJ 面部护理面膜 无动物实验测试 120g,100
"L'Oréal Paris 巴黎欧莱雅 护肤纯粘土面膜,含桉树,适用于油性和光泽肌肤,净化和哑光,1.7 盎司(约 48.2 克)(1 件装)",100
Elizavecca 面部护理面膜 男女通用 清洁 排毒 去角质 天然成分 清洁 100片装 100ml,100
COSRX 面膜 女性 补水 无动物实验 三重透明质酸补水 0.67液体盎司(约20毫升),100
"面部前额抗皱贴片:面部平滑硅胶面膜 - 眼部间线条矫正治疗 - 抗衰老隔夜胶带,160 片",100
"Talika Wonder Patch - 光滑前额贴片,滋润、光滑、紧致肌肤。天然生物纤维素面膜,适合所有肤质,含透明质酸",100
Elizavecca 面部护理面膜 男女通用 清洁 排毒 去角质 天然成分 清洁 100片装 100ml,100
COSRX 面膜 女性 补水 无动物实验 三重透明质酸补水 0.67液体盎司(约20毫升),100
"面部前额抗皱贴片:面部平滑硅胶面膜 - 眼部间线条矫正治疗 - 抗衰老隔夜胶带,160 片",100
"Talika Wonder Patch - 光滑前额贴片,滋润、光滑、紧致肌肤。天然生物纤维素面膜,适合所有肤质,含透明质酸",100
"Garnier 卡尼尔布面膜,适用于淡皮肤的面膜,发光和保湿,含透明质酸和樱花,Hydra Bomb,5 x 28克",100
scash 7 盎司(约 198.4 克)200 克 100% 天然纯 Chandan 檀香粉 适用于口罩包装 崇拜吉祥场合,100
"Hebhac Herbs 死海泥粘土粉,适用于男士和女士-114 克 - 天然洁面乳,紧致皮肤,黑头去除剂 - 天然泥浆粘土粉",100
"AUSLKA 男式前额皱纹贴片 24 片 - 前额皱纹治疗,抗皱贴片,含芦荟,胶原蛋白",100
AYURVEDASHREE 死海泥 100 克 | 滋养去角质软化和排毒皮肤 | 干粘土粉 | 100% 纯死海泥粉 | 皮肤护理 | 面膜,100
"Salthouse 死海治疗矿物和愈合粘土面膜,含锌和死海矿物泥,净化、清洁和舒缓,2 x 7 毫升",100
"YHOVID前额皱纹贴片 - 抗皱面部贴片,含胶原蛋白和维生素 E ,适合夜间面部平滑细纹及皱纹护理 5g*36片",100
Katase 面膜 女性 面膜 旅行装 清洁 2.3盎司(约65.52克),100
Sisley 希思黎 黑玫瑰面膜 60ml,100
"Guerlain Super Aqua 布面膜,40毫升",100
OUIDAD 护发面膜 增强 311ml 适合成人使用 女性 保湿面膜具有增强效果,100
BioClarity 面膜 男女通用 面膜 面膜 维生素C,100
"Phyto Phytodensia 液体丰满面膜,5.2 盎司",100
NILUTO 深层胶原蛋白抗皱提升面膜 生物胶原蛋白面膜 生物胶原蛋白深层胶原蛋白面膜 抗皱面膜 深层提升胶原蛋白面膜 36g*8片,100
Peter Thomas Roth 24K 金面膜 50 毫升,100
"ENDOCARE 去角质和清洁面膜,8470001693952 2ml*30",100
TONYMOLY 面膜 男女通用 滋润 滋润肌肤 芦荟面膜滋润干燥肌肤 1件装,100
FILORGA 菲洛嘉 面膜 男女通用 无动物实验 75ml,100
"KOSE Clear Turn Vita CICA 面膜 大容量型 517ml, 共40片 面膜 面膜 毛孔 暗沉 对策",100
Wella Professionals 头发护理面膜 适合成人使用 男女通用 专业修复面膜 143g,100
Kerastase 阻力面膜 Force Architecte 重塑面膜，6.8 盎司（约 192.8克） 6.8盎司,100
Oskia 文艺复兴时期面膜(50毫升),100
ELEMIS 艾丽美 Peptide4 四重肽丰盈滋养睡眠面膜，50毫升,100
"ANAI RUI 姜黄维生素 C 粘土面膜 - 玫瑰面膜 - 鳄梨绿茶泥面膜,SPA 面膜套装 粘土面膜70g+玫瑰面膜70g+鳄梨绿茶泥面70g+刷子",100
"L'Oréal Paris 巴黎欧莱雅 面膜,含维生素 C 和水杨酸,即时光泽精华液面膜,Revitalift Clinical, 26g*6片",100
LANEIGE 面膜 男女通用 补水 舒缓 滋养 隔夜 无过敏原隔夜面膜增强水分屏障 2.04液体盎司(约60毫升),100
"Institut Esthederm 密集透明质酸面膜 保湿 去皱,75ml",100
FOREO UFO 智能面膜护理仪，珍珠粉，只需90秒即可完成面膜护理，拥有加热、冷却、LED光疗和声波脉动技术，可连接智能手机app,100
"Institut Esthederm 密集透明质酸面膜 保湿 去皱,75ml",100
FOREO UFO 智能面膜护理仪，珍珠粉，只需90秒即可完成面膜护理，拥有加热、冷却、LED光疗和声波脉动技术，可连接智能手机app,100
KOSE 高丝 Clear Turn 美肌职人 蜂蜜面膜 大容量 面膜 30枚,100
Dior 迪奥 面膜 男女通用 保湿 无动物实验 肌肤平滑 79ml,100
DOCTORCOS *提升皮肤面膜套装 | 硅胶面膜 + 面膜安瓿(3.3 盎司) + 填充皱纹霜(1.6 盎司) | *部提升套装 | 颈部和眼部提升 | 韩国皮肤护理,100
Peter Thomas Roth彼得罗夫24K黄金面膜 助肌肤提升紧致亮泽 150ml,100
优质1st Derma Laser VC100面膜白色7张,100
Kanebo 佳丽宝 面膜 女性 滋润 2.62盎司(约74.5克),100
L’ANZA 护发面膜 修复头发 200ml 适合成人 女性 重建头发强度 提供轻松顺滑,100
LANEIGE Bella 原创唇部睡眠面膜晚霜 20 克,100
"Genabelle Glutathione 亮肤安瓶面膜 - 轻盈,密集亮肤面膜 25ml*5片",100
Kanebo 佳丽宝 面膜 女性 滋润 2.62盎司(约74.5克),100
L’ANZA 护发面膜 修复头发 200ml 适合成人 女性 重建头发强度 提供轻松顺滑,100
LANEIGE Bella 原创唇部睡眠面膜晚霜 20 克,100
"Genabelle Glutathione 亮肤安瓶面膜 - 轻盈,密集亮肤面膜 25ml*5片",100
SkinMedica 面膜 男女通用 专业护肤品 水凝胶技术减少眼部浮肿 1件装，1.17g*12片,100
Wella Professionals 护发面膜 滋养 500ml 适合成人 男女通用 修复受损,100
PROOT 紧肤一体式洗脸提拉面膜 含 Hyalpol 基质抗衰 管状长效面膜 旅行 友好型,100
Andalou Naturals 面膜 男女通用 抗氧化 紧肤 50g,100
Davines 护发面膜 滋养并修护干燥受损的头发 248ml 成人适用 男女通用,100
AHAVA Time To Treat 面部更新***护肤面膜 100 毫升,100
"THESAEM Cica 舒缓面膜 350g, 30片 - 日常*面膜 - 积雪草、透明质酸和泛醇 - 保湿精华 含素食片 - 韩国护肤",100
"ANAIRUI 姜黄维生素 C 粘土面膜,适用于*和黑斑,维生素 C 和 E 粘土面膜,适用于黑头、毛孔、皱纹、细纹、保湿、洁肤面膜,120g",100
L’Oréal Paris 护发面膜 佛手柑香 144ml 1件装,100
"ANAIRUI 姜黄维生素 C 粘土面膜,适用于*和黑斑,维生素 C 和 E 粘土面膜,适用于黑头、毛孔、皱纹、细纹、保湿、洁肤面膜,120g",100
L’Oréal Paris 护发面膜 佛手柑香 144ml 1件装,100
Talika 面膜 女性 补水 舒缓 创新面膜补水柔软 补水柔软 0.71盎司(约20克),100
natureofthings 补充营养的隔夜面膜。令肌肤焕然一新、紧致和保湿。 30ml,100
Burt's Bees 面膜 男女通用 补水 天然成分 补水 6盒,100
Wella Professionals 护发面膜 保湿 500ml 适合成人使用 男女通用 加深发色,100
PURE ORIGINAL INGREDIENTS 面膜 男女通用 舒缓 舒缓,100
"APPTI 双 V 形下巴减速器面部提升面膜,紧致紧致面膜下巴补丁 V 字型提升面膜,适用于女士男士面部和颈部苗条 25g*5片",100
Shiseido 资生堂 去角质和清洁面膜 1 件（1x 125 毫升）,100
Aphrona LED 面部皮肤护理光子面膜，FDA批准-蓝光，红光（白色）,100
Natura Bissé 面膜 男女通用 无动物实验测试 有助于紧致更新滋润皮肤改善整体外观 75ml,100
SpaLife 神话般水果面膜系列 23g*24片,100
KOSE 高丝 Clear Turn 超浓郁保湿 面膜 EX 単品,100
Natura Bissé 悦碧施均衡洁肤清洁面膜，75毫升,100
U-NEED 100 片韩国面膜(10 种 x 10 片)天然面膜 | 天丝 | 皮肤护理 | 韩国制造 | 保湿和紧致 | 皮肤亮肤和色素平衡,100
Guinot 面膜 深层滋润干燥暗沉肌肤 营造健康光泽 适合干性肌肤 50ml 1件装,100
Medavita Lunghezze 角蛋白奇迹时尚发膜 150毫升 - 光滑面膜,100
Guinot 面膜 深层滋润干燥暗沉肌肤 营造健康光泽 适合干性肌肤 50ml 1件装,100
Medavita Lunghezze 角蛋白奇迹时尚发膜 150毫升 - 光滑面膜,100
"WIS 透明质酸精华全脸面膜,深层保湿*精华保湿面膜,适用于暗沉干燥皮肤护理,抗皱和细纹,24 个组合装",100
Hada Labo Tokyo 面膜 通用 补水 抗皱 塑形 抗衰老,100
Perricone MD 面膜 男女通用 专业护肤 改善提亮肤质 净化细化毛孔 2液体盎司(约59毫升),100
Aveeno 艾惟诺 脚面膜 通用 脚 无香料 滋润 保湿,100
FILORGA 菲洛嘉 面膜 女性 撕开小包敷在脸上15分钟后取下按摩吸收精华液 每周一次或两次 提拉效果面膜 平滑肌肤滋润效果更年轻 20ml,100
AXIS-Y 面部护理面膜 男女通用 去角质 100ml,100
Sisley 希思黎 面膜 男女通用 去角质 西思雅深层清洁 57g,100
"Karuna Hydrating+ 护手面膜,奶油油注入手面膜,含山茶花,重新*-1 个计数",100
MINON 氨基酸保湿补水面膜 舒缓修护 22mL×4枚|4片共88ml,100
Raya 叶绿素面膜 (607) | 适合所有皮肤的紧致面部护理面膜 | 有助于减少细纹和皱纹 60ml,100
FACETORY 面膜 通用 滋润 舒缓 活力 养颜 不测试动物 保湿,100
Hadabisei Kracie 面膜 3D *保湿霜|4片共120ml,100
THALGO 面膜 男女通用 专业沙龙和水疗中心 干敏正油性肌肤 填充细纹 1.69液体盎司(约50毫升),100
Maui Moisture 护发面膜 保湿 340毫升 适合成人使用 男女通用 保湿,100
Garnier SkinActive Black Skin 常规面部护理套装含黑色面膜、胶束爽肤水和 AHA BHA 精华，1 件。,100
AHC Hydra Soother 纤维素面膜(5 片),100
Garnier SkinActive Black Skin 常规面部护理套装含黑色面膜、胶束爽肤水和 AHA BHA 精华，1 件。,100
AHC Hydra Soother 纤维素面膜(5 片),100
OGX 护发面膜 6.0 液体盎司 适合成人 女性 滋润,100
Neutrogena 露得清 面膜 通用 补水 补水 补水补充水分护肤保湿,100
Aveeno 艾惟诺 手面膜 男女通用 保湿 无油 保湿 1盎司(约28.35克),100
Aveda 护发面膜 无动物实验测试 434ml 适合成人使用 女性 护理,100
LANEIGE 唇部*面膜 - 甜糖 20g,100
Queen's Premium Mask 快速保湿救援面膜|4片共35ml,100
L'OREAL PROFESSIONNEL PARIS 护发面膜 滋润 240ml 液体盎司 适合成人使用 男女通用 深层滋润发丝,100
Argan Magic 护发面膜 滋养 12.0盎司 适合成人 男女通用 保湿,100
"ANAI RUI 姜黄面膜,含木刷的维生素C粘土面膜,用于*、改善毛孔、容光焕发、光滑肌肤,6.7盎司(约180克)",100
Smoothies 面膜贴 通用 无刺激性 帮助抚平额头皱纹,100
L'OREAL PROFESSIONNEL PARIS 护发面膜 滋润 240ml 液体盎司 适合成人使用 男女通用 深层滋润发丝,100
Argan Magic 护发面膜 滋养 12.0盎司 适合成人 男女通用 保湿,100
"ANAI RUI 姜黄面膜,含木刷的维生素C粘土面膜,用于*、改善毛孔、容光焕发、光滑肌肤,6.7盎司(约180克)",100
Smoothies 面膜贴 通用 无刺激性 帮助抚平额头皱纹,100
MISEDI 面部护理面膜 男女通用 轻便 28g,100
SHVYOG 面膜 男女通用 抗衰老 无动物测试,100
"Macadamia Professional 护发面膜 适合中至粗发质的滋养保湿面膜 8.0 液体盎司 成人适用 男女通用 使头发顺滑丝滑,无毛躁。改善头发健康,增加光泽和弹性",100
The Mane Choice 护发面膜 滋润 12.0液体盎司 适合成人使用 男女通用 滋润皮肤,100
"Omer 中性 成人 Apnoe 单玻璃面膜,黑色镜面镜片,均码",100
"Dr. Scholl's 超去角质足部面膜,温和去皮软化,1 对一脚蹬短靴足部面膜 1.5 盎司",100
"Omer 中性 成人 Apnoe 单玻璃面膜,黑色镜面镜片,均码",100
"Dr. Scholl's 超去角质足部面膜,温和去皮软化,1 对一脚蹬短靴足部面膜 1.5 盎司",100
L’Oréal Paris 面膜 男女通用 清洁 排毒 平滑 48g,100
Mario Badescu Skin Care 面膜 男女通用 皮肤科学 清洁毛孔不致干燥 提拉皮肤,100
"2N V 线面部紧致面膜,面部修身脸颊面膜,双下巴减速器,可重复使用的下巴提升面膜,带绷带带,用于紧致面部皮肤,使 V 字下巴保湿(7 件套 + 绷带)",100
Merle Norman 面膜 女性 去角质 抗皱 无油 活力复苏 柔软 去角质 170g,100
"Freeman 面膜 美白 保湿 滋养 提供维生素 旅行 无动物实验测试 这款Freeman天然面膜组合包括我们天然系列的12个小袋,这样您就可以补充喜爱的护肤必备品。 10ml*12片",100
Saborino 眼影贴 Vitatat C 30片装 【1分钟即可完成!早上用多合一面膜 】,100
DECLÉOR 面膜 女性 补水 便携式 补水 1.7盎司(约48.3克),100
Estee Lauder 雅诗兰黛 完美清洁 | 净莹柔肤洁面乳，净化面膜 | 条件滋养| 非发泡霜 | 5盎司（约141.74克），150毫升,100
Twist 护发面膜 滋润 241g 卷发 男女通用,100
Elizavecca 伊丽莎白长耳熊 免洗睡眠面膜 韩国小青猪胶原蛋白猪皮面膜 美白补水保湿滋润 100g,100
House of Dohwa 大米洗脸面膜 l 韩国产品 - 3.38 液体盎司,100
Juice Beauty 面膜 男女通用 排毒 滋润 营养 无动物测试 0.85盎司(约24.2克),100
VO5 头发护理面膜 防脱发 29ml 干性头发 男女通用,100
Blue Lagoon - 深层清洁二氧化硅面膜 | 可持续生物活性冰岛护肤品(2.5 盎司 | 75 毫升),100
泡泡护肤深潜 AHA + PHA 去角质面膜(1.5 盎司),100
Blue Lagoon - 深层清洁二氧化硅面膜 | 可持续生物活性冰岛护肤品(2.5 盎司 | 75 毫升),100
泡泡护肤深潜 AHA + PHA 去角质面膜(1.5 盎司),100
Fresh 面膜 男女通用 补水 它闻起来像新鲜的玫瑰花 补水 提亮肤色 100ml,100
SHEA MOISTURE 护发面膜 加强 11.5液体盎司 适合成人 男女通用 深度护理和滋润,100
7th Heaven 面部护理面膜 男性 排毒 清洁 旅行装 排毒 1件装,100
LATHER 面膜 女性 防晒 舒缓 滋润 保湿 无动物实验 保湿 4盎司(约113克),100
Blue Lagoon - 深层清洁二氧化硅面膜 | 可持续生物活性冰岛护肤品(2.5 盎司 | 75 毫升),100
泡泡护肤深潜 AHA + PHA 去角质面膜(1.5 盎司),100
Fresh 面膜 男女通用 补水 它闻起来像新鲜的玫瑰花 补水 提亮肤色 100ml,100
SHEA MOISTURE 护发面膜 加强 11.5液体盎司 适合成人 男女通用 深度护理和滋润,100
7th Heaven 面部护理面膜 男性 排毒 清洁 旅行装 排毒 1件装,100
LATHER 面膜 女性 防晒 舒缓 滋润 保湿 无动物实验 保湿 4盎司(约113克),100
Blue Lagoon - 深层清洁二氧化硅面膜 | 可持续生物活性冰岛护肤品(2.5 盎司 | 75 毫升),100
泡泡护肤深潜 AHA + PHA 去角质面膜(1.5 盎司),100
Fresh 面膜 男女通用 补水 它闻起来像新鲜的玫瑰花 补水 提亮肤色 100ml,100
SHEA MOISTURE 护发面膜 加强 11.5液体盎司 适合成人 男女通用 深度护理和滋润,100
7th Heaven 面部护理面膜 男性 排毒 清洁 旅行装 排毒 1件装,100
LATHER 面膜 女性 防晒 舒缓 滋润 保湿 无动物实验 保湿 4盎司(约113克),100
Blue Lagoon - 深层清洁二氧化硅面膜 | 可持续生物活性冰岛护肤品(2.5 盎司 | 75 毫升),100
泡泡护肤深潜 AHA + PHA 去角质面膜(1.5 盎司),100
Fresh 面膜 男女通用 补水 它闻起来像新鲜的玫瑰花 补水 提亮肤色 100ml,100
SHEA MOISTURE 护发面膜 加强 11.5液体盎司 适合成人 男女通用 深度护理和滋润,100
7th Heaven 面部护理面膜 男性 排毒 清洁 旅行装 排毒 1件装,100
LATHER 面膜 女性 防晒 舒缓 滋润 保湿 无动物实验 保湿 4盎司(约113克),100
Blue Lagoon - 深层清洁二氧化硅面膜 | 可持续生物活性冰岛护肤品(2.5 盎司 | 75 毫升),100
泡泡护肤深潜 AHA + PHA 去角质面膜(1.5 盎司),100
Fresh 面膜 男女通用 补水 它闻起来像新鲜的玫瑰花 补水 提亮肤色 100ml,100
SHEA MOISTURE 护发面膜 加强 11.5液体盎司 适合成人 男女通用 深度护理和滋润,100
7th Heaven 面部护理面膜 男性 排毒 清洁 旅行装 排毒 1件装,100
LATHER 面膜 女性 防晒 舒缓 滋润 保湿 无动物实验 保湿 4盎司(约113克),100
Blue Lagoon - 深层清洁二氧化硅面膜 | 可持续生物活性冰岛护肤品(2.5 盎司 | 75 毫升),100
泡泡护肤深潜 AHA + PHA 去角质面膜(1.5 盎司),100
Fresh 面膜 男女通用 补水 它闻起来像新鲜的玫瑰花 补水 提亮肤色 100ml,100
SHEA MOISTURE 护发面膜 加强 11.5液体盎司 适合成人 男女通用 深度护理和滋润,100
7th Heaven 面部护理面膜 男性 排毒 清洁 旅行装 排毒 1件装,100
LATHER 面膜 女性 防晒 舒缓 滋润 保湿 无动物实验 保湿 4盎司(约113克),100
Blue Lagoon - 深层清洁二氧化硅面膜 | 可持续生物活性冰岛护肤品(2.5 盎司 | 75 毫升),100
泡泡护肤深潜 AHA + PHA 去角质面膜(1.5 盎司),100
Fresh 面膜 男女通用 补水 它闻起来像新鲜的玫瑰花 补水 提亮肤色 100ml,100
SHEA MOISTURE 护发面膜 加强 11.5液体盎司 适合成人 男女通用 深度护理和滋润,100
7th Heaven 面部护理面膜 男性 排毒 清洁 旅行装 排毒 1件装,100
LATHER 面膜 女性 防晒 舒缓 滋润 保湿 无动物实验 保湿 4盎司(约113克),100
Blue Lagoon - 深层清洁二氧化硅面膜 | 可持续生物活性冰岛护肤品(2.5 盎司 | 75 毫升),100
泡泡护肤深潜 AHA + PHA 去角质面膜(1.5 盎司),100
Fresh 面膜 男女通用 补水 它闻起来像新鲜的玫瑰花 补水 提亮肤色 100ml,100
SHEA MOISTURE 护发面膜 加强 11.5液体盎司 适合成人 男女通用 深度护理和滋润,100
7th Heaven 面部护理面膜 男性 排毒 清洁 旅行装 排毒 1件装,100
LATHER 面膜 女性 防晒 舒缓 滋润 保湿 无动物实验 保湿 4盎司(约113克),100
Blue Lagoon - 深层清洁二氧化硅面膜 | 可持续生物活性冰岛护肤品(2.5 盎司 | 75 毫升),100
泡泡护肤深潜 AHA + PHA 去角质面膜(1.5 盎司),100
Fresh 面膜 男女通用 补水 它闻起来像新鲜的玫瑰花 补水 提亮肤色 100ml,100
SHEA MOISTURE 护发面膜 加强 11.5液体盎司 适合成人 男女通用 深度护理和滋润,100
7th Heaven 面部护理面膜 男性 排毒 清洁 旅行装 排毒 1件装,100
LATHER 面膜 女性 防晒 舒缓 滋润 保湿 无动物实验 保湿 4盎司(约113克),100
Blue Lagoon - 深层清洁二氧化硅面膜 | 可持续生物活性冰岛护肤品(2.5 盎司 | 75 毫升),100
泡泡护肤深潜 AHA + PHA 去角质面膜(1.5 盎司),100
Fresh 面膜 男女通用 补水 它闻起来像新鲜的玫瑰花 补水 提亮肤色 100ml,100
SHEA MOISTURE 护发面膜 加强 11.5液体盎司 适合成人 男女通用 深度护理和滋润,100
7th Heaven 面部护理面膜 男性 排毒 清洁 旅行装 排毒 1件装,100
LATHER 面膜 女性 防晒 舒缓 滋润 保湿 无动物实验 保湿 4盎司(约113克),100
Blue Lagoon - 深层清洁二氧化硅面膜 | 可持续生物活性冰岛护肤品(2.5 盎司 | 75 毫升),100
泡泡护肤深潜 AHA + PHA 去角质面膜(1.5 盎司),100
Fresh 面膜 男女通用 补水 它闻起来像新鲜的玫瑰花 补水 提亮肤色 100ml,100
SHEA MOISTURE 护发面膜 加强 11.5液体盎司 适合成人 男女通用 深度护理和滋润,100
7th Heaven 面部护理面膜 男性 排毒 清洁 旅行装 排毒 1件装,100
LATHER 面膜 女性 防晒 舒缓 滋润 保湿 无动物实验 保湿 4盎司(约113克),100
Blue Lagoon - 深层清洁二氧化硅面膜 | 可持续生物活性冰岛护肤品(2.5 盎司 | 75 毫升),100
泡泡护肤深潜 AHA + PHA 去角质面膜(1.5 盎司),100
Fresh 面膜 男女通用 补水 它闻起来像新鲜的玫瑰花 补水 提亮肤色 100ml,100
SHEA MOISTURE 护发面膜 加强 11.5液体盎司 适合成人 男女通用 深度护理和滋润,100
7th Heaven 面部护理面膜 男性 排毒 清洁 旅行装 排毒 1件装,100
LATHER 面膜 女性 防晒 舒缓 滋润 保湿 无动物实验 保湿 4盎司(约113克),100
Blue Lagoon - 深层清洁二氧化硅面膜 | 可持续生物活性冰岛护肤品(2.5 盎司 | 75 毫升),100
泡泡护肤深潜 AHA + PHA 去角质面膜(1.5 盎司),100
Fresh 面膜 男女通用 补水 它闻起来像新鲜的玫瑰花 补水 提亮肤色 100ml,100
SHEA MOISTURE 护发面膜 加强 11.5液体盎司 适合成人 男女通用 深度护理和滋润,100
7th Heaven 面部护理面膜 男性 排毒 清洁 旅行装 排毒 1件装,100
LATHER 面膜 女性 防晒 舒缓 滋润 保湿 无动物实验 保湿 4盎司(约113克),100
Blue Lagoon - 深层清洁二氧化硅面膜 | 可持续生物活性冰岛护肤品(2.5 盎司 | 75 毫升),100
泡泡护肤深潜 AHA + PHA 去角质面膜(1.5 盎司),100
Fresh 面膜 男女通用 补水 它闻起来像新鲜的玫瑰花 补水 提亮肤色 100ml,100
SHEA MOISTURE 护发面膜 加强 11.5液体盎司 适合成人 男女通用 深度护理和滋润,100
7th Heaven 面部护理面膜 男性 排毒 清洁 旅行装 排毒 1件装,100
LATHER 面膜 女性 防晒 舒缓 滋润 保湿 无动物实验 保湿 4盎司(约113克),100
Blue Lagoon - 深层清洁二氧化硅面膜 | 可持续生物活性冰岛护肤品(2.5 盎司 | 75 毫升),100
泡泡护肤深潜 AHA + PHA 去角质面膜(1.5 盎司),100
Fresh 面膜 男女通用 补水 它闻起来像新鲜的玫瑰花 补水 提亮肤色 100ml,100
SHEA MOISTURE 护发面膜 加强 11.5液体盎司 适合成人 男女通用 深度护理和滋润,100
7th Heaven 面部护理面膜 男性 排毒 清洁 旅行装 排毒 1件装,100
LATHER 面膜 女性 防晒 舒缓 滋润 保湿 无动物实验 保湿 4盎司(约113克),100
Blue Lagoon - 深层清洁二氧化硅面膜 | 可持续生物活性冰岛护肤品(2.5 盎司 | 75 毫升),100
泡泡护肤深潜 AHA + PHA 去角质面膜(1.5 盎司),100
Fresh 面膜 男女通用 补水 它闻起来像新鲜的玫瑰花 补水 提亮肤色 100ml,100
SHEA MOISTURE 护发面膜 加强 11.5液体盎司 适合成人 男女通用 深度护理和滋润,100
7th Heaven 面部护理面膜 男性 排毒 清洁 旅行装 排毒 1件装,100
LATHER 面膜 女性 防晒 舒缓 滋润 保湿 无动物实验 保湿 4盎司(约113克),100
MARIO BADESCU薄荷蜗牛面膜,100
Meelll胶原蛋白面膜护肤套装,100
Hairitage护发面膜,100
Baxter of California海泥面膜,100
TONYMOLY男士海洋面膜,100
GARNIER卡尼尔面部护理套装,100
Eminence植物精华面膜,100
