product,price
Cetaphil 丝塔芙 面部精华 不堵塞毛孔 28g 适合成人 烟酰胺 肽 适合敏感肌肤 1件装,100
"Cetaphil 丝塔芙 神经酰胺精华,保湿并恢复皮肤屏障,配方含有神经酰胺和积雪草,专为敏感肌肤设计,不含香料,经皮肤科医生测试,30ml",100
Biotherm 碧欧泉 眼部护理精华 抗皱 15ml 1件装,100
Neutrogena 露得清 抗痘痘 + 每日精华（30 毫升），含有清洁水杨酸 + 10% AHA/PHA 混合物的洁肤面部精华，抗干扰和顽固粉刺的面部护理精华 (新老包装 随机发货),100
Biotherm 碧欧泉 眼部护理精华 抗皱 15ml 1件装,100
Cetaphil 丝塔芙 面部精华 祛痘 低过敏性 适合痘痘肌肤 1件装 30ml,100
Biotherm 碧欧泉 Homme Force Supreme Blue Serum – 男性抗老面部精华液 活力修护 60ml,100
Cetaphil 丝塔芙 面部精华 祛痘 低过敏性 适合痘痘肌肤 1件装 30ml,100
Biotherm 碧欧泉 Homme Force Supreme Blue Serum – 男性抗老面部精华液 活力修护 60ml,100
Nivea 妮维雅 630 淡斑双效精华 焕白 精华 淡化 痘印 改善暗沉 滋润 修复 提亮肤色 30ml（包装可能有所不同，随机发货）,100
"L'Oréal Paris 巴黎欧莱雅 抗皱精华,抗皱保湿抗衰老精华,含甘油和维生素 C,胶原蛋白专家,30毫升",100
CeraVe Skin Renewing 夜间抗老精华 50ml,100
Neutrogena 露得清 Retinol Boost+ 强效晚间精华（30 毫升），含视黄醇的高浓缩抗衰老面部精华，让肌肤看起来更年轻、更健康,100
CeraVe Skin Renewing 夜间抗老精华 50ml,100
Neutrogena 露得清 Retinol Boost+ 强效晚间精华（30 毫升），含视黄醇的高浓缩抗衰老面部精华，让肌肤看起来更年轻、更健康,100
"Eucerin 优色林 Radiant Tone 双精华液黑斑修复剂,含硫胺醇和透明质酸的黑斑精华,有助于显著减少持久黑斑的外观,30ml 瓶装",100
Cetaphil 丝塔芙 面部精华 亮肤 适合所有肤质 透明质酸 30ml 1件装,100
"Eucerin 优色林 Radiant Tone 双精华液黑斑修复剂,含硫胺醇和透明质酸的黑斑精华,有助于显著减少持久黑斑的外观,30ml 瓶装",100
Cetaphil 丝塔芙 面部精华 亮肤 适合所有肤质 透明质酸 30ml 1件装,100
TAUTROPFEN 天然化妆品 Amaranth * 面部精华 适用于高要求肌肤 50 毫升,100
CeraVe 塑颜新生精华油 1 盎司 临期促销,100
Cetaphil 丝塔芙 眼部护理精华 保湿 无香型 适合敏感肌肤 维生素E 15ml 1件装,100
CeraVe 面部精华 精华30ml+面霜48g 适合成人 烟酰胺 肽 适合混合肤质,100
Cetaphil 丝塔芙 眼部护理精华 保湿 无香型 适合敏感肌肤 维生素E 15ml 1件装,100
CeraVe 面部精华 精华30ml+面霜48g 适合成人 烟酰胺 肽 适合混合肤质,100
BABOR 面部精华 立即补水 使皮肤丰盈紧致 减少皱纹外观 适合干性肌肤 2 ml 7件装,100
SkinMedica 面部精华 28.4g 液体 无味 适合成人,100
RoC 面部精华 抗衰老 维生素A酸 干性肌肤 10.5ml 1件装,100
"BYOMA 保湿精华 - 含角鲨烷、甘油和神经酰胺的保湿面部精华 - 保湿,适合发光、露水肌肤 - 1.01 液体盎司",100
BABOR 面部精华 立即补水 使皮肤丰盈紧致 减少皱纹外观 适合干性肌肤 2 ml 7件装,100
SkinMedica 面部精华 28.4g 液体 无味 适合成人,100
RoC 面部精华 抗衰老 维生素A酸 干性肌肤 10.5ml 1件装,100
"BYOMA 保湿精华 - 含角鲨烷、甘油和神经酰胺的保湿面部精华 - 保湿,适合发光、露水肌肤 - 1.01 液体盎司",100
SkinMedica 视黄醇 精华 29.6ml,100
Eucerin 面部精华 保湿 适合各种肤质 30ml,100
SkinMedica 视黄醇 精华 29.6ml,100
Eucerin 面部精华 保湿 适合各种肤质 30ml,100
L'Oreal Paris 巴黎欧莱雅 夜间精华 促进再生，含维生素 E，30 毫升,100
RoC 面部精华 提拉紧致 抗衰老 适合各种肤质 维他命A酸 精华15ml+眼霜2ml,100
Estee Lauder 雅诗兰黛 高级夜间修复 SMR 精华 100ml,100
Nexxus 伊丽莎白雅顿高级眼部护理胶囊 60 X 每日青春修复眼部精华 10.5毫升,100
Estee Lauder 雅诗兰黛 高级夜间修复 SMR 精华 100ml,100
Nexxus 伊丽莎白雅顿高级眼部护理胶囊 60 X 每日青春修复眼部精华 10.5毫升,100
Biotherm 碧欧泉 面部精华 抗衰老紧致改善毛孔 生命浮游生物去角质酸 150ml 1件装,100
OLAY 面部精华 提供水分 适合中性肤质 乳酸 肽类 40ml 1件装,100
Biotherm 碧欧泉 面部精华 抗衰老紧致改善毛孔 生命浮游生物去角质酸 150ml 1件装,100
OLAY 面部精华 提供水分 适合中性肤质 乳酸 肽类 40ml 1件装,100
L’ORÉAL Paris 巴黎欧莱雅视黄醇精华，抗皱夜间精华，含有维A、护肤油和玻尿酸，Revitalift Laser，30 ml,100
Grande Cosmetics GrandeLASH-MD 睫毛增强精华 6 Week Starter Supply | 1 ml,100
"GUERLAIN Abeille Royale Double R Renew & Repair 眼部精华,20毫升",100
"GUERLAIN Abeille Royale Double R Renew & Repair 眼部精华,20毫升",100
"RevitaLash 化妆品,RevitaLash 高级睫毛护发素 1.0 毫升,睫毛增强精华,医生研发,无刺激性",100
Elizabeth Arden 伊丽莎白雅顿 维他命 C 神经酰胺胶囊焕采新生精华，90 粒装 | 42 ml,100
"RevitaLash 化妆品,RevitaLash 高级睫毛护发素 1.0 毫升,睫毛增强精华,医生研发,无刺激性",100
Elizabeth Arden 伊丽莎白雅顿 维他命 C 神经酰胺胶囊焕采新生精华，90 粒装 | 42 ml,100
"StriVectin 紧致 & 提升 Peptight 面部提升精华,含紧致和提亮肽,适用于皱纹、眼袋和浮肿,30毫升",100
pura d'or 金标 面部精华 抗衰老 适合各种肤质 维生素A酸 97.6ml 1件装,100
"RoC Derm Correxion 高级视黄醇紧致精华棒,含抗氧化剂,可明显收紧和紧致皱纹和笑纹,30g+2ml 含视黄醇眼霜",100
"MOSKILA Azelaic 酸霜,2 支 Azelaic 酸 12% 面部精华,皮肤透明质酸和烟酰胺,缓解红肿,",100
"StriVectin 紧致 & 提升 Peptight 面部提升精华,含紧致和提亮肽,适用于皱纹、眼袋和浮肿,30毫升",100
pura d'or 金标 面部精华 抗衰老 适合各种肤质 维生素A酸 97.6ml 1件装,100
"RoC Derm Correxion 高级视黄醇紧致精华棒,含抗氧化剂,可明显收紧和紧致皱纹和笑纹,30g+2ml 含视黄醇眼霜",100
"MOSKILA Azelaic 酸霜,2 支 Azelaic 酸 12% 面部精华,皮肤透明质酸和烟酰胺,缓解红肿,",100
"视黄醇精华 - 120 毫升视黄醇脂质体输送系统,含透明质酸和维生素 E,芦荟,抗衰老视黄醇精华,用于皮肤修复、细纹和皱纹",100
"视黄醇精华 - 120 毫升视黄醇脂质体输送系统,含透明质酸和维生素 E,芦荟,抗衰老视黄醇精华,用于皮肤修复、细纹和皱纹",100
Neutrogena 露得清 Hydro Boost 10% 烟酰胺精华 30毫升,100
"EnaSkin 面部和身体黑斑去除剂:高级配方祛斑霜,适用于淡化老年斑、晒斑、雀斑、黄斑和棕色斑点,男女均适用 50ml",100
带滚轮的面部黑斑去除剂:用于面部褪色太阳斑老年斑 黑斑修复剂，15ml,100
Eva Naturals 视黄醇精华液 2.5% 60ml - 含透明质酸的维生素 A 视黄醇,100
Heimish 海洋护理视黄醇眼部精华 30毫升,100
Eva Naturals 视黄醇精华液 2.5% 60ml - 含透明质酸的维生素 A 视黄醇,100
Heimish 海洋护理视黄醇眼部精华 30毫升,100
Biotherm 碧欧泉 Aquasour 精华，双相，50ml,100
CELLEX-C High效能精华，1 液量盎司（30毫升）,100
Biotherm 碧欧泉 Aquasour 精华，双相，50ml,100
CELLEX-C High效能精华，1 液量盎司（30毫升）,100
PCA Skin 0.5% 纯视黄醇夜间强肤护理精华 29.5g,100
"Aomock 高级睫毛生长精华和眉毛增强剂,睫毛精华 - 5 毫升,睫毛提升精华,适用于更长、更浓密的睫毛和眉毛",100
Revision Skincare 雷沃克斯 7 抗衰精华，0.5 液体盎司 15ml,100
"Aomock 高级睫毛生长精华和眉毛增强剂,睫毛精华 - 5 毫升,睫毛提升精华,适用于更长、更浓密的睫毛和眉毛",100
Revision Skincare 雷沃克斯 7 抗衰精华，0.5 液体盎司 15ml,100
BABOR 面部精华 减少皱纹和细纹 维生素A 维生素E 2ml*7,100
Perricone MD 面部精华 改善细纹皱纹肌肤粗糙 适合中性肤质 乙醇酸 30ml,100
BABOR 面部精华 减少皱纹和细纹 维生素A 维生素E 2ml*7,100
Perricone MD 面部精华 改善细纹皱纹肌肤粗糙 适合中性肤质 乙醇酸 30ml,100
Neostrata 芯丝翠 面部精华 采用全新升级的微肽229®配方 提拉紧致 适合所有肤质 30ml 1件装,100
NuFACE 面部精华 减少细纹和皱纹 15ml,100
生命之树完整保湿精华三件套 含维生素 C 精华30ml + 烟酰胺精华 30ml+ 专业胶原蛋白肽精华30ml,100
NuFACE 面部精华 减少细纹和皱纹 15ml,100
生命之树完整保湿精华三件套 含维生素 C 精华30ml + 烟酰胺精华 30ml+ 专业胶原蛋白肽精华30ml,100
L’Oréal Paris 面部精华 抗衰老 美白 滋润 减少皱纹 平滑 舒缓 适合油性肌肤 维他命A酸 30ml 1件装,100
"NEOSTRATA 祛痘后修复精华 - 毛孔改善和调理、修复、提亮面部精华液,含烟酰胺和维生素 C - 适合所有肤质,不含致粉刺成分,不含香料,30ml",100
"抗皱精华,含维生素 C ,肉毒素效果,有机抗衰老即时效果,防止眼部皱纹和嘴唇,轮廓表情线条,面部精华,天然化妆品,修复 15ml",100
"RoC Hydration+ 透明质酸精华,适用于面部,保湿,丰盈,不含香料,轻质配方,含胶原蛋白(1 盎司),含视黄醇眼霜包 30ml+2ml",100
L’Oréal Paris 面部精华 抗衰老 美白 滋润 减少皱纹 平滑 舒缓 适合油性肌肤 维他命A酸 30ml 1件装,100
"NEOSTRATA 祛痘后修复精华 - 毛孔改善和调理、修复、提亮面部精华液,含烟酰胺和维生素 C - 适合所有肤质,不含致粉刺成分,不含香料,30ml",100
"抗皱精华,含维生素 C ,肉毒素效果,有机抗衰老即时效果,防止眼部皱纹和嘴唇,轮廓表情线条,面部精华,天然化妆品,修复 15ml",100
"RoC Hydration+ 透明质酸精华,适用于面部,保湿,丰盈,不含香料,轻质配方,含胶原蛋白(1 盎司),含视黄醇眼霜包 30ml+2ml",100
"EVE LOM Radiance Repair 视黄醇 - 面部精华滋润肌肤,对抗皱纹 - 30 毫升(1 液体盎司)",100
"L'Oréal Paris 巴黎欧莱雅 即时发光精华,1%乙醇酸,2%烟酰胺精华,明显减少斑点,均匀肤色,乙醇亮泽肌肤,30毫升",100
"EVE LOM Radiance Repair 视黄醇 - 面部精华滋润肌肤,对抗皱纹 - 30 毫升(1 液体盎司)",100
"L'Oréal Paris 巴黎欧莱雅 即时发光精华,1%乙醇酸,2%烟酰胺精华,明显减少斑点,均匀肤色,乙醇亮泽肌肤,30毫升",100
"SANTE Naturkosmetik 精华,含维生素 E、角鲨烷和有机玫瑰果油,即时滋养护理,舒缓、再生肌肤,柔嫩肌肤,皮肤保护强效精华,30毫升",100
"Dove 多芬精华烟酰胺+均匀肤色,含维生素 C、视黄醇和乳木果油,236ml",100
Biotherm 碧欧泉 Aqua Bounce 超级浓缩液 50毫升,100
"EnaSkin 黑斑去除面部和身体精华: 老年斑 晒斑 黄斑 棕斑 - 高级配方含烟酰胺,适合女士和男士(1.0 液体盎司)",100
面部和身体黑斑去除剂:色素沉着治疗 - 天然成分 - 雀斑/黄斑/晒斑/老年斑去除剂 - 女士和男士黑斑修复霜,100
"CELDYQUE Bakuchiol 浓缩精华 30,000 ppm - 高效视黄醇替代品 | 减少皱纹紧致平滑 - 抗衰老敏感肌肤素食,无刺激性 1 盎司韩国护肤",100
"SANTE Naturkosmetik 面部皮肤活力平滑眼部精华,含伞骨,葡萄籽油和专业胶原蛋白复合物,适用于紧致眼部,15毫升",100
"咖啡因溶液 5% + EGCG 眼部精华,30 毫升保湿咖啡因眼部精华,针对黑眼圈和浮肿,抚平细纹",100
Peter Thomas Roth彼得罗夫 Firmx 胶原蛋白精华 面部精华与胶原蛋白 |胶原蛋白精华，紧致面部精华，1 盎司 30ml,100
Peter Thomas Roth彼得罗夫 Firmx 胶原蛋白精华 面部精华与胶原蛋白 |胶原蛋白精华，紧致面部精华，1 盎司 30ml,100
Biotherm 碧欧泉 护肤精华露125ml(进),100
"TTYRBF 30ml*3 玫瑰果油,蓖麻油黑籽油玫瑰果油面部精华,面部保湿霜有机天然面部油",100
Biotherm 碧欧泉 护肤精华露125ml(进),100
"TTYRBF 30ml*3 玫瑰果油,蓖麻油黑籽油玫瑰果油面部精华,面部保湿霜有机天然面部油",100
Moroccanoil 夜间身体精华 身体油 50ml,100
BABOR SKINOVAGE 敏感肌肤舒缓精华，含杏仁油和维生素 E 的舒缓精华，无色素或香料，无动物成分配方，30 毫升,100
Dr Botanicals 芦荟眼部精华 | 黑眼圈和浮肿眼部精华 - 保湿舒缓* - 减少浮肿和细纹| 眼下精华 |15ml,100
Anua Peach 70% 烟酰胺精华 30 毫升/提亮保湿面部精华色素沉着处理减少黑色素日常清洁*(1 液体盎司),100
Natura Bisse 精华润唇膏，15ml,100
"OLAY 玉兰油 AHA 精华,提亮精华,不含香料,30ml",100
CELLEX-C Betaplex 果酸焕肤精华 紧致收缩毛孔，30 毫升,100
The Inkey List 维他命 C 精华 30ml,100
CELLEX-C Betaplex 果酸焕肤精华 紧致收缩毛孔，30 毫升,100
The Inkey List 维他命 C 精华 30ml,100
EltaMD 面部爽肤水 215ml 肌肤恢复精华 适合敏感肌肤,100
TruSkin Naturals 面部精华 抗衰老 美白 肤色均匀 滋润 保湿 丰盈 平滑 舒缓 适合各种肤质 维生素C 30ml+透明质酸精华30ml+视黄醇精华30ml,100
Biotherm Biocorps 身体精华液 对抗不平整 保湿精华 200 毫升,100
ISDIN 面部精华 Flavo-C Ultraglican是一款明亮滋润的精华安瓿 适合各种肤质 透明质酸 0.68液体盎司(约20ml) 1件装,100
Biotherm Biocorps 身体精华液 对抗不平整 保湿精华 200 毫升,100
ISDIN 面部精华 Flavo-C Ultraglican是一款明亮滋润的精华安瓿 适合各种肤质 透明质酸 0.68液体盎司(约20ml) 1件装,100
M2 Beaute 睫毛激活精华 4ml,100
"维生素 E 油 - 100% 纯天然,85,800 IU。修复因手术和痤疮、老年斑和皱纹引起的干燥、受损皮肤。促进胶原蛋白,滋润年轻肌肤。d-alpha 生育酚 60ml",100
M2 Beaute 睫毛激活精华 4ml,100
"维生素 E 油 - 100% 纯天然,85,800 IU。修复因手术和痤疮、老年斑和皱纹引起的干燥、受损皮肤。促进胶原蛋白,滋润年轻肌肤。d-alpha 生育酚 60ml",100
ELAINE PERINE 私密*精华 - 德国制造 30ml,100
Andalou Naturals 深层补水活肤精华 30ml,100
Cellex-C 面部精华 显著减少衰老迹象 抗坏血酸 锌 2 x 0.5盎司(约14克),100
Andalou Naturals 深层补水活肤精华 30ml,100
Cellex-C 面部精华 显著减少衰老迹象 抗坏血酸 锌 2 x 0.5盎司(约14克),100
The INKEY List 1% 咖啡因刺激**精华夜间护理 150ml,100
Elizabeth Arden 伊丽莎白雅顿 神经酰胺新生代时空胶囊 雅顿金胶 精华胶囊，90粒 | 42 ml,100
The INKEY List 1% 咖啡因刺激**精华夜间护理 150ml,100
Elizabeth Arden 伊丽莎白雅顿 神经酰胺新生代时空胶囊 雅顿金胶 精华胶囊，90粒 | 42 ml,100
CHANEL 香奈儿 山茶花保湿精华水 150 毫升,100
"Ethne Serum 天然白发精华,90 毫升,整体肽精华,用于预防和逆转灰发,99% 天然成分,替代头发染色",100
THE ORDINARY 多肽眼精华 15 毫升 1.0 件,100
Sisley 希思黎 日间呵护精华乳 1.7盎司/50毫升,100
THE ORDINARY 多肽眼精华 15 毫升 1.0 件,100
Sisley 希思黎 日间呵护精华乳 1.7盎司/50毫升,100
Sisley 希思黎 面部精华 抗衰老 适合中性肤质 1液体盎司(约29.5735毫升) 1件装,100
Anthony 维生素 C 面部高性能精华 – 面部提亮精华黑斑校正 – 含有多肽和水杨酸 使肌肤焕发活力 30ml*2,100
"Jurlique 茱莉蔻 Purely Age-Defying 纯净紧致面部精华，抵御衰老，1.6液体盎司（50毫升）,紧致",100
"iS CLINICAL GENEXC 精华,维生素 C 精华,面部抗氧化精华;促进细胞再生,年轻肌肤15ml",100
Orlane Consentre R 美容精华 30毫升,100
Erborian 人参超级精华 - 抗皱精华 - 韩国人参复合物 - 平滑和紧致柔软皮肤 - 30毫升,100
夜间再生眼部轮廓精华。眼部轮廓 15ml,100
FILORGA 菲洛嘉 面部精华 神经肽有效减少面部表情线 适合各种肤质 15ml 1件装,100
Comfort Zone 面部精华 提亮肤色 适合各种肤质 姜提取物 30ml 1件装,100
Zenon Life 完美精华 – 维生素 C + E 面部精华 – 烟酰胺面部精华 – 适用于皮肤护理精华的完整面部精华 30ml,100
Novexpert 面部精华 绿茶 30ml 1件装,100
OLAY 面部精华 提供水分 适合各种肤质 胶原蛋白 38g 1件装,100
Augustinus Bader 面部精华 提供水分 油性肌肤 15ml,100
Doctor BABOR Barrier 保护安瓶精华 | 强化皮肤保护屏障 | 含神经酰胺和烟酰胺| 适用于干燥和受损皮肤 | 容光焕发和平衡肌肤 | 素食 | 7 x 2 毫升,100
"Jack Black Protein Booster 皮肤精华液,60ml",100
OLAY 面部精华 提供水分 适合各种肤质 胶原蛋白 38g 1件装,100
Augustinus Bader 面部精华 提供水分 油性肌肤 15ml,100
Doctor BABOR Barrier 保护安瓶精华 | 强化皮肤保护屏障 | 含神经酰胺和烟酰胺| 适用于干燥和受损皮肤 | 容光焕发和平衡肌肤 | 素食 | 7 x 2 毫升,100
"Jack Black Protein Booster 皮肤精华液,60ml",100
"Elizabeth Arden 伊丽莎白雅顿高级轻神经酰胺胶囊强化精炼精华 90粒,42ml",100
Algenist 面部精华 抗衰老 适合各种肤质 Alguronic酸 BHA 28g 1件装,100
"Elizabeth Arden 伊丽莎白雅顿高级轻神经酰胺胶囊强化精炼精华 90粒,42ml",100
Algenist 面部精华 抗衰老 适合各种肤质 Alguronic酸 BHA 28g 1件装,100
OLAY 面部精华 保湿 抗衰老 适合中性肤质 水杨酸 14ml 1件装,100
"belif Super Drops 烟酰胺维生素 C 金色发光精华,2 合 1 保湿亮肤化妆底妆,提亮肤色,提亮肤色,均匀肌肤纹理,PHA,韩国皮肤护理 50ml",100
Vaseline 面部精华 保湿 全天候保湿 适合所有肤质 透明质酸 222ml 2件装,100
"Glow Recipe 烟酰胺Hue Drops 面部精华 - 有色精华 + 光泽滴至古铜色、提亮和保湿 - 护肤化妆底霜和荧光笔可模糊毛孔,打造光泽均匀肤色 - 阳光(40 毫升)",100
Vaseline 面部精华 保湿 全天候保湿 适合所有肤质 透明质酸 222ml 2件装,100
"Glow Recipe 烟酰胺Hue Drops 面部精华 - 有色精华 + 光泽滴至古铜色、提亮和保湿 - 护肤化妆底霜和荧光笔可模糊毛孔,打造光泽均匀肤色 - 阳光(40 毫升)",100
MAELOVE 面部精华 焕发光彩 15%维生素C(L-抗坏血酸) 维生素E 芸香酸 29.57ml 1件装,100
"VGO 维生素 C 面部精华液,含维生素 C 透明质酸、维生素 E 等保湿精华,暗沉精华,平衡肤色,眼部区域,细纹和皱纹,60 毫升 / 2.02 液体盎司",100
MAELOVE 面部精华 焕发光彩 15%维生素C(L-抗坏血酸) 维生素E 芸香酸 29.57ml 1件装,100
"VGO 维生素 C 面部精华液,含维生素 C 透明质酸、维生素 E 等保湿精华,暗沉精华,平衡肤色,眼部区域,细纹和皱纹,60 毫升 / 2.02 液体盎司",100
"ANUA RICE CERAMIDE 7 保湿屏障精华,面部、大米、透明质酸、烟酰胺、蜂蜜、控油、玻璃皮肤保湿精华,韩国皮肤护理,50 毫升/1.69 液体盎司",100
"Shea Terra Kigelia 抗衰老系列 – 抗氧化面部精华 | 天然抗衰老面部精华,含抗氧化剂,可滋润、更新和修复皮肤 –59ml",100
"双尺寸(120ml)透明质酸精华 3.5% 透明质酸保湿霜,面部保湿精华,海藻和洋甘菊保湿透明质酸精华,女士发光面部精华",100
维生素 C 面部精华 - 维生素 C 面部精华 含透明质酸、视黄醇、烟酰胺和水杨酸 - 维生素 C 面部油 - 皮肤亮白精华 - 抗衰老 60ml,100
"双尺寸(120ml)透明质酸精华 3.5% 透明质酸保湿霜,面部保湿精华,海藻和洋甘菊保湿透明质酸精华,女士发光面部精华",100
维生素 C 面部精华 - 维生素 C 面部精华 含透明质酸、视黄醇、烟酰胺和水杨酸 - 维生素 C 面部油 - 皮肤亮白精华 - 抗衰老 60ml,100
"Advanced Clinicals 面部胶原蛋白精华 | 胶原蛋白面部精华用于紧致肌肤,有助于提升、丰盈和紧致松弛肌肤 | 皮肤护理精华 | 抗皱提升,不含香料,52ml*2",100
"ANAI RUI 铜肽面部精华 - 铜肽面部精华 + 透明质酸 - 减少细纹和皱纹,丰盈和容光焕发,30ml",100
Wumal 3 件装精华液套装 - 维生素 C 精华、视黄醇精华和透明质酸精华 - 紧致、提亮和保湿 - 日夜重置您的皮肤 维生素 C 精华30ml+视黄醇精华30ml+透明质酸精华30ml,100
"2 件装姜黄黑斑修复精华,天然姜黄黑斑修复精华,适用于面部,护肤保湿修复精华(30 毫升/1.01 盎司)",100
"Generic cepoLAB Biogenic Essence The CLEPS Original 90%,1 盎司(30 毫升)护肤精华,透明",100
"THESKCARE 维生素 C 面部精华,含透明质酸、谷胱甘肽、维生素 E 和烟酰胺,抗衰老面部精华,适用于皱纹和黑斑,保湿和发光,1ml*30安瓶",100
70 岁以上女性超级维生素 C 精华:烟酰胺、维生素 C、透明质酸、肽、维生素 E、咖啡因、巴库奇醇、保湿、提升、面部皱纹和老年斑 30ml,100
Viktairy 面部精华 保湿 50ml 适合成人使用 d 泛醇 适合所有肤质 1件装,100
70 岁以上女性超级维生素 C 精华:烟酰胺、维生素 C、透明质酸、肽、维生素 E、咖啡因、巴库奇醇、保湿、提升、面部皱纹和老年斑 30ml,100
Viktairy 面部精华 保湿 50ml 适合成人使用 d 泛醇 适合所有肤质 1件装,100
"Olavita 面部精华,维生素 C 和 E 精华,抗衰老面部紧致,提升皮肤胶原蛋白,减少皱纹和丰盈肌肤(2 件)",100
"KAHI 抗皱 Bounce Blemish Ampoule | 胶原蛋白精华适用于面部黑斑修复日常面部精华液面部保湿面部精华液适用于发光肌肤韩国安瓶面部护理,1.7 液体盎司(约 50.0 毫升)",100
"ANAI RUI 多谷氨酸保湿精华,含透明质酸和甘油 - 丰盈、保湿、紧致、面部精华,适用于干性皮肤,减少细纹和皱纹 - 30ml",100
ActivePur 25% 最佳维生素 C 面部精华液(2 盎司/60 毫升)维生素 E+B5 透明质酸精华面部视黄醇阿魏酸烟酰胺胶原蛋白抗衰老斑眼圈维生素 C 面部精华,100
"ANAI RUI 多谷氨酸保湿精华,含透明质酸和甘油 - 丰盈、保湿、紧致、面部精华,适用于干性皮肤,减少细纹和皱纹 - 30ml",100
ActivePur 25% 最佳维生素 C 面部精华液(2 盎司/60 毫升)维生素 E+B5 透明质酸精华面部视黄醇阿魏酸烟酰胺胶原蛋白抗衰老斑眼圈维生素 C 面部精华,100
"Blue Nectar Kumkumadi 油,阿育吠陀面部油,含纯藏红花和檀香,面部抗衰老精华,女士天然面部保湿霜(26 支草本植物,10 毫升)",100
"Stratia Rewind | 紧致保湿精华,保湿和淡化色素沉着 | DMAE、烟酰胺和透明质酸 |40ml",100
Elegacell 面部精华 抗皱 无香味 适合所有肤质 1件装 50ml,100
"Medicube 21% 酸洗去去角质剂(AHA+BHA+琥珀酸),洗净修复精华,适合凹凸、易长痘皮肤,韩国护肤 40g",100
Elegacell 面部精华 抗皱 无香味 适合所有肤质 1件装 50ml,100
"Medicube 21% 酸洗去去角质剂(AHA+BHA+琥珀酸),洗净修复精华,适合凹凸、易长痘皮肤,韩国护肤 40g",100
"烟酰胺20% + 锌 PCA 4% 精华液,用于面部,毛孔减少,肤色不均匀,减少痤疮,皮肤平衡毛孔,恢复弹性,30ml",100
"曲酸姜黄精华,保湿亮肤精华,黑斑,抗皱细纹黑斑修复滋养紧致日常护肤精华,滋润暗沉和干性皮肤 30ml",100
"MAELOVE Hydrator 透明质酸 B5 精华液,无香味,终极保湿,水润光泽,轻盈不油腻,含泛醇和白藜芦醇,美国制造,1 30ml",100
"PURCELL 82% 高剂量肽配方 - 精华液含多色,肽,适合紧致年轻肌肤,轻盈温和配方,抗衰老,1 盎司",100
"70 岁以上女性超级维生素 C 精华:高级抗衰老配方 - 维生素 C、烟酰胺、胶原蛋白、透明质酸 - 面部提升精华,适用于皱纹、黑斑 30ml",100
Aphrona 面部精华 抗皱 旅行装 适合所有肤质 多肽 维生素C 30ml 1件装,100
"生命之树维生素 C 面部精华 - 1 液体盎司,护肤套装 - 保湿维生素 E 用于提亮和平滑干燥/敏感性皮肤,抗衰老,皱纹和黑斑 - 经皮肤科医生测试",100
Dr Grandel Active Ampoules HYDRO ACTIVE AMPOULE 3 毫升 x 24 包,100
"生命之树维生素 C 面部精华 - 1 液体盎司,护肤套装 - 保湿维生素 E 用于提亮和平滑干燥/敏感性皮肤,抗衰老,皱纹和黑斑 - 经皮肤科医生测试",100
Dr Grandel Active Ampoules HYDRO ACTIVE AMPOULE 3 毫升 x 24 包,100
"ANAI RUI 毛孔缩小精华,缩小毛孔,缩小毛孔,收缩,收紧毛孔,100% 纯素毛孔去角质液,30ml",100
"ANAI RUI 毛孔缩小精华,缩小毛孔,缩小毛孔,收缩,收紧毛孔,100% 纯素毛孔去角质液,30ml",100
"烟酰胺高级 20% 面部素食精华维生素 B3 浓缩透明质酸绿茶β-葡聚糖 30ml 锦缎玫瑰 63.3% 无香味均匀肤色抗衰老,缩小毛孔丰满细纹 ines es",100
"熊果苷 5% 面部精华 含烟酰胺5% - 治疗色素、黄斑、黑斑修复剂、防止皮肤变色,1 液体盎司(30 毫升)",100
"优质 20% 维生素 C 面部精华液,含透明质酸 30ml,男女抗衰老面部精华,抗氧化剂,淡化黑斑,增强皮肤胶原蛋白,保湿和丰盈肌肤,抗衰老和皱纹",100
"用于清除痤疮的冻干粉 - 恢复完美无瑕的美妆,对抗痤疮和恢复肌肤活力,50毫克+3毫升/双,2双装",100
"优质 20% 维生素 C 面部精华液,含透明质酸 30ml,男女抗衰老面部精华,抗氧化剂,淡化黑斑,增强皮肤胶原蛋白,保湿和丰盈肌肤,抗衰老和皱纹",100
"用于清除痤疮的冻干粉 - 恢复完美无瑕的美妆,对抗痤疮和恢复肌肤活力,50毫克+3毫升/双,2双装",100
GLOfacial 胶原蛋白浓缩液。紧致胶原蛋白和平滑肽溶液 50ml,100
"INKEY List 扁桃酸护理,15ml",100
BioMD Forget Your Age 眼部精华 BioMD Forget Your Age 眼部精华 15 毫升,100
"BLUE LOVE 金透明质酸面部精华液,超保湿保湿霜,减少干燥皮肤,深层滋润和平滑肌肤,3.3 液体盎司(约 100.0 毫升)",100
BioMD Forget Your Age 眼部精华 BioMD Forget Your Age 眼部精华 15 毫升,100
"BLUE LOVE 金透明质酸面部精华液,超保湿保湿霜,减少干燥皮肤,深层滋润和平滑肌肤,3.3 液体盎司(约 100.0 毫升)",100
Plexaderm 快速减少眼部精华 - 高级配方抗衰老显著减少眼袋、皱纹、黑眼圈、细纹和鱼尾纹即时面部除皱剂 10ml,100
"Votary 超级种子面部油 | 抗衰老面部精华滴剂适用于干燥、红肿、弹性舒缓和滋养肌肤,打造迷人年轻外观,保湿和丰富肌肤,不含香料 50ml",100
Plexaderm 快速减少眼部精华 - 高级配方抗衰老显著减少眼袋、皱纹、黑眼圈、细纹和鱼尾纹即时面部除皱剂 10ml,100
"Votary 超级种子面部油 | 抗衰老面部精华滴剂适用于干燥、红肿、弹性舒缓和滋养肌肤,打造迷人年轻外观,保湿和丰富肌肤,不含香料 50ml",100
"Sunday Riley U.F.O. 超洁净 BHA 水杨酸和茶树痤疮治疗面部油,35ml",100
Meaningful Beauty 面部精华 抗衰老精华凝胶蜜瓜茎干细胞 50ml 男女通用,100
EISENBERG 身体*精华 150 毫升,100
EISENBERG 身体*精华 150 毫升,100
"Caffeine 眼霜,黑眼圈眼霜 适用于浮肿和眼袋皱纹黑眼圈 含眼部精华和眼部滚轮,眼霜眼部护理,眼袋去除浮肿眼部护理产品 眼霜20ml+眼部精华30ml+眼部护理棒",100
Institut Esthederm *螺旋精华，30ml,100
"Brickell 男士黑眼圈男士眼下护理精华,天然有机眼部凝胶,紧致男士皱纹,减少眼下黑眼袋,促进年轻肌肤,0.75 盎司(约 18.4 克),无香型",100
"COSRX 视黄醇 0.5 油,抗衰老精华,0.5% 视黄醇治疗面部,减少皱纹,细纹和皱纹,日夜温和护肤,未经动物测试,韩国护肤 20ml",100
"Caffeine 眼霜,黑眼圈眼霜 适用于浮肿和眼袋皱纹黑眼圈 含眼部精华和眼部滚轮,眼霜眼部护理,眼袋去除浮肿眼部护理产品 眼霜20ml+眼部精华30ml+眼部护理棒",100
"Brickell 男士黑眼圈男士眼下护理精华,天然有机眼部凝胶,紧致男士皱纹,减少眼下黑眼袋,促进年轻肌肤,0.75 盎司(约 18.4 克),无香型",100
"COSRX 视黄醇 0.5 油,抗衰老精华,0.5% 视黄醇治疗面部,减少皱纹,细纹和皱纹,日夜温和护肤,未经动物测试,韩国护肤 20ml",100
Eve Hansen *精华套装 | 维生素 C 精华、透明质酸精华、视黄醇精华 | 亮肤精华、抗皱精华、面部黑斑修复霜、**痕、毛孔收缩剂 | 3x1 盎司,100
"Bobbi Brown 维生素精华,0.5 盎司/15 毫升",100
Eve Hansen *精华套装 | 维生素 C 精华、透明质酸精华、视黄醇精华 | 亮肤精华、抗皱精华、面部黑斑修复霜、**痕、毛孔收缩剂 | 3x1 盎司,100
"Bobbi Brown 维生素精华,0.5 盎司/15 毫升",100
"玫瑰精油,面部玫瑰油,保湿玫瑰油,抗衰老抗皱精华,玫瑰油用于面部,皮肤护理,1 盎司(30 毫升)",100
"Eight Saints High Society 植物面部油,天然有机抗衰老面部油,含荷荷巴油、维生素 E 油、马鲁拉油和橙花油,1 盎司",100
Rilastil 面部精华 适合所有肤质,100
Shiseido 资生堂 面部精华 改善皱纹和松弛 适合各种肤质 夜间精华30ml+日间精华30ml,100
Rilastil 面部精华 适合所有肤质,100
Shiseido 资生堂 面部精华 改善皱纹和松弛 适合各种肤质 夜间精华30ml+日间精华30ml,100
DERMA-E 面部精华 补水 维生素C 60ml 1件装,100
Elizabeth Arden 伊丽莎白雅顿 Prevage® 2.0 *眼部精华 20ml,100
Magnifica Redensifying 修复精华液脸部和颈部面部精华,100
Biotherm 碧欧泉 面部精华 1.69盎司(约48克) 1件装,100
DERMA-E 面部精华 补水 维生素C 60ml 1件装,100
Elizabeth Arden 伊丽莎白雅顿 Prevage® 2.0 *眼部精华 20ml,100
Magnifica Redensifying 修复精华液脸部和颈部面部精华,100
Biotherm 碧欧泉 面部精华 1.69盎司(约48克) 1件装,100
"Matrixyl 3000 + 精氨酸,维生素C,透明质酸精华,*面部精华,面部抗皱精华,多肽紧致精华 - 240ml",100
Ahava 活肤柔滑精华水，100 毫升,100
"Matrixyl 3000 + 精氨酸,维生素C,透明质酸精华,*面部精华,面部抗皱精华,多肽紧致精华 - 240ml",100
Ahava 活肤柔滑精华水，100 毫升,100
Dior 迪奥 面部精华 补水 40ml装 1件装,100
Natura Bissé Diamond 发光精华，12支安瓶*1.5ml,100
PCA SKIN 面部精华 PCA SKIN维生素B3美白精华 肤色均匀明亮 适合中性肤质 浮游植物提取物 甘油 30ml 1件装,100
CHANEL 香奈儿 Hydra Beauty 微缩液体精华 150 毫升,100
Dior 迪奥 面部精华 补水 40ml装 1件装,100
Natura Bissé Diamond 发光精华，12支安瓶*1.5ml,100
PCA SKIN 面部精华 PCA SKIN维生素B3美白精华 肤色均匀明亮 适合中性肤质 浮游植物提取物 甘油 30ml 1件装,100
CHANEL 香奈儿 Hydra Beauty 微缩液体精华 150 毫升,100
"Perricone MD 冷等离子 Plus+ 精华,7.2 盎司|213ml",100
iS CLINICAL Active Serum 净白活肤精华，1盎司，30毫升,100
"Perricone MD 冷等离子 Plus+ 精华,7.2 盎司|213ml",100
iS CLINICAL Active Serum 净白活肤精华，1盎司，30毫升,100
ATTITUDE 面部精华 30g 1件装,100
Paese Cosmetics 透明质酸三重精华15毫升,100
ORLANE PARIS B21 Extraordinaire Box 精华28g+乳液121g+14g眼霜,100
"Eminence *护肤海洋花肽,精华,1 盎司(1328/EM)",100
ORLANE PARIS B21 Extraordinaire Box 精华28g+乳液121g+14g眼霜,100
"Eminence *护肤海洋花肽,精华,1 盎司(1328/EM)",100
Dior 迪奥 面部精华 排毒 适合各种肤质,100
Dior 迪奥 面部精华 排毒 适合各种肤质,100
Isdin ISDINCEUTICS Rutina Antimanchas 日间&夜间精华 20支安瓿,100
"优质眉毛生长精华,适用于浓密眉毛,高级眉毛精华,睫毛和眉毛精华,眉毛生长精华,5 毫升",100
BABOR 面部精华 保湿 适合所有肤质 29ml 1件装,100
Eisenberg 面部护理，具有提升效果的再生精华，30 毫升,100
BABOR 面部精华 保湿 适合所有肤质 29ml 1件装,100
Eisenberg 面部护理，具有提升效果的再生精华，30 毫升,100
Revision Skincare C+ 修护精华 30%，1 液量盎司/30ml,100
Perricone MD 无化妆粉底精华* SPF20 30ml,100
Revision Skincare C+ 修护精华 30%，1 液量盎司/30ml,100
Perricone MD 无化妆粉底精华* SPF20 30ml,100
OLAY 面部精华 抗皱 适合混合肤质 40ml,100
"Tinclen 睫毛生长精华 天然配方 高级睫毛增强精华 适合睫毛生长,温和素食",100
Luminesce *活肤精华 15ml,100
Luminesce *活肤精华 15ml,100
优色林 A-Pigment 双精华 30ml,100
SKINCEUTICALS 肌肤再生精华，30ml,100
"ELBBUB 面部精华 抗衰老 适合干性肌肤 玻尿酸,维生素A酸,维生素 维生素C精华30ml+视黄醇精华30ml+透明质酸精华30ml",100
优色林 A-Pigment 双精华 30ml,100
SKINCEUTICALS 肌肤再生精华，30ml,100
"ELBBUB 面部精华 抗衰老 适合干性肌肤 玻尿酸,维生素A酸,维生素 维生素C精华30ml+视黄醇精华30ml+透明质酸精华30ml",100
Elizabeth Arden 伊丽莎白雅顿 维生素 C 神经酰胺胶囊 - 焕采新生精华，60 片，胶囊中的维生素 C 精华，让肌肤更亮丽，面部护理每日剂量 | 28ml,100
Elizabeth Arden 伊丽莎白雅顿 白茶新肌强化双相精华油 30ml,100
Elizabeth Arden 伊丽莎白雅顿 维生素 C 神经酰胺胶囊 - 焕采新生精华，60 片，胶囊中的维生素 C 精华，让肌肤更亮丽，面部护理每日剂量 | 28ml,100
Elizabeth Arden 伊丽莎白雅顿 白茶新肌强化双相精华油 30ml,100
Sisley 希思黎 面部精华 抗衰老 适合中性肤质 30ml 1件装,100
Neostrata 芯丝翠 面部精华 独特面部精华 含抗氧化剂和多羟基酸 适合所有肤质 维生素C 15ml 1件装,100
"BOBBI BROWN,Extra Plump 唇精华 - 裸粉色,6毫升",100
OLAY Regenerist 超紧致维他命精华，50ml,100
Sisley 希思黎 面部精华 抗衰老 适合中性肤质 30ml 1件装,100
Neostrata 芯丝翠 面部精华 独特面部精华 含抗氧化剂和多羟基酸 适合所有肤质 维生素C 15ml 1件装,100
"BOBBI BROWN,Extra Plump 唇精华 - 裸粉色,6毫升",100
OLAY Regenerist 超紧致维他命精华，50ml,100
My Sun Charisma 精华喷雾 Hidratant 250 毫升 Mujer,100
"眼部滚轮酸透明质酸咖啡因保湿丰盈按摩球减少黑眼圈袋眼下皱纹和细纹不油腻,适合敏感肌肤",100
My Sun Charisma 精华喷雾 Hidratant 250 毫升 Mujer,100
"眼部滚轮酸透明质酸咖啡因保湿丰盈按摩球减少黑眼圈袋眼下皱纹和细纹不油腻,适合敏感肌肤",100
Down Perm | DPERM 精华浓缩套装,100
DR.ORACLE 面部精华 保湿 28g,100
Elizabeth Arden 伊丽莎白雅顿 透明质酸神经酰胺胶囊保湿精华 60粒 | 28 ml,100
Shiseido 资生堂 面部精华 40 mL,100
Elizabeth Arden 伊丽莎白雅顿 透明质酸神经酰胺胶囊保湿精华 60粒 | 28 ml,100
Shiseido 资生堂 面部精华 40 mL,100
Olaplex Lashbond 塑身精华 4.5ml,100
Grow Gorgeous Density 精华 60 毫升,100
Olaplex Lashbond 塑身精华 4.5ml,100
Grow Gorgeous Density 精华 60 毫升,100
"Azeze 眉毛生长精华,适用于浓密眉毛 - 无油眉毛精华,6 周内,3ml",100
OLAY 玉兰油 *精华迷你礼品套装 14ml,100
"高级眉毛生长精华,眉毛浓密 – 眉毛生长精华,4 周至 60 天(5 毫升)",100
"人参*精华,人参抗皱精华,人参多肽*精华,金参面部精华,每瓶一人参,人参精油减少细纹 50ml*2",100
"高级眉毛生长精华,眉毛浓密 – 眉毛生长精华,4 周至 60 天(5 毫升)",100
"人参*精华,人参抗皱精华,人参多肽*精华,金参面部精华,每瓶一人参,人参精油减少细纹 50ml*2",100
"StriVectin Super-C 320755 视黄醇亮白修正维生素C精华,多功能动作。 | 30 ml",100
Pacifica 护发精华 防毛躁 118ml 干性,100
"StriVectin Super-C 320755 视黄醇亮白修正维生素C精华,多功能动作。 | 30 ml",100
Pacifica 护发精华 防毛躁 118ml 干性,100
"Poppy Austin 60 毫升面部精华 - 纯透明质酸面部精华 - 无刺激性保湿精华,含维生素 C - 抗皱*精华保湿霜,减少干性皮肤、细纹和皱纹",100
GUERLAIN 娇兰 面部精华 50ml 1件装,100
"e.l.f. Cosmetics 矿物精华,小号 14ml",100
"虾青素精华,肌肽虾青素精华,面部皮肤美白精华,保湿,收缩毛孔面部皮肤美白精华,适合所有肤质 2ml*30",100
"e.l.f. Cosmetics 矿物精华,小号 14ml",100
"虾青素精华,肌肽虾青素精华,面部皮肤美白精华,保湿,收缩毛孔面部皮肤美白精华,适合所有肤质 2ml*30",100
Dior 迪奥 面部精华 1件装 48ml,100
REN Clean Skincare Evercalm™ 精华 30 毫升,100
Dermaroller 面部精华 适合油性肌肤 乳酸,100
GUERLAIN 娇兰 Abeille Royale Daily Repair 帝皇蜂姿修复精华，1.6盎司（约47.31毫升）,100
Dior 迪奥 面部精华 1件装 48ml,100
REN Clean Skincare Evercalm™ 精华 30 毫升,100
Dermaroller 面部精华 适合油性肌肤 乳酸,100
GUERLAIN 娇兰 Abeille Royale Daily Repair 帝皇蜂姿修复精华，1.6盎司（约47.31毫升）,100
No7 Future Renew *逆转精华 25 毫升,100
StriVectin 面部精华 可显著改善颈部轮廓不清 适合各种肤质 50ml,100
No7 Future Renew *逆转精华 25 毫升,100
StriVectin 面部精华 可显著改善颈部轮廓不清 适合各种肤质 50ml,100
Rossano Ferretti Velluto 平滑精华 3.4 盎司,100
Revolution Rehab 夜间唇部精华 4.6ml,100
"THANKYOU FARMER 纯净精华爽肤水 | 韩国大米精华 100,000ppm | 7.03液量盎司（200ml）",100
OLAY 面部精华 抗衰老 适合干性肌肤 肽类 40ml,100
Rossano Ferretti Velluto 平滑精华 3.4 盎司,100
Revolution Rehab 夜间唇部精华 4.6ml,100
"THANKYOU FARMER 纯净精华爽肤水 | 韩国大米精华 100,000ppm | 7.03液量盎司（200ml）",100
OLAY 面部精华 抗衰老 适合干性肌肤 肽类 40ml,100
Neostrata 芯丝翠 面部精华 配方帮助修复光老化肌肤 30ml 1件装,100
GUERLAIN 娇兰 Orchidée Impériale L'Emulsion 御廷兰花精华乳液 30 毫升,100
Neostrata 芯丝翠 面部精华 配方帮助修复光老化肌肤 30ml 1件装,100
GUERLAIN 娇兰 Orchidée Impériale L'Emulsion 御廷兰花精华乳液 30 毫升,100
"Mesoderm RX 高级身体精华,150ml",100
SkinMedica 面部精华 去角质 29.57ml 适合成人使用 视黄醇 适合所有肤质 1件装,100
Timeless Skin Care 面部精华 美白 泛酚 维生素C 维生素E 4盎司(约113.4克),100
"Redken 滋养粘合精华,再生和保护免受日常损伤,深层有效修复更强头发,纯素,酸性粘合浓缩液 24/7 夜间和日间精华,1 x 100 毫升",100
Timeless Skin Care 面部精华 美白 泛酚 维生素C 维生素E 4盎司(约113.4克),100
"Redken 滋养粘合精华,再生和保护免受日常损伤,深层有效修复更强头发,纯素,酸性粘合浓缩液 24/7 夜间和日间精华,1 x 100 毫升",100
Ogee 维C THDA 20% Elixir-经认证的有机维生素 C 面部精华-提亮面部维生素 C 精华 15ml,100
Jurlique 茱莉蔻 Nutri Define Ritual 套装（洁面 100ml 面霜 50ml 精华 5ml 眼霜 5ml）,100
Ogee 维C THDA 20% Elixir-经认证的有机维生素 C 面部精华-提亮面部维生素 C 精华 15ml,100
Jurlique 茱莉蔻 Nutri Define Ritual 套装（洁面 100ml 面霜 50ml 精华 5ml 眼霜 5ml）,100
GUERLAIN 娇兰 帝皇蜂修复精华 50 毫升,100
Gillette Venus Intimate Grooming 日常舒缓精华 减少阴毛和皮肤向内生长的毛发，比基尼剃须后精华 50ml,100
GUERLAIN 娇兰 面部精华 抗衰老 30ml 1件装,100
"ElizabethArden 伊丽莎白雅顿 粉胶 夜间多效修护胶囊精华 视黄醇 神经酰胺，14ml,30粒",100
GUERLAIN 娇兰 面部精华 抗衰老 30ml 1件装,100
"ElizabethArden 伊丽莎白雅顿 粉胶 夜间多效修护胶囊精华 视黄醇 神经酰胺，14ml,30粒",100
妮维雅 Vital 大豆抗衰精华（40毫升） 专为成熟肌肤，含天然大豆精华的保湿霜，含透明质酸的紧致精华。,100
L'OCCITANE 欧舒丹 蜡菊赋颜精华霜，焕发年轻光彩，抵御衰老，1.7盎司，50毫升,100
妮维雅 Vital 大豆抗衰精华（40毫升） 专为成熟肌肤，含天然大豆精华的保湿霜，含透明质酸的紧致精华。,100
L'OCCITANE 欧舒丹 蜡菊赋颜精华霜，焕发年轻光彩，抵御衰老，1.7盎司，50毫升,100
Fresh Rose 深层补水面霜(全尺寸)和注入油精华(全尺寸)礼品套装 洗面奶50ml+面霜30ml+精华7ml,100
"Eva Naturals 面部透明质酸精华,含维生素 B5 - *面部精华和抗皱保湿精华-透明质酸面部精华,丰盈干燥皮肤-2.0 液体盎司(1 件装)",100
"LilyAna Naturals 视黄醇精华 - 面部视黄醇精华含有纯视黄醇(2.5%),有效*黑斑和**痕 - 面部维生素 C 精华 - 护肤产品 - 1 盎司",100
"KAHI Wrinkle Bounce 多重唇膏:即时抗皱护理,面部精华棒,非凡面部精华棒,非凡面部多香膏(9 克 0.3 盎司)",100
"LilyAna Naturals 视黄醇精华 - 面部视黄醇精华含有纯视黄醇(2.5%),有效*黑斑和**痕 - 面部维生素 C 精华 - 护肤产品 - 1 盎司",100
"KAHI Wrinkle Bounce 多重唇膏:即时抗皱护理,面部精华棒,非凡面部精华棒,非凡面部多香膏(9 克 0.3 盎司)",100
"Bielenda Skin Clinic - 面部精华 - 减少皱纹改善紧致、弹性、平滑和恢复皮肤* - Skin Clinic 专业面部精华,含视黄醇和 Q10 - 30毫升",100
"Malin + Goetz 面部精华 这款面部精华使用维生素A、C、E和超氧化物,让肌肤更清澈、更光滑。适合各种肤质使用。 适合各种肤质,适合敏感肌肤 维生素A,维生素C,维生素E 30ml",100
"Bielenda Skin Clinic - 面部精华 - 减少皱纹改善紧致、弹性、平滑和恢复皮肤* - Skin Clinic 专业面部精华,含视黄醇和 Q10 - 30毫升",100
"Malin + Goetz 面部精华 这款面部精华使用维生素A、C、E和超氧化物,让肌肤更清澈、更光滑。适合各种肤质使用。 适合各种肤质,适合敏感肌肤 维生素A,维生素C,维生素E 30ml",100
Curlsmith - *护理精华 - 适合卷曲和卷曲*的纯素护发油(4 盎司),100
Revision Skincare 面部精华 提亮滋润肌肤 适合所有肤质 视黄醇 30ml 1件装,100
ISDIN Isdinceutics Flavo-C 褪黑素夜间修复精华(30 安瓶)| 刺激皮肤的*防御 | 60 ml,100
"ELEMIS Pro-Collagen 海洋保湿精华,100 ml (Pack of 1)",100
ISDIN Isdinceutics Flavo-C 褪黑素夜间修复精华(30 安瓶)| 刺激皮肤的*防御 | 60 ml,100
"ELEMIS Pro-Collagen 海洋保湿精华,100 ml (Pack of 1)",100
Elizabeth Arden 伊丽莎白雅顿 Prevage Clinical 睫毛和眉毛增强精华，0.13液体盎司 约3.84毫升,100
"2022 新款姜黄黑斑精华油,姜黄面部精华油,亮肤黑斑修复面部精华(3 件*30 毫升)",100
"铜肽 + Matrixyl 3000,胶原蛋白,透明质酸面部精华液,多肽紧致丰盈精华,抗皱,*面部精华 - 240ml",100
philosophy 面部精华 收缩毛孔 适合所有肤质 水杨酸 29ml 1件装,100
Elizabeth Arden 伊丽莎白雅顿 Prevage Clinical 睫毛和眉毛增强精华，0.13液体盎司 约3.84毫升,100
"2022 新款姜黄黑斑精华油,姜黄面部精华油,亮肤黑斑修复面部精华(3 件*30 毫升)",100
"铜肽 + Matrixyl 3000,胶原蛋白,透明质酸面部精华液,多肽紧致丰盈精华,抗皱,*面部精华 - 240ml",100
philosophy 面部精华 收缩毛孔 适合所有肤质 水杨酸 29ml 1件装,100
"Summer's Eve Spa 日常私密*,奢华皮肤精华,剃须后无香料女士保湿精华,1 盎司管装",100
"Nanolash 睫毛生长精华护发素,用于增强长甜美的睫毛和眉毛 – 3毫升",100
"Summer's Eve Spa 日常私密*,奢华皮肤精华,剃须后无香料女士保湿精华,1 盎司管装",100
"Nanolash 睫毛生长精华护发素,用于增强长甜美的睫毛和眉毛 – 3毫升",100
Italwax 薄膜硬蜡精华 1kg / 35.27oz,100
SenAllis Cosmetics 护肤精华液 面部精华液 保湿 滋润 减少皱纹 干性肌肤 含透明质酸 保湿精华473ml+保湿精华60ml,100
Health & Beauty Martiderm Platinum Photo-Age 安瓶精华 30ampx2ml,100
Perricone MD No Makeup 精华粉底，SPF 20，1 盎司（30ml）,100
Health & Beauty Martiderm Platinum Photo-Age 安瓶精华 30ampx2ml,100
Perricone MD No Makeup 精华粉底，SPF 20，1 盎司（30ml）,100
"numbuzin No.5 维生素浓缩精华 | 谷胱甘肽和维生素精华,黑斑,韩国护肤 1.01 液体盎司/30 毫升",100
Natasha Denona Hy-Gen Skinglass 活力保湿底霜精华,100
"numbuzin No.5 维生素浓缩精华 | 谷胱甘肽和维生素精华,黑斑,韩国护肤 1.01 液体盎司/30 毫升",100
Natasha Denona Hy-Gen Skinglass 活力保湿底霜精华,100
Bioderma 面部精华 减少皱纹和细纹 适合各种肤质 玻尿酸,100
Le Revital 98% 浓缩纳米提取物、Umbilical 提取物和透明质酸钠精华 – 皮肤恢复精华 – 减少皱纹、黑斑 + 保湿 – 不油腻 24ml*4,100
Moist Diane 黛丝恩 Perfect Beauty 完美保湿精华 100g,100
KORRES 面部精华 有效的抗衰老精华 提拉紧致 减少皱纹的出现 适合各种肤质 1液体盎司(约29.6毫升),100
Moist Diane 黛丝恩 Perfect Beauty 完美保湿精华 100g,100
KORRES 面部精华 有效的抗衰老精华 提拉紧致 减少皱纹的出现 适合各种肤质 1液体盎司(约29.6毫升),100
PerfeECTLY CLEAN INFUSION 平衡精华乳液 400 毫升,100
"VieBeauti 高级睫毛生长精华:睫毛增强精华,高级配方,提升更长、更浓密的甜美睫毛 3ml,紫色",100
"头发生长精华,适用于稀疏头发,30 毫升纯素头发精华,适用于头发生长,天然毛躁头发精华,男女皆宜。",100
PerfeECTLY CLEAN INFUSION 平衡精华乳液 400 毫升,100
"VieBeauti 高级睫毛生长精华:睫毛增强精华,高级配方,提升更长、更浓密的甜美睫毛 3ml,紫色",100
"头发生长精华,适用于稀疏头发,30 毫升纯素头发精华,适用于头发生长,天然毛躁头发精华,男女皆宜。",100
"VieBeauti 高级睫毛生长精华:睫毛增强精华,高级配方,提升更长、更浓密的甜美睫毛 3ml",100
