0,【丁禹兮同款】韩束红蛮腰礼盒环六肽2.0抗皱紧致母亲节送妈妈女友,399
1,贝德美儿童蓝甘菊面霜保湿舒缓乳婴幼儿润肤乳四季面霜呵护精华霜,39
2,【润本母婴】换季婴幼儿童面霜滋润保湿护肤春夏防皴霜婴儿宝宝面霜,24
3,【润本母婴】换季婴幼儿童面霜滋润保湿护肤春夏防皴霜婴儿宝宝面霜,24
4,【品牌保障】润凰黄芪霜国货面霜老牌保湿补水养肤中干黄皮改善肌肤,49
5,红地球贴贴霜黄油小熊联名沁润保湿隐形妆前面霜温和润肤15g/50g,39
6,红地球贴贴霜黄油小熊联名沁润保湿隐形妆前面霜温和润肤15g/50g,39
7,【拍3到9】韩安冉同款抗皱紧致面霜 迷奇高级神奇美容蜜抗衰老套装,168
8,【直播专享 当天发货】佩兰诗胶原蛋白填充霜 专抹皱纹 松弛下垂,69
9,【进口成分】轻龄大师多肽紧致抗皱面霜淡化皱纹法令纹鱼尾纹保湿,99
10,棘宝全家罐沙棘沁润保湿霜补水滋润儿童宝宝面霜秋冬妆前乳贴贴霜,39
11,【母亲节礼物】自然堂凝时冰肌水/乳液/面霜精华肌肤抗老紧致礼盒,540
12,【万紫千红】白兰花香润肤脂40g*3盒,9
13,润本小桃喜保湿补水桃子面霜婴儿童宝宝清爽擦脸春夏款护肤滋润霜,29
14,【专抹皱纹_到手2瓶】美颜坊重组胶原抗皱面霜提拉紧致淡纹提亮保湿,99
15,【专抹皱纹_到手2瓶】美颜坊重组胶原抗皱面霜提拉紧致淡纹提亮保湿,99
16,白日梦醒家保湿妆前乳贴贴霜敏感肌温和不刺激隐形毛孔不卡粉面霜,39
17,【母亲节礼物】自然堂紧致抗皱焕活淡纹礼盒-洁面/水/乳/霜/精华,399
18,丝塔芙Cetaphil舒润保湿霜550g大白罐,165
19,【宠粉季】韩束红蛮腰面霜明星同款环六肽补水保湿抗皱紧致,139
20,【宠粉福利】娇润泉全新第二代黑源力面霜紧致抗皱保湿舒缓滋润,99
21,【宠粉福利】娇润泉全新第二代黑源力面霜紧致抗皱保湿舒缓滋润,99
22,【母亲节礼物】百雀羚超A瓶2.0套装系列抗皱紧致淡纹面霜水乳套装！,399
23,【母亲节礼物】珀莱雅红宝石面霜3.0抗皱紧致补水保湿淡纹滋润提拉,289
24,【母亲节礼物】 百雀羚水嫩倍现水乳护肤套盒补水保湿舒缓肌肤,199
25,【韩安冉同款推荐】飞天牡丹臻颜美白祛斑霜提亮淡斑改善暗沉,138
26,【王媛可推荐】丸美四抗3.0水乳精华霜套装提亮淡纹紧致护肤保湿#,589
27,【王媛可推荐】丸美四抗3.0水乳精华霜套装提亮淡纹紧致护肤保湿#,589
28,【大白罐保湿霜】维生素B5宝宝补水面霜涂抹面膜妆前乳贴贴霜全家用,49
29,【抗氧化面霜】RNW面霜大白罐补水保湿抗皱修护秋冬舒缓紧致润肤霜,69
30,美加净银耳珍珠滋养霜120G*2补水保湿面霜滋润护肤经典国货春夏,49
31,【王安宇同款】谷雨美白面霜奶罐补水去黄提亮淡斑官方正品SC11,149
32,【韦雪推荐】OURLAB贻贝紧致精萃油霜50g修护抗皱面霜-,349
33,【会员试用】谷雨光感水乳套装洁面小样美白不刺激保湿补水ZBSC,29
34,【会员试用】欧诗漫舒颜焕亮修护霜补水保湿舒缓面霜8g商城,9
35,大宝SOD蜜200ml*3+清爽露100ml 护肤乳液补水保湿面霜 清爽滋润,69
36,大宝SOD蜜200ml*3+清爽露100ml 护肤乳液补水保湿面霜 清爽滋润,69
37,韩束红蛮腰2.0面霜多肽胶原紧致抗皱淡化细纹改善干燥保湿淡纹霜,44
38,大宝SOD蜜200ml*2补水保湿滋润擦脸乳液面霜护肤瓶装,44
39,【二代377面霜】肌肤未来377科研美白淡斑焕肤霜紧致控油修护-zb,239
40,大宝B5特护霜安敏舒缓特润保湿敏肌屏障修护面霜晚霜全年可用,79
41,【欧莱雅母亲节礼盒礼物】小蜜罐水乳霜修护保湿紧致抗老套装面霜,799
42,【欧莱雅母亲节礼盒礼物】小蜜罐水乳霜修护保湿紧致抗老套装面霜,799
43,【修护扛老】厚脸皮水乳2.0乳液面霜修护舒缓抗皱补水保湿敏感肌ZB,249
44,可复美焦点面霜重组胶原蛋白修护精华霜修护早P晚R官方,399
45,【立即抢购】科颜氏全新第三代高保湿面霜补水修护霜护肤,350
46,【618抢先购】薇诺娜修白日晚霜50g 敏肌祛斑淡斑防晒修护保湿美白,389
47,美加净银耳珍珠滋养霜补水保湿面霜滋润护肤经典国货春夏干皮,12
48,美加净银耳珍珠滋养霜补水保湿面霜滋润护肤经典国货春夏干皮,12
49,【超值购】可复美焦点面霜 重组胶原蛋白光奕律时修护精华霜 15g/瓶,69
50,理肤泉b5修复霜保湿面霜滋润敏感肌b5修护霜舒缓双支达人专属D,140
51,【会员试用】珀莱雅红宝石面霜3.0/5g抗皱紧致控油保湿淡纹滋养,12
52,【超值双支】理肤泉B5修复霜升级修护舒缓保湿面霜敏感b5修护霜A,203
53,【520好礼季】薇诺娜柔润保湿霜 干皮补水保湿面霜乳液舒缓修护肤,88
54,【母亲节礼物】欧莱雅小蜜罐面霜保湿修护抗皱抗老护肤品,329
55,KIEHL\'S/科颜氏 高保湿面霜125ml*2紧致透亮肌肤植物萃取精华水润,423
56,【母亲节礼物】百雀羚绿宝石帧颜精华水乳霜2.0抗老淡纹抗皱王一博,398
57,【国家认证】丸美小金针面霜胶原蛋白抗皱修护淡纹紧致提亮抗老ms#,338
58,【新款可选】AQUALABEL水之印五合一胶原弹力抗皱乳霜90G,99
59,【会员试用】珀莱雅红宝石面霜3.0/1.5g*2环肽抗皱紧致补水保湿滋润,4
60,【会员试用】珀莱雅红宝石面霜3.0/1.5g*2环肽抗皱紧致补水保湿滋润,4
61,【母亲节】凌博士Coll-HA时光霜抗皱面霜紧致弹润舒缓修护滋润s,179
62,大宝维他命B5保湿舒缓修护乳多规格积雪草敏感肌补水改善屏障,49
63,【易烊千玺同款】珀莱雅源力面霜2.0修护滋养抗皱舒缓保湿,239
64,【新粉专属】肌肤未来377科研美白焕肤霜去黄提亮淡化暗沉-zb,119
65,孔凤春【特护霜】马齿苋保湿舒缓补水修护屏障学生套装敏感肌面霜,33
66,孔凤春【特护霜】马齿苋保湿舒缓补水修护屏障学生套装敏感肌面霜,33
67,【母亲节礼物】OLAY玉兰油大红瓶水乳超红瓶面霜紧致淡纹修护抗老sc,719
68,【金秋焕新】肌肤未来377美白淡斑霜改善暗沉补水保湿滋润焕亮肤色,119
69,【母亲节礼物】自然堂凝时鲜颜肌活霜保湿抗皱紧致霜酵母肌肽国货,158
70,【特批机制】LAN兰时光兰花油兰花冷霜抗皱修护精华油保湿舒缓护肤,287
71,【18+成人鲜奶霜】郁美净夏季成人鲜奶霜/补水 抗皱滋润面霜乳液,39
72,【18+成人鲜奶霜】郁美净夏季成人鲜奶霜/补水 抗皱滋润面霜乳液,39
73,【母亲节礼物】欧诗漫安心大白罐舒颜焕亮修护霜提亮修护面霜官方,199
74,【会员试用】珀莱雅源力轻盈霜5g舒缓修护抗皱紧致保湿精华霜,9
75,【会员试用】珀莱雅源力轻盈霜5g舒缓修护抗皱紧致保湿精华霜,9
76,【会员试用】丸美重组双胶原水乳霜体验装 紧致淡纹修护抗初老升级#,16
77,科颜氏高保湿面霜50ml/125ml多规格肌肤紧致透亮,125
78,【达人】毛戈平养肤焕颜黑霜25g保湿修护滋养面霜晚霜,299
79,【官方正品】HBN修护B5面霜泛醇特润霜补水保湿滋养润舒缓护肤面霜,239
80,【papi同款】戴可思冰沙面霜夏季宝宝儿童面霜擦脸冰霜舒缓补水保湿,39
81,【韦雪同款】OURLAB贻贝紧致轮廓霜保湿修护紧致抗皱油霜面霜50g,699
82,老牌国货护肤品馥珮抗皱保湿霜改善皱纹馥佩抗皱保湿补水面霜,19
83,理肤泉新B5多效舒缓修护霜B5+40ml.,60
84,理肤泉新B5多效舒缓修护霜B5+40ml.,60
85,【会员派样】可复美透明质酸钠藻萃盈润保湿精华霜 吨吨霜10g,19
86,【达人专属】LAN时光兰花御韧精萃霜淡纹细腻肌肤紧致修护面部护肤,57
87,【官方直播】露得清小蓝管入门级A醇面霜淡纹紧致抗皱细腻嫩肤霜,149
88,【热销星品】毕生之研厚脸皮乳2.0 屏障修护祛痘舒缓抗皱乳液面霜,149
89,【四火姐姐专享】毛戈平养肤焕颜黑霜25g保湿修护滋养面霜晚霜,299
90,【四火姐姐专享】毛戈平养肤焕颜黑霜25g保湿修护滋养面霜晚霜,299
91,大宝ABC功效套装A醇淡纹乳60ml+B5特护霜70g+VC美白乳50ml 面霜,199
92,【短视频】林清轩山茶花黑金时光肽抗皱焕亮精华霜6g,26
93,【母亲节礼遇】谷雨山参紧塑提拉面霜抗皱紧致滋润深补水保湿ZB21,199
94,老牌国货护肤品馥珮抗皱保湿霜改善皱纹馥佩抗皱保湿补水面霜,19
95,理肤泉新B5多效舒缓修护霜B5+40ml.,64
96,理肤泉新B5多效舒缓修护霜B5+40ml.,64
97,【会员派样】可复美透明质酸钠藻萃盈润保湿精华霜 吨吨霜10g,19
98,【达人专属】LAN时光兰花御韧精萃霜淡纹细腻肌肤紧致修护面部护肤,57
99,【短视频】林清轩山茶花黑金时光肽抗皱焕亮精华霜6g,26
