0,Opera/娥佩兰薏仁乳液补水护肤品瓶装保湿水润不粘腻学生性价比优,49
1,【丁禹兮同款】韩束红蛮腰礼盒环六肽2.0抗皱紧致母亲节送妈妈女友,38
2,贝德美儿童蓝甘菊面霜保湿舒缓乳婴幼儿润肤乳四季面霜呵护精华霜,39
3,【二裂酵母精华水乳】滋润肌肤 锁水保湿 干油皮补水护肤品,38
4,贝德美儿童蓝甘菊面霜保湿舒缓乳婴幼儿润肤乳四季面霜呵护精华霜,39
5,红地球贴贴霜黄油小熊联名沁润保湿隐形妆前面霜温和润肤15g/50g,39
6,红地球贴贴霜黄油小熊联名沁润保湿隐形妆前面霜温和润肤15g/50g,39
7,【母亲节礼物】自然堂美白淡斑护肤礼盒-洁面/柔肤水/乳/精华嫩白,329
8,自然堂娇颜嫩白礼盒-洁面/水/乳/精华美白淡斑烟酰胺,137
9,CHANDO/自然堂娇颜嫩白礼盒洗水乳精华美白淡斑祛黄提亮改善暗沉.,105
10,贝德美宝宝霜润肤乳婴儿滋润霜护肤保湿霜新生儿防皴多效面霜,24
11,【母亲节献礼】谷雨雪肌水乳套装美白补水修护控油去黄提亮ZB31,299
12,【母亲节献礼】谷雨雪肌水乳套装美白补水修护控油去黄提亮ZB31,299
13,【母亲节】韩束红蛮腰水乳套组环六肽补水保湿抗皱紧致填充胶原,49
14,卡芙漫【大瓶装300g】维生素e乳液维E乳补水擦脸面霜护手霜丝滑柔嫩,8
15,【夏季儿童面霜】袋鼠妈妈小冰霜保湿晒后降温婴儿宝宝清爽润肤乳春,49
16,【徐艺洋推荐】BUV紫苏牛油果清肌水乳套装油皮控油细腻毛孔舒缓,148
17,【母亲节礼物】自然堂紧致抗皱焕活淡纹礼盒-洁面/水/乳/霜/精华,399
18,【母亲节礼物】自然堂紧致抗皱焕活淡纹礼盒-洁面/水/乳/霜/精华,399
19,丝塔芙Cetaphil舒润保湿霜550g大白罐,165
20,【欧莱雅母亲节礼盒】复颜抗皱水乳套装紧致护肤母亲节礼物送妈妈,399
21,【欧莱雅母亲节礼盒】复颜抗皱水乳套装紧致护肤母亲节礼物送妈妈,399
22,泊本6D玻尿酸水乳套装补水保湿修护舒缓温和不刺激面部护肤品,169
23,【母亲节礼物】 百雀羚水嫩倍现水乳护肤套盒补水保湿舒缓肌肤,199
24,【王媛可推荐】丸美四抗3.0水乳精华霜套装提亮淡纹紧致护肤保湿#,589
25,【大白罐保湿霜】维生素B5宝宝补水面霜涂抹面膜妆前乳贴贴霜全家用,49
26,润本蛋黄夏季精华霜儿童婴幼儿宝宝保湿滋补水乳液换季舒缓面霜,49
27,润本蛋黄夏季精华霜儿童婴幼儿宝宝保湿滋补水乳液换季舒缓面霜,49
28,【母亲节】凌博士青春水乳2.0Cyto-HA全分子量玻尿酸补水紧致干Z,249
29,【母亲节礼物】珀莱雅水动力盈润套装补水控油保湿护肤品套装,121
30,美加净银耳珍珠滋养霜120G*2补水保湿面霜滋润护肤经典国货秋冬,49
31,贝德美儿童蓝甘菊身体乳保湿滋润舒缓乳液婴幼儿童保湿乳润肤乳,59
32,【欧莱雅母亲节礼盒】黑精华玻色因水乳套装保湿紧致抗皱护肤礼物,669
33,【欧莱雅母亲节礼盒】黑精华玻色因水乳套装保湿紧致抗皱护肤礼物,669
34,【会员试用】谷雨光感水乳套装洁面小样美白不刺激保湿补水ZBSC,29
35,【水乳】日本进口花本姿玫瑰抗皱精华水乳液紧致淡纹补水提亮H,39
36,【母亲节礼物】OLAY玉兰油全新大红瓶水乳2.0套组淡纹抗氧嘭弹紧致,399
37,标婷维生素e乳保湿维生素E乳护肤品面霜补水乳液身体乳秋冬护手霜,16
38,Bio-MESO肌活糙米乳修护保湿面部女油皮控油焕活精华乳,79
39,润本儿童面霜婴儿积雪草冰沙霜宝宝霜春夏清爽舒缓保湿补水润肤乳,39
40,【母亲节礼物】谷雨水乳套装月见仙人掌保湿男士女士官方正品SC58,119
41,大宝SOD蜜200ml*2补水保湿滋润擦脸乳液面霜护肤瓶装,44
42,大宝SOD蜜200ml*2补水保湿滋润擦脸乳液面霜护肤瓶装,44
43,【官方正品】HBN早C晚A水乳套装发光水视黄醇精华乳去黄提亮抗初老,288
44,协和维生素e乳保湿补水滋润面霜身体乳液平价国货维E乳100ml×3瓶,36
45,【王媛可推荐】丸美四抗3.0洁面水乳套装淡纹焕亮紧致滋润补水GL&,399
46,兰亭玻尿酸舒缓保湿乳液敏感肌可用补水保湿提亮肤色淡化暗沉  LH,39
47,WIS极润紧肤水乳套组保湿补水舒缓肌肤干燥适用正乳液爽肤水正品,69
48,贝德美婴儿水养霜宝宝霜滋润保湿乳补水柔润护肤四季儿童面霜50g,39
49,【母亲节礼物】OLAY玉兰油全新2.0美白水乳套装祛斑控油美白护肤sc,399
50,【修护扛老】厚脸皮水乳2.0乳液面霜修护舒缓抗皱补水保湿敏感肌ZB,249
51,【修护扛老】厚脸皮水乳2.0乳液面霜修护舒缓抗皱补水保湿敏感肌ZB,249
52,hfp大白瓶烟酰胺美白精华乳液补水保湿祛斑色斑淡痘印提亮黄黑皮t,159
53,【畅销11年】郁美净夏季鲜奶霜/乳液清爽滋润补水高保湿乳液套组,69
54,【畅销11年】郁美净夏季鲜奶霜/乳液清爽滋润补水高保湿乳液套组,69
55,大宝SOD清爽保湿凝露100ml*2补水保湿滋润面霜乳液擦脸护肤倍润,26
56,SK-II多方位三件套神仙水230ml清莹露230ml乳液100g补水保湿精华,1298
57,半亩花田神经酰胺水乳面部护肤品晚上熬夜乳液套装补水保湿男女10,74
58,【达人专属】毕生之研厚脸皮乳/霜2.0两件装 保湿修护屏障舒缓褪红,229
59,【欧莱雅母亲节礼盒】玻色因水乳套装晶露乳液抗皱紧致护肤品礼物,399
60,理肤泉b5修复霜保湿面霜滋润敏感肌b5修护霜舒缓双支达人专属D,140
61,【会员试用】珀莱雅红宝石面霜3.0/5g抗皱紧致控油保湿淡纹滋养,12
62,【会员试用】贝德美儿童蓝甘菊保湿滋润身体乳60g*1瓶,9
63,【520好礼季】薇诺娜柔润保湿霜 干皮补水保湿面霜乳液舒缓修护肤,76
64,溪木源山茶花水乳面霜套装精华水修护保湿敏感肌补水换季护肤ZB,169
65,【升级小金盾】纯妈 蛋黄油高保湿霜,68
66,【升级小金盾】纯妈 蛋黄油高保湿霜,68
67,【胶原乳】可复美重组胶原蛋白修护精粹乳修护舒缓换季保湿乳液官方,178
68,【超值购】薇诺娜极润保湿水乳洁面小套装 面部护肤品补水舒缓 正品,54
69,【超值购】薇诺娜极润保湿水乳洁面小套装 面部护肤品补水舒缓 正品,54
70,大宝维他命B5保湿舒缓修护乳多规格积雪草敏感肌补水改善屏障,49
71,【超品日】薇诺娜极润保湿水乳面霜精华套装 干皮补水保湿舒缓修护,189
72,【6瓶装】协和维生素e乳保湿补水滋润面霜6瓶装老国货ve乳600ml,63
73,毕生之研厚脸皮乳2.0 修护屏障舒缓敏感肌泛红保湿抗皱乳液DBG,149
74,【宠粉季】韩束红蛮腰乳液环六肽补水保湿紧致抗皱面部护理,129
75,【宠粉季】韩束红蛮腰乳液环六肽补水保湿紧致抗皱面部护理,129
76,协和维E乳压泵装保湿补水面霜乳液全身滋润质感100ml/瓶装,19
77,【丁禹兮同款】韩束白蛮腰美白淡斑抗皱护肤水乳紧致补水保湿,79
78,【会员试用】珀莱雅源力轻盈霜5g舒缓修护抗皱紧致保湿精华霜,9
79,【会员试用】丸美重组双胶原水乳霜体验装 紧致淡纹修护抗初老升级#,16
80,启初水润高保湿面霜宝宝儿童专用婴儿补水滋润护肤品春夏款测评,34
81,【会员派样】可复美重组胶原蛋白修护胶原乳5ml/支 干皮敏感肌水乳r,19
82,百雀羚水嫩倍现水乳夏季套装保湿精华修护肤熬夜补水学生官方正品,59
83,【商城】CeraVe适乐肤C乳473ml持久保湿补水修护乳液温和润肤乳,137
84,【会员试用】CeraVe适乐肤屏障修护润肤乳C乳30ml,9
85,瑷尔博士精研益生菌水乳2.0旅行装（清爽型）保湿熬夜修护【旗舰店】,9
86,理肤泉新B5多效舒缓修护霜B5+40ml.,64
87,【会员派样】可复美透明质酸钠藻萃盈润保湿精华霜 吨吨霜10g,19
88,大宝早C晚A套装 A醇淡纹乳60ml+VC精华乳50ml 紧致提亮美白淡斑霜,149
89,AHC官方旗舰店玻尿酸B5水乳套装干皮补水保湿强韧Z,178
90,AHC官方旗舰店玻尿酸B5水乳套装干皮补水保湿强韧Z,178
91,【礼盒】艾珂薇N4水润褪红舒缓修护保湿补水清爽敏感肌男女褪红面霜,98
92,【母亲节礼物】自然堂水光充盈玻尿酸洁面/水/乳/精华补水礼盒,174
93,【会员专享】毕生之研厚脸皮水乳/霜2.0试用装,14
94,新版至本特安修护乳液 舒缓褪红盈润补水保湿维稳屏障敏弱肌适用,83
95,【经典国货】百雀羚维生素E精华乳霜保湿修护舒缓玻尿酸积雪草紧致,16
96,【经典国货】百雀羚维生素E精华乳霜保湿修护舒缓玻尿酸积雪草紧致,16
97,【王炸组合】AHC官方旗舰店小神仙套组+B5玻尿酸水乳套组,289
98,【成毅代言】curel珂润保湿化妆水/乳液敏感肌神经酰胺补水水乳,119
99,大宝维C焕白淡斑精华乳50ml 美白VC提亮肤色改善暗沉保湿乳液面霜,89
100,【宠粉季】韩束白蛮腰水/乳美白保湿淡斑抗皱紧致美容面部,49
101,【会员试用】CeraVe适乐肤屏障修护润肤乳C乳88ml双支体验装,39
102,韩束红蛮腰乳液2.0多肽胶原100毫升紧致抗皱补水修护淡化细纹保湿,34
103,【官方直播】HBN双A醇精华乳2.0紧致抗皱保湿滋润乳液淡化细纹护肤,199
104,谷雨光果甘草柔光精萃雪肌乳保湿补水滋润护肤组合[DB3X],119
105,谷雨光果甘草柔光精萃雪肌乳保湿补水滋润护肤组合[DB3X],119
106,稀物集液晶乳「轻盈保湿」松茸菌菇乳液补水舒缓修护温和强屏障官方,158
107,【尝鲜体验】AM馥郁满铺晚香玉大金砖水乳CP抗氧焕亮保湿亲肤SP,64
108,【母亲节礼物】百雀羚超A瓶精华水乳保湿紧致淡纹抗皱送妈妈护肤品,129
109,【商城】CeraVe适乐肤屏障修护润肤乳C乳236ml补水修护温和乳液,96
110,新版至本舒颜修护乳液 积雪草多维舒缓清透盈润补水保湿紧致水乳,122
111,新版至本舒颜修护乳液 积雪草多维舒缓清透盈润补水保湿紧致水乳,122
112,【超值购】可复美吨吨霜透明质酸钠藻萃盈润保湿精华霜吨吨霜10g*1,19
113,【会员试用】谷雨极光精萃水山参胶原乳面霜小样套装护肤ZBSC,29
114,【会员试用】谷雨极光精萃水山参胶原乳面霜小样套装护肤ZBSC,29
115,【超品日】薇诺娜极润保湿乳液 干皮深层补水舒缓保湿乳面霜护肤品,100
116,瑷尔博士益生菌修护乳2.0乳液单瓶修护保湿护肤【旗舰店】,119
117,【母亲节礼物】谷雨光感乳修护美白提亮去黄补水保湿官方正品SC05,179
118,【母亲节礼物】谷雨光果甘草雪肌乳减黄提亮补水保湿官方正品SC18,129
119,可复美重组胶原蛋白肌御修护精萃乳40ml屏障脆弱角质层薄弱保湿,89
120,【干皮保湿乳】溪木源山茶花精华乳敏肌舒缓修护补水保湿乳护肤,99
121,【官方正品】倩碧有油无油黄油干皮混皮敏感肌适用舒缓滋润乳液,298
122,【达人专属】韩国ongredients温丽慈水光妆前乳光感肌肤保湿乳液,129
123,【拍1发2】黛莱皙雪绒花紧致抗皱拍拍乳保湿补水嫩肤护肤乳液H599,99
124,【一枝梅同款】【蜂王浆乳】Flapper翡拉帕丽蜂皇浆时光金钥精华乳,99
125,【畅销11年】郁美净夏季鲜奶霜/乳液清爽滋润补水高保湿乳液面霜,20
126,毕生之研厚脸皮乳/霜2.0 30ml 便携装屏障修护保湿祛痘舒缓抗皱,79
127,PROYA/珀莱雅 双抗2.0水乳套装 补水提亮抗氧化紧致淡纹爽肤,117
128,【官方直售】珀莱雅双抗水乳霜特证版体验装（水20ml+乳20ml+霜5g）,79
129,薇诺娜柔润保湿霜面霜 男女干皮补水保湿舒缓修护肤敏肌学生 正品,88
130,珀莱雅紧致肌密精华乳液正品补水保湿淡化细纹抗皱提拉滋润防初老,59
131,适乐肤c霜保湿补水保湿滋润修护面霜舒缓修护屏障湿润舒适护肤,28
132,【会员试用】肌漾祛痘精华乳4g急救红肿痘涂抹式护肤品正品通用男女,9
133,【会员专享】韩国ongredients温丽慈屏障舒缓乳水光妆前乳保湿乳液,89
134,【618小美盒试用】红宝石水乳霜尝鲜盒淡纹紧致抗皱补水保湿护肤,24
135,【618小美盒试用】红宝石水乳霜尝鲜盒淡纹紧致抗皱补水保湿护肤,24
136,【官方自播】泊本6D玻尿酸水乳姜黄素干皮补水保湿水润控油敏感肌,88
137,【母亲节礼物】珀莱雅水动力盈润乳液补水保湿乳液清爽护肤品女,68
138,【张凌赫推荐】适乐肤C乳473ml 神经酰胺修护皮肤屏障乳液面霜补水保湿滋润舒缓持久温和大容量情人节送礼,128
139,【会员试用】谷雨极光精萃水山参胶原乳面霜小样套装护肤ZBSC,29
140,【老品牌国货】维生素e乳擦脸补水保湿面霜护手霜身体乳润肤乳护肤,9
141,【老品牌国货】维生素e乳擦脸补水保湿面霜护手霜身体乳润肤乳护肤,9
142,【母亲节礼物】珀莱雅红宝石活肤乳保湿滋润乳液紧致肌肤柔嫩补水,239
143,【超值购】可复美重组胶原蛋白肌御赋活修护精粹乳胶原乳5ml/支*2,19
144,【超值购】可复美重组胶原蛋白肌御赋活修护精粹乳胶原乳5ml/支*2,19
145,瑷尔博士闪充水乳保湿紧致抗皱暗沉女送妈妈25ml+25g,39
146,【母亲节礼物】珀莱雅双抗乳特证版美白紧致抗皱舒缓修护滋养温和,199
147,【母亲节礼物】珀莱雅双抗乳特证版美白紧致抗皱舒缓修护滋养温和,199
148,John Jeff B5乳液(轻盈版)补水清爽保湿缓解干燥油皮无负担姐夫.,69
149,可复美吨吨水/乳/霜透明质酸钠藻萃盈润焕亮保湿精华水乳液czg,19
150,百雀羚超A瓶精华乳保湿补水淡纹抗老紧致温和不刺激护肤品520礼物,129
151,【宠粉季】韩束红蛮腰环六肽水乳洁面紧致补水保湿礼盒母亲节送礼,279
152,百雀羚草本水润长效保湿乳补水改善紧绷平衡水油舒缓,46
153,百雀羚草本水润长效保湿乳补水改善紧绷平衡水油舒缓,46
154,【抢！吨吨水乳】可复美透明质酸钠保湿精华水乳  赠1支胶原棒2.0 r,39
155,孔凤春马齿苋舒缓精华乳补水保湿养护屏障乳液锁水面部轻盈滋润,37
156,孔凤春马齿苋舒缓精华乳补水保湿养护屏障乳液锁水面部轻盈滋润,37
157,【特价】水之印氨基酸保湿弹润乳液温润锁水紧致130ml,41
158,【有效期至25年10月】达尔肤三修水乳套组舒缓泛红维稳补水保湿水乳,45
159,【母亲节礼物】自然堂紧致抗皱焕活乳115ml保湿抗皱舒缓乳液正品,159
160,百雀羚乳液水润长效保湿乳补水保湿润肤晒后舒缓提亮清爽护肤正品,33
161,【专柜】CeraVe适乐肤神经酰胺C乳屏障修护乳润肤乳补水保湿乳,29
162,【会员试用】谷雨新客专享光感乳保湿护肤光甘草定减黄提亮ZBSC,9
163,郁美净鲜奶乳液面霜保湿补水滋润官方旗舰店女士男士老牌子护肤品,24
164,Opera/娥佩兰薏仁乳液补水护肤品瓶装保湿水润不粘腻学生性价比优,49
165,Clinique/倩碧天才黄油无油版乳液面霜50ml中样便携23年6月后生产,39
166,协和维生素E乳液保湿补水滋润霜VE身体乳液护肤女男国货旋盖装,16
167,【国内现货】CeraVe/适乐肤 神经酰胺润肤乳C乳 88ml*1瓶装c【店铺】,24
168,【会员派样】AHC官方旗舰店B5水乳旅行套装20ml+HA水乳旅行套装30ml,19
169,【全新升级】自然堂雪域修护保湿乳120ml清爽保湿舒缓控油修护,99
170,Sisley/希思黎全能乳液升级版125ml×2瓶38悦己好物,999
171,薇诺娜极润保湿水乳套组 保湿舒缓LYX DB,268
172,【母亲节礼物】自然堂娇颜亮润嫩白乳115ml乳液淡斑提亮护肤品正品,139
173,【会员专享】毕生之研厚脸皮乳/霜2.0试用装,9
174,【会员专享】毕生之研厚脸皮乳/霜2.0试用装,9
175,JohnJeff B5乳液(丰盈)补水保湿滋润舒缓强韧屏障缓解干痒姐夫.,71
176,【大牌试用】百雀羚焕龄紧致精华乳30ml抗初老紧致肌肤保湿,9
177,【大牌试用】百雀羚焕龄紧致精华乳30ml抗初老紧致肌肤保湿,9
178,【达人专属】curel珂润润浸保湿水乳套装保湿化妆150ml+保湿乳120ml,168
179,【会员派样】可复美透明质酸钠藻萃盈润保湿精华乳14ml/瓶补水保湿,19
180,【会员派样】 怡丽丝尔 胶原焕新精华水乳套装正品弹润紧致抗皱,19
181,【官方正品】颐莲抗皱紧致水乳御龄紧致保湿眼霜精华面霜滋润护肤,23
182,【甄选好礼】德妃紫苏保湿补水春夏沉浸式护肤控油舒缓乳液200ml,134
183,【闭口乳】羽素闭口水乳液控油修护舒缓补水保湿乳滋润面部护肤品,109
184,【超值购】可复美透明质酸钠藻萃盈润保湿精华乳14ml/瓶补水保湿,19
185,【母亲节礼物】谷雨月见仙人掌清滢舒润精粹乳男女士护肤SC66,89
186,【母亲节礼物】谷雨月见仙人掌清滢舒润精粹乳男女士护肤SC66,89
187,林清轩  正装双抗精华乳120ml（带盒）,48
188,无印基础补水化妆控油爽肤水水乳湿敷不刺激温和紧致滋润保湿,39
189,无印基础补水化妆控油爽肤水水乳湿敷不刺激温和紧致滋润保湿,39
190,阿芙11籽十一籽发酵精华乳补水乳液保湿滋润干皮紧致抗皱舒缓,119
191,DCEXPORT/迪仕艾普葡萄籽凝润赋颜精华乳100ml 抗皱保湿紧致舒缓,258
192,丸美巧克力丝滑乳紧致淡纹修护舒缓补水保湿官网官方旗舰店正品,113
193,【大牌试用】Opera娥佩兰补水护肤品薏仁水乳湿敷瓶装爽肤水体验装,12
194,【国内专柜版本】Sisley希思黎正品 全能乳液60ml 维稳修护补水 【h】,287
195,大宝水凝保湿精华乳150ml滋润保湿补水润肤清爽爽肤护肤玻尿酸,69
196,相宜本草美白润养乳清润易吸收亮白提亮美白水淡斑滋润护肤推荐,32
197,韩束红蛮腰柔肤乳100ml多肽胶原环六肽抗皱紧致滋润保湿淡纹提亮,30
198,韩束红蛮腰柔肤乳100ml多肽胶原环六肽抗皱紧致滋润保湿淡纹提亮,30
199,【母亲节甄选】颐莲玻尿酸嘭润修护水乳组合舒缓保湿保湿补水爽肤水,109
200,【官方正品】颐莲玻尿酸水凝倍润精华乳套装补水护肤保湿舒缓,49
201,珀莱雅水动力盈润乳100ml补水保湿清爽控油滋润舒缓不油腻好吸收,29
202,孔凤春神经酰胺舒缓修护乳液补水保湿修护屏障干皮水乳老牌国货,35
203,谷雨月见仙人掌乳护肤补水水嫩沁润舒缓清爽渗透[DB3],79
204,雅漾倍护霜敏感肌保湿舒缓修护换季护肤面霜换季出游旅行官方春夏,40
205,【自营】Clinique/倩碧 正品 黄油无油乳液 125ml 水润保湿,125
206,百雀羚水润长效保湿乳保湿舒缓水润国货100ml护肤包邮,39
207,百雀羚水润长效保湿乳保湿舒缓水润国货100ml护肤包邮,39
208,【商城】丸美四抗焕亮精粹乳50g抗皱抗初老紧致淡纹保湿补水水光#,69
209,百雀羚保湿乳清爽舒缓保湿护肤品乳液官方正品补水夏天女性清爽,33
210,【jane专属】贝德玛净妍毛修控油乳30ml修饰毛孔控油收敛精华乳DB,129
211,百雀羚弹嫩赋活焕亮精华乳烟酰胺补水保湿紧致抗初老舒缓乳液,9
212,【黄子弘凡同款】ddg511特护水乳清润补水保湿舒缓修护维稳,159
213,【黄子弘凡同款】ddg511特护水乳清润补水保湿舒缓修护维稳,159
214,温博士B5精华乳收缩毛孔粗大去黑头粉刺闭口祛痘印控油保湿补水,59
215,协和维生素B5多效精华乳保湿补水舒缓皮肤敏感面霜乳液,52
216,协和维生素B5多效精华乳保湿补水舒缓皮肤敏感面霜乳液,52
217,【福利】OLAY玉兰油抗糖美白乳25年7月保湿提亮烟酰胺控油精华乳,29
218,【会员试用】HBN小奶瓶修护水30ml修护乳30ml旅行装,29
219,【会员试用】HBN小奶瓶修护水30ml修护乳30ml旅行装,29
220,芙丽芳丝MINI水乳套装清爽80ml水+50ml滋润,109
221,【官旗专属】玉泽皮肤屏障修护神经酰胺调理乳,129
222,OSM/欧诗漫正品欧诗漫珍珠粉嫩轻盈保湿乳补水保湿清爽水润不粘腻,18
223,戴春林珍珠水嫩蜜乳液女补水保湿清爽嫩颜顺滑肌肤面部护肤品女士,128
224,【自营】Clinique倩碧正品 黄油滋润（有油）125ml 修护屏障补水,119
225,【自营】Clinique倩碧正品 黄油滋润（有油）125ml 修护屏障补水,119
226,HBNα-熊果苷原白乳液美白淡斑补水保湿精华乳MJ,199
227,【会员试用】谷雨新客专享白千控油乳液控油祛痘修护保湿舒缓ZBSC,14
228,【会员试用】谷雨新客专享白千控油乳液控油祛痘修护保湿舒缓ZBSC,14
229,【母亲节礼物】谷雨月见仙人掌清滢舒润补水精粹霜官方正品SCTF01,79
230,【商城】皮宝致润擦脸保湿润肤乳30g打通4重水循环高保湿锁水,49
231,【修护维稳】理肤泉特安水乳套组 安心水+舒护乳 舒缓精简修护A,249
232,【旗舰店专属】韩国lefilleo丽菲欧白晶番茄胶原能量油敷精粹水霜,168
233,【超品日】薇诺娜极润保湿水盈霜干皮面霜乳液补水保湿舒缓敏肌护肤,79
234,【超品日】薇诺娜极润保湿水盈霜干皮面霜乳液补水保湿舒缓敏肌护肤,79
235,【官方直售】自然之名酵母护肤礼盒水面霜精华套盒效期至25年11月,68
236,【拍1到手250克】丝塔芙大白罐舒润保湿霜250g面霜身体乳滋润敏感肌补水保湿平价无香无刺激防干,108
237,【拍1到手250克】丝塔芙大白罐舒润保湿霜250g面霜身体乳滋润敏感肌补水保湿平价无香无刺激防干,108
238,【乳液60ml*2瓶】欧诗漫珍珠白净透润白乳液补水保湿美白淡斑正品,29
239,【会员包邮试用】精粹水22ml+花蜜乳液22ml保湿芳香抗皱,29
240,【会员包邮试用】精粹水22ml+花蜜乳液22ml保湿芳香抗皱,29
241,美加净酵米焕活精华乳100ml 清爽保湿水润抗皱紧致舒缓淡纹国货,43
242,Rellet/颐莲【自播】御龄紧致臻享水乳紧致水眼霜面霜洁面,28
243,荷诺乳酸菌平衡水乳150ml+140ml 保湿补水护肤 zb,67
244,大宝维他命B5保湿舒缓修护乳液95ml肌肤皮肤屏障积雪补水滋润面霜,32
245,水密码冰川精华乳液角鲨烷深层补水清爽滋润保湿乳女护肤品旗舰店,39
246,【会员专享价】芙丽芳丝水感沁润霜30g 保湿护肤精简护肤,79
247,【国内现货】sisley/希思黎正品 全能乳(如愿升级限量版)125ml  【h】,599
248,黛珂牛油果植萃乳液150ml×1瓶保湿弹润饱满,128
249,KANS/韩束紧致淡纹弹力乳液100ml补水保湿紧致抗皱细致毛孔滋养女,39
250,AHC/爱和纯B5玻尿酸乳液补水保湿乳水润清爽护肤品秋冬季推荐,69
251,春娟黄芪保湿修护乳液100g国货护肤品清爽补水舒缓干燥滋润通用,76
252,春娟黄芪保湿修护乳液100g国货护肤品清爽补水舒缓干燥滋润通用,76
253,升级款瑷尔博士益生菌水乳2.0版本补水保湿爽肤水乳液正品,69
254,【官方正品】颐莲抗皱水乳套装御龄紧致礼盒提亮眼霜精华滋润护肤,153
255,【官方正品】颐莲抗皱水乳套装御龄紧致礼盒提亮眼霜精华滋润护肤,153
256,曼秀雷敦肌研极润保湿乳液90ml补水滋润面部女护肤品面霜温和舒缓,72
257,欧莱雅玻色因乳液第二代玻尿酸护肤品保湿修护化妆品护肤品,59
258,珀莱雅紧致肌密精华乳120ml补水保湿抗皱提亮淡化细纹滋润好吸收,47
259,百雀羚sod蜜补水保湿滋润抗皱紧致乳液面霜女男士官方专卖店正品,14
260,丸美四抗丝滑柔肤乳50g补水保湿抗初老紧致抗皱护肤改善细纹滋润,69
261,珀莱雅紧致肌密精华乳120ml补水保湿抗皱提亮淡化细纹滋润好吸收,59
262,【布莱恩专属】德妃紫苏秋冬沉浸式护肤水乳液套装保湿补水学生舒缓,163
263,适乐肤C乳236ml神经酰胺屏障修护润肤乳舒缓补水保湿清爽不粘腻乳液水乳送男友送女友情人节男士护肤,88
264,适乐肤C乳236ml神经酰胺屏障修护润肤乳舒缓补水保湿清爽不粘腻乳液水乳送男友送女友情人节男士护肤,88
265,适乐肤C乳236ml神经酰胺屏障修护润肤乳舒缓补水保湿清爽不粘腻乳液水乳送男友送女友情人节男士护肤,145
266,【畅销11年】郁美净夏季鲜奶霜/乳液清爽滋润补水高保湿乳液面霜C,24
267,【畅销11年】郁美净夏季鲜奶霜/乳液清爽滋润补水高保湿乳液面霜C,24
268,【国内专柜版本】Sisley希思黎正品全能乳液60ml维稳肌肤修护【店铺】,282
269,屈臣氏维E柔滑保湿润肤露/柔润滋养润肤乳500毫升身体乳保湿乳面霜水乳滋润滋养舒缓,23
270,屈臣氏维E柔滑保湿润肤露/柔润滋养润肤乳500毫升身体乳保湿乳面霜水乳滋润滋养舒缓,23
271,Curel珂润保湿水润乳液120ml敏感肌神经酰胺补水,79
272,欧莱雅第二代复颜玻尿酸水光充盈玻色因乳液50ml补水保湿淡化细纹,25
273,【老爸抽检】AHC官方旗舰店爆款水光乳套组补水保湿,121
274,OSM/欧诗漫（大瓶乳）珍珠粉嫩轻盈保湿乳补水保湿100ml爽肤乳液,18
275,【经典国货】百雀羚维他命B5修护舒缓精华乳敏感肌维生素E温和保湿,35
276,【经典国货】百雀羚维他命B5修护舒缓精华乳敏感肌维生素E温和保湿,35
277,薇诺娜极润保湿乳液50g 深层补水舒缓乳面霜护肤品敏感肌 正品,100
278,薇诺娜极润保湿乳液50克补水保湿水嫩肌肤水乳干敏肌必备,94
279,薇诺娜极润保湿乳液50克补水保湿水嫩肌肤水乳干敏肌必备,94
280,欧莱雅玻色因晶露水130ml+保湿乳110ml+4代黑精华75ml护肤品组合,188
281,【老爸抽检】AHC官方旗舰店水光水乳+水光洁面100g套组,259
282,【老爸抽检】AHC官方旗舰店水光水乳+水光洁面100g套组,259
283,【新品上市】HBN小奶瓶水乳修护精粹水精华乳舒缓修红强韧屏障紧致,328
284,BUV牛油果轻润清肌乳液清爽爽肤深层补水保湿舒缓修护肌肤,88
285,【国内现货】L\'ORÉAL/欧莱雅正品 金致臻颜花蜜胶原乳液50ml紧致【h】,49
286,Opera/娥佩兰薏苡仁水薏仁乳液薏仁啫喱套装4代爽肤保湿套装,124
287,【会员试用】珀莱雅双抗水乳霜特证版体验装（水20ml+乳20ml+霜5g）,29
288,【会员试用】珀莱雅双抗水乳霜特证版体验装（水20ml+乳20ml+霜5g）,29
289,【国内现货】欧莱雅正品 复颜水乳组合 保湿柔肤水130ml+乳液110ml,168
290,丝塔芙倍润保湿润肤乳 237ml,138
291,百雀羚维生素E精华乳液保湿补水紧致抗皱修护舒缓敏感肌乳液面霜,15
292,PROYA/珀莱雅双抗焕亮清透乳保湿精华护肤补水控油精粹提亮紧致,16
293,贝德玛净妍控油收敛精华乳30ml,99
294,【商城】CeraVe适乐肤屏障修护润肤乳C乳88ml,28
295,林清轩二裂酵母多肽精华乳120ml补水紧致提拉抗皱淡纹官方正品,79
296,阿芙11籽十一籽精华乳乳液护肤品套装干皮补水保湿紧致水光肌养肤,119
297,三生花花清控油细润乳液100毫升,69
298,花印男士保湿控油水份乳100毫升,75
299,韩束乳液/面霜红蛮腰多肽胶原弹嫩柔肤乳100ml×1瓶,54
300,欧莱雅男士青春肌源紧致精华乳50毫升七夕送礼送男友,182
301,欧莱雅花蜜胶原乳液补水保湿护肤品滋润紧致抗皱抗衰老精华乳女,119
302,自然堂男士咖啡因活力紧致精华乳70毫升,85
303,自然堂男士咖啡因活力紧致精华乳70毫升,85
304,佰草集典萃维生素原B5保湿乳液80毫升,129
305,自然堂男士喜马拉雅龙血能量润肤露70毫升,55
306,自然堂男士喜马拉雅龙血能量润肤露70毫升,55
307,【多款可选】芙丽芳丝水润保湿乳液(清爽型/柔润型)100毫升/保湿化妆水(柔润型/清爽型)160毫升滋润不粘腻温和,99
308,DOCTOR LI李士舒缓保湿屏障修护乳100克,112
309,DOCTOR LI李士舒缓保湿屏障修护乳100克,112
310,百雀羚水能量焕颜凝乳（焕新配方）90毫升,79
311,【次日达】SHISEIDO/资生堂【清爽型】悦薇珀翡紧颜亮肤乳50ml,69
312,玉泽清痘调护平衡乳50毫升,129
313,自然堂喜雪舒缓修护保湿乳110毫升,139
314,林清轩山茶花水润保湿精华乳120ml×1瓶,99
315,林清轩山茶花水润保湿精华乳120ml×1瓶,99
316,屈臣氏橄榄睡莲活妍双芯乳液(25g+25g)/睡莲焕妍双芯乳液（23g+23g),89
317,百雀羚男士控油焕能保湿精华乳100ml,126
318,百雀羚男士控油焕能保湿精华乳100ml,126
319,肌肤未来美白匀亮精华乳100毫升,169
320,S.A.卓沿清痘调理精华乳15克,159
321,S.A.卓沿清痘调理精华乳15克,159
322,百雀羚草本乳液水润长效保湿乳补水润肤舒缓提亮清爽护肤正品夏女,33
323,一叶子控油细致祛痘平衡乳100ml,159
324,珀莱雅乳液/面霜水动力盈润乳100ml×1瓶,42
325,皙俪思肌源舒缓修护乳液147ml,126
326,肌肤未来玻尿酸玻色因嘭润保湿乳100毫升,129
327,肌肤未来玻尿酸玻色因嘭润保湿乳100毫升,129
328,屈臣氏燕窝珍萃养颜焕采乳50毫升,139
329,百雀羚弹嫩赋活焕亮精华乳舒缓补水改善粗糙淡纹保湿乳女夏天正品,42
330,多肽胶原蛋白弹弹乳拉丝乳液抗皱紧致弹润乳补水保湿精华乳液新品,37
331,法国大牌酵素水乳皇后机能套装补水保湿控油滋润肌肤活肌爽肤保湿,58
332,新品上架 丽纯芦荟男士润肤乳液130ml 清爽控油保湿补水紧致滋润,98
333,新品上架 丽纯芦荟男士润肤乳液130ml 清爽控油保湿补水紧致滋润,98
334,【雅漾三重修护莹润乳】雅漾（Avene）三重保湿盈润乳200ML补水滋润告别干痒 身体乳液面霜敏肌送礼礼物,37
335,【麦吉丽逆时光精华乳】麦吉丽（mageline）逆时光精华乳保湿紧致抗皱水润细腻50mL,880
336,韩束红蛮腰2.0面霜多肽胶原紧致抗皱淡化细纹改善干燥保湿淡纹霜,44
337,【母亲节礼物】欧莱雅小蜜罐面霜保湿修护抗皱抗老护肤品,329
338,KIEHL\'S/科颜氏 高保湿面霜125ml*2紧致透亮肌肤植物萃取精华水润,423
339,KIEHL\'S/科颜氏 高保湿面霜125ml*2紧致透亮肌肤植物萃取精华水润,423
340,科颜氏高保湿面霜50ml/125ml多规格肌肤紧致透亮,125
341,【焦点面霜  囤货组合】可复美重组胶原蛋白光奕律时修护精华霜,399
342,【会员U先享】雅漾恒润保湿精华洁面乳套装舒缓敏感肌护肤旅行春日,9
343,薇诺娜高保湿修护面霜15g*2支 干皮保湿补水强韧屏障面霜敏肌正品,39
344,【母亲节礼物】OLAY玉兰油大红瓶水面霜 空气霜套组 抗皱紧致保湿,399
345,PROYA/珀莱雅红宝石面霜3.0版本补水保湿抗皱紧致抗衰老提拉淡纹,169
346,Naturie进口薏仁面霜保湿补水清爽滋润提亮肤色秋冬季护肤品180g,59
347,珀莱雅面霜光感妍白美白淡斑50g补水保湿紧致舒缓肌肤精华霜锁水,39
348,圣雪兰薏仁水爽肤水500ml大容量化妆水湿敷水女 高补水保湿水清爽,67
349,【黄子韬严选】童颜胶原蛋白炮灌注面膜补水保湿抗皱熬夜必备护肤品,13
350,美康粉黛美白水感A＋防晒霜精华乳高倍防晒轻薄更透气防晒伤晒黑,89
351,美康粉黛美白水感A＋防晒霜精华乳高倍防晒轻薄更透气防晒伤晒黑,89
352,【润本母婴】换季婴幼儿童面霜滋润保湿护肤春夏防皴霜婴儿宝宝面霜,24
353,SHOOYIO/树页树页唇粉霜气垫雾面13g大容量不沾杯唇釉唇泥口,49
354,SHOOYIO/树页树页唇粉霜气垫雾面13g大容量不沾杯唇釉唇泥口,49
355,【百万爆款】困困鸭花朵耳塞睡眠隔音耳塞打呼噜防吵降噪音静音中空,19
356,【抢2大袋】酸奶糕哈尔滨风味特产奶疙瘩道里菜市场奶酪解馋小零食,6
357,【百万爆款】困困鸭花朵耳塞睡眠隔音耳塞打呼噜防吵降噪音静音中空,19
358,【抢2大袋】酸奶糕哈尔滨风味特产奶疙瘩道里菜市场奶酪解馋小零食,6
359,固然堂李若彤推荐【3袋装】多肽角蛋白还原霜养发修护发素柔顺发膜,89
360,【百万爆款】困困鸭花朵耳塞睡眠隔音耳塞打呼噜防吵降噪音静音中空,19
361,【抢2大袋】酸奶糕哈尔滨风味特产奶疙瘩道里菜市场奶酪解馋小零食,6
362,固然堂李若彤推荐【3袋装】多肽角蛋白还原霜养发修护发素柔顺发膜,89
363,【百万爆款】困困鸭花朵耳塞睡眠隔音耳塞打呼噜防吵降噪音静音中空,19
364,【抢2大袋】酸奶糕哈尔滨风味特产奶疙瘩道里菜市场奶酪解馋小零食,6
365,固然堂李若彤推荐【3袋装】多肽角蛋白还原霜养发修护发素柔顺发膜,89
366,【百万爆款】困困鸭花朵耳塞睡眠隔音耳塞打呼噜防吵降噪音静音中空,19
367,【抢2大袋】酸奶糕哈尔滨风味特产奶疙瘩道里菜市场奶酪解馋小零食,6
368,固然堂李若彤推荐【3袋装】多肽角蛋白还原霜养发修护发素柔顺发膜,89
369,【百万爆款】困困鸭花朵耳塞睡眠隔音耳塞打呼噜防吵降噪音静音中空,19
370,【抢2大袋】酸奶糕哈尔滨风味特产奶疙瘩道里菜市场奶酪解馋小零食,6
371,固然堂李若彤推荐【3袋装】多肽角蛋白还原霜养发修护发素柔顺发膜,89
372,【百万爆款】困困鸭花朵耳塞睡眠隔音耳塞打呼噜防吵降噪音静音中空,19
373,【抢2大袋】酸奶糕哈尔滨风味特产奶疙瘩道里菜市场奶酪解馋小零食,6
374,固然堂李若彤推荐【3袋装】多肽角蛋白还原霜养发修护发素柔顺发膜,89
375,【百万爆款】困困鸭花朵耳塞睡眠隔音耳塞打呼噜防吵降噪音静音中空,19
376,【抢2大袋】酸奶糕哈尔滨风味特产奶疙瘩道里菜市场奶酪解馋小零食,6
377,固然堂李若彤推荐【3袋装】多肽角蛋白还原霜养发修护发素柔顺发膜,89

