0,贝德美儿童蓝甘菊面霜保湿舒缓乳婴幼儿润肤乳四季面霜呵护精华霜,39
1,绿色农场富勒烯胎盘素精华液36粒 抗皱紧致补水保湿护肤精华油,38
2,【娇润泉】二裂酵母抗皱紧致淡纹次抛精华液润泽肌肤拍1发4到手45支,89
3,绿色农场富勒烯胎盘素精华液36粒 抗皱紧致补水保湿护肤精华油,38
4,【娇润泉】二裂酵母抗皱紧致淡纹次抛精华液润泽肌肤拍1发4到手45支,89
5,【母亲节礼物】自然堂美白淡斑护肤礼盒-洁面/柔肤水/乳/精华嫩白,329
6,兰亭玻尿酸原液精华液深层补水保湿提亮肤色老国货大容量220ml TB,39
7,【快速祛痘减少反复】第三代羽素祛痘大灯泡精华重组胶原蛋白胶态硫,128
8,【青春痘闭口粉刺】丽可植小绿瓶祛痘精华液水杨酸控油痘肌淡化红印,69
9,【颜安同款】韩束白蛮腰美白抗皱淡斑水乳面霜精华护肤套装,299
10,【会员试样】欧诗漫安心小白管舒缓美白淡斑次抛精华液5支体验装主,19
11,【娇润泉】第二代升级透明质酸钠舒缓透润次抛精华液 强保湿强舒缓,89
12,【娇润泉】第二代升级透明质酸钠舒缓透润次抛精华液 强保湿强舒缓,89
13,【大牌试用】薇诺娜修白瓶 敏感肌面部淡斑精华液3支 新客派样尝鲜,19
14,【母亲节礼物 X618提前购】韩束红蛮腰闪充棒环六肽次抛精华抗皱,99
15,【爆品尝鲜】PMPM玫瑰嫩亮油5ml舒缓修护提亮保湿护肤以油养肤试用,9
16,【易烊千玺同款】珀莱雅源力精华3.0滋养修护保湿抗皱紧致护肤通用,259
17,飞天牡丹六胜肽全脸抗皱紧致提拉修护焕颜紧致精华液,88
18,【欧莱雅母亲节礼盒】黑精华玻色因水乳套装保湿紧致抗皱护肤礼物,669
19,【会员试用】自然堂肌源修护小紫瓶精华液第六代7ml喜默因抗疲老,9
20,【官方直售】初辑冷静精华屏障修护舒缓修红晒后保湿清爽修护精华液,55
21,【官方直售】初辑冷静精华屏障修护舒缓修红晒后保湿清爽修护精华液,55
22,【母亲节礼物】OLAY玉兰油双小白瓶精华液淡斑减黄烟酰胺美白好物sc,559
23,【母亲节礼物】林清轩山茶花抗皱修护精华油5.0/50ml以油养肤,799
24,John Jeff油橄榄精华液(痘皮版)祛痘修红油痘肌肌肤泛红舒缓姐夫,55
25,【母亲节礼物】娇润泉二裂酵母抗皱紧致次抛精华液补水精华液,65
26,【杨紫同款】丸美二代胶原小金针次抛精华液修红淡纹修护爆款GL&,498
27,【官方】薇诺娜修白瓶 美白祛斑淡斑精华液保湿修护舒缓改善暗沉,498
28,【超值购】可复美胶原棒2.0换季敏感舒缓保湿修护次抛精华-15支,139
29,【易烊千玺同款】珀莱雅双抗精华特证版美白抗氧抗糖紧致抗皱舒缓,239
30,【早C晚A油搭子】PMPM玫瑰精华油嫩亮松露精华油以油养肤修护试用,19
31,ZMbeauty韩国进口377烟酰胺精华 不易反黑去黄提亮补水修护30ml,69
32,【会员试用】欧诗漫次抛精华液舒颜修白小白管修抗小金管混合商城,39
33,【会员试用】欧诗漫次抛精华液舒颜修白小白管修抗小金管混合商城,39
34,【全新升级】SKINO肌漾修印精华淡化红黑褐印清补凉修护三效合一,189
35,【五一出游季】润百颜白纱布次抛3.0敏肌屏障修护舒缓补水华熙生物,399
36,【超值爆款】全新第5代OLAY水光小白瓶30ml/50ml/75ml祛斑美白紧致,239
37,【母亲节送礼】欧诗漫珍白因精华美白祛斑祛黄提亮改善暗沉官方,179
38,【母亲节礼物】不老谜语半乳糖酵母焕靓精华抗皱紧致淡纹保湿护肤品,358
39,【母亲节礼物】OLAY玉兰油超抗小白瓶精华液祛斑美白保湿控油护肤sc,229
40,【母亲节礼物】自然堂小紫瓶精华第六代喜默因抗疲老精华紧致爆款,279
41,【宠粉季】韩束红蛮腰精华液环六肽抗皱紧致美容补水面部护肤,139
42,【宠粉季】韩束红蛮腰精华液环六肽抗皱紧致美容补水面部护肤,139
43,【母亲节礼遇】第二代欧诗漫安心小白管美白精华修护保湿提亮官方,329
44,【Cathy推荐】新升级2.0译龄精华A醇抗皱紧致抗衰淡纹抗衰老修护,229
45,优理氏羊胎素3.0冻干精华紧致淡纹抗皱氧化套盒正品旗舰店Z,399
46,【会员派样】薇诺娜屏障修护精华液1.5ml*3 敏肌保湿修护舒缓 正品,9
47,【官方直营】【戚薇同款】米加气泡油2.0提亮改善淡纹紧致提拉精华油,478
48,【官方正品】安敏优青蒿修红棒2.0舒缓次抛精华紧致补水敏感肌修护,369
49,安修泽40%油橄榄因子精华液祛痘修护精华舒缓精华褪红a,219
50,【520礼物】SK-II晶透随行装礼盒神仙水抗老精华紧致sk2官方直播间,690
51,【会员试用】珀莱雅源力精华3.0/1.5ml*2 保湿修护抗皱舒缓敏感,4
52,【娇润泉】重组胶原蛋白次抛精华液试用装2小盒 共10支保湿补水通用,29
53,【会员试用】珀莱雅红宝石精华1.5ml*2抗皱紧致A醇淡化细纹小样,4
54,【会员试用】珀莱雅红宝石精华1.5ml*2抗皱紧致A醇淡化细纹小样,4
55,【可复美胶原棒2.0重磅升级】重组胶原蛋白次抛精华液修护舒缓保湿r,399
56,【抗皱精华】迷奇牡丹黄金六胜肽焕颜提拉紧致精华液抗皱抗衰老原液,88
57,【抗皱精华】迷奇牡丹黄金六胜肽焕颜提拉紧致精华液抗皱抗衰老原液,88
58,【超品日】薇诺娜极润保湿水乳面霜精华套装 干皮补水保湿舒缓修护,189
59,【大牌试用】薇诺娜屏障修护精华液1.5ml*3支 面部保湿舒缓修护精华,9
60,Guerlain娇兰帝皇蜂姿复原蜜精华液补水第3代50ml*2补水精华液,755
61,【适合肤质】珀莱雅源力精华3.0修护舒缓屏障 6948043454302 ZB,249
62,【米雪儿专属 】欧诗漫舒颜修白第二代安心小白管精华液MC-0508,299
63,【米雪儿专属 】欧诗漫舒颜修白第二代安心小白管精华液MC-0508,299
64,雅诗兰黛特润修护肌活小棕瓶精华露100ml两支装,840
65,【会员试用】丸美胶原小金针1.5ml*2支 | 修护淡纹胶原次抛精华液#,9
66,【会员试用】丸美胶原小金针1.5ml*2支 | 修护淡纹胶原次抛精华液#,9
67,【会员试用】兰时光精油保湿滋润抗皱以油养肤植物精粹精华油3ml,14
68,【会员试用】LAN兰气泡油精华油保湿紧致养肤护肤出游润肤精华油3ml,14
69,【超值爆款】OLAY玉兰油淡斑小白瓶精华祛斑美白控油舒缓护肤品,359
70,【官方直售】 丸美小棕瓶臻采凝萃精华组合保湿紧致补水精华液&,59
71,【会员新品试用】珀莱雅全新双抗焕亮精华液4ml抗氧抗糖提亮保湿,9
72,BeauEver极光四季精华油面部淡纹抗皱光感焕亮精华油套组,289
73,【母亲节礼物】 娇润泉第二代升级透明质酸钠次抛精华保湿舒缓补水,64
74,【大牌试用】润百颜白纱布次抛3.0屏障调理精华液敏肌修护华熙生物,9
75,【达人推荐】科颜萃B5褪红透亮精华液保湿补水精华液修护舒缓,89
76,MissVnine双萃原生液焕活精华液40ml到手两瓶,129
77,【胶原棒2.0盒装100支】可复美胶原棒次抛精华赠胶原冻膜 舒缓修护r,798
78,【胶原棒2.0盒装100支】可复美胶原棒次抛精华赠胶原冻膜 舒缓修护r,798
79,【会员派样】修丽可色修精华4ml体验礼+30元优惠券 限购1份,29
80,【会员试用】谷雨次抛护肤小样光感水美白奶罐淡斑次抛精华SCTF09,29
81,【会员派样】可复美胶原棒2.0重组胶原蛋白修护次抛精华液5支/盒,49
82,Estee Lauder/雅诗兰黛 第七代小棕瓶精华多规格,350
83,【会员新品试用】珀莱雅早C晚A组合双抗精华特证版4ml红宝石精华3ml,19
84,【官方正品】科颜萃b5精华保湿修护精华舒缓修护敏感泛红精华液,59
85,【适用多种肤质】943积雪草修护舒缓精华液滋润补水精华液保湿油皮,89
86,【母亲节礼物】雅诗兰黛小棕瓶精华保湿熬夜修护抗皱紧致提拉淡纹,720
87,【母亲节礼物】雅诗兰黛小棕瓶精华保湿熬夜修护抗皱紧致提拉淡纹,720
88,【母亲节礼物】珀莱雅红宝石精华3.0抗皱淡化细纹精华液紧致补水,279
89,【超值购】可复美胶原棒2.0 重组胶原蛋白肌御修护次抛精华1.5ml/支,9
90,【超值购】可复美胶原棒2.0 重组胶原蛋白肌御修护次抛精华1.5ml/支,9
91,【直播推荐】瑷尔博士摇醒精华pro精研双萃精华油焕亮修护熬夜肌肤Q,188
92,黛莱皙瑞士研发胶原抗皱次抛精华液(1.5ml*5支）D919,?
93,PROYA/珀莱雅源力精华3.0抗皱紧致修护维稳滋养舒缓泛红补水保湿,98
94,Cetaphil/丝塔芙自修精华30ml保湿修护舒缓,178
95,【次抛10支】可丽金嘭嘭次抛重组胶原蛋白抗皱紧致精华保湿弹润,79
96,【520礼物】全新第九代娇韵诗双萃精华75ml维稳紧致熬夜抗皱修护,1390
97,【大牌试用】OLAY玉兰油超抗6ml+淡斑7ml祛斑紧致美白精华液护肤品,29
98,【镇店爆款】雅漾控油抗痘精华露舒缓护肤油痘官方好物换季春日必备,189
99,【镇店爆款】雅漾控油抗痘精华露舒缓护肤油痘官方好物换季春日必备,189
100,孔凤春马齿苋净颜精华补水精华液清爽控油舒缓收缩毛孔平滑细腻肌,29
101,【会员U先享】雅漾控油抗痘精华露敏感肌祛痘官方正品必备试用春夏,7
102,新版至本特安修护肌底精华液 即效褪红补水保湿滋养舒缓敏感肌女,112
103,【自营】雅诗兰黛特润修护肌活补水小棕瓶精华保湿补水100ml【b】,519
104,MISSVNINE双萃焕活精华液,129
105,【会员包邮试用】理肤泉B5面膜pro2片+超级B5精华7.5ml*2 补水舒缓U,59
106,【B5当水用】沫润维生素b5补水保湿精华深层舒缓修护温和祛痘100ml,168
107,【大牌试用】润百颜水光棒次抛精华4.0玻尿酸保湿修护补水润精华液,9
108,The Ordinary【控油淡闭口】30%果酸水杨酸淡痘细嫩面部精华酸30ml,92
109,新版至本舒颜修护精华油 补水保湿舒缓柔嫩滋养改善干燥紧致面部,90
110,【520礼物】薇诺娜舒缓保湿特护精华液 强韧屏障肌 效期1年正品,298
111,【520礼物】薇诺娜舒缓保湿特护精华液 强韧屏障肌 效期1年正品,298
112,【会员U先享】雅漾恒润保湿精华洁面乳套装舒缓敏感肌护肤旅行春日,9
113,【会员U先享】雅漾控油抗痘精华露舒缓护肤旅行装学生官方正品春夏,14
114,【商城派样】薇诺娜多元肽紧致精华液植物A醇淡纹 TZ310,39
115,【大牌试用2】城野医生VC377美白淡斑精华 提亮肤色改善痘印淡斑,24
116,【官方正品】京润珍珠时光肌底液补水保湿精华舒缓养颜抗皱维稳护肤,89
117,【官方正品】京润珍珠时光肌底液补水保湿精华舒缓养颜抗皱维稳护肤,89
118,【大牌试用】OLAY玉兰油3.0淡斑小白瓶精华液7ml祛斑美白舒缓控油,19
119,稚优泉玻尿酸精华液30ml单瓶装保湿精华液,19
120,【养肤修护】可复美胶原棒2.0升级套组 保湿修护舒缓 次抛精华r,399
121,【五一出游季】润百颜美白次抛VC精华液面部淡斑提亮保湿换季美妆,379
122,【大牌试用】OLAY玉兰油淡斑精华7ml+黑管精华8ml美白出游精华液,29
123,【大牌试用】OLAY玉兰油淡斑精华7ml+黑管精华8ml美白出游精华液,29
124,老牌国货护肤馥珮养颜紧肤精华液小绿瓶经典紧致补水提亮馥佩,19
125,【呗呗兔专属】【2瓶】Medicube美蒂秋芙 乐得PDRN三文鱼胜肽水光精华 30ml,179
126,John Jeff B5精华液积雪草缓解泛红干痒补水保湿干敏肌敏感肌姐夫,35
127,【以油养肤】溪木源山茶花精华油干性敏感肌以油养肤保湿滋润旅行装,19
128,薇诺娜蓝铜胜肽修护精华液30ml 舒缓保湿紧致敏感肌正品,164
129,薇诺娜蓝铜胜肽修护精华液30ml 舒缓保湿紧致敏感肌正品,164
130,【商城派样】蓝铜胜肽修护精华液1.5ml*7支有效期至25年10月 TZ310,39
131,【胶原棒2.0重磅上新】可复美胶原棒2.0 次抛精华修护舒缓保湿r,399
132,【吨吨次抛】可复美透明质酸钠保湿次抛精华液保湿护肤精华 官方,309
133,【爆款福利】雅漾控油抗痘精华露舒缓护肤旅行装学生官方正品春日,14
134,【到手75支】敷尔佳透明质酸钠次抛修护液保湿补水精华液,259
135,【大牌试用】林清轩红山茶花焕活莹亮淡纹油液精华液2.7ml派样,9
136,薇诺娜透明质酸次抛精华 补水保湿修护舒缓【效期到 25年10月】正品,83
137,【大牌试用】OLAY玉兰油全新第5代水光小白瓶祛斑美白保湿紧致,9
138,【商城专属】瑷尔博士前导精华露20g2支装保湿熬夜修护肌底液,49
139,【会员U先享】雅漾舒泉调理喷雾50ml洁面抗痘精华修护春夏旅行必备,39
140,【会员试用】珀莱雅光学瓶恒光精华液4ml美白淡斑舒缓修护控油保湿,9
141,【明星丁禹兮同款母亲节礼物3.0版本】韩束亮白棒次抛精华美白精华,99
142,【520礼物】全新第九代娇韵诗双萃精华50ml紧致抗皱熬夜修护,1080
143,【母亲节礼遇】欧诗漫胶原小金管淡纹修护次抛精华液舒缓紧致官方,439
144,【母亲节礼遇】欧诗漫胶原小金管淡纹修护次抛精华液舒缓紧致官方,439
145,【每个ID限购3单】米加气泡油1.0版提亮肤色抗氧抗糖淡纹紧致精华油,69
146,【自营】娇韵诗Clarins正品 第八代双萃赋活修护精华50ml 维稳【m】,429
147,【抗皱精华囤货】修丽可抗皱精华液囤货装 多肽抗皱淡纹紧致修护,2080
148,【国内现货】修丽可植萃舒缓修复精华露色修精华小样4ml*4【h】,95
149,春日来信10%VC精华液瓶装 春日来信智启专研 抗氧化提亮紧致,12
150,春日来信10%VC精华液瓶装 春日来信智启专研 抗氧化提亮紧致,12
151,【会员试用】珀莱雅红宝石精华3ml抗皱紧致A醇淡纹修护控油滋养,9
152,【专属】初辑屏障修护舒缓精华晒后修红保湿护肤清爽强韧维稳精华液,55
153,娇兰帝皇蜂姿复原蜜精华液第三代50ml*2 【超值购】,1116
154,【会员包邮试用】理肤泉B5水50ml+超级B5精华7.5ml+B5绷带霜15mlU,59
155,【618小美盒试用】珀莱雅早C晚A尝鲜小美盒双抗精华红宝石精华提拉,29
156,【活动10支装】577烟酰胺美白次抛精华精华 祛斑提亮净白补水精华液,0
157,【520礼物】海蓝之谜奇迹浓修精华浓缩密集修护舒缓保湿抗皱官方,1760
158,【母亲节礼物】娇润泉二裂酵母重组胶原蛋白次抛精华液舒缓保湿紧致,131
159,薇诺娜修白瓶1.5ml*30 敏肌边修屏障边美白 DB xh0506,398
160,【母亲节礼物】自然堂雪松修护精华油次抛便携装舒缓紧致透亮保湿,19
161,【国内现货】LANCOME/兰蔻正品全新精华肌底液7ml*3瓶保湿小黑瓶【h】,65
162,【国内现货】LANCOME/兰蔻正品全新精华肌底液7ml*3瓶保湿小黑瓶【h】,65
163,【国内现货】 科颜氏正品集焕白均衡亮肤淡斑精华液小样15ml焕亮【h】,89
164,【孙颖莎推荐】理肤泉超级B5精华 精华液修护保湿紧致舒缓秋冬敏感A,298
165,【孙颖莎推荐】理肤泉超级B5精华 精华液修护保湿紧致舒缓秋冬敏感A,298
166,Dr.Alva/瑷尔博士【会员试用】精研双萃焕亮精华油小样7ml保湿紧致,14
167,【大牌试用】城野医生169精华10ml抗皱淡细纹精华液 25年10月到期,19
168,【会员派样】可复美透明质酸钠藻萃盈润保湿精华乳14ml/瓶补水保湿,19
169,【买1送1件正装】欧莱雅臻白双萃精华液注白瓶抗氧化淡斑提亮烟酰胺,369
170,润百颜水光棒次抛精华4.0玻尿酸保湿修护干皮水润保湿华熙生物,79
171,润百颜水光棒次抛精华4.0玻尿酸保湿修护干皮水润保湿华熙生物,79
172,【会员试用】谷雨山参精华小样淡纹紧致弹嫩抗老护肤抗皱ZBSC,14
173,【达人专享】雅顿金胶精华油次抛胶囊修护抗皱神经酰胺60粒,660
174,【达人专享】雅顿金胶精华油次抛胶囊修护抗皱神经酰胺60粒,660
175,【超值购】可丽金重组胶原蛋白嘭嘭次抛精华6支+大膜王6杯,79
176,PROYA/珀莱雅红宝石精华3.0紧致抗皱滋养淡化细纹保湿护肤品女生,165
177,【修敏精华液】玉泽专研舒缓修护精华液温和不刺激敏感肌适用水润ZB,239
178,可复美 重组胶原蛋白90支肌御修护精华液 次抛保湿精华水感胶原棒,520
179,【超品日】薇诺娜极润保湿精华液舒缓保湿干皮深层补水锁水面部护肤,139
180,【超品日】薇诺娜极润保湿精华液舒缓保湿干皮深层补水锁水面部护肤,139
181,【王星越同款】伊丽莎白雅顿胶囊家族粉胶第II代a醇精华金胶套组,1530
182,【达人精选】takami小蓝瓶角质养护祛痘精华液30ml 补水收缩毛孔*,439
183,【会员专享】科颜萃换季B5保湿舒缓修护温和补水精华液15ml尝鲜装,39
184,【会员包邮试用】理肤泉超级B5精华液7.5ml 修护保湿舒缓秋冬敏感U,29
185,L\'ORÉAL/欧莱雅玻色因抗老抗皱精华肌底液小黑瓶精华保湿补水提拉,141
186,L\'ORÉAL/欧莱雅玻色因抗老抗皱精华肌底液小黑瓶精华保湿补水提拉,141
187,稚优泉玻尿酸精华液30ml单瓶装补水护肤保湿滋润原液水润精华液,19
188,丸美小棕瓶精华露20ml到手2瓶旗舰店水润滋养补水精华液,59
189,【520抢先购】夸迪控油战痘次抛精华30ml祛痘保湿舒缓控油去角质sc,298
190,Voolga/敷尔佳医用透明质酸钠修复液次抛MHA-S-1 5支白膜次抛,9
191,敷尔佳透明质酸钠次抛修护精华液,249
192,敷尔佳透明质酸钠次抛修护精华液,249
193,The Ordinary烟酰胺精华30ml提亮控油【QC】,59
194,【王一博同款】百雀羚帧颜精华水乳套装紧致淡纹眼霜面膜精华保湿,1402
195,【王一博同款】百雀羚帧颜精华水乳套装紧致淡纹眼霜面膜精华保湿,1402
196,伊丽莎白雅顿液态精华金胶30粒14ml×1瓶情人节送礼,115
197,百雀羚帧颜精华液视黄醇淡纹修护紧致抗初老保湿补水精华液,388
198,【超值购】夸迪悬油2.0次抛精华液1ml*3支修护保湿抗皱紧致sc,19
199,【会员U先享】雅漾恒润柔肤保湿水滋润保湿精华液补水,19
200,【会员U先享】雅漾修护霜专研精华液面膜舒缓修护敏感肌护肤旅行,49
201,【会员U先享】雅漾修护霜专研精华液面膜舒缓修护敏感肌护肤旅行,49
202,【娇润泉】二裂酵母次抛紧致精华液淡纹补水保湿  拍1发8共90支,19
203,蓓欧菲益肌焕颜修护白金浓萃双子精华露15ml+3ml*2,2730
204,【效期至25.11】Estee Lauder雅诗兰黛正品 特润精华100ml 修护温和,429
205,到手2支瑷尔博士前导精华补水保湿修护促吸收肌底熬夜通用精华液,75
206,【国内现货】欧莱雅正品 青春密码密集肌能精华液50ml四代 紧致 【h】,143
207,【国内现货】欧莱雅正品 青春密码密集肌能精华液50ml四代 紧致 【h】,143
208,【秒杀】PMPM玫瑰嫩亮精华油5ml双玫瑰聚维C焕光嫩亮精华油db,9
209,【南航专属】雅漾控油抗痘精华露5ml舒缓护肤旅行装敏感肌适用D,14
210,【拍1发2】丸美小棕瓶精华液抗初老抗皱淡纹紧致修护补水爆款商城#,59
211,欧莱雅四代精华面部精华保湿抗皱紧致修护补水滋润清爽精华液,88
212,薇诺娜311屏障次抛精华 保湿修护舒缓 LYX DB,98
213,【会员试用】HBN发光精华7.5ml焕亮去黄持久透亮,19
214,The Ordinary【细腻肌肤】0.5％维A醇视黄醇紧致抚纹修护精华30ml,78
215,【会员包邮试用】理肤泉MELA B3 紫秒精华3ml*2 美白淡斑,19
216,【会员专享】第三代银胶7粒+粉胶2.0 7粒+橘灿重塑精华2ml+回购券,78
217,The Ordinary【提亮控油】10%烟酰胺+1%锌收毛孔淡化痘印锌精华ZBJ,59
218,Neutrogena/露得清 维A醇抗皱修护赋活超A精华30ml（效期至26年3月,129
219,【520礼物】HR赫莲娜绿宝瓶精华夜间精华抗皱保湿祛痘护肤,3740
220,【达人专属】curel珂润轻龄弹润修护精华露40ml敏感肌抗初老,119
221,瑷尔博士肌底前导精华露深层调理熬夜护肤面部,69
222,瑷尔博士肌底前导精华露深层调理熬夜护肤面部,69
223,珀莱雅3.0红宝石精华紧致抗皱淡化细纹30ml×1瓶.,179
224,【会员试用】Fresh馥蕾诗红茶大豆系列组合旅行装享优惠券 补水保湿,80
225,薇诺娜透明质酸多效保湿精华液30ml补水保湿温和舒缓敏感肌,99
226,【顺手带走凑单】达肤妍水油紧致舒缓次抛精华液1.25mlx5支修护滋润保湿敏感肌适用,19
227,【全新首发】资生堂红腰子精华液面部保湿紧致抗皱舒缓护肤品RT,650
228,【全新首发】资生堂红腰子精华液面部保湿紧致抗皱舒缓护肤品RT,650
229,【二代次抛】肌肤未来二代377美白精华液次抛精准温和闪白-hz,19
230,薇诺娜舒敏保湿修护精华液30毫升七夕送礼送女友,149
231,薇诺娜舒敏保湿修护精华液30毫升七夕送礼送女友,149
232,敷尔佳透明质酸钠次抛修护液1.3mlx5,19
233,薇诺娜蓝铜胜肽修护精华液1.5ml×20支次抛精华补水保湿舒缓正品,119
234,薇诺娜蓝铜胜肽修护精华液1.5ml×20支次抛精华补水保湿舒缓正品,119
235,【棍哥专属】【专属】BIOSSANCE角鲨烷蓝铜胜肽精华50ml*1+同款12ml*4,699
236,【次日达】【敏感肌必入】lamer海蓝之谜 根源修护经典 洁面30ml/精粹水30ml/精华5ml/眼霜5ml/面霜7ml 【旅行装】,94
237,【拍1到手15支】可复美Human-like重组胶原蛋白肌御修护次抛精华1.5毫升*5支胶原棒舒缓保湿补水精华,149
238,皙俪思肌源舒缓修护精华50ml,140
239,阿芙11籽双养精华保湿滋润抗皱紧致舒缓修护护肤以油养肤 D3,299
240,阿芙11籽双养精华保湿滋润抗皱紧致舒缓修护护肤以油养肤 D3,299
241,【官方旗舰-白金】梵科泉虾青素双抗次抛精华液紧致淡化细纹Z1,599
242,【重磅新品】莱珀妮纯皙紧致聚光精萃液 面部滋养修护保湿紧致,4780
243,珀莱雅双抗红宝石精华液3.0早c晚a组合套装紧致淡纹抗皱提拉,299
244,玉兰油OLAY水感光曜精华露30ml超值装(30ML+面膜5片)七夕送礼,209
245,欧莱雅小黑瓶精华肌底液紧致爽肤补水保湿提亮精华液修护黑精华,369
246,欧莱雅小黑瓶精华肌底液紧致爽肤补水保湿提亮精华液修护黑精华,369
247,肌肤未来美白祛斑精华液30毫升,199
248,肌肤未来美白祛斑精华液30毫升,199
249,雅漾恒润肌活保湿精华露 30ml,199
250,睿致肌肌源塑颜嫩肤菁华液150毫升,289
251,雅漾专研修护精华液 30ml,288
252,ProX By OLAY亮洁晳颜祛斑精华液买一享四玉兰油,359
253,【原装进口】以色列premier24K蜂毒蜕变精华紧致修护面精华,4999
254,S.A.卓沿舒润密集保湿修护精华液30毫升,199
255,S.A.卓沿舒润密集保湿修护精华液30毫升,199
256,珂润轻龄弹润舒缓修护精华露40毫升,238
257,珂润轻龄弹润舒缓修护精华露40毫升,238
258,珂润轻龄弹润舒缓修护精华露40毫升,238
259,屈臣氏燕窝璀璨臻白祛斑精华液30ml,219
260,One leaf修护修色次抛精华液1.5毫升*30支,189
261,花印紧肤焕颜臻萃精华液40毫升,199
262,花印紧肤焕颜臻萃精华液40毫升,199
263,WANGELINNA/万格琳娜英国万格琳娜维C紧致精华液,999
264,【直播间同价】油橄榄精华液(痘皮版)祛痘修红改善肌肤泛红舒缓改善,5
265,【买一送一2盒】377美白淡斑次抛精华液虾青素抗皱紧致减黄提千奇,46
266,【李若彤同款/拍一发二】重组胶原蛋白紧致弹润精华液提拉抗衰老,25
267,雅漾恒润肌活保湿精华露 30ml,199
268,睿致肌肌源塑颜嫩肤菁华液150毫升,289
269,欧诗漫舒缓美白精华液1.2mlx5支,18
270,欧诗漫舒缓美白精华液1.2mlx5支,18
271,雅漾专研修护精华液 30ml,288
272,薇诺娜舒缓保湿特护精华液30ml×2瓶强韧屏障敏感肌效期一年以上,676
273,【原装进口】以色列premier24K蜂毒蜕变精华紧致修护面精华,4999
274,【达人专属】珀莱雅源力精华3.0紧致精华液滋养修护保湿抗皱紧致koc,249
275,S.A.卓沿舒润密集保湿修护精华液30毫升,199
276,One leaf修护修色次抛精华液1.5毫升*30支,189
277,花印紧肤焕颜臻萃精华液40毫升,199
278,【直播间同价】油橄榄精华液(痘皮版)祛痘修红改善肌肤泛红舒缓改善,5
279,【直播间同价】油橄榄精华液(痘皮版)祛痘修红改善肌肤泛红舒缓改善,5
280,【买一送一2盒】377美白淡斑次抛精华液虾青素抗皱紧致减黄提千奇,46
281,【美丽修行】解说小青瓶斛祛痘精华液可补水保湿控油养肤植祛痘印,16
282,【5月9日11点开售】VT老虎微针精华液积雪草滋润韩国精华100,999
283,【李若彤同款/拍一发二】重组胶原蛋白紧致弹润精华液提拉抗衰老,25
284,KISSMWAH生物钟赋活淡纹抗皱精华液,9
285,KISSMWAH生物钟赋活淡纹抗皱精华液,9
286,花印臻采祛斑美白精华露30毫升,259
287,FRANIC法兰琳卡鲜颜淡纹紧致精华液35毫升,163
288,FRANIC法兰琳卡鲜颜淡纹紧致精华液35毫升,163
289,【大牌试用】Opera娥佩兰补水护肤品薏仁水乳湿敷瓶装爽肤水体验装,12
290,【母亲节礼物】珀莱雅红宝石水乳霜套装抗皱淡纹紧致补水保湿滋润,709
291,FRANIC法兰琳卡鲜颜淡纹紧致精华液35毫升,163
292,【大牌试用】Opera娥佩兰补水护肤品薏仁水乳湿敷瓶装爽肤水体验装,12
293,【母亲节礼物】珀莱雅红宝石水乳霜套装抗皱淡纹紧致补水保湿滋润,709
294,FRANIC法兰琳卡鲜颜淡纹紧致精华液35毫升,163
295,【大牌试用】Opera娥佩兰补水护肤品薏仁水乳湿敷瓶装爽肤水体验装,12
296,【母亲节礼物】珀莱雅红宝石水乳霜套装抗皱淡纹紧致补水保湿滋润,709
297,FRANIC法兰琳卡鲜颜淡纹紧致精华液35毫升,163
298,【大牌试用】Opera娥佩兰补水护肤品薏仁水乳湿敷瓶装爽肤水体验装,12
299,【母亲节礼物】珀莱雅红宝石水乳霜套装抗皱淡纹紧致补水保湿滋润,709
300,FRANIC法兰琳卡鲜颜淡纹紧致精华液35毫升,163
301,【大牌试用】Opera娥佩兰补水护肤品薏仁水乳湿敷瓶装爽肤水体验装,12
302,【母亲节礼物】珀莱雅红宝石水乳霜套装抗皱淡纹紧致补水保湿滋润,709
303,FRANIC法兰琳卡鲜颜淡纹紧致精华液35毫升,163
304,【大牌试用】Opera娥佩兰补水护肤品薏仁水乳湿敷瓶装爽肤水体验装,12
305,【母亲节礼物】珀莱雅红宝石水乳霜套装抗皱淡纹紧致补水保湿滋润,709
306,FRANIC法兰琳卡鲜颜淡纹紧致精华液35毫升,163
307,【大牌试用】Opera娥佩兰补水护肤品薏仁水乳湿敷瓶装爽肤水体验装,12
308,【母亲节礼物】珀莱雅红宝石水乳霜套装抗皱淡纹紧致补水保湿滋润,709
309,FRANIC法兰琳卡鲜颜淡纹紧致精华液35毫升,163
310,【大牌试用】Opera娥佩兰补水护肤品薏仁水乳湿敷瓶装爽肤水体验装,12
311,【母亲节礼物】珀莱雅红宝石水乳霜套装抗皱淡纹紧致补水保湿滋润,709
312,FRANIC法兰琳卡鲜颜淡纹紧致精华液35毫升,163
313,【大牌试用】Opera娥佩兰补水护肤品薏仁水乳湿敷瓶装爽肤水体验装,12
314,【母亲节礼物】珀莱雅红宝石水乳霜套装抗皱淡纹紧致补水保湿滋润,709
315,FRANIC法兰琳卡鲜颜淡纹紧致精华液35毫升,163
316,【大牌试用】Opera娥佩兰补水护肤品薏仁水乳湿敷瓶装爽肤水体验装,12
317,【母亲节礼物】珀莱雅红宝石水乳霜套装抗皱淡纹紧致补水保湿滋润,709
318,FRANIC法兰琳卡鲜颜淡纹紧致精华液35毫升,163
319,【大牌试用】Opera娥佩兰补水护肤品薏仁水乳湿敷瓶装爽肤水体验装,12
320,【母亲节礼物】珀莱雅红宝石水乳霜套装抗皱淡纹紧致补水保湿滋润,709
321,FRANIC法兰琳卡鲜颜淡纹紧致精华液35毫升,163
322,【大牌试用】Opera娥佩兰补水护肤品薏仁水乳湿敷瓶装爽肤水体验装,12
323,【母亲节礼物】珀莱雅红宝石水乳霜套装抗皱淡纹紧致补水保湿滋润,709
324,FRANIC法兰琳卡鲜颜淡纹紧致精华液35毫升,163
325,【大牌试用】Opera娥佩兰补水护肤品薏仁水乳湿敷瓶装爽肤水体验装,12
326,【母亲节礼物】珀莱雅红宝石水乳霜套装抗皱淡纹紧致补水保湿滋润,709
327,FRANIC法兰琳卡鲜颜淡纹紧致精华液35毫升,163
328,【大牌试用】Opera娥佩兰补水护肤品薏仁水乳湿敷瓶装爽肤水体验装,12
329,【母亲节礼物】珀莱雅红宝石水乳霜套装抗皱淡纹紧致补水保湿滋润,709
330,FRANIC法兰琳卡鲜颜淡纹紧致精华液35毫升,163
331,【大牌试用】Opera娥佩兰补水护肤品薏仁水乳湿敷瓶装爽肤水体验装,12
332,【母亲节礼物】珀莱雅红宝石水乳霜套装抗皱淡纹紧致补水保湿滋润,709
333,FRANIC法兰琳卡鲜颜淡纹紧致精华液35毫升,163
334,【大牌试用】Opera娥佩兰补水护肤品薏仁水乳湿敷瓶装爽肤水体验装,12
335,【母亲节礼物】珀莱雅红宝石水乳霜套装抗皱淡纹紧致补水保湿滋润,709
336,FRANIC法兰琳卡鲜颜淡纹紧致精华液35毫升,163
337,【大牌试用】Opera娥佩兰补水护肤品薏仁水乳湿敷瓶装爽肤水体验装,12
338,【母亲节礼物】珀莱雅红宝石水乳霜套装抗皱淡纹紧致补水保湿滋润,709
339,FRANIC法兰琳卡鲜颜淡纹紧致精华液35毫升,163
340,【大牌试用】Opera娥佩兰补水护肤品薏仁水乳湿敷瓶装爽肤水体验装,12
341,【母亲节礼物】珀莱雅红宝石水乳霜套装抗皱淡纹紧致补水保湿滋润,709
342,FRANIC法兰琳卡鲜颜淡纹紧致精华液35毫升,163
343,【大牌试用】Opera娥佩兰补水护肤品薏仁水乳湿敷瓶装爽肤水体验装,12
344,【母亲节礼物】珀莱雅红宝石水乳霜套装抗皱淡纹紧致补水保湿滋润,709
345,FRANIC法兰琳卡鲜颜淡纹紧致精华液35毫升,163
346,【大牌试用】Opera娥佩兰补水护肤品薏仁水乳湿敷瓶装爽肤水体验装,12
347,【母亲节礼物】珀莱雅红宝石水乳霜套装抗皱淡纹紧致补水保湿滋润,709
348,FRANIC法兰琳卡鲜颜淡纹紧致精华液35毫升,163
349,【大牌试用】Opera娥佩兰补水护肤品薏仁水乳湿敷瓶装爽肤水体验装,12
350,【母亲节礼物】珀莱雅红宝石水乳霜套装抗皱淡纹紧致补水保湿滋润,709
351,FRANIC法兰琳卡鲜颜淡纹紧致精华液35毫升,163
352,【大牌试用】Opera娥佩兰补水护肤品薏仁水乳湿敷瓶装爽肤水体验装,12
353,【母亲节礼物】珀莱雅红宝石水乳霜套装抗皱淡纹紧致补水保湿滋润,709
354,FRANIC法兰琳卡鲜颜淡纹紧致精华液35毫升,163
355,【大牌试用】Opera娥佩兰补水护肤品薏仁水乳湿敷瓶装爽肤水体验装,12
356,【母亲节礼物】珀莱雅红宝石水乳霜套装抗皱淡纹紧致补水保湿滋润,709
357,FRANIC法兰琳卡鲜颜淡纹紧致精华液35毫升,163
358,【大牌试用】Opera娥佩兰补水护肤品薏仁水乳湿敷瓶装爽肤水体验装,12
359,【母亲节礼物】珀莱雅红宝石水乳霜套装抗皱淡纹紧致补水保湿滋润,709
360,FRANIC法兰琳卡鲜颜淡纹紧致精华液35毫升,163
361,【大牌试用】Opera娥佩兰补水护肤品薏仁水乳湿敷瓶装爽肤水体验装,12
362,【母亲节礼物】珀莱雅红宝石水乳霜套装抗皱淡纹紧致补水保湿滋润,709
363,FRANIC法兰琳卡鲜颜淡纹紧致精华液35毫升,163
364,【大牌试用】Opera娥佩兰补水护肤品薏仁水乳湿敷瓶装爽肤水体验装,12
365,【母亲节礼物】珀莱雅红宝石水乳霜套装抗皱淡纹紧致补水保湿滋润,709
366,FRANIC法兰琳卡鲜颜淡纹紧致精华液35毫升,163
367,【大牌试用】Opera娥佩兰补水护肤品薏仁水乳湿敷瓶装爽肤水体验装,12
368,【母亲节礼物】珀莱雅红宝石水乳霜套装抗皱淡纹紧致补水保湿滋润,709
369,FRANIC法兰琳卡鲜颜淡纹紧致精华液35毫升,163
370,【大牌试用】Opera娥佩兰补水护肤品薏仁水乳湿敷瓶装爽肤水体验装,12
371,【母亲节礼物】珀莱雅红宝石水乳霜套装抗皱淡纹紧致补水保湿滋润,709
372,FRANIC法兰琳卡鲜颜淡纹紧致精华液35毫升,163
373,【大牌试用】Opera娥佩兰补水护肤品薏仁水乳湿敷瓶装爽肤水体验装,12
374,【母亲节礼物】珀莱雅红宝石水乳霜套装抗皱淡纹紧致补水保湿滋润,709
375,FRANIC法兰琳卡鲜颜淡纹紧致精华液35毫升,163
376,【大牌试用】Opera娥佩兰补水护肤品薏仁水乳湿敷瓶装爽肤水体验装,12
377,【母亲节礼物】珀莱雅红宝石水乳霜套装抗皱淡纹紧致补水保湿滋润,709
378,FRANIC法兰琳卡鲜颜淡纹紧致精华液35毫升,163
379,【大牌试用】Opera娥佩兰补水护肤品薏仁水乳湿敷瓶装爽肤水体验装,12
380,【母亲节礼物】珀莱雅红宝石水乳霜套装抗皱淡纹紧致补水保湿滋润,709
381,FRANIC法兰琳卡鲜颜淡纹紧致精华液35毫升,163
382,【大牌试用】Opera娥佩兰补水护肤品薏仁水乳湿敷瓶装爽肤水体验装,12
383,【母亲节礼物】珀莱雅红宝石水乳霜套装抗皱淡纹紧致补水保湿滋润,709
384,FRANIC法兰琳卡鲜颜淡纹紧致精华液35毫升,163
385,【大牌试用】Opera娥佩兰补水护肤品薏仁水乳湿敷瓶装爽肤水体验装,12
386,【母亲节礼物】珀莱雅红宝石水乳霜套装抗皱淡纹紧致补水保湿滋润,709
387,FRANIC法兰琳卡鲜颜淡纹紧致精华液35毫升,163
388,【大牌试用】Opera娥佩兰补水护肤品薏仁水乳湿敷瓶装爽肤水体验装,12
389,【母亲节礼物】珀莱雅红宝石水乳霜套装抗皱淡纹紧致补水保湿滋润,709
390,FRANIC法兰琳卡鲜颜淡纹紧致精华液35毫升,163
391,【大牌试用】Opera娥佩兰补水护肤品薏仁水乳湿敷瓶装爽肤水体验装,12
392,【母亲节礼物】珀莱雅红宝石水乳霜套装抗皱淡纹紧致补水保湿滋润,709
393,FRANIC法兰琳卡鲜颜淡纹紧致精华液35毫升,163
394,【大牌试用】Opera娥佩兰补水护肤品薏仁水乳湿敷瓶装爽肤水体验装,12
395,【母亲节礼物】珀莱雅红宝石水乳霜套装抗皱淡纹紧致补水保湿滋润,709
396,FRANIC法兰琳卡鲜颜淡纹紧致精华液35毫升,163
397,【大牌试用】Opera娥佩兰补水护肤品薏仁水乳湿敷瓶装爽肤水体验装,12
398,【母亲节礼物】珀莱雅红宝石水乳霜套装抗皱淡纹紧致补水保湿滋润,709
399,FRANIC法兰琳卡鲜颜淡纹紧致精华液35毫升,163
400,【大牌试用】Opera娥佩兰补水护肤品薏仁水乳湿敷瓶装爽肤水体验装,12
401,【母亲节礼物】珀莱雅红宝石水乳霜套装抗皱淡纹紧致补水保湿滋润,709
402,FRANIC法兰琳卡鲜颜淡纹紧致精华液35毫升,163
403,【大牌试用】Opera娥佩兰补水护肤品薏仁水乳湿敷瓶装爽肤水体验装,12
404,【母亲节礼物】珀莱雅红宝石水乳霜套装抗皱淡纹紧致补水保湿滋润,709
405,FRANIC法兰琳卡鲜颜淡纹紧致精华液35毫升,163
406,【大牌试用】Opera娥佩兰补水护肤品薏仁水乳湿敷瓶装爽肤水体验装,12
407,【母亲节礼物】珀莱雅红宝石水乳霜套装抗皱淡纹紧致补水保湿滋润,709
408,FRANIC法兰琳卡鲜颜淡纹紧致精华液35毫升,163
409,【大牌试用】Opera娥佩兰补水护肤品薏仁水乳湿敷瓶装爽肤水体验装,12
410,【母亲节礼物】珀莱雅红宝石水乳霜套装抗皱淡纹紧致补水保湿滋润,709
411,FRANIC法兰琳卡鲜颜淡纹紧致精华液35毫升,163
412,【大牌试用】Opera娥佩兰补水护肤品薏仁水乳湿敷瓶装爽肤水体验装,12
413,【母亲节礼物】珀莱雅红宝石水乳霜套装抗皱淡纹紧致补水保湿滋润,709
414,FRANIC法兰琳卡鲜颜淡纹紧致精华液35毫升,163
415,【大牌试用】Opera娥佩兰补水护肤品薏仁水乳湿敷瓶装爽肤水体验装,12
416,【母亲节礼物】珀莱雅红宝石水乳霜套装抗皱淡纹紧致补水保湿滋润,709
417,FRANIC法兰琳卡鲜颜淡纹紧致精华液35毫升,163
418,【大牌试用】Opera娥佩兰补水护肤品薏仁水乳湿敷瓶装爽肤水体验装,12
419,【母亲节礼物】珀莱雅红宝石水乳霜套装抗皱淡纹紧致补水保湿滋润,709
420,FRANIC法兰琳卡鲜颜淡纹紧致精华液35毫升,163
421,【大牌试用】Opera娥佩兰补水护肤品薏仁水乳湿敷瓶装爽肤水体验装,12
422,【母亲节礼物】珀莱雅红宝石水乳霜套装抗皱淡纹紧致补水保湿滋润,709
423,FRANIC法兰琳卡鲜颜淡纹紧致精华液35毫升,163
424,【大牌试用】Opera娥佩兰补水护肤品薏仁水乳湿敷瓶装爽肤水体验装,12
425,【母亲节礼物】珀莱雅红宝石水乳霜套装抗皱淡纹紧致补水保湿滋润,709
426,FRANIC法兰琳卡鲜颜淡纹紧致精华液35毫升,163
427,【大牌试用】Opera娥佩兰补水护肤品薏仁水乳湿敷瓶装爽肤水体验装,12
428,【母亲节礼物】珀莱雅红宝石水乳霜套装抗皱淡纹紧致补水保湿滋润,709
429,FRANIC法兰琳卡鲜颜淡纹紧致精华液35毫升,163
430,【大牌试用】Opera娥佩兰补水护肤品薏仁水乳湿敷瓶装爽肤水体验装,12
431,【母亲节礼物】珀莱雅红宝石水乳霜套装抗皱淡纹紧致补水保湿滋润,709
432,FRANIC法兰琳卡鲜颜淡纹紧致精华液35毫升,163
433,【大牌试用】Opera娥佩兰补水护肤品薏仁水乳湿敷瓶装爽肤水体验装,12
434,【母亲节礼物】珀莱雅红宝石水乳霜套装抗皱淡纹紧致补水保湿滋润,709
435,FRANIC法兰琳卡鲜颜淡纹紧致精华液35毫升,163
436,【大牌试用】Opera娥佩兰补水护肤品薏仁水乳湿敷瓶装爽肤水体验装,12
437,【母亲节礼物】珀莱雅红宝石水乳霜套装抗皱淡纹紧致补水保湿滋润,709
438,FRANIC法兰琳卡鲜颜淡纹紧致精华液35毫升,163
439,【大牌试用】Opera娥佩兰补水护肤品薏仁水乳湿敷瓶装爽肤水体验装,12
440,【母亲节礼物】珀莱雅红宝石水乳霜套装抗皱淡纹紧致补水保湿滋润,709
441,FRANIC法兰琳卡鲜颜淡纹紧致精华液35毫升,163
442,【大牌试用】Opera娥佩兰补水护肤品薏仁水乳湿敷瓶装爽肤水体验装,12
443,【母亲节礼物】珀莱雅红宝石水乳霜套装抗皱淡纹紧致补水保湿滋润,709
444,FRANIC法兰琳卡鲜颜淡纹紧致精华液35毫升,163
445,【大牌试用】Opera娥佩兰补水护肤品薏仁水乳湿敷瓶装爽肤水体验装,12
446,【母亲节礼物】珀莱雅红宝石水乳霜套装抗皱淡纹紧致补水保湿滋润,709
447,FRANIC法兰琳卡鲜颜淡纹紧致精华液35毫升,163
448,【大牌试用】Opera娥佩兰补水护肤品薏仁水乳湿敷瓶装爽肤水体验装,12
449,【母亲节礼物】珀莱雅红宝石水乳霜套装抗皱淡纹紧致补水保湿滋润,709
450,FRANIC法兰琳卡鲜颜淡纹紧致精华液35毫升,163
451,【大牌试用】Opera娥佩兰补水护肤品薏仁水乳湿敷瓶装爽肤水体验装,12
452,【母亲节礼物】珀莱雅红宝石水乳霜套装抗皱淡纹紧致补水保湿滋润,709
453,FRANIC法兰琳卡鲜颜淡纹紧致精华液35毫升,163
454,【大牌试用】Opera娥佩兰补水护肤品薏仁水乳湿敷瓶装爽肤水体验装,12
455,【母亲节礼物】珀莱雅红宝石水乳霜套装抗皱淡纹紧致补水保湿滋润,709
456,FRANIC法兰琳卡鲜颜淡纹紧致精华液35毫升,163
457,【大牌试用】Opera娥佩兰补水护肤品薏仁水乳湿敷瓶装爽肤水体验装,12
458,【母亲节礼物】珀莱雅红宝石水乳霜套装抗皱淡纹紧致补水保湿滋润,709
459,FRANIC法兰琳卡鲜颜淡纹紧致精华液35毫升,163
460,【大牌试用】Opera娥佩兰补水护肤品薏仁水乳湿敷瓶装爽肤水体验装,12
461,【母亲节礼物】珀莱雅红宝石水乳霜套装抗皱淡纹紧致补水保湿滋润,709
462,FRANIC法兰琳卡鲜颜淡纹紧致精华液35毫升,163
463,【大牌试用】Opera娥佩兰补水护肤品薏仁水乳湿敷瓶装爽肤水体验装,12
464,【母亲节礼物】珀莱雅红宝石水乳霜套装抗皱淡纹紧致补水保湿滋润,709
465,FRANIC法兰琳卡鲜颜淡纹紧致精华液35毫升,163
466,【大牌试用】Opera娥佩兰补水护肤品薏仁水乳湿敷瓶装爽肤水体验装,12
467,【母亲节礼物】珀莱雅红宝石水乳霜套装抗皱淡纹紧致补水保湿滋润,709
468,FRANIC法兰琳卡鲜颜淡纹紧致精华液35毫升,163
469,【大牌试用】Opera娥佩兰补水护肤品薏仁水乳湿敷瓶装爽肤水体验装,12
470,【母亲节礼物】珀莱雅红宝石水乳霜套装抗皱淡纹紧致补水保湿滋润,709
471,FRANIC法兰琳卡鲜颜淡纹紧致精华液35毫升,163
472,【大牌试用】Opera娥佩兰补水护肤品薏仁水乳湿敷瓶装爽肤水体验装,12
473,【母亲节礼物】珀莱雅红宝石水乳霜套装抗皱淡纹紧致补水保湿滋润,709
474,FRANIC法兰琳卡鲜颜淡纹紧致精华液35毫升,163
475,【大牌试用】Opera娥佩兰补水护肤品薏仁水乳湿敷瓶装爽肤水体验装,12
476,【母亲节礼物】珀莱雅红宝石水乳霜套装抗皱淡纹紧致补水保湿滋润,709
477,FRANIC法兰琳卡鲜颜淡纹紧致精华液35毫升,163
478,【大牌试用】Opera娥佩兰补水护肤品薏仁水乳湿敷瓶装爽肤水体验装,12
479,【母亲节礼物】珀莱雅红宝石水乳霜套装抗皱淡纹紧致补水保湿滋润,709
480,FRANIC法兰琳卡鲜颜淡纹紧致精华液35毫升,163
481,【大牌试用】Opera娥佩兰补水护肤品薏仁水乳湿敷瓶装爽肤水体验装,12
482,【母亲节礼物】珀莱雅红宝石水乳霜套装抗皱淡纹紧致补水保湿滋润,709
483,FRANIC法兰琳卡鲜颜淡纹紧致精华液35毫升,163
484,【大牌试用】Opera娥佩兰补水护肤品薏仁水乳湿敷瓶装爽肤水体验装,12
485,【母亲节礼物】珀莱雅红宝石水乳霜套装抗皱淡纹紧致补水保湿滋润,709
486,FRANIC法兰琳卡鲜颜淡纹紧致精华液35毫升,163
487,【大牌试用】Opera娥佩兰补水护肤品薏仁水乳湿敷瓶装爽肤水体验装,12
488,【母亲节礼物】珀莱雅红宝石水乳霜套装抗皱淡纹紧致补水保湿滋润,709
489,FRANIC法兰琳卡鲜颜淡纹紧致精华液35毫升,163
490,【大牌试用】Opera娥佩兰补水护肤品薏仁水乳湿敷瓶装爽肤水体验装,12
491,【母亲节礼物】珀莱雅红宝石水乳霜套装抗皱淡纹紧致补水保湿滋润,709
492,FRANIC法兰琳卡鲜颜淡纹紧致精华液35毫升,163
493,【大牌试用】Opera娥佩兰补水护肤品薏仁水乳湿敷瓶装爽肤水体验装,12
494,【母亲节礼物】珀莱雅红宝石水乳霜套装抗皱淡纹紧致补水保湿滋润,709
495,FRANIC法兰琳卡鲜颜淡纹紧致精华液35毫升,163
496,【大牌试用】Opera娥佩兰补水护肤品薏仁水乳湿敷瓶装爽肤水体验装,12
497,【母亲节礼物】珀莱雅红宝石水乳霜套装抗皱淡纹紧致补水保湿滋润,709
498,FRANIC法兰琳卡鲜颜淡纹紧致精华液35毫升,163
499,【大牌试用】Opera娥佩兰补水护肤品薏仁水乳湿敷瓶装爽肤水体验装,12
