﻿原始产品名,原始价格,产品全称,品牌,产品线,品类,昵称,功效,参考价格,品牌产地,error
Aveeno 艾惟诺 面霜 保湿 48g 适合成人使用 神经酰胺 维生素B5 适合敏感肌肤 干性肌肤 1件装,100,Aveeno艾惟诺舒缓柔嫩保湿面霜,Aveeno,舒缓柔嫩,面霜,燕麦霜,保湿+舒缓+修护,¥100/48g,美国,
CeraVe 面霜 保湿 539g 适合青少年 透明质酸 适合各种肤质 1件装,100,CeraVe保湿修护面霜,CeraVe,修护,面霜,C霜,保湿+修护+温和,¥100/539g,美国,
Neutrogena 露得清 Hydro Boost 面霜，透明质酸晚霜，适合所有肤质，50ml,100,Neutrogena Hydro Boost水活保湿凝霜,露得清,Hydro Boost,面霜,水活霜,保湿+补水+锁水,¥100/50ml,美国,
Vanicream 面霜 保湿 89ml 适合各年龄段 透明质酸 适合敏感肌肤,100,Vanicream保湿面霜,Vanicream,,面霜,Vanicream面霜,保湿+舒缓+敏感肌,¥100/89ml,美国,
L'OCCITANE 欧舒丹 面霜 滋润 49.2ml 适合成人 乳木果脂 适合干性肌肤 1件装,100,欧舒丹乳木果滋润面霜,欧舒丹,乳木果,面霜,乳木果面霜,滋润+保湿+修护,¥100/49.2ml,法国,
Eucerin 面霜 抗皱 淡化细纹 保湿 滋润 48g适合成人使用 capric triglyceride carbomer 适合敏感肌肤 1件装,100,优色林充盈展颜平衡晚霜,优色林,充盈展颜,面霜,抗皱霜,抗皱+保湿+修护,¥100/48g,德国,
Jack Black 双效面霜 SPF 20 251 毫升,100,Jack Black双效保湿防晒面霜,Jack Black,双效,面霜,无,保湿+防晒,¥100/251ml,美国,
Cetaphil 丝塔芙 面霜 保湿 48g 适合成人使用 Homosalate 9.5% 适合敏感肤质 1件装,100,丝塔芙舒润保湿霜,丝塔芙,舒润,面霜,大白罐,保湿+修护+舒缓,¥100/48g,法国,
Neutrogena 露得清 面霜 改善细纹 48g 适合成人使用 维生素A 维生素A酸 适合各种肤质 1件装,100,露得清维A醇抗皱修护面霜,露得清,维A醇,面霜,A醇面霜,抗皱+修护+淡纹,¥100/48g,美国,
Tautropfen 滋养/沙棘，滋润面霜，适合干性皮肤，50毫升,100,Tautropfen沙棘滋养面霜,Tautropfen,,面霜,沙棘面霜,滋养+滋润+干皮适用,¥100/50ml,德国,
Cetaphil 丝塔芙 面霜 保湿 88ml 适合成人 透明质酸 适合敏感肌肤 1件装,100,丝塔芙舒润保湿霜,丝塔芙,舒润,面霜,大白罐,保湿+修护+舒缓,¥100/88ml,法国,
CeraVe 面部精华 精华30ml+面霜48g 适合成人 烟酰胺 肽 适合混合肤质,100,CeraVe烟酰胺肽精华面霜组合,CeraVe,,精华+面霜,PM乳+修护霜,修护+保湿+提亮,¥100/78ml,美国,
Neutrogena 露得清 面霜 含有玻尿酸的水凝乳面霜可提供9倍的保湿效果 让肌肤水润光泽 洁面乳14ml+面霜50ml 适合成人使用 玻尿酸 干性肌肤 2件装,100,露得清水活盈透保湿凝霜,露得清,水活盈透,面霜,水凝霜,保湿+补水+滋润,¥100/50ml,美国,
Cetaphil 丝塔芙 面霜 保湿 453g*2 适合成人使用 水 甘油 干性肌肤 2件装,100,丝塔芙舒润保湿霜,丝塔芙,舒润,面霜,大白罐,保湿+修护+舒缓,¥100/453g*2,美国,
Eucerin 面霜 抗衰老 48g*2 适合成人使用 维生素E 适合敏感肌肤,100,优色林舒安修护霜,优色林,舒安,面霜,修护霜,抗衰老+修护+舒缓,¥100/48g,德国,
BYOMA 面霜 美白 保湿 滋润 50ml 适合成人 角蛋白 适合各种肤质 1件装,100,BYOMA保湿亮肤面霜,BYOMA,,面霜,,美白+保湿+滋润,¥100/50ml,英国,
OLAY 面霜 保湿 适合成人 肽 维A酸 适合中性肤质 面霜48g+7g 套装包含面霜、面霜赠品，非组套商品,100,OLAY超红瓶面霜,OLAY,超红瓶,面霜,大红瓶面霜,抗老+保湿+紧致,¥100/48g,美国,
Neutrogena 露得清 面部保湿霜 面霜59ml+洁面乳14ml 适合成人使用 适合所有肤质 2件装,100,Neutrogena深层保湿面霜,Neutrogena,深层保湿,面霜,露得清保湿霜,保湿+修护+舒缓,¥100/59ml,美国,
Cetaphil 丝塔芙 晚霜 夜间保湿面霜 提供水润保湿滋养无刺激增强收缩毛孔 48g,100,丝塔芙夜间保湿修护晚霜,丝塔芙,修护,面霜,蓝朋友晚霜,保湿+修护+舒缓,¥100/48g,法国,
Neutrogena 露得清 面霜 48g 适合成人使用 甘油 维生素C 适合成熟肌肤类型 1件装,100,露得清维C亮采保湿面霜,露得清,维C亮采,面霜,维C面霜,保湿+提亮+抗老,¥100/48g,美国,
"Burt's Bees 伯特的小蜜蜂敏感肌肤套装,温和面霜,含芦荟和米奶,天然护肤,6 盎司/3 盎司",100,Burt's Bees敏感舒缓套装,Burt's Bees,敏感舒缓,套装,小蜜蜂舒缓套装,舒缓+保湿+修护,¥100/170g,美国,
Declare Pro Youthing 女士青春至尊面霜 50 毫升,100,Declare Pro Youthing 女士青春至尊面霜,Declare,Pro Youthing,面霜,青春至尊面霜,抗老+保湿+紧致,¥100/50ml,瑞士,
"Delia Cosmetics Hyaluron Fusion 日夜面霜 抗皱,* 提拉浓缩 马鞭草萃取物 (年龄50+)50毫升",100,Delia Cosmetics Hyaluron Fusion 日夜面霜,Delia Cosmetics,Hyaluron Fusion,面霜,抗皱面霜,抗皱+提拉+保湿,¥100/50ml,,
OLAY 面霜 241g 烟酰胺 适合各种肤质 1件装,100,OLAY新生塑颜空气感凝霜,OLAY,新生塑颜,面霜,空气霜,保湿+紧致+提亮,¥100/241g,美国,
Cetaphil 丝塔芙 面霜 保湿 48g 适合成人使用 透明质酸 适合混合肤质 1件装,100,丝塔芙舒润保湿霜,丝塔芙,舒润,面霜,大白罐,保湿+修护+舒缓,¥100/48g,法国,
Estee Lauder 雅诗兰黛 面霜 控油 1.7盎司(约48.39克) 适合成人使用 氯化物 甘油 适合油性肌肤 1件装,100,雅诗兰黛特润修护肌透精华霜,雅诗兰黛,特润修护,面霜,小棕瓶面霜,控油+修护+保湿,¥100/48.39g,美国,
Nivea 妮维雅 Q10 能量补充面霜（50ml），女性活力晚霜，保湿晚霜，维生素 C 和 Q10 补充面霜,100,,,,,,,,,返回数据列数不正确
"NIVEA 妮维雅 男士保护和护理密集保湿面霜 3 件装(3 x 50 毫升),男士舒缓面霜 保湿日霜",100,,,,,,,,,返回数据列数不正确
GUERLAIN 娇兰 面霜 保湿 适合成人 透明质酸 适合干性肌肤 1件装 76g,100,娇兰水合青春保湿面霜,娇兰,水合青春,面霜,水合面霜,保湿+补水+滋润,¥100/76g,法国,
Vanicream 面霜 保湿 适合成人 乳液 适合敏感肌肤 1件装 453g,100,Vanicream保湿面霜,Vanicream,,面霜,薇霓肌本面霜,保湿+舒缓,¥100/453g,美国,
Sesderma | Mesoses 面霜 | 含活性成分的脂质体面霜 | 至尊*霜 | 抗皱面霜 | 氨基酸 | 维生素 | 透明质酸 | 日霜 | 50毫升,100,,,,,,,,,返回数据列数不正确
Fresh 面霜 保湿 适合成人使用 乙酰萨利酸 适合混合肤质 1件装 50ml,100,Fresh玫瑰深层保湿面霜,Fresh,玫瑰,面霜,玫瑰面霜,保湿+修护+舒缓,¥100/50ml,美国,
Clinique For Men 抗衰老保湿面霜 100 毫升,100,倩碧男士抗衰老保湿面霜,倩碧,For Men,面霜,男士黄油面霜,抗老+保湿,¥100/100ml,美国,
EltaMD 面霜 EltaMD AM Therapy 面霜通 48g 适合成人使用 透明质酸 适合油性肌肤 1件装,100,EltaMD AM Therapy面霜,EltaMD,AM Therapy,面霜,AM面霜,保湿+控油+修护,¥100/48g,美国,
Ambi 面霜 均匀肤色 保湿 适合成人使用 甘草 烟酰胺 适合各种肤质 30ml,100,Ambi Even & Clear面霜,Ambi,Even & Clear,面霜,Ambi美白面霜,均匀肤色+保湿+美白,¥100/30ml,美国,
OLAY 面霜 抗皱 保湿 滋润48g+7g 适合成人使用 胶原蛋白肽 烟酰胺,100,OLAY超红瓶面霜,OLAY,超红瓶,面霜,大红瓶面霜,抗皱+保湿+提亮,¥100/48g,美国,
Barrier Bestie Ultra Whip 面霜 59ml,100,Barrier Bestie Ultra Whip 面霜,Barrier Bestie,Ultra Whip,面霜,无,保湿+修护,¥100/59ml,美国,
Weleda 维蕾德 深层保湿面霜，30ml,100,Weleda深层保湿面霜,维蕾德,,面霜,维蕾德保湿面霜,保湿+修护+滋养,¥100/30ml,德国,
Institut Esthederm Esthederm – 卓越面霜 – 滋养面部、颈部和肩部霜 – * – 成熟皮肤，50ml,100,Institut Esthederm 卓越面霜,Institut Esthederm,卓越,面霜,卓越面霜,滋养+抗老+紧致,¥100/50ml,法国,
LA MER 海蓝之谜 面霜 保湿 15ml 适合成人使用 适合各种肤质 1件装,100,LA MER精华面霜,LA MER,海蓝之谜,面霜,传奇面霜,保湿+修护+抗老,¥100/15ml,美国,
GUERLAIN 娇兰 面霜 保湿 滋润 适合成人使用 玻尿酸 适合混合肤质 50ml,100,娇兰御廷兰花卓能焕活面霜,娇兰,御廷兰花,面霜,兰花面霜,保湿+滋润+抗老,¥100/50ml,法国,
Biotherm 碧欧泉蓝疗视黄醇礼品套装(精华 7 毫升 + 面霜 50 毫升 + 晚霜 15 毫升 + 眼部护理 5 毫升),100,碧欧泉蓝源视黄醇精华礼盒,碧欧泉,蓝源,礼盒,蓝疗视黄醇套装,抗老+修护+紧致,¥100/73ml,法国,
Babor 芭宝 CLASSICS 阿甘面霜 丰盈型面霜 适用于干燥肌肤 含有阿甘油和维生素E 植物配方 无酒精 50毫升,100,Babor CLASSICS阿甘丰盈面霜,Babor,CLASSICS,面霜,阿甘面霜,滋润+修护+抗氧化,¥100/50ml,德国,
RoC Retinol Correxion Line Smoothing Max 保湿霜 面霜48g+96g,100,RoC视黄醇深层抗皱面霜,RoC,Retinol Correxion,面霜,ROC A醇面霜,抗皱+保湿+修护,¥100/48g,法国,
Sisley 希思黎 面霜 保湿 1.4盎司(约39.96克) 适合成人使用 丙烯酸酯 山莨菪素 1件装,100,Sisley希思黎全能乳液,Sisley,全能,面霜,全能乳液,保湿+修护+滋养,¥100/39.96g,法国,
"KOAHDE 白米面霜,米保湿霜,适用于面部,米亮面霜,米保湿霜,抗衰老面霜,米保湿面霜,50克",100,,,,,,,,,返回数据列数不正确
Biotherm 碧欧泉 面霜 滋润 50毫升 适合成人使用 水杨酸 适合油性肌肤,100,碧欧泉绿活泉润透水分露,碧欧泉,绿活泉,面霜,绿活泉面霜,保湿+控油+修护,¥100/50ml,法国,
"HUGO 男式 S 码标志毛圈布运动衫, 天然面霜",100,天然面霜,,,面霜,,保湿+滋润,¥100/,,
CeraVe 保湿面霜，适用于中性至干性皮肤，2 x 52毫升,100,CeraVe保湿修护面霜,CeraVe,修护,面霜,神经酰胺面霜,保湿+修护+舒缓,¥100/52ml,美国,
SVR 面霜 适合干性肌肤 适合成人 200ml,100,SVR保湿舒缓面霜,SVR,无,面霜,无,保湿+舒缓+修护,¥100/200ml,法国,
Sisley 希思黎 面霜 保湿 1.6盎司(约45.4克) 适合成人 黄瓜 适合干性、所有肤质 1件装,100,Sisley希思黎全能乳液,Sisley,全能,面霜,全能乳液,保湿+修护+滋养,¥100/45.4g,法国,
Neoretin 面霜 1.01液体盎司(约30ml) 适合成人使用 维生素A 适合各种肤质 1件装,100,Neoretin Intensive Retinol Cream,Neoretin,Intensive,面霜,Neoretin A醇面霜,抗老+修护+保湿,¥100/30ml,西班牙,
"KRAVE IT ®️ 视黄醇面霜 - *面霜 含透明质酸和胶原蛋白 - 视黄醇面部保湿霜适用于皱纹、黑斑和不均匀皮肤纹理,50ml",100,KRAVE IT视黄醇面霜,KRAVE IT,,面霜,视黄醇面霜,抗皱+淡斑+保湿,¥100/50ml,,
Helly Hansen 男女通用儿童 Jr Champ 毛绒夹克外套 034 面霜 12,100,,,,面霜,,,¥100/,,
Coola 面霜 维生素C白藜芦醇有助于减少黑眼圈和细纹 适合所有肤质 24ml 无香料,100,Coola维生素C白藜芦醇面霜,Coola,,面霜,,减少黑眼圈+抗皱+全肤质适用,¥100/24ml,美国,
PCA SKIN 面霜 PCA SKIN HydraMatte 帮助减少皮肤表面的油脂 凝胶配方 51g 适合成人使用 油性肌肤 1件装n,100,PCA SKIN HydraMatte面霜,PCA SKIN,HydraMatte,面霜,HydraMatte面霜,控油+保湿,¥100/51g,美国,
Jurlique 茱莉蔻 面霜 保湿 0.67盎司 适合成人使用 适合各种肤质 3件装,100,Jurlique茱莉蔻玫瑰衡肤保湿面霜,Jurlique,玫瑰衡肤,面霜,茱莉蔻玫瑰面霜,保湿+修护+滋养,¥100/0.67oz,澳大利亚,
Babor 芭宝 SKINOVAGE 平衡霜 适用于混合性皮肤的面霜 具有哑光效果的保湿护理 使肤色均匀 抗衰老 50毫升,100,Babor SKINOVAGE Balancing Cream, Babor, SKINOVAGE, 面霜, 平衡霜, 保湿+控油+抗老, ¥100/50ml, 德国,
Burt's Bees 面霜 保湿 51g 适合成人 乳酸 适合各种肤质 1件装,100,Burt's Bees保湿面霜,Burt's Bees,,面霜,小蜜蜂面霜,保湿+温和+修护,¥100/51g,美国,
REVLON BB面霜 保湿 30毫升 适合所有肤质 浅中020,100,REVLON BB面霜,REVLON,,BB霜,,保湿+遮瑕+均匀肤色,¥100/30ml,美国,
Elizabeth Arden 伊丽莎白雅顿 8 小时® 面霜套装 八小时修护舒缓膏 50ml + 深层滋润护手霜 30ml + 奇迹护理油 30ml 基本护理,100,Elizabeth Arden 8小时润泽面霜套装,Elizabeth Arden,8小时,面霜,八小时面霜,修护+舒缓+滋润,¥100/50ml,美国,
NIVEA 妮维雅 2 件装 Cellular Expert Lift 抗皱面霜套装 适用于日夜 SPF 30 2 × 50 毫升,100,妮维雅Cellular Expert Lift抗皱面霜,妮维雅,Cellular Expert Lift,面霜,妮维雅抗皱面霜,抗皱+紧致+防晒,¥100/50ml,德国,
Honest Beauty 面霜 保湿 改善细纹 50ml 适合成人使用 透明质酸 山茶籽油 1件装,100,Honest Beauty Hydrogel Cream,Honest Beauty,Hydrogel,面霜,透明质酸面霜,保湿+改善细纹,¥100/50ml,美国,
CELLEX-C Seline-E 修护滋养面霜，60 毫升,100,CELLEX-C Seline-E 修护滋养面霜,CELLEX-C,Seline-E,面霜,修护面霜,修护+滋养,¥100/60ml,,
Phyts Panacea 女士抗衰老面霜 - 1.6 盎司面霜,100,Phyts Panacea抗衰老面霜,Phyts,Panacea,面霜,Panacea面霜,抗老+紧致+保湿,¥100/1.6oz,法国,
"StriVectin Contour Restore™ 紧致保湿霜 可明显修整和抚平面部和下巴的细纹,Contour Restore™ 紧致保湿面霜,1.7 盎司|50ml",100,StriVectin Contour Restore™ 紧致保湿霜,StriVectin,Contour Restore,面霜,轮廓修复霜,紧致+保湿+抗皱,¥100/50ml,美国,
"男士保湿面霜,含有机芦荟 + 透明质酸 + 摩洛哥坚果油 - 男士面霜,理想的护理和清新 - 男士面部护理,75毫升 - Skincare Vegan - 天然缎面",100,,,,,,,,,返回数据列数不正确
Andalou Naturals 面霜 改善细纹 50g 适合成人使用 维生素C 适合干性、所有肤质 1件装,100,Andalou Naturals维生素C亮采面霜,Andalou Naturals,,面霜,维生素C面霜,改善细纹+亮采+保湿,¥100/50g,美国,
Guinot Creme Hydra Beaute 面霜 1.7 盎司,100,Guinot Creme Hydra Beaute面霜,Guinot,Hydra Beaute,面霜,水分面霜,保湿+补水+滋润,¥100/50ml,法国,
"LuminaSkin Age Barrier 高级面霜 - Renewal 面霜 - 保湿面部保湿霜,抗衰老和皮肤屏障修复面霜 48ml",100,LuminaSkin Age Barrier Renewal面霜,LuminaSkin,Age Barrier,面霜,Renewal面霜,抗老+修复+保湿,¥100/48ml,,
"NIVEA 妮维雅面霜,多用途面霜,400毫升",100,妮维雅多效润肤霜,妮维雅,多效,面霜,小蓝罐,保湿+修护+舒缓,¥100/400ml,德国,
Institut Esthederm 面霜 乳霜 47.3ml 1件装 管装,100,Institut Esthederm Lift Pro面霜,Institut Esthederm,Lift Pro,面霜,无,紧致+抗皱+保湿,¥100/47.3ml,法国,
StriVectin 面霜 每日面霜针对多种老化迹象 1.7液体盎司(约50ml) 适合成人 维他命A酸 适合各种肤质 1件装,100,StriVectin抗皱紧致每日面霜,StriVectin,抗皱紧致,面霜,Strivectin面霜,抗皱+紧致+保湿,¥100/50ml,美国,
"Biretix Isorepair 面霜,50ml",100,Biretix Isorepair 面霜,Isdin,Biretix,面霜,三重修护面霜,修护+保湿+舒缓,¥100/50ml,西班牙,
Babor 芭宝 SKINOVAGE 舒缓面霜（丰盈型） 专为敏感肌肤设计的丰盈型面霜 舒缓保湿 无色无香 纯植物配方 50毫升,100,Babor SKINOVAGE 舒缓面霜（丰盈型）,Babor,SKINOVAGE,面霜,SKINOVAGE面霜,舒缓+保湿+敏感肌,¥100/50ml,德国,
Biore 面霜 滋润保湿养护丰盈补充100ml面霜 适合成人使用 鳄梨碳益生元 适合混合肤质 3.4盎司面霜,100,碧柔水活保湿面霜,Biore,水活保湿,面霜,碧柔小蓝罐,保湿+滋润+修护,¥100/100ml,日本,
Topicrem 面霜 适合敏感肌肤类型,100,Topicrem舒缓保湿面霜,Topicrem,,面霜,舒缓面霜,舒缓+保湿+修护,¥100/50ml,法国,
Jurlique 茱莉蔻 面霜 男女通用 无动物实验测试 保湿 100ml,100,Jurlique茱莉蔻玫瑰保湿面霜,Jurlique,玫瑰保湿,面霜,茱莉蔻玫瑰霜,保湿+修护+舒缓,¥100/100ml,澳大利亚,
Jurlique 茱莉蔻 面霜 保湿 50ml 适合成人 适合各种肤质 1件装,100,Jurlique茱莉蔻玫瑰衡肤保湿面霜,Jurlique,玫瑰衡肤,面霜,茱莉蔻玫瑰面霜,保湿+修护+滋养,¥100/50ml,澳大利亚,
Topicrem 面霜 适合敏感肌肤类型,100,Topicrem舒缓保湿面霜,Topicrem,,面霜,舒缓面霜,舒缓+保湿+修护,¥100/50ml,法国,
Nova Lucia 面霜 夏威夷芦荟面霜 修复晚霜 防晒 牛皮癣面霜 干性肌肤面霜 防皱面霜 女性适用 8盎司液体(约237毫升) 适合成人使用 芦荟 适合各种肌肤类型 1件装,100,,,,,,,,,返回数据列数不正确
"Avene 雅漾 面霜,1件装(1 x 15毫升)",100,雅漾舒缓特护保湿霜,雅漾,舒缓特护,面霜,大白霜,舒缓+保湿+修护,¥100/15ml,法国,
"Ecooking 高档护肤入门套装,旅行装,洁面啫喱,去角质,保湿精华,面霜和唇膏",100,,,,,,,,,返回数据列数不正确
Biodroga 面霜和保湿霜 适合成人 甘油,100,Biodroga保湿面霜,Biodroga,,面霜,,保湿+滋润,¥100/50ml,德国,
NIVEA 妮维雅 Hyaluron Cellular Filler (2 x 50 毫升) 抗衰老面霜礼品套装 含日霜 FP30 和晚霜 紧致面霜 含透明质酸,100,NIVEA Hyaluron Cellular Filler 抗衰老面霜套装,妮维雅,Hyaluron Cellular Filler,面霜,妮维雅玻尿酸面霜,抗老+紧致+保湿,¥100/100ml,德国,
OLAY 玉兰油 新生面霜 无香型 50毫升,100,OLAY新生塑颜金纯面霜,OLAY,新生塑颜,面霜,大红瓶,抗老+紧致+保湿,¥100/50ml,美国,
Antipodes 面霜 滋润 60 ML 适合成人使用 适合干性肌肤,100,Antipodes天然牛油果晚霜,Antipodes,,面霜,牛油果晚霜,滋润+保湿+修复,¥100/60ml,新西兰,
PAYOT - Cream No.2 羊绒 - 富含面霜 50毫升,100,PAYOT Cream No.2羊绒富含面霜,PAYOT,No.2,面霜,羊绒面霜,滋养+修护+保湿,¥100/50ml,法国,
Diadermine 面霜 适合成人 玻尿酸,100,Diadermine玻尿酸面霜,Diadermine,,面霜,Diadermine面霜,保湿+抗皱+紧致,¥100/50ml,法国,
Cult51 面霜 保湿 适合成人使用 甘油 适合各种肤质,100,Cult51面霜,Cult51,,面霜,Cult51面霜,保湿+修护+抗老,¥100/50ml,英国,
Nova Lucia 面霜 夏威夷芦荟面霜 修复晚霜 防晒 牛皮癣面霜 干性肌肤面霜 防皱面霜 女性适用 8盎司液体(约237毫升) 适合成人使用 芦荟 适合各种肌肤类型 1件装,100,,,,,,,,,返回数据列数不正确
Gillette 吉列 面霜 适合各种肤质,100,吉列男士保湿面霜,吉列,,面霜,,保湿+滋润+多效,¥100/50ml,美国,
OLAY 面霜 保湿 60ml*3 适合成人使用 水杨酸 适合各种肤质,100,OLAY新生塑颜空气感凝霜,OLAY,新生塑颜,面霜,大红瓶面霜,保湿+抗老+修护,¥100/60ml,美国,
"Acqua alle 玫瑰抗皱面霜,含黑玫瑰和植物透明质酸的抗衰老活性成分,抗皱面霜,填充放松效果,50毫升",100,Acqua alle 玫瑰抗皱面霜,Acqua alle,,面霜,玫瑰面霜,抗皱+保湿+抗老,¥100/50ml,意大利,
DHC 蝶翠诗 面霜 富含乳霜质地的保湿养护面霜 50g 适合成人 硫酮 混合肤质 1件装,100,DHC辅酶精萃赋活面霜,DHC,辅酶精萃,面霜,硫酮面霜,保湿+修护+抗老,¥100/50g,日本,
Elizabeth Arden 伊丽莎白雅顿 面霜 明显改善皮肤状态 防水 适合敏感肤质 37毫升 ideabone,100,Elizabeth Arden Visible Difference Refining Moisture Cream Complex,Elizabeth Arden,Visible Difference,面霜,21天霜,保湿+修护+舒缓,¥100/37ml,美国,
LANEIGE 面霜 这款面霜可明显改善暗沉和极细小斑点 1盎司(约28.35克) 适合成人 维生素C 适合各种肤质 1件装 30ml,100,,,,,,,,,返回数据列数不正确
Novexpert 面霜 适合成人 锌 适合各种肤质 30ml,100,Novexpert锌控油面霜,Novexpert,,面霜,锌面霜,控油+保湿+舒缓,¥100/30ml,法国,
Peter Thomas Roth 彼得罗夫 面霜 保湿 50ml 适合成人使用 乳酸 适合各种肤质,100,Peter Thomas Roth云朵保湿霜,Peter Thomas Roth,云朵,面霜,云朵霜,保湿+修护+舒缓,¥100/50ml,美国,
LANCOME 兰蔻 Nutrix Crème Tubo面霜，125 毫升。,100,兰蔻Nutrix Crème Tubo面霜,兰蔻,Nutrix,面霜,Nutrix面霜,滋养+修护+保湿,¥100/125ml,法国,
Weleda Melva 白色面霜，50毫升,100,Weleda Skin Food 面霜,Weleda,无,面霜,无,保湿+修护+舒缓,¥100/50ml,德国,
"Noodle & Boo 完美面霜,Pregrancy 护肤*霜,富含可可油和鳄梨油,136g",100,,,,,,,,,返回数据列数不正确
Polåar 面霜和保湿霜 1.70液体盎司(约50毫升) 极地肽 适合混合肤质,100,极地肽保湿霜,Polåar,极地肽,面霜,极地面霜,保湿+修护+抗老,¥100/50ml,,
Lierac LEIRAC|Premium The Voluptous 面霜 - 抗衰老面霜 - 女士保湿面部保湿霜含烟酰胺和透明质酸 - 滋养、紧致和平滑肌肤 - 50 毫升罐装,100,Lierac Premium The Voluptous面霜,Lierac,Premium The Voluptous,面霜,Voluptous面霜,抗衰老+保湿+紧致,¥100/50ml,法国,
Nuxe 面霜 发现Nuxe平滑面霜 肌肤更紧致 1.7液体盎司(约50毫升) 适合成人 维生素E 适合各种肤质 1件装,100,Nuxe平滑面霜,Nuxe,平滑,面霜,NUXE面霜,紧致+滋养+修护,¥100/50ml,法国,
OLAY 面霜 保湿 滋润 光滑肌肤 2件套 适合成人使用 透明质酸 烟酰胺 肽 维生素B3 适合正常肌肤 面霜48g+面霜7g,100,OLAY新生塑颜空气感凝霜,OLAY,新生塑颜,面霜,空气霜,保湿+滋润+抗老,¥100/48g,美国,
RÉNÉRGIE MULTI-LIFT ULTRA 面霜 抗骑行 50 毫升,100,RÉNÉRGIE MULTI-LIFT ULTRA面霜,兰蔻,RÉNÉRGIE,面霜,多效提拉面霜,抗老+紧致+提拉,¥100/50ml,法国,
BABOR 芭宝 SKINOVAGE Purifying Cream 面霜 适用于瑕疵肌肤 澄清毛孔细致面部护理 纯植物配方 50 毫升,100,BABOR SKINOVAGE Purifying Cream,BABOR,SKINOVAGE,面霜,净化面霜,净化+控油+细致毛孔,¥100/50ml,德国,
Lab Series 面霜 保湿 4.50液体盎司(约133毫升) 适合成人 咖啡因 适合各种肤质 1件装,100,Lab Series MAX LS 保湿面霜,Lab Series,MAX LS,面霜,蓝罐面霜,保湿+抗氧化+舒缓,¥100/133ml,美国,
Aveeno 艾惟诺 面霜 提供滋润和美白的凝胶面霜 1.7盎司(约48.39克) 适合成人使用 卡波姆 甘油 适合中性肤质 1件装,100,Aveeno艾惟诺保湿美白面霜,Aveeno,艾惟诺,面霜,艾惟诺面霜,保湿+美白,¥100/48.39g,美国,
BABOR 面霜 有助于4周内减少皱纹 出现 50ml 适合成人使用 氨基酸 适合各种肤质 1件装,100,BABOR胶原蛋白紧致面霜,BABOR,胶原蛋白,面霜,胶原面霜,抗皱+紧致+保湿,¥100/50ml,德国,
Ella Baché Nutri Action Royale 修复霜 50 毫升 面霜 含滋养蜂蜡和富含维生素的小麦胚芽油,100,Ella Baché Nutri Action Royale修复霜,Ella Baché,Nutri Action Royale,面霜,皇家修复霜,滋养+修复+抗老,¥100/50ml,法国,
Sisley 希思黎 面霜，1 件装（1 x 250 毫升）,100,Sisley希思黎抗皱修活御致臻颜霜,Sisley,抗皱修活御致,面霜,三次元面霜,抗老+修护+紧致,¥100/250ml,法国,
Oars + Alps 面霜 抗衰老 滋润 保湿 防水 适合各种肤质 57.2ml 无香料,100,Oars + Alps抗衰老面霜,Oars + Alps,,面霜,,抗衰老+滋润+保湿,$100/57.2ml,美国,
iS CLINICAL 面霜 含抗氧化维生素A修复干燥肌肤 50g 适合成人使用 玻尿酸 适合各种肤质 1件装,100,iS CLINICAL 修复面霜,iS CLINICAL,,面霜,,抗氧化+修复+保湿,¥100/50g,美国,
Decleor 面霜 保湿 适合各种肤质 薰衣草 | 15 ml,100,DECLEOR薰衣草保湿面霜,DECLEOR,,面霜,薰衣草面霜,保湿+舒缓+修护,¥100/15ml,法国,
Schrammek BB面霜 保湿 41ml 适合敏感肌肤 1件装,100,Schrammek Blemish Balm Cream,Schrammek,Blemish Balm,面霜,BB面霜,保湿+遮瑕+修护,¥100/41ml,德国,
"Ella Baché Ella Perfect 洁面乳,含番茄提取物,150毫升 - 温和的面霜深层清洁皮肤,保湿",100,Ella Baché Ella Perfect 洁面乳,Ella Baché,Ella Perfect,洁面乳,完美洁面,深层清洁+保湿,¥100/150ml,法国,
Nivea Q10 Plus 抗皱面霜 SPF 15-50 毫升 50 Milliliters,100,妮维雅Q10抗皱面霜SPF15,妮维雅,Q10 Plus,面霜,Q10面霜,抗皱+防晒+紧致,¥100/50ml,德国,
Edge 面霜 适合成人 适合各种肤质 88ml,100,Edge面霜,Edge,,面霜,Edge面霜,保湿+修护+舒缓,¥100/88ml,,
Palmer's 帕玛氏 面霜 75ml 适合成人使用 乳酸 适合各种肤质,100,Palmer's可可脂舒缓面霜,Palmer's,可可脂,面霜,帕玛氏面霜,舒缓+保湿+修护,¥100/75ml,美国,
Burt's Bees Soap Bark & Chamomile 深层洁面霜 6 盎司(约 170.1 克)面霜,100,Burt's Bees Soap Bark & Chamomile深层洁面霜,Burt's Bees,Soap Bark & Chamomile,洁面霜,小蜜蜂洁面霜,清洁+舒缓,¥100/170.1g,美国,
Clinique 无油面霜 SPF 30，1.7 液盎司 盎司。,100,倩碧无油润肤乳SPF30,倩碧,无油,面霜,黄油面霜,保湿+控油+防晒,¥100/50ml,美国,
OLAY 面霜 保湿 抗衰老 48g 适合成人使用 胶原蛋白 适合各种肤质 1件装,100,OLAY新生塑颜金纯面霜,OLAY,新生塑颜,面霜,大红瓶,保湿+抗老+紧致,¥100/48g,美国,
Dior 迪奥 面霜 适合成人 适合各种肤质 含有玻尿酸 50ml,100,迪奥水动力精萃面霜,迪奥,水动力,面霜,水动力面霜,保湿+修护+抗老,¥100/50ml,法国,
-417 面霜 保湿 50ml 适合成人使用 霍霍巴 适合油性肤质,100,霍霍巴保湿面霜,,,面霜,,保湿+滋润+控油,¥100/50ml,,
Augustinus Bader 面霜 1盎司(约28.35克) 适合成人 适合敏感肌肤 1件装,100,Augustinus Bader The Cream,Augustinus Bader,The Cream,面霜,AB面霜,修护+保湿+抗老,¥100/28.35g,德国,
"Guinot 面霜 维生素E和绿茶提取物能抗自由基,同时滋养皮肤。 50ml 适合成人 维生素E 适合各种肤质",100,Guinot维他命E绿茶面霜,Guinot,,面霜,,抗氧化+滋养+保湿,¥100/50ml,法国,
Ahava 面霜 提供水分 滋润 养护 1.7液体盎司(约50毫升) 适合成人使用 透明质酸 适合干性肌肤,100,Ahava矿物保湿面霜,Ahava,,面霜,死海面霜,保湿+滋润+修护,¥100/50ml,以色列,
OLAY 面霜 适合成人 维生素C 适合各种肤质 1件装 15ml,100,OLAY维生素C面霜,OLAY,维生素C,面霜,VC面霜,提亮+保湿+抗氧化,¥100/15ml,美国,
OneSkin 面霜 保湿 19.4ml 成人 玻尿酸 适合各种肤质 1件装,100,OneSkin OS-01面霜,OneSkin,OS-01,面霜,OS-01面霜,保湿+抗老+修护,¥100/19.4ml,美国,
Nuxe Rêve de Miel 超舒适面霜 30毫升,100,Nuxe Rêve de Miel Ultra Comforting Face Cream,NUXE,Rêve de Miel,面霜,蜂蜜面霜,滋润+修护+舒缓,¥100/30ml,法国,
Glow Recipe 面霜 保湿 1.7盎司装(约48.3克) 适合油性肌肤 1件装,100,Glow Recipe西瓜保湿面霜,Glow Recipe,西瓜,面霜,西瓜霜,保湿+控油+舒缓,¥100/48.3g,美国,
Leven Rose 面霜 保湿 适合干性肌肤 维生素E 30ml 1件装,100,Leven Rose保湿面霜,Leven Rose,,面霜,,保湿+滋润+维生素E,¥100/30ml,美国,
FILORGA 菲洛嘉 面霜 含5种不同玻尿酸 使肌肤丰盈光滑 适合成人使用 玻尿酸 适合中性肤质 50ml,100,菲洛嘉玻尿酸丰盈面霜,FILORGA,玻尿酸,面霜,玻尿酸面霜,丰盈+保湿+光滑,¥100/50ml,法国,
"姜黄面霜、抗衰老面霜、含维生素 C 的姜黄面霜,用于保湿、紧致、紧致肌肤,天然姜黄面部修复霜,适合中性、干燥、油性和混合性皮肤 50g",100,,,,,,,,,返回数据列数不正确
OLAY 面霜 保湿 177ml*2 适合成人 丙烯酸酯 卡波姆 适合干性肌肤 2件装,100,OLAY大红瓶空气霜,OLAY,大红瓶,面霜,大红瓶,保湿+滋润+抗老,¥100/177ml*2,美国,
Eminence 面霜 保湿 60ml装 适合成人使用 适合粉刺肌肤类型 1件装,100,Eminence益生菌保湿面霜,Eminence,益生菌,面霜,益生菌面霜,保湿+舒缓+控痘,¥100/60ml,匈牙利,
Andalou Naturals 面霜 抗衰老 58ml装 适合成人 维生素E 适合成熟肌肤类型 1件装,100,Andalou Naturals抗衰老面霜,Andalou Naturals,,面霜,,抗衰老+滋润+修护,¥100/58ml,美国,
SK-II 护肤套装 Facial Treatment Essence And Skinpower Cream Set Unisex 精华230ml+面霜80g,100,SK-II护肤套装（Facial Treatment Essence And Skinpower Cream Set）,SK-II,,套装,神仙水套装,保湿+修护+抗老,¥100/230ml+80g,日本,
Curél 珂润 面霜 3.17盎司(约90克) 适合干性肌肤 1件装,100,Curél润浸保湿滋养面霜,Curél,润浸保湿,面霜,珂润面霜,保湿+修护+温和,¥100/90g,日本,
"BEUKING 樱花面部乳液保湿精华,用于收缩毛孔皮肤日常护理,爽肤水乳液保湿修复面霜维生素 C 精华改善皮肤滋养面霜软化剂护肤",100,BEUKING樱花保湿精华乳液,BEUKING,樱花,精华乳,樱花精华,保湿+收缩毛孔+修复,¥100/50ml,中国,
Sulwhasoo 雪花秀 面霜 这种水分帮助保湿 平衡皮肤的油水平衡 5.1液体盎司(约151毫升) 适合干性肤质 1件装,100,雪花秀滋盈生人参焕颜修护面霜,雪花秀,滋盈生人参,面霜,人参面霜,保湿+平衡+修护,¥100/151ml,韩国,
Curél 珂润 面霜 控油 120ml 适合成人 角蛋白 适合干性肌肤 1件装,100,珂润控油保湿面霜,珂润,润浸保湿,面霜,蓝罐面霜,控油+保湿+修护,¥100/120ml,日本,
"Turmeric Dark Spot Corrector 精华液霜,姜黄保湿面霜,姜黄霜,用于修正深色斑点,姜黄霜,姜黄霜,姜黄面霜,女士姜黄面霜 50g",100,,,,,,,,,返回数据列数不正确
CHANEL 香奈儿 面霜 1.7盎司装(约48.3克) 角蛋白 适合各种肤质 1件装,100,香奈儿山茶花保湿面霜,香奈儿,山茶花,面霜,山茶花面霜,保湿+修护+滋养,¥100/48.3g,法国,
HUYGENS – 有机透明质酸面霜 – 活肤舒缓霜 – 50毫升 – 纯天然 – 纯素 – 法国制造,100,HUYGENS有机透明质酸活肤舒缓霜,HUYGENS,有机透明质酸,面霜,活肤舒缓霜,保湿+舒缓+修护,¥100/50ml,法国,
Derma E DMAE硫辛酸C-酯提拉紧致面霜 56g,100,Derma E DMAE硫辛酸C-酯提拉紧致面霜,Derma E,DMAE硫辛酸C-酯,面霜,DMAE面霜,提拉+紧致+抗氧化,¥100/56g,美国,
"OLAY 面霜 50ml 适合成人使用 维生素B3,维生素B5 适合成熟肌肤类型 1件装",100,OLAY新生塑颜金纯面霜,OLAY,新生塑颜,面霜,大红瓶,抗老+保湿+紧致,¥100/50ml,美国,
"BIOLABS PRO 天然生物同色 Bi-EST 2.5 面霜,两个月供应量(3.6 盎司 - 无香型)",100,BIOLABS PRO Bi-EST 2.5面霜,BIOLABS PRO,Bi-EST,面霜,生物同色面霜,保湿+修护,¥100/102g,美国,
Honest Beauty 面霜 保湿 改善细纹 50ml 适合成人使用 透明质酸 山茶籽油 1件装,100,Honest Beauty保湿抗老面霜,Honest Beauty,,面霜,诚实面霜,保湿+抗老+修护,¥100/50ml,美国,
Babor 芭宝 SKINOVAGE 活力霜 适用于疲倦和需要恢复的皮肤的面霜 具有活力滋润的护理效果 无动物成分配方 50毫升,100,Babor SKINOVAGE活力霜,Babor,SKINOVAGE,面霜,活力霜,焕活+滋润+修护,¥100/50ml,德国,
OLAY 维生素 C + AHA24 日间凝胶面霜 肤色明亮均匀 50 毫升,100,OLAY维生素C+AHA24日间凝胶面霜,OLAY,AHA24,面霜,小白瓶面霜,提亮+均匀肤色,¥100/50ml,美国,
EltaMD 面霜 EltaMD强效面部和身体保 79g 适合成人 硫酸钠 锌 适合敏感肌肤 1件装,100,EltaMD强效面部和身体保湿霜,EltaMD,强效,面霜,EltaMD面霜,保湿+舒缓+敏感肌,¥100/79g,美国,
Pevonia 面霜 平滑皱纹 修复顽固皱纹 紧致 回春 美白 滋润和保护 50g 适合成人使用 维生素E 适合干性肌肤 1件装,100,Pevonia抗皱紧致面霜,Pevonia,,面霜,,抗皱+紧致+滋润,¥100/50g,美国,
Cetaphil 丝塔芙 面霜 保湿 4盎司 适合成人使用 3% Avobenzone 适合油性、敏感性肌肤 1件装,100,丝塔芙保湿润肤霜,丝塔芙,,面霜,大白罐,保湿+修护+温和,¥100/113g,美国,
Naturally Serious 面霜 保湿 50ml 适合成人使用 神经酰胺 玻尿酸 肽 硫酮 适合各种肤质 1件装,100,Naturally Serious 保湿修护面霜,Naturally Serious,,面霜,,保湿+修护+抗老,¥100/50ml,美国,
Doctor BABOR 芭宝 再生霜 | 再生抗衰老和抗色素斑面霜 含有专业视黄醇复合物 | 打造明亮、年轻肌肤 | 细致肌肤 | 纯植物性 | - 50毫升,100,Doctor BABOR 再生抗衰老和抗色素斑面霜,BABOR,再生霜,面霜,芭宝再生霜,抗老+美白+紧致,¥100/50ml,德国,
"NIVEA 妮维雅 Q10 Energy Crema de Noche Antiarrugas + Energizante (50 毫升),面霜面部可放射,8 小时,抗氧化剂",100,妮维雅Q10能量抗皱晚霜,妮维雅,Q10,面霜,Q10晚霜,抗皱+抗氧化+保湿,¥100/50ml,德国,
Bulldog Mens Skincare and Grooming 面霜 保湿 1件装 成人 维生素E 敏感肤质 100ml,100,Bulldog男士保湿面霜,Bulldog,,面霜,斗牛犬面霜,保湿+舒缓+维E,¥100/100ml,英国,
BULLDOG 面霜 保湿 100ml 适合成人使用 迷迭香 维生素E 适合敏感肌肤 1件装,100,Bulldog男士保湿面霜,Bulldog,,面霜,斗牛犬面霜,保湿+舒缓+修护,¥100/100ml,英国,
OLAY AHA24 + 维生素 C 凝胶面霜，，富含维生素 C、果酸和烟酰胺 50 毫升,100,OLAY AHA24 + 维生素 C 凝胶面霜,OLAY,AHA24,面霜,小白瓶面霜,美白+焕肤+保湿,¥100/50ml,美国,
OLAY 面霜 保湿 1.7盎司(约48.39克) 适合成人 维生素E 适合各种肤质 1件装,100,OLAY新生塑颜金纯面霜,OLAY,新生塑颜,面霜,大红瓶,保湿+抗老+紧致,¥100/48.39g,美国,
OETUIOW CC面霜 保湿 3.21盎司 适合所有肤质 自然色,100,OETUIOW CC面霜,OETUIOW,,CC霜,,保湿+遮瑕+提亮,¥100/3.21oz,,
"Absolute Aromas 维生素 E 霜 1 千克 – 无香型基底霜,不含对羟基苯甲酸酯和硫酸盐 – 保湿面霜,适用于面部、身体和*痕|1000g",100,Absolute Aromas 维生素E保湿面霜,Absolute Aromas,,面霜,维生素E霜,保湿+修护+无添加,¥100/1000g,英国,
Advanced Clinicals 面霜 玻尿酸 1.75液体盎司(约52ml) 2件装,100,Advanced Clinicals玻尿酸保湿面霜,Advanced Clinicals,,面霜,玻尿酸面霜,保湿+补水+修护,¥50/52ml,美国,
The INKEY List 面霜 1.00液体盎司(约29.57毫升) 适合成人使用 水杨酸 适合油性、混合性肤质 1件装,100,The INKEY List水杨酸面霜,The INKEY List,,面霜,水杨酸面霜,控油+祛痘+去角质,¥100/29.57ml,英国,
Andalou Naturals 面霜 改善细纹 0.6盎司(约17.01克) 适合成人使用 维生素C 干性肌肤 1件装,100,Andalou Naturals维生素C亮采面霜,Andalou Naturals,维生素C,面霜,VC面霜,改善细纹+亮采+保湿,¥100/17g,美国,
