原始产品名,原始价格,产品全称,品牌,产品线,品类,昵称,功效,参考价格,品牌产地,error
Aveeno 艾惟诺 面霜 保湿 48g 适合成人使用 神经酰胺 维生素B5 适合敏感肌肤 干性肌肤 1件装,100.0,Aveeno艾惟诺舒缓柔嫩保湿面霜,Aveeno,舒缓柔嫩,面霜,燕麦霜,保湿+舒缓+修护,¥100/48g,美国,
CeraVe 面霜 保湿 539g 适合青少年 透明质酸 适合各种肤质 1件装,100.0,CeraVe保湿修护面霜,CeraVe,修护,面霜,C霜,保湿+修护+温和,¥100/539g,美国,
Neutrogena 露得清 Hydro Boost 面霜，透明质酸晚霜，适合所有肤质，50ml,100.0,Neutrogena Hydro Boost水活保湿凝霜,露得清,Hydro Boost,面霜,水活霜,保湿+补水+锁水,¥100/50ml,美国,
Vanicream 面霜 保湿 89ml 适合各年龄段 透明质酸 适合敏感肌肤,100.0,Vanicream保湿面霜,Vanicream,,面霜,Vanicream面霜,保湿+舒缓+敏感肌,¥100/89ml,美国,
L'OCCITANE 欧舒丹 面霜 滋润 49.2ml 适合成人 乳木果脂 适合干性肌肤 1件装,100.0,欧舒丹乳木果滋润面霜,欧舒丹,乳木果,面霜,乳木果面霜,滋润+保湿+修护,¥100/49.2ml,法国,
Eucerin 面霜 抗皱 淡化细纹 保湿 滋润 48g适合成人使用 capric triglyceride carbomer 适合敏感肌肤 1件装,100.0,优色林充盈展颜平衡晚霜,优色林,充盈展颜,面霜,抗皱霜,抗皱+保湿+修护,¥100/48g,德国,
Jack Black 双效面霜 SPF 20 251 毫升,100.0,Jack Black双效保湿防晒面霜,Jack Black,双效,面霜,无,保湿+防晒,¥100/251ml,美国,
Cetaphil 丝塔芙 面霜 保湿 48g 适合成人使用 Homosalate 9.5% 适合敏感肤质 1件装,100.0,丝塔芙舒润保湿霜,丝塔芙,舒润,面霜,大白罐,保湿+修护+舒缓,¥100/48g,法国,
Neutrogena 露得清 面霜 改善细纹 48g 适合成人使用 维生素A 维生素A酸 适合各种肤质 1件装,100.0,露得清维A醇抗皱修护面霜,露得清,维A醇,面霜,A醇面霜,抗皱+修护+淡纹,¥100/48g,美国,
Tautropfen 滋养/沙棘，滋润面霜，适合干性皮肤，50毫升,100.0,Tautropfen沙棘滋养面霜,Tautropfen,,面霜,沙棘面霜,滋养+滋润+干皮适用,¥100/50ml,德国,
Cetaphil 丝塔芙 面霜 保湿 88ml 适合成人 透明质酸 适合敏感肌肤 1件装,100.0,丝塔芙舒润保湿霜,丝塔芙,舒润,面霜,大白罐,保湿+修护+舒缓,¥100/88ml,法国,
CeraVe 面部精华 精华30ml+面霜48g 适合成人 烟酰胺 肽 适合混合肤质,100.0,CeraVe烟酰胺肽精华面霜组合,CeraVe,,精华+面霜,PM乳+修护霜,修护+保湿+提亮,¥100/78ml,美国,
Neutrogena 露得清 面霜 含有玻尿酸的水凝乳面霜可提供9倍的保湿效果 让肌肤水润光泽 洁面乳14ml+面霜50ml 适合成人使用 玻尿酸 干性肌肤 2件装,100.0,露得清水活盈透保湿凝霜,露得清,水活盈透,面霜,水凝霜,保湿+补水+滋润,¥100/50ml,美国,
Cetaphil 丝塔芙 面霜 保湿 453g*2 适合成人使用 水 甘油 干性肌肤 2件装,100.0,丝塔芙舒润保湿霜,丝塔芙,舒润,面霜,大白罐,保湿+修护+舒缓,¥100/453g*2,美国,
Eucerin 面霜 抗衰老 48g*2 适合成人使用 维生素E 适合敏感肌肤,100.0,优色林舒安修护霜,优色林,舒安,面霜,修护霜,抗衰老+修护+舒缓,¥100/48g,德国,
BYOMA 面霜 美白 保湿 滋润 50ml 适合成人 角蛋白 适合各种肤质 1件装,100.0,BYOMA保湿亮肤面霜,BYOMA,,面霜,,美白+保湿+滋润,¥100/50ml,英国,
OLAY 面霜 保湿 适合成人 肽 维A酸 适合中性肤质 面霜48g+7g 套装包含面霜、面霜赠品，非组套商品,100.0,OLAY超红瓶面霜,OLAY,超红瓶,面霜,大红瓶面霜,抗老+保湿+紧致,¥100/48g,美国,
Neutrogena 露得清 面部保湿霜 面霜59ml+洁面乳14ml 适合成人使用 适合所有肤质 2件装,100.0,Neutrogena深层保湿面霜,Neutrogena,深层保湿,面霜,露得清保湿霜,保湿+修护+舒缓,¥100/59ml,美国,
Cetaphil 丝塔芙 晚霜 夜间保湿面霜 提供水润保湿滋养无刺激增强收缩毛孔 48g,100.0,丝塔芙夜间保湿修护晚霜,丝塔芙,修护,面霜,蓝朋友晚霜,保湿+修护+舒缓,¥100/48g,法国,
Neutrogena 露得清 面霜 48g 适合成人使用 甘油 维生素C 适合成熟肌肤类型 1件装,100.0,露得清维C亮采保湿面霜,露得清,维C亮采,面霜,维C面霜,保湿+提亮+抗老,¥100/48g,美国,
"Burt's Bees 伯特的小蜜蜂敏感肌肤套装,温和面霜,含芦荟和米奶,天然护肤,6 盎司/3 盎司",100.0,Burt's Bees敏感舒缓套装,Burt's Bees,敏感舒缓,套装,小蜜蜂舒缓套装,舒缓+保湿+修护,¥100/170g,美国,
Declare Pro Youthing 女士青春至尊面霜 50 毫升,100.0,Declare Pro Youthing 女士青春至尊面霜,Declare,Pro Youthing,面霜,青春至尊面霜,抗老+保湿+紧致,¥100/50ml,瑞士,
"Delia Cosmetics Hyaluron Fusion 日夜面霜 抗皱,* 提拉浓缩 马鞭草萃取物 (年龄50+)50毫升",100.0,Delia Cosmetics Hyaluron Fusion 日夜面霜,Delia Cosmetics,Hyaluron Fusion,面霜,抗皱面霜,抗皱+提拉+保湿,¥100/50ml,,
OLAY 面霜 241g 烟酰胺 适合各种肤质 1件装,100.0,OLAY新生塑颜空气感凝霜,OLAY,新生塑颜,面霜,空气霜,保湿+紧致+提亮,¥100/241g,美国,
Cetaphil 丝塔芙 面霜 保湿 48g 适合成人使用 透明质酸 适合混合肤质 1件装,100.0,丝塔芙舒润保湿霜,丝塔芙,舒润,面霜,大白罐,保湿+修护+舒缓,¥100/48g,法国,
Estee Lauder 雅诗兰黛 面霜 控油 1.7盎司(约48.39克) 适合成人使用 氯化物 甘油 适合油性肌肤 1件装,100.0,雅诗兰黛特润修护肌透精华霜,雅诗兰黛,特润修护,面霜,小棕瓶面霜,控油+修护+保湿,¥100/48.39g,美国,
Nivea 妮维雅 Q10 能量补充面霜（50ml），女性活力晚霜，保湿晚霜，维生素 C 和 Q10 补充面霜,100.0,,,,,,,,,返回数据列数不正确
"NIVEA 妮维雅 男士保护和护理密集保湿面霜 3 件装(3 x 50 毫升),男士舒缓面霜 保湿日霜",100.0,,,,,,,,,返回数据列数不正确
GUERLAIN 娇兰 面霜 保湿 适合成人 透明质酸 适合干性肌肤 1件装 76g,100.0,娇兰水合青春保湿面霜,娇兰,水合青春,面霜,水合面霜,保湿+补水+滋润,¥100/76g,法国,
Vanicream 面霜 保湿 适合成人 乳液 适合敏感肌肤 1件装 453g,100.0,Vanicream保湿面霜,Vanicream,,面霜,薇霓肌本面霜,保湿+舒缓,¥100/453g,美国,
Sesderma | Mesoses 面霜 | 含活性成分的脂质体面霜 | 至尊*霜 | 抗皱面霜 | 氨基酸 | 维生素 | 透明质酸 | 日霜 | 50毫升,100.0,,,,,,,,,返回数据列数不正确
Fresh 面霜 保湿 适合成人使用 乙酰萨利酸 适合混合肤质 1件装 50ml,100.0,Fresh玫瑰深层保湿面霜,Fresh,玫瑰,面霜,玫瑰面霜,保湿+修护+舒缓,¥100/50ml,美国,
Clinique For Men 抗衰老保湿面霜 100 毫升,100.0,倩碧男士抗衰老保湿面霜,倩碧,For Men,面霜,男士黄油面霜,抗老+保湿,¥100/100ml,美国,
EltaMD 面霜 EltaMD AM Therapy 面霜通 48g 适合成人使用 透明质酸 适合油性肌肤 1件装,100.0,EltaMD AM Therapy面霜,EltaMD,AM Therapy,面霜,AM面霜,保湿+控油+修护,¥100/48g,美国,
Ambi 面霜 均匀肤色 保湿 适合成人使用 甘草 烟酰胺 适合各种肤质 30ml,100.0,Ambi Even & Clear面霜,Ambi,Even & Clear,面霜,Ambi美白面霜,均匀肤色+保湿+美白,¥100/30ml,美国,
OLAY 面霜 抗皱 保湿 滋润48g+7g 适合成人使用 胶原蛋白肽 烟酰胺,100.0,OLAY超红瓶面霜,OLAY,超红瓶,面霜,大红瓶面霜,抗皱+保湿+提亮,¥100/48g,美国,
Barrier Bestie Ultra Whip 面霜 59ml,100.0,Barrier Bestie Ultra Whip 面霜,Barrier Bestie,Ultra Whip,面霜,无,保湿+修护,¥100/59ml,美国,
Weleda 维蕾德 深层保湿面霜，30ml,100.0,Weleda深层保湿面霜,维蕾德,,面霜,维蕾德保湿面霜,保湿+修护+滋养,¥100/30ml,德国,
Institut Esthederm Esthederm – 卓越面霜 – 滋养面部、颈部和肩部霜 – * – 成熟皮肤，50ml,100.0,Institut Esthederm 卓越面霜,Institut Esthederm,卓越,面霜,卓越面霜,滋养+抗老+紧致,¥100/50ml,法国,
LA MER 海蓝之谜 面霜 保湿 15ml 适合成人使用 适合各种肤质 1件装,100.0,LA MER精华面霜,LA MER,海蓝之谜,面霜,传奇面霜,保湿+修护+抗老,¥100/15ml,美国,
GUERLAIN 娇兰 面霜 保湿 滋润 适合成人使用 玻尿酸 适合混合肤质 50ml,100.0,娇兰御廷兰花卓能焕活面霜,娇兰,御廷兰花,面霜,兰花面霜,保湿+滋润+抗老,¥100/50ml,法国,
Biotherm 碧欧泉蓝疗视黄醇礼品套装(精华 7 毫升 + 面霜 50 毫升 + 晚霜 15 毫升 + 眼部护理 5 毫升),100.0,碧欧泉蓝源视黄醇精华礼盒,碧欧泉,蓝源,礼盒,蓝疗视黄醇套装,抗老+修护+紧致,¥100/73ml,法国,
Babor 芭宝 CLASSICS 阿甘面霜 丰盈型面霜 适用于干燥肌肤 含有阿甘油和维生素E 植物配方 无酒精 50毫升,100.0,Babor CLASSICS阿甘丰盈面霜,Babor,CLASSICS,面霜,阿甘面霜,滋润+修护+抗氧化,¥100/50ml,德国,
RoC Retinol Correxion Line Smoothing Max 保湿霜 面霜48g+96g,100.0,RoC视黄醇深层抗皱面霜,RoC,Retinol Correxion,面霜,ROC A醇面霜,抗皱+保湿+修护,¥100/48g,法国,
Sisley 希思黎 面霜 保湿 1.4盎司(约39.96克) 适合成人使用 丙烯酸酯 山莨菪素 1件装,100.0,Sisley希思黎全能乳液,Sisley,全能,面霜,全能乳液,保湿+修护+滋养,¥100/39.96g,法国,
"KOAHDE 白米面霜,米保湿霜,适用于面部,米亮面霜,米保湿霜,抗衰老面霜,米保湿面霜,50克",100.0,,,,,,,,,返回数据列数不正确
Biotherm 碧欧泉 面霜 滋润 50毫升 适合成人使用 水杨酸 适合油性肌肤,100.0,碧欧泉绿活泉润透水分露,碧欧泉,绿活泉,面霜,绿活泉面霜,保湿+控油+修护,¥100/50ml,法国,
"HUGO 男式 S 码标志毛圈布运动衫, 天然面霜",100.0,天然面霜,,,面霜,,保湿+滋润,¥100/,,
CeraVe 保湿面霜，适用于中性至干性皮肤，2 x 52毫升,100.0,CeraVe保湿修护面霜,CeraVe,修护,面霜,神经酰胺面霜,保湿+修护+舒缓,¥100/52ml,美国,
SVR 面霜 适合干性肌肤 适合成人 200ml,100.0,SVR保湿舒缓面霜,SVR,无,面霜,无,保湿+舒缓+修护,¥100/200ml,法国,
Sisley 希思黎 面霜 保湿 1.6盎司(约45.4克) 适合成人 黄瓜 适合干性、所有肤质 1件装,100.0,Sisley希思黎全能乳液,Sisley,全能,面霜,全能乳液,保湿+修护+滋养,¥100/45.4g,法国,
Neoretin 面霜 1.01液体盎司(约30ml) 适合成人使用 维生素A 适合各种肤质 1件装,100.0,Neoretin Intensive Retinol Cream,Neoretin,Intensive,面霜,Neoretin A醇面霜,抗老+修护+保湿,¥100/30ml,西班牙,
"KRAVE IT ®️ 视黄醇面霜 - *面霜 含透明质酸和胶原蛋白 - 视黄醇面部保湿霜适用于皱纹、黑斑和不均匀皮肤纹理,50ml",100.0,KRAVE IT视黄醇面霜,KRAVE IT,,面霜,视黄醇面霜,抗皱+淡斑+保湿,¥100/50ml,,
Helly Hansen 男女通用儿童 Jr Champ 毛绒夹克外套 034 面霜 12,100.0,,,,面霜,,,¥100/,,
Coola 面霜 维生素C白藜芦醇有助于减少黑眼圈和细纹 适合所有肤质 24ml 无香料,100.0,Coola维生素C白藜芦醇面霜,Coola,,面霜,,减少黑眼圈+抗皱+全肤质适用,¥100/24ml,美国,
PCA SKIN 面霜 PCA SKIN HydraMatte 帮助减少皮肤表面的油脂 凝胶配方 51g 适合成人使用 油性肌肤 1件装n,100.0,PCA SKIN HydraMatte面霜,PCA SKIN,HydraMatte,面霜,HydraMatte面霜,控油+保湿,¥100/51g,美国,
Jurlique 茱莉蔻 面霜 保湿 0.67盎司 适合成人使用 适合各种肤质 3件装,100.0,Jurlique茱莉蔻玫瑰衡肤保湿面霜,Jurlique,玫瑰衡肤,面霜,茱莉蔻玫瑰面霜,保湿+修护+滋养,¥100/0.67oz,澳大利亚,
Babor 芭宝 SKINOVAGE 平衡霜 适用于混合性皮肤的面霜 具有哑光效果的保湿护理 使肤色均匀 抗衰老 50毫升,100.0,Babor SKINOVAGE Balancing Cream, Babor, SKINOVAGE, 面霜, 平衡霜, 保湿+控油+抗老, ¥100/50ml, 德国,
Burt's Bees 面霜 保湿 51g 适合成人 乳酸 适合各种肤质 1件装,100.0,Burt's Bees保湿面霜,Burt's Bees,,面霜,小蜜蜂面霜,保湿+温和+修护,¥100/51g,美国,
REVLON BB面霜 保湿 30毫升 适合所有肤质 浅中020,100.0,REVLON BB面霜,REVLON,,BB霜,,保湿+遮瑕+均匀肤色,¥100/30ml,美国,
Elizabeth Arden 伊丽莎白雅顿 8 小时® 面霜套装 八小时修护舒缓膏 50ml + 深层滋润护手霜 30ml + 奇迹护理油 30ml 基本护理,100.0,Elizabeth Arden 8小时润泽面霜套装,Elizabeth Arden,8小时,面霜,八小时面霜,修护+舒缓+滋润,¥100/50ml,美国,
NIVEA 妮维雅 2 件装 Cellular Expert Lift 抗皱面霜套装 适用于日夜 SPF 30 2 × 50 毫升,100.0,妮维雅Cellular Expert Lift抗皱面霜,妮维雅,Cellular Expert Lift,面霜,妮维雅抗皱面霜,抗皱+紧致+防晒,¥100/50ml,德国,
Honest Beauty 面霜 保湿 改善细纹 50ml 适合成人使用 透明质酸 山茶籽油 1件装,100.0,Honest Beauty Hydrogel Cream,Honest Beauty,Hydrogel,面霜,透明质酸面霜,保湿+改善细纹,¥100/50ml,美国,
CELLEX-C Seline-E 修护滋养面霜，60 毫升,100.0,CELLEX-C Seline-E 修护滋养面霜,CELLEX-C,Seline-E,面霜,修护面霜,修护+滋养,¥100/60ml,,
Phyts Panacea 女士抗衰老面霜 - 1.6 盎司面霜,100.0,Phyts Panacea抗衰老面霜,Phyts,Panacea,面霜,Panacea面霜,抗老+紧致+保湿,¥100/1.6oz,法国,
"StriVectin Contour Restore™ 紧致保湿霜 可明显修整和抚平面部和下巴的细纹,Contour Restore™ 紧致保湿面霜,1.7 盎司|50ml",100.0,StriVectin Contour Restore™ 紧致保湿霜,StriVectin,Contour Restore,面霜,轮廓修复霜,紧致+保湿+抗皱,¥100/50ml,美国,
"男士保湿面霜,含有机芦荟 + 透明质酸 + 摩洛哥坚果油 - 男士面霜,理想的护理和清新 - 男士面部护理,75毫升 - Skincare Vegan - 天然缎面",100.0,,,,,,,,,返回数据列数不正确
Andalou Naturals 面霜 改善细纹 50g 适合成人使用 维生素C 适合干性、所有肤质 1件装,100.0,Andalou Naturals维生素C亮采面霜,Andalou Naturals,,面霜,维生素C面霜,改善细纹+亮采+保湿,¥100/50g,美国,
Guinot Creme Hydra Beaute 面霜 1.7 盎司,100.0,Guinot Creme Hydra Beaute面霜,Guinot,Hydra Beaute,面霜,水分面霜,保湿+补水+滋润,¥100/50ml,法国,
"LuminaSkin Age Barrier 高级面霜 - Renewal 面霜 - 保湿面部保湿霜,抗衰老和皮肤屏障修复面霜 48ml",100.0,LuminaSkin Age Barrier Renewal面霜,LuminaSkin,Age Barrier,面霜,Renewal面霜,抗老+修复+保湿,¥100/48ml,,
"NIVEA 妮维雅面霜,多用途面霜,400毫升",100.0,妮维雅多效润肤霜,妮维雅,多效,面霜,小蓝罐,保湿+修护+舒缓,¥100/400ml,德国,
Institut Esthederm 面霜 乳霜 47.3ml 1件装 管装,100.0,Institut Esthederm Lift Pro面霜,Institut Esthederm,Lift Pro,面霜,无,紧致+抗皱+保湿,¥100/47.3ml,法国,
StriVectin 面霜 每日面霜针对多种老化迹象 1.7液体盎司(约50ml) 适合成人 维他命A酸 适合各种肤质 1件装,100.0,StriVectin抗皱紧致每日面霜,StriVectin,抗皱紧致,面霜,Strivectin面霜,抗皱+紧致+保湿,¥100/50ml,美国,
"Biretix Isorepair 面霜,50ml",100.0,Biretix Isorepair 面霜,Isdin,Biretix,面霜,三重修护面霜,修护+保湿+舒缓,¥100/50ml,西班牙,
Babor 芭宝 SKINOVAGE 舒缓面霜（丰盈型） 专为敏感肌肤设计的丰盈型面霜 舒缓保湿 无色无香 纯植物配方 50毫升,100.0,Babor SKINOVAGE 舒缓面霜（丰盈型）,Babor,SKINOVAGE,面霜,SKINOVAGE面霜,舒缓+保湿+敏感肌,¥100/50ml,德国,
Biore 面霜 滋润保湿养护丰盈补充100ml面霜 适合成人使用 鳄梨碳益生元 适合混合肤质 3.4盎司面霜,100.0,碧柔水活保湿面霜,Biore,水活保湿,面霜,碧柔小蓝罐,保湿+滋润+修护,¥100/100ml,日本,
Topicrem 面霜 适合敏感肌肤类型,100.0,Topicrem舒缓保湿面霜,Topicrem,,面霜,舒缓面霜,舒缓+保湿+修护,¥100/50ml,法国,
Jurlique 茱莉蔻 面霜 男女通用 无动物实验测试 保湿 100ml,100.0,Jurlique茱莉蔻玫瑰保湿面霜,Jurlique,玫瑰保湿,面霜,茱莉蔻玫瑰霜,保湿+修护+舒缓,¥100/100ml,澳大利亚,
Jurlique 茱莉蔻 面霜 保湿 50ml 适合成人 适合各种肤质 1件装,100.0,Jurlique茱莉蔻玫瑰衡肤保湿面霜,Jurlique,玫瑰衡肤,面霜,茱莉蔻玫瑰面霜,保湿+修护+滋养,¥100/50ml,澳大利亚,
Topicrem 面霜 适合敏感肌肤类型,100.0,Topicrem舒缓保湿面霜,Topicrem,,面霜,舒缓面霜,舒缓+保湿+修护,¥100/50ml,法国,
Nova Lucia 面霜 夏威夷芦荟面霜 修复晚霜 防晒 牛皮癣面霜 干性肌肤面霜 防皱面霜 女性适用 8盎司液体(约237毫升) 适合成人使用 芦荟 适合各种肌肤类型 1件装,100.0,,,,,,,,,返回数据列数不正确
"Avene 雅漾 面霜,1件装(1 x 15毫升)",100.0,雅漾舒缓特护保湿霜,雅漾,舒缓特护,面霜,大白霜,舒缓+保湿+修护,¥100/15ml,法国,
"Ecooking 高档护肤入门套装,旅行装,洁面啫喱,去角质,保湿精华,面霜和唇膏",100.0,,,,,,,,,返回数据列数不正确
Biodroga 面霜和保湿霜 适合成人 甘油,100.0,Biodroga保湿面霜,Biodroga,,面霜,,保湿+滋润,¥100/50ml,德国,
NIVEA 妮维雅 Hyaluron Cellular Filler (2 x 50 毫升) 抗衰老面霜礼品套装 含日霜 FP30 和晚霜 紧致面霜 含透明质酸,100.0,NIVEA Hyaluron Cellular Filler 抗衰老面霜套装,妮维雅,Hyaluron Cellular Filler,面霜,妮维雅玻尿酸面霜,抗老+紧致+保湿,¥100/100ml,德国,
OLAY 玉兰油 新生面霜 无香型 50毫升,100.0,OLAY新生塑颜金纯面霜,OLAY,新生塑颜,面霜,大红瓶,抗老+紧致+保湿,¥100/50ml,美国,
Antipodes 面霜 滋润 60 ML 适合成人使用 适合干性肌肤,100.0,Antipodes天然牛油果晚霜,Antipodes,,面霜,牛油果晚霜,滋润+保湿+修复,¥100/60ml,新西兰,
PAYOT - Cream No.2 羊绒 - 富含面霜 50毫升,100.0,PAYOT Cream No.2羊绒富含面霜,PAYOT,No.2,面霜,羊绒面霜,滋养+修护+保湿,¥100/50ml,法国,
Diadermine 面霜 适合成人 玻尿酸,100.0,Diadermine玻尿酸面霜,Diadermine,,面霜,Diadermine面霜,保湿+抗皱+紧致,¥100/50ml,法国,
Cult51 面霜 保湿 适合成人使用 甘油 适合各种肤质,100.0,Cult51面霜,Cult51,,面霜,Cult51面霜,保湿+修护+抗老,¥100/50ml,英国,
Nova Lucia 面霜 夏威夷芦荟面霜 修复晚霜 防晒 牛皮癣面霜 干性肌肤面霜 防皱面霜 女性适用 8盎司液体(约237毫升) 适合成人使用 芦荟 适合各种肌肤类型 1件装,100.0,,,,,,,,,返回数据列数不正确
Gillette 吉列 面霜 适合各种肤质,100.0,吉列男士保湿面霜,吉列,,面霜,,保湿+滋润+多效,¥100/50ml,美国,
OLAY 面霜 保湿 60ml*3 适合成人使用 水杨酸 适合各种肤质,100.0,OLAY新生塑颜空气感凝霜,OLAY,新生塑颜,面霜,大红瓶面霜,保湿+抗老+修护,¥100/60ml,美国,
"Acqua alle 玫瑰抗皱面霜,含黑玫瑰和植物透明质酸的抗衰老活性成分,抗皱面霜,填充放松效果,50毫升",100.0,Acqua alle 玫瑰抗皱面霜,Acqua alle,,面霜,玫瑰面霜,抗皱+保湿+抗老,¥100/50ml,意大利,
DHC 蝶翠诗 面霜 富含乳霜质地的保湿养护面霜 50g 适合成人 硫酮 混合肤质 1件装,100.0,DHC辅酶精萃赋活面霜,DHC,辅酶精萃,面霜,硫酮面霜,保湿+修护+抗老,¥100/50g,日本,
Elizabeth Arden 伊丽莎白雅顿 面霜 明显改善皮肤状态 防水 适合敏感肤质 37毫升 ideabone,100.0,Elizabeth Arden Visible Difference Refining Moisture Cream Complex,Elizabeth Arden,Visible Difference,面霜,21天霜,保湿+修护+舒缓,¥100/37ml,美国,
LANEIGE 面霜 这款面霜可明显改善暗沉和极细小斑点 1盎司(约28.35克) 适合成人 维生素C 适合各种肤质 1件装 30ml,100.0,,,,,,,,,返回数据列数不正确
Novexpert 面霜 适合成人 锌 适合各种肤质 30ml,100.0,Novexpert锌控油面霜,Novexpert,,面霜,锌面霜,控油+保湿+舒缓,¥100/30ml,法国,
Peter Thomas Roth 彼得罗夫 面霜 保湿 50ml 适合成人使用 乳酸 适合各种肤质,100.0,Peter Thomas Roth云朵保湿霜,Peter Thomas Roth,云朵,面霜,云朵霜,保湿+修护+舒缓,¥100/50ml,美国,
LANCOME 兰蔻 Nutrix Crème Tubo面霜，125 毫升。,100.0,兰蔻Nutrix Crème Tubo面霜,兰蔻,Nutrix,面霜,Nutrix面霜,滋养+修护+保湿,¥100/125ml,法国,
Weleda Melva 白色面霜，50毫升,100.0,Weleda Skin Food 面霜,Weleda,无,面霜,无,保湿+修护+舒缓,¥100/50ml,德国,
"Noodle & Boo 完美面霜,Pregrancy 护肤*霜,富含可可油和鳄梨油,136g",100.0,,,,,,,,,返回数据列数不正确
Polåar 面霜和保湿霜 1.70液体盎司(约50毫升) 极地肽 适合混合肤质,100.0,极地肽保湿霜,Polåar,极地肽,面霜,极地面霜,保湿+修护+抗老,¥100/50ml,,
Lierac LEIRAC|Premium The Voluptous 面霜 - 抗衰老面霜 - 女士保湿面部保湿霜含烟酰胺和透明质酸 - 滋养、紧致和平滑肌肤 - 50 毫升罐装,100.0,Lierac Premium The Voluptous面霜,Lierac,Premium The Voluptous,面霜,Voluptous面霜,抗衰老+保湿+紧致,¥100/50ml,法国,
Nuxe 面霜 发现Nuxe平滑面霜 肌肤更紧致 1.7液体盎司(约50毫升) 适合成人 维生素E 适合各种肤质 1件装,100.0,Nuxe平滑面霜,Nuxe,平滑,面霜,NUXE面霜,紧致+滋养+修护,¥100/50ml,法国,
OLAY 面霜 保湿 滋润 光滑肌肤 2件套 适合成人使用 透明质酸 烟酰胺 肽 维生素B3 适合正常肌肤 面霜48g+面霜7g,100.0,OLAY新生塑颜空气感凝霜,OLAY,新生塑颜,面霜,空气霜,保湿+滋润+抗老,¥100/48g,美国,
RÉNÉRGIE MULTI-LIFT ULTRA 面霜 抗骑行 50 毫升,100.0,RÉNÉRGIE MULTI-LIFT ULTRA面霜,兰蔻,RÉNÉRGIE,面霜,多效提拉面霜,抗老+紧致+提拉,¥100/50ml,法国,
BABOR 芭宝 SKINOVAGE Purifying Cream 面霜 适用于瑕疵肌肤 澄清毛孔细致面部护理 纯植物配方 50 毫升,100.0,BABOR SKINOVAGE Purifying Cream,BABOR,SKINOVAGE,面霜,净化面霜,净化+控油+细致毛孔,¥100/50ml,德国,
Lab Series 面霜 保湿 4.50液体盎司(约133毫升) 适合成人 咖啡因 适合各种肤质 1件装,100.0,Lab Series MAX LS 保湿面霜,Lab Series,MAX LS,面霜,蓝罐面霜,保湿+抗氧化+舒缓,¥100/133ml,美国,
Aveeno 艾惟诺 面霜 提供滋润和美白的凝胶面霜 1.7盎司(约48.39克) 适合成人使用 卡波姆 甘油 适合中性肤质 1件装,100.0,Aveeno艾惟诺保湿美白面霜,Aveeno,艾惟诺,面霜,艾惟诺面霜,保湿+美白,¥100/48.39g,美国,
BABOR 面霜 有助于4周内减少皱纹 出现 50ml 适合成人使用 氨基酸 适合各种肤质 1件装,100.0,BABOR胶原蛋白紧致面霜,BABOR,胶原蛋白,面霜,胶原面霜,抗皱+紧致+保湿,¥100/50ml,德国,
Ella Baché Nutri Action Royale 修复霜 50 毫升 面霜 含滋养蜂蜡和富含维生素的小麦胚芽油,100.0,Ella Baché Nutri Action Royale修复霜,Ella Baché,Nutri Action Royale,面霜,皇家修复霜,滋养+修复+抗老,¥100/50ml,法国,
Sisley 希思黎 面霜，1 件装（1 x 250 毫升）,100.0,Sisley希思黎抗皱修活御致臻颜霜,Sisley,抗皱修活御致,面霜,三次元面霜,抗老+修护+紧致,¥100/250ml,法国,
Oars + Alps 面霜 抗衰老 滋润 保湿 防水 适合各种肤质 57.2ml 无香料,100.0,Oars + Alps抗衰老面霜,Oars + Alps,,面霜,,抗衰老+滋润+保湿,$100/57.2ml,美国,
iS CLINICAL 面霜 含抗氧化维生素A修复干燥肌肤 50g 适合成人使用 玻尿酸 适合各种肤质 1件装,100.0,iS CLINICAL 修复面霜,iS CLINICAL,,面霜,,抗氧化+修复+保湿,¥100/50g,美国,
Decleor 面霜 保湿 适合各种肤质 薰衣草 | 15 ml,100.0,DECLEOR薰衣草保湿面霜,DECLEOR,,面霜,薰衣草面霜,保湿+舒缓+修护,¥100/15ml,法国,
Schrammek BB面霜 保湿 41ml 适合敏感肌肤 1件装,100.0,Schrammek Blemish Balm Cream,Schrammek,Blemish Balm,面霜,BB面霜,保湿+遮瑕+修护,¥100/41ml,德国,
"Ella Baché Ella Perfect 洁面乳,含番茄提取物,150毫升 - 温和的面霜深层清洁皮肤,保湿",100.0,Ella Baché Ella Perfect 洁面乳,Ella Baché,Ella Perfect,洁面乳,完美洁面,深层清洁+保湿,¥100/150ml,法国,
Nivea Q10 Plus 抗皱面霜 SPF 15-50 毫升 50 Milliliters,100.0,妮维雅Q10抗皱面霜SPF15,妮维雅,Q10 Plus,面霜,Q10面霜,抗皱+防晒+紧致,¥100/50ml,德国,
Edge 面霜 适合成人 适合各种肤质 88ml,100.0,Edge面霜,Edge,,面霜,Edge面霜,保湿+修护+舒缓,¥100/88ml,,
Palmer's 帕玛氏 面霜 75ml 适合成人使用 乳酸 适合各种肤质,100.0,Palmer's可可脂舒缓面霜,Palmer's,可可脂,面霜,帕玛氏面霜,舒缓+保湿+修护,¥100/75ml,美国,
Burt's Bees Soap Bark & Chamomile 深层洁面霜 6 盎司(约 170.1 克)面霜,100.0,Burt's Bees Soap Bark & Chamomile深层洁面霜,Burt's Bees,Soap Bark & Chamomile,洁面霜,小蜜蜂洁面霜,清洁+舒缓,¥100/170.1g,美国,
Clinique 无油面霜 SPF 30，1.7 液盎司 盎司。,100.0,倩碧无油润肤乳SPF30,倩碧,无油,面霜,黄油面霜,保湿+控油+防晒,¥100/50ml,美国,
OLAY 面霜 保湿 抗衰老 48g 适合成人使用 胶原蛋白 适合各种肤质 1件装,100.0,OLAY新生塑颜金纯面霜,OLAY,新生塑颜,面霜,大红瓶,保湿+抗老+紧致,¥100/48g,美国,
Dior 迪奥 面霜 适合成人 适合各种肤质 含有玻尿酸 50ml,100.0,迪奥水动力精萃面霜,迪奥,水动力,面霜,水动力面霜,保湿+修护+抗老,¥100/50ml,法国,
-417 面霜 保湿 50ml 适合成人使用 霍霍巴 适合油性肤质,100.0,霍霍巴保湿面霜,,,面霜,,保湿+滋润+控油,¥100/50ml,,
Augustinus Bader 面霜 1盎司(约28.35克) 适合成人 适合敏感肌肤 1件装,100.0,Augustinus Bader The Cream,Augustinus Bader,The Cream,面霜,AB面霜,修护+保湿+抗老,¥100/28.35g,德国,
"Guinot 面霜 维生素E和绿茶提取物能抗自由基,同时滋养皮肤。 50ml 适合成人 维生素E 适合各种肤质",100.0,Guinot维他命E绿茶面霜,Guinot,,面霜,,抗氧化+滋养+保湿,¥100/50ml,法国,
Ahava 面霜 提供水分 滋润 养护 1.7液体盎司(约50毫升) 适合成人使用 透明质酸 适合干性肌肤,100.0,Ahava矿物保湿面霜,Ahava,,面霜,死海面霜,保湿+滋润+修护,¥100/50ml,以色列,
OLAY 面霜 适合成人 维生素C 适合各种肤质 1件装 15ml,100.0,OLAY维生素C面霜,OLAY,维生素C,面霜,VC面霜,提亮+保湿+抗氧化,¥100/15ml,美国,
OneSkin 面霜 保湿 19.4ml 成人 玻尿酸 适合各种肤质 1件装,100.0,OneSkin OS-01面霜,OneSkin,OS-01,面霜,OS-01面霜,保湿+抗老+修护,¥100/19.4ml,美国,
Nuxe Rêve de Miel 超舒适面霜 30毫升,100.0,Nuxe Rêve de Miel Ultra Comforting Face Cream,NUXE,Rêve de Miel,面霜,蜂蜜面霜,滋润+修护+舒缓,¥100/30ml,法国,
Glow Recipe 面霜 保湿 1.7盎司装(约48.3克) 适合油性肌肤 1件装,100.0,Glow Recipe西瓜保湿面霜,Glow Recipe,西瓜,面霜,西瓜霜,保湿+控油+舒缓,¥100/48.3g,美国,
Leven Rose 面霜 保湿 适合干性肌肤 维生素E 30ml 1件装,100.0,Leven Rose保湿面霜,Leven Rose,,面霜,,保湿+滋润+维生素E,¥100/30ml,美国,
FILORGA 菲洛嘉 面霜 含5种不同玻尿酸 使肌肤丰盈光滑 适合成人使用 玻尿酸 适合中性肤质 50ml,100.0,菲洛嘉玻尿酸丰盈面霜,FILORGA,玻尿酸,面霜,玻尿酸面霜,丰盈+保湿+光滑,¥100/50ml,法国,
"姜黄面霜、抗衰老面霜、含维生素 C 的姜黄面霜,用于保湿、紧致、紧致肌肤,天然姜黄面部修复霜,适合中性、干燥、油性和混合性皮肤 50g",100.0,,,,,,,,,返回数据列数不正确
OLAY 面霜 保湿 177ml*2 适合成人 丙烯酸酯 卡波姆 适合干性肌肤 2件装,100.0,OLAY大红瓶空气霜,OLAY,大红瓶,面霜,大红瓶,保湿+滋润+抗老,¥100/177ml*2,美国,
Eminence 面霜 保湿 60ml装 适合成人使用 适合粉刺肌肤类型 1件装,100.0,Eminence益生菌保湿面霜,Eminence,益生菌,面霜,益生菌面霜,保湿+舒缓+控痘,¥100/60ml,匈牙利,
Andalou Naturals 面霜 抗衰老 58ml装 适合成人 维生素E 适合成熟肌肤类型 1件装,100.0,Andalou Naturals抗衰老面霜,Andalou Naturals,,面霜,,抗衰老+滋润+修护,¥100/58ml,美国,
SK-II 护肤套装 Facial Treatment Essence And Skinpower Cream Set Unisex 精华230ml+面霜80g,100.0,SK-II护肤套装（Facial Treatment Essence And Skinpower Cream Set）,SK-II,,套装,神仙水套装,保湿+修护+抗老,¥100/230ml+80g,日本,
Curél 珂润 面霜 3.17盎司(约90克) 适合干性肌肤 1件装,100.0,Curél润浸保湿滋养面霜,Curél,润浸保湿,面霜,珂润面霜,保湿+修护+温和,¥100/90g,日本,
"BEUKING 樱花面部乳液保湿精华,用于收缩毛孔皮肤日常护理,爽肤水乳液保湿修复面霜维生素 C 精华改善皮肤滋养面霜软化剂护肤",100.0,BEUKING樱花保湿精华乳液,BEUKING,樱花,精华乳,樱花精华,保湿+收缩毛孔+修复,¥100/50ml,中国,
Sulwhasoo 雪花秀 面霜 这种水分帮助保湿 平衡皮肤的油水平衡 5.1液体盎司(约151毫升) 适合干性肤质 1件装,100.0,雪花秀滋盈生人参焕颜修护面霜,雪花秀,滋盈生人参,面霜,人参面霜,保湿+平衡+修护,¥100/151ml,韩国,
Curél 珂润 面霜 控油 120ml 适合成人 角蛋白 适合干性肌肤 1件装,100.0,珂润控油保湿面霜,珂润,润浸保湿,面霜,蓝罐面霜,控油+保湿+修护,¥100/120ml,日本,
"Turmeric Dark Spot Corrector 精华液霜,姜黄保湿面霜,姜黄霜,用于修正深色斑点,姜黄霜,姜黄霜,姜黄面霜,女士姜黄面霜 50g",100.0,,,,,,,,,返回数据列数不正确
CHANEL 香奈儿 面霜 1.7盎司装(约48.3克) 角蛋白 适合各种肤质 1件装,100.0,香奈儿山茶花保湿面霜,香奈儿,山茶花,面霜,山茶花面霜,保湿+修护+滋养,¥100/48.3g,法国,
HUYGENS – 有机透明质酸面霜 – 活肤舒缓霜 – 50毫升 – 纯天然 – 纯素 – 法国制造,100.0,HUYGENS有机透明质酸活肤舒缓霜,HUYGENS,有机透明质酸,面霜,活肤舒缓霜,保湿+舒缓+修护,¥100/50ml,法国,
Derma E DMAE硫辛酸C-酯提拉紧致面霜 56g,100.0,Derma E DMAE硫辛酸C-酯提拉紧致面霜,Derma E,DMAE硫辛酸C-酯,面霜,DMAE面霜,提拉+紧致+抗氧化,¥100/56g,美国,
"OLAY 面霜 50ml 适合成人使用 维生素B3,维生素B5 适合成熟肌肤类型 1件装",100.0,OLAY新生塑颜金纯面霜,OLAY,新生塑颜,面霜,大红瓶,抗老+保湿+紧致,¥100/50ml,美国,
"BIOLABS PRO 天然生物同色 Bi-EST 2.5 面霜,两个月供应量(3.6 盎司 - 无香型)",100.0,BIOLABS PRO Bi-EST 2.5面霜,BIOLABS PRO,Bi-EST,面霜,生物同色面霜,保湿+修护,¥100/102g,美国,
Honest Beauty 面霜 保湿 改善细纹 50ml 适合成人使用 透明质酸 山茶籽油 1件装,100.0,Honest Beauty保湿抗老面霜,Honest Beauty,,面霜,诚实面霜,保湿+抗老+修护,¥100/50ml,美国,
Babor 芭宝 SKINOVAGE 活力霜 适用于疲倦和需要恢复的皮肤的面霜 具有活力滋润的护理效果 无动物成分配方 50毫升,100.0,Babor SKINOVAGE活力霜,Babor,SKINOVAGE,面霜,活力霜,焕活+滋润+修护,¥100/50ml,德国,
OLAY 维生素 C + AHA24 日间凝胶面霜 肤色明亮均匀 50 毫升,100.0,OLAY维生素C+AHA24日间凝胶面霜,OLAY,AHA24,面霜,小白瓶面霜,提亮+均匀肤色,¥100/50ml,美国,
EltaMD 面霜 EltaMD强效面部和身体保 79g 适合成人 硫酸钠 锌 适合敏感肌肤 1件装,100.0,EltaMD强效面部和身体保湿霜,EltaMD,强效,面霜,EltaMD面霜,保湿+舒缓+敏感肌,¥100/79g,美国,
Pevonia 面霜 平滑皱纹 修复顽固皱纹 紧致 回春 美白 滋润和保护 50g 适合成人使用 维生素E 适合干性肌肤 1件装,100.0,Pevonia抗皱紧致面霜,Pevonia,,面霜,,抗皱+紧致+滋润,¥100/50g,美国,
Cetaphil 丝塔芙 面霜 保湿 4盎司 适合成人使用 3% Avobenzone 适合油性、敏感性肌肤 1件装,100.0,丝塔芙保湿润肤霜,丝塔芙,,面霜,大白罐,保湿+修护+温和,¥100/113g,美国,
Naturally Serious 面霜 保湿 50ml 适合成人使用 神经酰胺 玻尿酸 肽 硫酮 适合各种肤质 1件装,100.0,Naturally Serious 保湿修护面霜,Naturally Serious,,面霜,,保湿+修护+抗老,¥100/50ml,美国,
Doctor BABOR 芭宝 再生霜 | 再生抗衰老和抗色素斑面霜 含有专业视黄醇复合物 | 打造明亮、年轻肌肤 | 细致肌肤 | 纯植物性 | - 50毫升,100.0,Doctor BABOR 再生抗衰老和抗色素斑面霜,BABOR,再生霜,面霜,芭宝再生霜,抗老+美白+紧致,¥100/50ml,德国,
"NIVEA 妮维雅 Q10 Energy Crema de Noche Antiarrugas + Energizante (50 毫升),面霜面部可放射,8 小时,抗氧化剂",100.0,妮维雅Q10能量抗皱晚霜,妮维雅,Q10,面霜,Q10晚霜,抗皱+抗氧化+保湿,¥100/50ml,德国,
Bulldog Mens Skincare and Grooming 面霜 保湿 1件装 成人 维生素E 敏感肤质 100ml,100.0,Bulldog男士保湿面霜,Bulldog,,面霜,斗牛犬面霜,保湿+舒缓+维E,¥100/100ml,英国,
BULLDOG 面霜 保湿 100ml 适合成人使用 迷迭香 维生素E 适合敏感肌肤 1件装,100.0,Bulldog男士保湿面霜,Bulldog,,面霜,斗牛犬面霜,保湿+舒缓+修护,¥100/100ml,英国,
OLAY AHA24 + 维生素 C 凝胶面霜，，富含维生素 C、果酸和烟酰胺 50 毫升,100.0,OLAY AHA24 + 维生素 C 凝胶面霜,OLAY,AHA24,面霜,小白瓶面霜,美白+焕肤+保湿,¥100/50ml,美国,
OLAY 面霜 保湿 1.7盎司(约48.39克) 适合成人 维生素E 适合各种肤质 1件装,100.0,OLAY新生塑颜金纯面霜,OLAY,新生塑颜,面霜,大红瓶,保湿+抗老+紧致,¥100/48.39g,美国,
OETUIOW CC面霜 保湿 3.21盎司 适合所有肤质 自然色,100.0,OETUIOW CC面霜,OETUIOW,,CC霜,,保湿+遮瑕+提亮,¥100/3.21oz,,
"Absolute Aromas 维生素 E 霜 1 千克 – 无香型基底霜,不含对羟基苯甲酸酯和硫酸盐 – 保湿面霜,适用于面部、身体和*痕|1000g",100.0,Absolute Aromas 维生素E保湿面霜,Absolute Aromas,,面霜,维生素E霜,保湿+修护+无添加,¥100/1000g,英国,
Advanced Clinicals 面霜 玻尿酸 1.75液体盎司(约52ml) 2件装,100.0,Advanced Clinicals玻尿酸保湿面霜,Advanced Clinicals,,面霜,玻尿酸面霜,保湿+补水+修护,¥50/52ml,美国,
The INKEY List 面霜 1.00液体盎司(约29.57毫升) 适合成人使用 水杨酸 适合油性、混合性肤质 1件装,100.0,The INKEY List水杨酸面霜,The INKEY List,,面霜,水杨酸面霜,控油+祛痘+去角质,¥100/29.57ml,英国,
Andalou Naturals 面霜 改善细纹 0.6盎司(约17.01克) 适合成人使用 维生素C 干性肌肤 1件装,100.0,Andalou Naturals维生素C亮采面霜,Andalou Naturals,维生素C,面霜,VC面霜,改善细纹+亮采+保湿,¥100/17g,美国,
清新舒适身体乳液 473ml,78.79,清新舒适身体乳液,无,无,身体乳液,无,保湿+滋润,¥78.79/473ml,无,
Cantu 护发造型霜和乳液 滋润 保湿 顺滑 清洁 护理 340ml 所有发质 男女通用,82.08,Cantu护发造型霜和乳液,Cantu,,护发霜,卷发霜,滋润+保湿+顺滑,¥82.08/340ml,美国,
CeraVe 婴儿乳液 保湿 8盎司(约226.8克) 适合青少年使用 玻尿酸 适合敏感肌肤,90.56,CeraVe婴儿保湿乳液,CeraVe,婴儿系列,乳液,婴儿润肤乳,保湿+修护+温和,¥90.56/226.8g,美国,
"Banana Boat 防晒后保湿乳液,含芦荟和维生素 E,473ml | 防晒后,香蕉船晒后乳液,晒伤缓解,",94.36,Banana Boat防晒后保湿乳液,Banana Boat,,乳液,香蕉船晒后乳液,晒后修复+保湿+舒缓,¥94.36/473ml,美国,
Jergens 身体乳液 保湿滋润 适合成人使用 烷基苯甲酸酯 肌氨酸 621ml*3,149.98,Jergens超保湿身体乳,Jergens,,身体乳,保湿身体乳,保湿+滋润,¥149.98/621ml*3,美国,
"eos 身体乳液 保湿 473ml 适合成人 碳酸氢钠,甘油 适合各种肤质 1件装",90.12,EOS保湿身体乳液,EOS,,身体乳液,优格身体乳,保湿+滋润+舒缓,¥90/473ml,美国,
CeraVe PM乳 熬夜修复 烟酰胺提亮补水保湿乳液 男女护肤品 89ml,106.2,CeraVe PM乳,CeraVe,PM,乳液,PM乳,修复+提亮+保湿,¥106.2/89ml,美国,
Coppertone 水宝宝 运动防晒乳液，SPF 50 防晒，3 液量盎司（89ml），6 件装,160.8,水宝宝运动防晒乳液,Coppertone,水宝宝,防晒霜,水宝宝防晒,防晒+防水+清爽,¥160.8/89ml,美国,
Eucerin 身体乳液 提供滋润保湿 500ml 适合成人使用 乳酸 适合干性肌肤 1件装,90.34,优色林舒安润肤乳,优色林,舒安,身体乳,舒安身体乳,滋润+保湿+修护,¥90/500ml,德国,
Lubriderm 身体乳液 适合各种肤质 709ml*2,191.71,Lubriderm Advanced Therapy Lotion,露比黎登,,身体乳液,,保湿+修护+舒缓,¥191.71/709ml*2,美国,
Lubriderm 身体乳液 保湿 适合成人使用 角蛋白 适合干性肌肤 1件装 709ml,84.86,Lubriderm Advanced Therapy Lotion,露比黎登,,身体乳,露比黎登身体乳,保湿+修护+滋润,¥84.86/709ml,美国,
"Garnier 卡尼尔 PureActive 水杨去角质乳液,120毫升",98.1,卡尼尔PureActive水杨去角质乳液,卡尼尔,PureActive,乳液,水杨酸乳液,去角质+控油+清洁,¥98/120ml,法国,
"Noodle & Boo 新生儿婴儿日常护理用薰衣草超柔保湿乳液,473ml (Pack of 1)",125.49,Noodle & Boo 新生儿婴儿日常护理用薰衣草超柔保湿乳液,Noodle & Boo,新生儿婴儿日常护理,乳液,薰衣草保湿乳液,保湿+舒缓+温和,¥125.49/473ml,美国,
Gold Bond Body Bright 身体和面部乳液 - 226g,127.32,Gold Bond Body Bright 身体和面部乳液,Gold Bond,Body Bright,乳液,亮肤乳液,保湿+亮肤+修护,¥127/226g,美国,
AmLactin 身体乳液 保湿 14.1盎司(约400克) 适合成人 乳酸 适合干性肌肤 1件装,156.41,AmLactin Alpha羟基保湿身体乳,AmLactin,,身体乳,AmLactin身体乳,保湿+去角质+滋润,¥156.41/400g,美国,
CeraVe 身体乳液 保湿滋润 19盎司(约538.15克) 适合青少年 玻尿酸 适合油性、敏感性、干性、正常肤质,119.13,CeraVe保湿修护身体乳,CeraVe,保湿修护,身体乳,CeraVe身体乳,保湿+修护+温和,¥119/538g,美国,
Jergens 舒缓芦荟乳液 621ml,94.94,Jergens舒缓芦荟乳液,Jergens,,身体乳,芦荟身体乳,舒缓+保湿,¥94.94/621ml,美国,
Jergens 身体乳液 富含乳木果油深层滋润保湿剂 保湿 496ml*3,201.51,Jergens乳木果油深层滋润身体乳,Jergens,,身体乳,乳木果身体乳,滋润+保湿+深层护理,¥67.17/496ml,美国,
Burt's Bees 原生滋养乳液 婴儿护理乳液，管装/170g,165.98,Burt's Bees婴儿原生滋养乳液,Burt's Bees,原生滋养,乳液,小蜜蜂婴儿乳,滋润+温和+保湿,¥165.98/170g,美国,
Curél 珂润 身体乳液 保湿 适合成人 乳酸 适合干性肌肤 354ml*2,189.23,Curél珂润润浸保湿身体乳液,Curél,润浸,身体乳,珂润身体乳,保湿+修护+温和,¥189/354ml*2,日本,
GUERLAIN 娇兰 Abeille Royale 面部乳液 300 毫升,853.89,娇兰帝皇蜂姿紧致修护柔润日霜,娇兰,帝皇蜂姿,面霜,蜂皇面霜,紧致+修护+滋润,¥853/300ml,法国,
Suave 丝华芙 身体乳液 补水 532ml 适合成人 维生素E 适合干性肌肤 6件装,176.36,Suave丝华芙维生素E身体乳液,Suave,维生素E,身体乳液,丝华芙身体乳,补水+滋润,¥176.36/532ml,美国,
Cetaphil 丝塔芙 身体凝胶和乳液 滋润 453克 适合成人 杏仁油 适合干性肌肤 453克,150.42,丝塔芙舒润保湿身体乳,丝塔芙,舒润,身体乳,大白罐,保湿+滋润+舒缓,¥150/453g,法国,
Noodle & Boo 新生儿礼品套装：洗发沐浴露二合一237ml+柔软婴儿乳液 237ml,154.51,Noodle & Boo 新生儿洗护礼盒,Noodle & Boo,,洗护套装,新生儿礼盒,清洁+保湿,¥154.51/474ml,美国,
Weleda 维蕾德 身体乳液 滋养 200ml 装 适合成人使用 适合敏感肌肤类型 1件装,129.22,Weleda滋养身体乳液,Weleda,维蕾德,身体乳液,维蕾德身体乳,滋养+舒缓+保湿,¥129/200ml,德国,
CeraVe 身体乳液 舒缓 473ml 适合成人使用 尿素 适合干性肤质 1件装,149.54,CeraVe修护保湿身体乳,CeraVe,修护保湿,身体乳,修护保湿润肤乳,保湿+修护+舒缓,¥149.54/473ml,美国,
Curél 珂润 身体乳液 保湿 29ml*30 适合成人 神经酰胺 适合干性肌肤,208.89,Curél珂润润浸保湿身体乳液,Curél,润浸,身体乳,珂润身体乳,保湿+修护+滋润,¥208.89/29ml*30,日本,
Burt's Bees Baby 婴儿乳液 滋润 340.1g*3 适合成人使用 芦荟提取液 柠檬酸,247.62,Burt's Bees Baby 婴儿乳液,Burt's Bees,Baby,乳液,小蜜蜂婴儿乳液,滋润+舒缓,¥247.62/340.1g*3,美国,
Neostrata 芯丝翠 身体乳液 高强度去角质 6.8液体盎司(约201毫升) 适合成人 乙醇酸 适合中性肤质 1件装,321.15,Neostrata芯丝翠活性身体乳液,Neostrata,活性,身体乳,芯丝翠身体乳,去角质+保湿+修护,¥321/201ml,美国,
Cetaphil 丝塔芙 身体乳液 保湿 8盎司(约226.8克) 适合成人 维生素E 适合敏感肌肤类型 3件装,207.13,丝塔芙倍润保湿乳,丝塔芙,倍润,身体乳,大白罐,保湿+修护+舒缓,¥207/226.8g,美国,
Noodle & Boo 婴儿乳液 甜杏仁油滋润皮肤 473ml 适合新生儿 维生素E 适合敏感肌肤 1件装,146.54,Noodle & Boo婴儿润肤乳,Noodle & Boo,,乳液,婴儿乳液,滋润+舒缓+温和,¥146.54/473ml,美国,
Nivea Body 身体乳液 保湿 400ml*3 适合成人 甘油 适合干性肌肤 3件装,176.66,Nivea柔润保湿身体乳,Nivea,柔润,身体乳,妮维雅大蓝罐,保湿+滋润,¥176.66/400ml*3,德国,
Aveeno 艾惟诺 身体乳液 保湿 354ml 适合成人使用 适合粉刺肌肤类型 1件装,102.62,Aveeno艾惟诺成人舒缓保湿身体乳,Aveeno,成人舒缓,身体乳,燕麦身体乳,保湿+舒缓+无刺激,¥103/354ml,美国,
Burt's Bees 身体乳液 保湿 6盎司(约170克) 适合成人 乳酸 适合各种肤质 3件装,197.49,Burt's Bees牛奶蜂蜜身体乳液,Burt's Bees,牛奶蜂蜜,身体乳,小蜜蜂身体乳,保湿+滋润+温和,¥65.83/170g,美国,
Gold Bond 身体乳液 滋润 适合成人使用 椰子油 适合干性肌肤 1件装 396g,108.03,Gold Bond Ultimate 保湿身体乳液,Gold Bond,Ultimate,身体乳液,Gold Bond椰子身体乳,滋润+保湿+修护,¥108/396g,美国,
PerfeECTLY CLEAN INFUSION 平衡精华乳液 400 毫升,337.56,PERFECTLY CLEAN INFUSION平衡精华乳液,PERFECTLY CLEAN,,精华乳液,,平衡+保湿,¥337.56/400ml,,
Mario Badescu 黄瓜清洁乳液 472ml,204.94,Mario Badescu黄瓜清洁乳液,Mario Badescu,无,洁面乳,无,清洁+保湿+舒缓,¥204.94/472ml,美国,
"numis med 洗脸乳液 ph 5.5 补充袋 - 6 x 舒缓肌肤乳液,适用于敏感和敏感肌肤 - 纯植物护肤,不含硅、对羟基苯甲酸酯和矿物油 - 乳液(6 x 500 毫升)",493.92,numis med 舒缓肌肤乳液,numis med,,乳液,,舒缓+敏感肌适用,¥493.92/500ml,德国,
Lubriderm 身体乳液 保湿 32液体盎司(约946毫升) 适合成人 维生素B5 维生素E 适合干性肌肤 1件装,112.41,Lubriderm Daily Moisture Lotion,Lubriderm,Daily Moisture,身体乳,露比黎登身体乳,保湿+滋润+修护,¥112.41/946ml,美国,
Hermes 身体乳液 软化 平滑 滋润 适合成人使用 200ml,384.59,爱马仕丝润身体乳液,爱马仕,丝润,身体乳,爱马仕身体乳,软化+平滑+滋润,¥384.59/200ml,法国,
Nivea Men 剃须后乳液 妮维雅男士极润滋养剃后乳液 3.3液体盎司(约98毫升),132.8,妮维雅男士极润滋养剃后乳液,妮维雅,极润,剃须后乳液,极润剃后乳,舒缓+保湿+修复,¥132.8/98ml,德国,
YOPE 天然身体乳液 | 300 毫升 | Fiebbaum | 身体乳 | 身体霜 | 保湿乳液 | 适用于干性皮肤 | 纯植物身体乳液 | 97% 天然配料,111.49,YOPE天然植物身体乳,YOPE,Fiebbaum,身体乳,天然身体乳,保湿+滋润+植物配方,¥111.49/300ml,波兰,
MEDAVITA CUTIS PURA 卫生头皮乳液 500 毫升,534.91,MEDAVITA CUTIS PURA 卫生头皮乳液,MEDAVITA,CUTIS PURA,洗发乳,头皮乳,清洁+舒缓,¥534.91/500ml,瑞士,
Shikai Products 琉璃苣*高级*乳液 - 480ml*2,480.85,Shikai琉璃苣保湿乳液,Shikai,琉璃苣,乳液,琉璃苣乳液,保湿+修护+舒缓,¥480.85/480ml,美国,
"Cetaphil 丝塔芙日常洁面乳,洁面乳473ml+乳液59ml",147.86,丝塔芙舒润保湿洁面乳,丝塔芙,舒润保湿,洁面乳,蓝朋友洁面,温和+保湿+清洁,¥148/473ml,法国,
"嬸嬸把 BUIN Tan 和 Protect Lotion SPF 15, 150毫升",171.67,BUIN Tan and Protect Lotion SPF 15,BUIN,Tan and Protect,防晒乳,防晒霜,防晒+保湿+提亮,¥171.67/150ml,智利,
CeraVe 身体乳液 温和去角质 粗糙和颗粒状肌肤适用 562毫升,198.44,CeraVe适乐肤修护保湿身体乳,CeraVe,修护保湿,身体乳,C乳,保湿+修护+温和,¥198/562ml,美国,
TIGI 提基 头发造型乳液 滋润 110g 卷发 男女通用,127.17,TIGI弹力素造型乳液,TIGI,弹力素,造型乳液,提基造型乳,滋润+卷发定型,¥127/110g,美国,
Blue Lizard 运动矿物质 SPF 乳液 148ml - SPF 50+,124.18,Blue Lizard 运动矿物质防晒乳液,Blue Lizard,运动系列,防晒霜,蓝蜥蜴防晒,防晒+防水+抗汗,¥124.18/148ml,美国,
Noodle & Boo 新生儿套装，新生儿礼物；婴儿乳液和沐浴露 沐浴露237ml+洗发水237ml+身体乳237ml,235.05,Noodle & Boo新生儿洗护套装,Noodle & Boo,新生儿,洗护套装,新生儿礼盒,滋润+温和+无刺激,¥235.05/237ml,美国,
Lubriderm 身体乳液 保湿 适合成人 维生素E 适合干性肌肤 473ml*2,191.13,Lubriderm身体乳液,Lubriderm,,身体乳,小露珠,保湿+滋润+修护,¥191.13/473ml*2,美国,
Jack Black 身体乳液 保湿 473ml 适合成人使用 薰衣草 柠檬 适合所有肤质 1件装,190.1,Jack Black All-Over Body Lotion,Jack Black,,身体乳液,,保湿+舒缓+滋润,¥190.1/473ml,美国,
OGX 发型乳液 平滑 保湿 光泽 170ml 卷发 蓬松 男女通用,84.49,OGX摩洛哥坚果油护发乳液,OGX,,护发乳液,OGX发乳,保湿+光泽+柔顺,¥84.49/170ml,美国,
ATTITUDE 婴儿乳液 保湿 473ml 适合婴儿使用 适合各种肤质 1件装,124.18,ATTITUDE婴儿保湿乳液,ATTITUDE,,乳液,婴儿乳液,保湿+温和+滋润,¥124/473ml,加拿大,
Dr Teal's 身体乳液 焕然一新 成人使用 维生素E 各种肤质 身体乳532ml*3,229.86,Dr Teal's焕然一新维生素E身体乳,Dr Teal's,,身体乳,,保湿+滋养+舒缓,¥229.86/532ml*3,美国,
Vanicream 面霜 保湿 适合成人 乳液 适合敏感肌肤 1件装 453g,121.91,Vanicream保湿面霜,Vanicream,,面霜,薇霓肌本面霜,保湿+修护+温和,¥121.91/453g,美国,
CeraVe 身体乳液 237ml 适合成人使用 尿素 适合干性肤质 1件装,130.24,CeraVe保湿修护身体乳,CeraVe,保湿修护,身体乳,修护大白罐,保湿+修护+舒缓,¥130/237ml,美国,
Nivea 妮维雅 身体乳液 滋润 500ml*3 适合成人 乙醇酸 适合干性肤质,205.89,妮维雅深层滋润身体乳,妮维雅,深层滋润,身体乳,妮维雅大白碗,滋润+保湿+修护,¥205.89/500ml*3,德国,
"Estee Lauder 雅诗兰黛 微精华护理乳液,含生物发酵,3.4 盎司/100 毫升",569.67,雅诗兰黛微精华原生液,雅诗兰黛,微精华,精华水,原生液,修护+保湿+强韧,¥569.67/100ml,美国,
Aveeno 艾惟诺 身体乳液 保湿 350ml 成人使用 甘油 干性肌肤 1件装,121.69,Aveeno艾惟诺燕麦舒缓润肤乳,Aveeno,燕麦舒缓,身体乳,燕麦身体乳,保湿+舒缓+滋润,¥122/350ml,美国,
Nivea Men 剃须乳液 3.3盎司(约94克) 适合成人使用 干性、敏感性肤质 3件装,172.56,妮维雅男士剃须乳液,妮维雅,男士,剃须乳液,无,舒缓+保湿,¥172.56/94g,德国,
"大量 (2) Ed Hardy 椰油亲吻金色美黑乳液,13 盎司",433.71,Ed Hardy 椰油亲吻金色美黑乳液,Ed Hardy,椰油亲吻,美黑乳液,金色美黑乳液,美黑+滋润+防晒,¥433.71/13oz,美国,
OLAY 身体乳液 保湿 532ml 适合成人使用 适合中性肤质 1件装,125.93,OLAY烟酰胺美白身体乳,OLAY,,身体乳,OLAY身体乳,保湿+美白+滋润,¥125.93/532ml,美国,
EltaMD UV 活性矿物防晒乳液，Broad-Spectrum SPF 50+，防水，无油，不油腻，全身防晒霜，3液体盎司，85克,237.83,EltaMD UV Clear Broad-Spectrum SPF 46,EltaMD,UV Clear,防晒霜,EltaMD防晒,防晒+无油+防水,¥238/85g,美国,
Vanicream 保湿乳液 2 盎司旅行装(3 件装),232.79,Vanicream保湿乳液,Vanicream,,乳液,Vanicream乳液,保湿+温和,¥232.79/59ml,美国,
"Biotherm 碧欧泉 身体乳液 滋润 舒缓 400ml 适合成人使用 矫正油,乳木果脂。益生菌活性成分 1件装",314.28,碧欧泉身体滋润乳,碧欧泉,,身体乳,身体乳霜,滋润+舒缓,¥314/400ml,法国,
Molton Brown 海岸柏树和海茴香身体乳液 10 液盎司,321.59,Molton Brown海岸柏树和海茴香身体乳液,Molton Brown,海岸柏树和海茴香,身体乳,海岸柏树身体乳,保湿+香氛,¥321.59/300ml,英国,
Bosch 博世 AdvancedSpray 18V-500 无绳喷漆系统适用于乳液/乳胶漆、釉料和清漆;3 平方米/分钟;2 x 1200 毫升杯;18 V 系统;不含电池),1506.41,,,,,,,,,返回数据列数不正确
Eucerin 身体乳液 保湿 33.8液体盎司(约1000毫升) 适合成人 乳酸 适合各种肤质 1件装,182.28,优色林舒安身体乳,优色林,舒安,身体乳,舒安乳,保湿+修护+舒缓,¥182/1000ml,德国,
OLAY 身体乳液 抗衰老 502ml 适合成人使用 烟酰胺 适合中性肤质 1件装,101.3,OLAY烟酰胺身体乳,OLAY,烟酰胺,身体乳,小白瓶身体乳,抗老+保湿+美白,¥101/502ml,美国,
Lot 2 Ed Hardy 好莱坞青铜室内晒黑乳液加速器古铜色 300ml*2,307.19,Ed Hardy好莱坞青铜室内晒黑乳液加速器,Ed Hardy,,乳液,古铜色乳液,美黑+滋润,¥307.19/300ml,美国,
Palmer's 帕玛氏 身体乳液 保湿 适合成人 维生素E 适合各种肤质 1件装 1000ml,122.72,Palmer's可可脂保湿身体乳液,Palmer's,可可脂,身体乳,帕玛氏身体乳,保湿+滋润+维生素E,¥122.72/1000ml,美国,
"Moen 3942 Soap and Lotion Dispenser,",347.83,,,,,,,,,返回数据列数不正确
"Burt's Bees 伯特的小蜜蜂敏感肌肤套装,温和面霜,含芦荟和米奶,天然护肤,6 盎司/3 盎司",190.98,Burt's Bees敏感舒缓套装,Burt's Bees,敏感舒缓,套装,小蜜蜂舒缓套装,舒缓+保湿+温和,¥190.98/170g,美国,
"Estee Lauder 雅诗兰黛 Nutrious Airy 乳液保湿霜,100ml",284.08,雅诗兰黛鲜活亮采红石榴面霜,雅诗兰黛,Nutritious,面霜,红石榴面霜,保湿+抗氧化+提亮,¥284/100ml,美国,
Vaseline 身体凝胶和乳液 283g 适合成人 维生素C 适合中性肤质 1件装,127.76,凡士林维他命C亮采修护润肤露,凡士林,维他命C,身体乳,维C身体乳,亮肤+修护+保湿,¥127.76/283g,美国,
Drybar 护发造型霜和乳液 深度锁水不会让头发变重持续72小时顺滑吹风造型 100ml 所有发质,206.99,Drybar Southern Belle 护发造型霜,Drybar,Southern Belle,护发霜,南方美人护发霜,锁水+顺滑+造型,¥206.99/100ml,美国,
Curél 珂润 身体乳液 保湿 20液体盎司(约591毫升) 适合成人使用 角鲨烯 桉树油 适合干性肌肤 1件装,402.2,Curél珂润润浸保湿身体乳液,Curél珂润,润浸,身体乳,珂润身体乳,保湿+滋润+舒缓,¥402.2/591ml,日本,
Hairitage 卷发增强型发膜和乳液 增强卷发效果 170ml 所有发质 女性,99.84,Hairitage卷发增强型发膜和乳液,Hairitage,,发膜,卷发发膜,卷发增强+滋养+修复,¥99.84/170ml,美国,
"Coppertone 儿童滚珠防晒霜,蓝色氧化锌防晒乳液,儿童无泪防晒霜,75ml瓶装",97.94,,,,,,,,,返回数据列数不正确
Cantu 护发乳液 滋润 340毫升 所有发质,107.0,Cantu护发乳液,Cantu,,护发乳液,,滋润+修护+保湿,¥107/340ml,美国,
Nip+Fab 身体乳液 身体乳液 去角质 200ml,128.12,Nip+Fab Glycolic Fix 身体乳,Nip+Fab,Glycolic Fix,身体乳,无,去角质+保湿,¥128/200ml,英国,
"Excellula Power 乳液,120ml",269.7,艾思诺娜焕活乳霜,Excellula,Power,乳液,Excellula乳液,保湿+修护+抗老,¥269.7/120ml,日本,
GROHE 高仪 40535 000 - 肥皂和乳液分配器,406.59,,,,,,,,,返回数据列数不正确
Oribe Matte Wave texture 乳液 100ml,272.33,Oribe Matte Wave Texture Lotion,Oribe,Matte Wave,乳液,哑光波浪乳液,控油+造型+哑光,¥272/100ml,美国,
Ahava 身体乳液 快速吸收不油腻的乳液滋润干燥发痒的皮肤提供清爽的滋润效果 500ml,261.29,Ahava矿物保湿身体乳,Ahava,,身体乳,死海身体乳,保湿+舒缓+清爽,¥261.29/500ml,以色列,
"Prija 身体乳液,含维生素 E 2 x 380 毫升身体乳液,保湿乳液,人参",420.59,,,,,,,,,返回数据列数不正确
Avanti Linens 银河系乳液泵,145.15,,,,,,,,,返回数据列数不正确
AHAVA 死海水矿物身体乳液，原味 500ml,329.92,AHAVA死海水矿物身体乳液,AHAVA,死海水矿物,身体乳,死海身体乳,保湿+滋养+舒缓,¥329.92/500ml,以色列,
CEZANNE 浓密保养 乳液 280毫升 高保湿 陶瓷 乳液 全身 大容量,377.65,CEZANNE浓密保湿乳液,CEZANNE,浓密保养,乳液,陶瓷乳液,保湿+滋润+全身护理,¥378/280ml,日本,
"Sesderma Hidraderm 身体乳液, 13.5液体盎司/400毫升",300.9,Sesderma Hidraderm Hyal Body Milk,Sesderma,Hidraderm,身体乳,Hidraderm身体乳,保湿+修护+舒缓,¥300.9/400ml,西班牙,
Pevonia Rs2 温和乳液，120ml,188.86,Pevonia RS2温和修护乳液,Pevonia,RS2,乳液,RS2乳液,修护+舒缓+保湿,¥188.86/120ml,美国,
"Kassatex ARN-LD 藤制乳液分配器,白色",142.3,,,,,,,,,返回数据列数不正确
ORLANE PARIS B21 Extraordinaire Box 精华28g+乳液121g+14g眼霜,1757.78,幽兰B21非凡系列礼盒,ORLANE PARIS,B21,精华/乳液/眼霜,B21礼盒,抗老+修护+滋养,¥1757.78/163g,法国,
L'Occitane 欧舒丹 轻柔乳液，10.1盎司，300毫升,218.9,欧舒丹杏仁紧致美体乳,欧舒丹,杏仁,身体乳,杏仁身体乳,紧致+滋润+舒缓,¥218.9/300ml,法国,
"Merle Norman 保湿乳液,85g",411.93,Merle Norman保湿乳液,Merle Norman,,乳液,,保湿,¥411.93/85g,美国,
Intea Lotion Reflex Blondes Chamomile 100ml,153.92,Intea Lotion Reflex Blondes Chamomile 100ml,,,爽肤水,,,¥153.92/100ml,,
Moroccanoil 定型乳液 提供持久防止蓬松保护 296ml 卷发 女性,389.56,摩洛哥油定型护发乳,Moroccanoil,,护发乳,摩洛哥油定型乳,定型+防毛躁+护发,¥389.56/296ml,以色列,
KSD-43 肥皂或乳液分配器 不含污渍的不锈钢 KSD-43SFS,230.01,,,,,,,,,返回数据列数不正确
LA MER 海蓝之谜 保湿乳液 125ml,1344.82,LA MER保湿乳液,海蓝之谜,,乳液,神奇乳液,保湿+修护+舒缓,¥1344/125ml,美国,
"Lefranc Bourgeois 闪光丙烯酸乙烯基乳液,400 毫升,白色",244.9,Lefranc Bourgeois 闪光丙烯酸乙烯基乳液,Lefranc Bourgeois,,丙烯酸乳液,,,¥244.9/400ml,法国,
BABOR DOCTOR 新生平衡乳液洁面乳,529.16,BABOR DOCTOR 新生平衡乳液洁面乳,BABOR,DOCTOR,洁面乳,无,清洁+平衡,¥529.16/50ml,德国,
M-mark Citrus Body Lotion - 280ml - Refill,399.2,M-mark Citrus Body Lotion,M-mark,,身体乳,,保湿+清新,¥399.2/280ml,日本,
Maui Babe Browning 乳液 236ml*4,473.68,Maui Babe Browning Lotion,Maui Babe,Browning,乳液,棕瓶乳液,美黑+保湿,¥473.68/236ml,美国,
BURBERRY 博柏利 女神身体乳液 200毫升,528.76,BURBERRY女神身体乳液,BURBERRY,女神,身体乳,女神身体乳,滋润+香氛+保湿,¥529/200ml,英国,
CeraVe 面部保湿乳液 保湿 清洁 340.2g乳液 + 85.7ml洁面乳 适合青少年 透明质酸 适合干性肤质,150.05,CeraVe面部保湿乳液,CeraVe,,乳液,PM乳,保湿+清洁+修护,¥150/340.2g,美国,
rohto hadalabo gokujyun 高级玻尿酸乳液和牛奶套装 化妆水170ml+乳液140ml,308.94,肌研极润保湿乳液,Rohto,极润,乳液,极润乳液,保湿+滋润+温和,¥309/140ml,日本,
Vanicream 保湿乳液 227g*3,337.16,Vanicream保湿乳液,Vanicream,,乳液,薇霓肌本乳液,保湿+修护+温和,¥337.16/227g*3,美国,
"Kraus KSD-53SFACB Boden 厨房肥皂和乳液分配器,无点古铜色",249.67,,,,,,,,,返回数据列数不正确
Ed Hardy Butter Me Brown Tanning DHA & Streak Free Bronzing Cream Lotion 乳液300ml*2,339.71,Ed Hardy Butter Me Brown Tanning DHA & Streak Free Bronzing Cream Lotion,Ed Hardy,Butter Me Brown,乳液,美黑乳液,美黑+均匀肤色+保湿,¥339.71/600ml,美国,
"The Body Shop Almond Milk & Honey Body Lotion By The Body Shop for Women - 6.75 Oz Body Lotion, 6.75 Oz",358.37,The Body Shop杏仁蜂蜜身体乳,The Body Shop,Almond Milk & Honey,身体乳,杏仁奶身体乳,滋润+舒缓+保湿,¥358.37/200ml,英国,
"SEKKISEI 乳液,液体面部保湿霜,6.7 盎司",480.48,,,,,,,,,返回数据列数不正确
Cetaphil 丝塔芙 身体乳液 舒缓性 296ml*3保湿乳液 适合成人 角鲨烯 维生素B5 适合干性肌肤,648.07,丝塔芙舒润保湿身体乳,丝塔芙,舒润,身体乳,大白罐,保湿+舒缓+修护,¥216/296ml,法国,
UNO Skin Barrier 乳液 (男士化妆水) 100毫升,408.19,UNO Skin Barrier 乳液,UNO,Skin Barrier,化妆水,UNO男士水,保湿+修护+控油,¥408/100ml,日本,
维多利亚的秘密 Bombshell 激情乳液,314.13,维多利亚的秘密Bombshell激情乳液,维多利亚的秘密,Bombshell,身体乳,Bombshell乳液,保湿+香氛+柔肤,¥314/250ml,美国,
Mario Badescu Skin Care 维生素E身体乳液，472ml,184.84,Mario Badescu维生素E身体乳液,Mario Badescu,,身体乳,MB维E身体乳,保湿+滋养+修护,¥184.84/472ml,美国,
KOSE 保湿温和白色清爽乳液 180ml,382.92,雪肌精优纯菁华乳,KOSE,雪肌精,乳液,雪乳,美白+保湿+清爽,¥383/180ml,日本,
"Purpose Dual *** SPF 15 Moisture Lotion, 118ml",105.32,Purpose Dual *** SPF 15 Moisture Lotion,Dr. Brandt,无,乳液,无,保湿+防晒+修护,¥105/118ml,美国,
Tanning Paradise 芦荟黑晒黑乳液 | *、抗橙、抗皱哑光黑色古铜色美黑乳液 | 纹身和防褪色 | 芦荟羊绒混合美黑乳液 400ml,345.78,Tanning Paradise 芦荟黑晒黑乳液,Tanning Paradise,,美黑乳液,黑晒黑乳液,美黑+保湿,¥345.78/400ml,,
Novexpert 女士夜间去皮晚霜抗浪费 - 115ml 乳液,189.74,Novexpert女士夜间去皮晚霜,Novexpert,,晚霜,夜间去皮霜,去角质+焕肤+保湿,¥189.74/115ml,法国,
"Nairobi Wrapp-It 闪亮泡沫乳液,8 盎司",367.6,Nairobi Wrapp-It 闪亮泡沫乳液,Nairobi,Wrapp-It,乳液,闪亮泡沫乳液,保湿+亮泽+定型,¥367.6/236ml,美国,
GUERLAIN 娇兰 身体乳液 200ml 适合成人 苯基苄酯 卡波姆 1件装,492.1,娇兰御廷兰花身体乳,娇兰,御廷兰花,身体乳,兰花身体乳,滋养+紧致+修护,¥492/200ml,法国,
Jergens 身体乳液 59ml*20 适合成人 维生素E 适合各种肤质,229.79,Jergens维生素E身体乳液,Jergens,,身体乳,,保湿+滋润+舒缓,¥229.79/59ml,美国,
UNO Skin Barrier Emulsion (男士乳液) 80毫升,358.86,UNO Skin Barrier Emulsion,UNO,Skin Barrier,乳液,UNO男士乳液,保湿+修护+控油,¥359/80ml,日本,
St.Tropez 渐变棕褐色西瓜乳液 200ml | 自美黑,161.45,St.Tropez Gradual Tan Watermelon Lotion,St.Tropez,,乳液,西瓜美黑乳,美黑+保湿+提亮,¥161/200ml,英国,
Devoted Creations 财富古铜色美黑乳液 400ml,452.49,Devoted Creations财富古铜色美黑乳液,Devoted Creations,财富,美黑乳液,财富美黑乳,美黑+滋润+速效,¥452.49/400ml,美国,
"Palmer's for Pets 可可油*直接缓解乳液喷雾,适用于狗狗,含维生素 E | 无香型狗狗乳液,适用于干性瘙痒皮肤 | Palmer's Spray 狗狗乳液 - 8 盎司(约 236.8 克) (FF15584)",86.68,Palmer's for Pets 可可油直接缓解乳液喷雾,Palmer's,for Pets,乳液喷雾,狗狗乳液,滋润+舒缓+无香,¥86.68/236.8g,美国,
"Skin Filter 奢华黑色自晒黑 – 高级 10,000 倍晒黑乳液 – 亲肤自晒黑乳液,采用抗橙色技术 – 室内美黑乳液,带纹身保护* – 黑色 300ml",329.41,Skin Filter奢华黑色自晒黑乳液,St.Tropez,Filter,美黑乳液,自晒黑乳液,美黑+抗橙色+亲肤,¥329.41/300ml,英国,
L'OCCITANE 欧舒丹 身体乳液 滋润皮肤 适合成人 杏仁油 干性肌肤 1件装 240ml,302.0,欧舒丹杏仁紧致美体乳,欧舒丹,杏仁,身体乳,杏仁身体乳,滋润+紧致+保湿,¥302/240ml,法国,
TRISWIM 身体乳液 TRISWIM乳液含有芦荟 32液体盎司(约946毫升) 适合成人 有机芦荟 适合各种肤质 1件装,567.31,TRISWIM 身体乳液,TRISWIM,,身体乳,TRISWIM身体乳,保湿+舒缓,¥567/946ml,美国,
Onyx Black Caviar *乳液 极多重烘烤复合物,385.91,Onyx Black Caviar *乳液 极多重烘烤复合物,黛珂,AQ珍萃,乳液,白檀乳液,保湿+修护+抗老,¥385/100ml,日本,
Neutrogena 露得清 身体乳液 适合干燥皮肤 400 毫升,157.61,露得清深层滋润身体乳,露得清,深层滋润,身体乳,挪威系列,保湿+修护+舒缓,¥158/400ml,美国,
Aveeno 艾惟诺 皮肤舒缓保湿乳液，舒缓肌肤，身体乳液，适用于非常干燥和敏感的皮肤护理，500ml,326.85,Aveeno艾惟诺舒缓保湿身体乳,Aveeno,艾惟诺,身体乳,燕麦身体乳,舒缓+保湿+修护,¥326.85/500ml,美国,
Johnson's 婴儿乳液 椰子油 适合各种肤质 800ml*2,202.67,强生婴儿椰子油润肤乳,强生,婴儿系列,身体乳,椰子乳,滋润+温和,¥101.34/800ml,美国,
CHANEL 香奈儿 身体凝胶和乳液 保湿 滋润 适合成人 维生素C 适合各种肤质,1138.28,香奈儿润泽身体乳,香奈儿,润泽,身体乳,香奈儿身体乳,保湿+滋润+亮肤,¥1138/200ml,法国,
"World Amenities Bodyography blanc- 乳液 | 1 加仑,3.8 升 | 香草白茶补充乳液瓶带泵,适合所有肤质 - 1 加仑装",454.24,World Amenities Bodyography blanc- 乳液,Bodyography,blanc-,乳液,,保湿+香氛,¥454.24/3.8L,美国,
"+ Lux 未过滤的Santal N°32 逐渐保湿自晒黑乳液 - 自晒黑乳液不会弄脏、条纹或污渍 - 逐渐自晒黑乳液,全年*光泽 - 自晒黑 畅销产品 素食、无麸质、无刺激性",410.32,Le Labo Santal N°32 自晒黑乳液,Le Labo,Santal,身体乳,无,保湿+自晒黑+不染色,¥410/200ml,美国,
hansgrohe 汉斯格雅 洗涤剂/乳液分配器 厨房配件（圆形）镀铬,594.3,,,,,,,,,返回数据列数不正确
Miss Jessie's 枕头软卷发中性乳液 8.5 盎司,182.06,Miss Jessie's Pillow Soft Curls MultiCultural Curl Cream,Miss Jessie's,Pillow Soft Curls,护发素,枕头软卷发乳,保湿+定型+卷发护理,¥182.06/8.5oz,美国,
Sisley Paris 希思黎 PHYTO JOUR&NUIT 乳液生态 Lotte 4 件装 希思黎全效保湿乳液 125ml + 希思黎全效保湿霜 5ml + 希思黎全效保湿精华 10ml + 希思黎眼唇精华霜 5ml,1371.5,,,,,,,,,返回数据列数不正确
去角质身体乳液 - 12% 乳酸身体乳液。 提供温和的去角质，立即保湿，修复干燥裂纹皮肤状况和角蛋白石。,331.6,The Ordinary 12%乳酸身体乳液,The Ordinary,,身体乳液,乳酸身体乳,去角质+保湿+修复,¥332/240ml,加拿大,
肌ラボ 極潤α ハリ乳液 140ml,388.99,肌研极润α弹力乳液,肌研,极润α,乳液,极润乳液,保湿+弹力+滋润,¥388.99/140ml,日本,
ORIBE 定型乳液 创造直顺光滑造型 控制飞边与蓬松 142g 直发 男女通用,659.05,ORIBE直顺定型乳液,ORIBE,,乳液,直顺乳液,直发+控飞边+光滑造型,¥659/142g,美国,
"Linco Care Calypso Sun Lotion SPF 50, 150ml",353.6,Linco Care Calypso Sun Lotion SPF 50,Linco Care,Calypso,防晒霜,Calypso防晒霜,防晒+保湿,¥353.6/150ml,美国,
Cetraben 身体乳液 500ml 适合成人使用 1件装,371.0,Cetraben Moisturising Cream,Cetraben,,身体乳液,Cetraben乳液,保湿+修护+舒缓,¥371/500ml,英国,
UpSpring 用于检测乳液中酒精的Milkscreen 试纸 - 适合在家测试，简单的乳液酒精浸渍测试，2 分钟内获得准确结果，30 条试纸,189.96,,,,试纸,酒精测试试纸,检测+便捷,¥189.96/30条,,
Noble Isle 保湿乳液 250ml 适合成人使用 1件装,397.38,Noble Isle保湿乳液,Noble Isle,,乳液,,保湿+滋润,¥397/38ml,英国,
Molton Brown 身体乳液 轻度保湿 男女通用 无动物实验测试 300ml 1件装,219.56,Molton Brown身体乳液,Molton Brown,,身体乳,,保湿+温和,¥219.56/300ml,英国,
"iBodle 乳液 300 毫升 / 10.14 液体盎司 - 保湿保湿保湿乳液,含有机天然成分,适合儿童和成人,低致敏性,皮肤卓越",399.72,iBodle保湿乳液,iBodle,,乳液,,保湿+低敏+有机,¥399.72/300ml,,
Devoted Creations 乳白色美黑乳液 362ml,308.87,Devoted Creations乳白色美黑乳液,Devoted Creations,,美黑乳液,,美黑+保湿+均匀肤色,¥308.87/362ml,美国,
Cetaphil 丝塔芙 身体乳液 保湿 226g*3 适合成人 甘油 烟酰胺 敏感肌肤,247.7,丝塔芙舒润保湿身体乳,丝塔芙,舒润,身体乳,大白罐,保湿+修护+舒缓,¥247.7/678g,法国,
AmLactin 快速舒缓修复身体乳液，含神经酰胺，干性皮肤保湿乳液 ，泵瓶（两件装）（包装可能会有所不同）7.9 盎司/225 克 x 2,555.01,AmLactin快速舒缓修复身体乳液,AmLactin,,身体乳,神经酰胺身体乳,保湿+修复+舒缓,¥555/225g×2,美国,
Maui Babe - Browning 乳液 118ml,237.76,Maui Babe Browning Lotion,Maui Babe,,乳液,晒黑乳液,美黑+保湿,¥237.76/118ml,美国,
CHANEL 香奈儿 身体乳液 适合成人使用 适合干性肌肤,663.86,香奈儿可可小姐润体乳,香奈儿,可可小姐,身体乳,可可身体乳,滋润+保湿+香氛,¥664/200ml,法国,
Tret-A(Retinaldehyde 0.15% 乳液 *高级*亮肤面部护理 15g,399.06,Tret-A 0.15%视黄醛亮肤乳液,,,乳液,,亮肤+抗老+焕新,¥399/15g,,
Keri Keri 原装日常干性皮肤*乳液，425g*3,376.62,Keri Keri日常保湿乳液,Keri Keri,日常,乳液,,保湿+滋润,¥376.62/425g*3,,
草本乳液棒 - 柠檬香草 53.9g,249.01,草本乳液棒 - 柠檬香草,无品牌,,乳液棒,柠檬香草乳液棒,保湿+便携,¥249.01/53.9g,,
Amika 护发造型霜和乳液 轻柔控制卷发 200ml 卷发 男女通用,184.55,Amika护发造型霜,Amika,,护发霜,卷发霜,定型+护发+柔顺,¥184.55/200ml,美国,
AmLactin 身体乳液 保湿 59ml 适合成人 乳酸 适合干性肌肤 6件装,159.33,AmLactin保湿身体乳液,AmLactin,,身体乳,AmLactin乳液,保湿+去角质+滋润,¥159.33/59ml,美国,
"Crest *乳液免洗牙齿*护理,含*棒,0.8 盎司(25 克),0.8 盎司",204.58,Crest 3D White美白牙贴,Crest,3D White,牙贴,美白牙贴,美白+去渍+亮白,¥204.58/25g,美国,
CND 身体乳液 快速吸收的手部和身体乳液深层滋润皮肤 245ml 适合成人使用 绿茶 适合各种肤质 1件装,93.33,CND绿茶身体乳液,CND,,身体乳液,绿茶身体乳,滋润+快速吸收+舒缓,¥93.33/245ml,美国,
Bath & Body Works 身体乳液 236ml*3 维生素E,347.68,Bath & Body Works维生素E身体乳液,Bath & Body Works,维生素E,身体乳液,维生素E乳,保湿+滋养+舒缓,¥347.68/236ml*3,美国,
Noodle & Boo 基础护理套装 乳液59ml+洗发水57ml+沐浴露59ml,130.1,Noodle & Boo 基础护理套装,Noodle & Boo,基础护理,护理套装,无,保湿+温和清洁,¥130.1/175ml,美国,
Jergens 身体乳液 保湿 207ml*3适合成人 薰衣草 适合干性肌肤,168.1,Jergens薰衣草保湿身体乳液,Jergens,,身体乳,,保湿+舒缓+滋润,¥168.1/207ml*3,美国,
Cadence 旅行容器 - 身体护理胶囊套装 - 磁性旅行胶囊 - 适用于沐浴露、乳液、防晒霜 - 3 种弹性介质(1.3 盎司)带沐浴露、乳液和太阳图标标签 - 沙色,665.98,,,,,,,,,返回数据列数不正确
Victoria's Secret Tease Crème Cloud 乳液,269.4,Victoria's Secret Tease Crème Cloud 乳液,Victoria's Secret,Tease,乳液,Tease奶油云,保湿+香氛+柔肤,¥269.4/50ml,美国,
Cureac 痤疮干燥乳液 - 30ml*4,234.61,Cureac痤疮干燥乳液,Cureac,,乳液,,控油+保湿+祛痘,¥234.61/30ml,,
Molton Brown 身体乳液 持久留香 295ml 适合成人使用 柠檬酸 适合所有肤质 1件装,253.47,Molton Brown身体乳液,Molton Brown,,身体乳,,保湿+留香+舒缓,¥253.47/295ml,英国,
Jergens 身体乳液 保湿 295ml*4 适合成人使用 玻尿酸 适合干性、敏感性肌肤,256.32,Jergens超保湿身体乳液,Jergens,超保湿,身体乳,Jergens身体乳,保湿+滋润+舒缓,¥256.32/295ml*4,美国,
BIODERMA 法国贝德玛 ABCDerm - 冷霜身体霜 - 温和保湿霜 - 婴儿和儿童身体乳液,200.41,BIODERMA ABCDerm冷霜身体霜,BIODERMA,ABCDerm,身体霜,贝德玛冷霜,保湿+温和+滋润,¥200/500ml,法国,
"Devoted Creations 发光, 褐色增强身体乳液 13.5 盎司 400ml",360.33,Devoted Creations发光褐色增强身体乳液,Devoted Creations,,身体乳液,发光乳液,美黑+保湿+提亮,¥360/400ml,美国,
Estee Lauder 雅诗兰黛 身体乳液 使肌肤柔软 8.4盎司(约238.44克) 适合成人使用 适合敏感肌肤类型 1件装,522.03,雅诗兰黛白金级身体乳液,雅诗兰黛,白金级,身体乳,白金身体乳,柔软+舒缓+保湿,¥522/238g,美国,
"Millennium Tanning 纯黑色特种储备 200X 美黑乳液,400ml*3",888.68,Millennium Tanning 纯黑色特种储备 200X 美黑乳液,Millennium Tanning,特种储备,美黑乳液,200X美黑乳,美黑+速效+持久,¥888.68/1200ml,美国,
Suave 丝华芙 身体乳液 补水 532ml 适合成人 维生素E 适合干性肌肤 6件装,287.09,Suave 丝华芙 身体乳液,Suave,丝华芙,身体乳液,,补水+滋润,¥287.09/532ml,美国,
"Crème Of Nature Argan Oil Foam Wrap Lotion, 207 ml, Clear",93.26,Crème Of Nature Argan Oil Foam Wrap Lotion,Crème Of Nature,,护发素,摩洛哥油发膜,滋养+修护+柔顺,¥93.26/207ml,美国,
Ahava 身体乳液 紧致平滑老化迹象 4.1升 适合成人使用 维生素E 适合各种肤质 1件装,442.04,Ahava紧致平滑身体乳液,Ahava,,身体乳,Ahava身体乳,紧致+平滑+抗老,¥442.04/4100ml,以色列,
Baylis & Harding Goodness Oud、Cedar & Amber 护手和身体乳液 500ml,518.12,Baylis & Harding Goodness Oud & Cedar & Amber 护手和身体乳液,Baylis & Harding,Goodness,身体乳,,滋润+保湿+香氛,¥518/500ml,英国,
Bath & Body Works 香薰沐浴露和乳液套装 - 能量橙色 + 姜黄,420.7,Bath & Body Works 香薰沐浴露和乳液套装 - 能量橙色 + 姜黄,Bath & Body Works,能量橙色 + 姜黄,沐浴露和乳液套装,橙姜套装,提神+舒缓+保湿,¥420.7/套,美国,
Olaplex 头发造型乳液 滋润头发 保湿头发 96ml 液体盎司 适合所有年龄段 女性,171.83,Olaplex No.7 Bonding Oil,Olaplex,No.7,护发精油,发油,修护+保湿+光泽,¥171.83/30ml,美国,
Ginger Lily Farms 身体乳液 舒缓性 3780ml 适合成人 维生素E 适合干性肌肤 1件装,279.49,Ginger Lily Farms舒缓身体乳液,Ginger Lily Farms,,身体乳液,,舒缓+滋润+维生素E,¥279.49/3780ml,美国,
"Dove 多芬男士+护理超保湿乳液,3 合 1 高级男士护肤,面霜,手部和身体乳液,适用于干性皮肤,75ml*12",298.57,多芬男士+护理超保湿乳液,多芬,男士+护理,乳液,多芬男士乳液,保湿+滋润+修护,¥298.57/75ml,英国,
Sesderma 身体乳液 保湿 美白 13.5液体盎司(约400毫升) 适合成人 Tranexamic Acid 适合混合肤质 1件装,275.54,Sesderma焕白保湿身体乳,Sesderma,焕白,身体乳,白藜芦醇身体乳,美白+保湿+修护,¥275.54/400ml,西班牙,
"36 件装干性皮肤乳液,男女身体乳液,送给妈妈的礼物,天然植物香味身体保湿霜,旅行装乳液散装,迷你保湿乳液,含乳木果油,女士水疗礼品 en,Mothers D。 ay 送给她的礼物,员工感谢礼物,父亲节礼物",243.82,,,,,,,,,返回数据列数不正确
"Diptyque La Droguerie 皮革和木质护理乳液,含蜂蜡 8.5 盎司",557.15,Diptyque La Droguerie皮革和木质护理乳液,Diptyque,La Droguerie,护理乳液,,滋养+保护,¥557.15/8.5oz,法国,
Jack Black 身体乳液 保湿 16.00液体盎司(约473毫升) 薰衣草 适合各种肤质 1件装,206.11,Jack Black All-Over Body Lotion,Jack Black,All-Over,身体乳液,Jack Black身体乳液,保湿+舒缓+滋养,¥206.11/473ml,美国,
Evereden 婴儿沐浴 DUO:新生儿婴儿乳液和 2 合 1 新生儿洗发水和沐浴露套装 - 舒缓、清洁和保湿婴儿洗发水和乳液 身体乳251ml+润肤露251ml,373.85,Evereden婴儿沐浴DUO套装,Evereden,DUO,洗护套装,婴儿洗护套装,舒缓+清洁+保湿,¥373.85/251ml+251ml,美国,
Hawaiian Tropic 丝滑保湿防晒乳液 SPF30，50 毫升，1 件,92.15,Hawaiian Tropic丝滑保湿防晒乳液SPF30,Hawaiian Tropic,丝滑保湿,防晒乳液,防晒乳,保湿+防晒,¥92/50ml,美国,
Moroccanoil 定型乳液和发蜡 平复毛躁 296ml 所有发质 女性,389.56,摩洛哥油定型乳液和发蜡,Moroccanoil,,定型产品,摩洛哥油发蜡,定型+平复毛躁+护发,¥389.56/296ml,以色列,
Dr. Teal's Night Time Therapy Melatonin 身体乳液 - 226.8g*2 - 纯粹 Epsom 盐乳液，皮肤护理*和肌肉缓解,243.82,Dr. Teal's Night Time Therapy Melatonin Body Lotion,Dr. Teal's,Night Time Therapy,身体乳液,睡眠身体乳,舒缓+助眠+保湿,¥243.82/453.6g,美国,
St. Ives 身体乳液 保湿 适合成人 阿尔加油 适合各种肤质 621ml*4,238.56,St. Ives燕麦保湿身体乳液,St. Ives,,身体乳,燕麦身体乳,保湿+滋润+温和,¥59.64/621ml,美国,
Jurlique 茱莉蔻 手部乳液和霜 保湿 125ml 适合成人使用 适合所有肤质 1件装,241.41,Jurlique玫瑰护手霜,Jurlique,玫瑰,护手霜,茱莉蔻护手霜,保湿+滋润+修护,¥241/125ml,澳大利亚,
"EASACE 背部和身体乳液涂抹器,长手柄 21.5 英寸(约 54.6 厘米)可调节乳液滚筒,带 2 个备用滚筒(银色)",297.25,,,,,,,,,返回数据列数不正确
Method 身体乳液 414ml 适合成人使用 适合所有肤质 1件装,124.84,Method 身体乳液,Method,,身体乳液,,保湿+滋润+香氛,¥124.84/414ml,美国,
TIGI 提基 头发造型乳液 防热 保护 120ml 所有发质 男女通用,144.95,TIGI头发造型乳液,TIGI,,造型乳液,头发造型乳液,防热+保护+造型,¥144.95/120ml,美国,
Kanebo 佳丽宝 身体乳液 保湿 125ml 适合成人使用 适合干性肌肤,764.05,Kanebo佳丽宝身体乳液,Kanebo,佳丽宝,身体乳液,,保湿+滋润,¥764/125ml,日本,
Devoted Creations 蓝*诱惑室内和室外美黑乳液 362ml,348.12,Devoted Creations蓝*诱惑美黑乳液,Devoted Creations,蓝*诱惑,美黑乳液,蓝诱惑,美黑+保湿+防晒,¥348.12/362ml,美国,
"Ed Hardy 椰子之吻金美黑乳液,400ml",319.98,Ed Hardy 椰子之吻金美黑乳液,Ed Hardy,椰子之吻,美黑乳液,椰子美黑乳,美黑+滋润+防晒,¥319.98/400ml,美国,
Burt's Bees 面部清洁乳液 236毫升 美白 适合各种肤质,89.17,Burt's Bees面部清洁乳液,Burt's Bees,,洁面乳,小蜜蜂洁面,美白+温和,¥89.17/236ml,美国,
"AmLactin 获奖必备护肤套装 - 日常滋养 12% 乳液,超平滑霜,足部修复霜和保湿袜 - 乳酸保湿霜礼品套装,适合全身皮肤更新 去角质保湿乳液225g+足部修复去角质保湿霜85g+超级平滑去角质保湿霜140g+袜子",279.64,,,,,,,,,返回数据列数不正确
Lancaster 防晒油和乳液 使皮肤光滑 防水 适合干性肤质 142g,417.48,兰蔻UV防晒隔离乳,兰蔻,UV,防晒霜,小白管防晒,防晒+隔离+保湿,¥480/30ml,法国,
"Dove 多芬男士+护理超保湿面霜 – 多芬乳液,3 合 1 高级男士护肤,面霜,护手霜和身体乳液,适用于极度干燥的皮肤,适合所有肤质,150ml*6",115.55,多芬男士+护理超保湿面霜,多芬,男士+护理,面霜,男士三合一霜,保湿+修护+多效,¥19/150ml,英国,
Nuxe 身体乳液 滋润身体 400ml 适合成人 绿茶 干性肌肤 1件装,402.86,Nuxe绿茶滋润身体乳,Nuxe,绿茶,身体乳,绿茶身体乳,滋润+保湿+舒缓,¥402.86/400ml,法国,
Millennium Tanning Forever Dark 黑色哑光即时古铜色 晒黑乳液 400ml,372.82,Millennium Tanning Forever Dark 黑色哑光即时古铜色晒黑乳液,Millennium Tanning,Forever Dark,晒黑乳液,,哑光+古铜色+即时效果,¥372.82/400ml,美国,
Creme of Nature 头发造型乳液 增亮 298g 卷发 干性 男女通用,102.18,Creme of Nature造型乳液,Creme of Nature,,造型乳液,,增亮+卷发护理,¥102/298g,美国,
Jergens 身体乳液 621ml 适合成人 维生素 适合各种肤质 1件装,113.8,Jergens超保湿身体乳液,Jergens,超保湿,身体乳液,,保湿+滋润+维生素,¥113.8/621ml,美国,
Jurlique 茱莉蔻 手部乳液和霜 保湿 300ml 适合成人使用 适合所有肤质 1件装,210.5,茱莉蔻玫瑰护手霜,茱莉蔻,玫瑰,护手霜,茱莉蔻护手霜,保湿+滋润+修护,¥210.5/300ml,澳大利亚,
Jurlique 茱莉蔻 手部乳液和霜 保湿 295ml 适合成人使用 适合所有肤质 1件装,180.75,茱莉蔻玫瑰护手霜,茱莉蔻,,护手霜,茱莉蔻护手霜,保湿+滋润+修护,¥180.75/295ml,澳大利亚,
SHEA MOISTURE 定型乳液 控油 保湿 卷发效果增强 227g 卷发 女性,85.51,SHEA MOISTURE卷发定型乳液,SHEA MOISTURE,,乳液,卷发乳,控油+保湿+卷发定型,¥85.51/227g,美国,
Malin + Goetz 维生素 B5 身体乳液 8.5 盎司/250 毫升,292.35,Malin + Goetz 维生素 B5 身体乳液,Malin + Goetz,,身体乳,B5身体乳,保湿+修护+舒缓,¥292/250ml,美国,
Nivea 妮维雅 身体乳液 滋润 适合成人使用 杏仁油 甘油 适合干性肌肤 500ml*2,175.63,妮维雅深层滋润身体乳,妮维雅,,身体乳,蓝罐,滋润+保湿+修护,¥175.63/1000ml,德国,
"La Mer 护肤旅行装礼品套装保湿霜,再生精华,护理乳液,去角质油",1320.85,,,,,,,,,返回数据列数不正确
Penaten 身体凝胶和乳液 适合成人 适合敏感肌肤类型,57.33,Penaten敏感肌舒缓身体乳,Penaten,,身体乳,Penaten身体乳,舒缓+保湿+敏感肌,¥57.33/100ml,德国,
Jack Black 身体乳液 快速吸收 473ml 适合成人使用 维生素E 适合干性肌肤 1件装,170.88,Jack Black Ultra Body Lotion,Jack Black,Ultra,身体乳,无,保湿+修护+滋养,¥170.88/473ml,美国,
Jack Black 身体乳液 快速吸收 473ml 适合成人使用 维生素E 适合干性肌肤 1件装,170.88,Jack Black超保湿身体乳液,Jack Black,超保湿,身体乳液,无,保湿+修护+滋润,¥170.88/473ml,美国,
Avena Instituto Espanol 身体乳液 保湿 适合成人使用 干性肤质 500ml*2,138.58,Avena Instituto Espanol 身体乳液,Avena Instituto Espanol,,身体乳,,保湿+滋润,¥138.58/1000ml,西班牙,
"TEK - 灰木头皮按摩刷带,非常适合清洗空气和防脱发乳液,8.5 x 5 厘米",238.79,TEK - 灰木头皮按摩刷带,,,,头皮按摩刷,,¥238.79/个,,
Topicrem 身体乳液 保湿 16.91液体盎司(约500ml) 适合成人使用 适合干性、敏感性肌肤 2件装,204.54,Topicrem保湿身体乳,Topicrem,,身体乳,,保湿+舒缓,¥102.27/500ml,法国,
COLOR WOW 定型乳液 立即修复飞边头发 118ml 干燥、飞边 男女通用,153.19,COLOR WOW Dream Coat Supernatural Spray,COLOR WOW,,定型乳液,Dream Coat,修复+定型+防毛躁,¥153/118ml,美国,
St. Ives 身体乳液 保湿 21盎司(约595克) 适合成人 甘油 适合各种肤质 4件装,233.01,St. Ives保湿身体乳液,St. Ives,,身体乳,燕麦身体乳,保湿+滋润+温和,¥233.01/595g,美国,
wet n wild 彩妆保湿乳液 裸妆色调 保湿 27ml,83.78,wet n wild Photo Focus 保湿粉底液,wet n wild,Photo Focus,粉底液,湿又野粉底液,保湿+遮瑕+裸妆,¥83.78/27ml,美国,
Aesop 身体乳液 滋润 滋养 100ml 适合成人使用 天竺葵叶 橘皮 1件装,462.94,Aesop天竺葵身体乳,Aesop,天竺葵,身体乳,天竺葵身体乳,滋润+滋养+舒缓,¥463/100ml,澳大利亚,
Suave 丝华芙 身体乳液 抗衰老 532ml 适合成人 维生素E 适合所有肤质 6件装,237.03,Suave 丝华芙 身体乳液,Suave,,身体乳液,,抗衰老+滋润+维生素E,¥237.03/532ml,美国,
Hadalabo Gokujun 高级透明质酸乳液 2020 年秋季革新 140mL,302.38,Hadalabo Gokujun Premium Hyaluronic Acid Lotion,肌研,极润,化妆水,极润化妆水,保湿+渗透+修护,¥302/140ml,日本,
Millennium Tanning Products 纯黑褐色扩展超保湿保湿乳液 18 盎司(2 瓶装),443.65,Millennium Tanning Products 纯黑褐色扩展超保湿保湿乳液,Millennium Tanning Products,,乳液,,保湿,¥443.65/18oz,美国,
Institut Esthederm 身体乳液 卸妆后补充滋润皮肤 200ml适合成人使用 适合各种肤质 1件装,242.48,Institut Esthederm Intensive Body Lotion,Institut Esthederm,Intensive,身体乳液,,滋润+保湿+舒缓,¥242/200ml,法国,
OLAY 身体乳液 滋养 500ml 适合成人使用 适合中性肤质 1件装,123.08,OLAY滋养修护身体乳,OLAY,滋养修护,身体乳,OLAY身体乳,滋养+修护+保湿,¥123/500ml,美国,
Aveeno 艾惟诺 身体乳液 保湿 使皮肤光滑 6盎司 适合成人使用 水 丙三醇 适合敏感肌肤,259.83,Aveeno艾惟诺每日倍护润肤乳,Aveeno,每日倍护,身体乳,燕麦身体乳,保湿+舒缓+修护,¥259.83/177ml,美国,
keri 原装保湿洁乳液， softly 香味，高跟鞋，900 ml / 861.8 gram 4 Pack,553.06,,,,,,,,,返回数据列数不正确
Palmer's 可可脂按摩乳液，用于妊娠期皮肤护理| 8.5盎司/250ml,87.34,Palmer's可可脂按摩乳液,Palmer's,可可脂,身体乳,妊娠纹按摩乳,滋润+舒缓+修护,¥87/250ml,美国,
"SLMD by Dr. Pimple Popper | 乙醇酸身体乳液 | 去角质乳液适用于粗糙、凹凸的皮肤和皮肤容易进入 KP,内生毛发,剃须肿块 | 10% AHA - 178ml",319.4,SLMD by Dr. Pimple Popper乙醇酸身体乳液,SLMD by Dr. Pimple Popper,,身体乳液,,去角质+平滑肌肤+改善毛周角化,¥319.4/178ml,美国,
Crabtree & Evelyn 甜杏仁油沐浴露和身体乳液 沐浴露500ml+身体护肤油500ml,434.44,Crabtree & Evelyn甜杏仁油沐浴露和身体乳液套装,Crabtree & Evelyn,甜杏仁油,沐浴露+身体乳,甜杏仁油套装,滋润+舒缓+保湿,¥434.44/1000ml,英国,
2 件套 Devoted Creations Blonde Obsession 室内美黑乳液古铜色 12.25 液体盎司,473.32,Devoted Creations Blonde Obsession 室内美黑乳液2件套,Devoted Creations,Blonde Obsession,美黑乳液,Blonde Obsession美黑套装,美黑+滋润,¥473.32/12.25oz,美国,
"BEUKING 樱花面部乳液保湿精华,用于收缩毛孔皮肤日常护理,爽肤水乳液保湿修复面霜维生素 C 精华改善皮肤滋养面霜软化剂护肤",285.34,BEUKING樱花面部乳液保湿精华,BEUKING,,精华,樱花精华,保湿+修复+滋养,¥285/30ml,中国,
OLAY 身体乳液 保湿 532ml 适合成人使用 适合所有肤质 1件装,122.2,OLAY烟酰胺美白身体乳,OLAY,,身体乳,OLAY身体乳,保湿+美白,¥122/532ml,美国,
"Peter Thomas Roth 彼得罗夫 面部保湿乳液 美白适合成人使用 乳酸 适合各种肤质 1件装, 50ml/1.7 fl.oz",344.47,Peter Thomas Roth云朵保湿乳液,Peter Thomas Roth,云朵,乳液,云朵乳液,保湿+美白+温和,¥344/50ml,美国,
Minon Amino Moist Moist charge Lotion II (more moist type) 150mL,295.57,蜜浓氨基酸保湿乳液Ⅱ（滋润型）,蜜浓,氨基酸保湿,乳液,蜜浓乳液,保湿+修护+温和,¥295.57/150ml,日本,
"Medix 5.5 摩洛哥坚果油 + 椰子油护肤套装保湿霜身体和面部乳液 | 紧致身体乳液套装减少皱纹、脂肪团、干性皮肤和不均匀肤色,444ml*2",324.66,Medix 5.5摩洛哥坚果油+椰子油护肤套装,Medix,5.5,护肤套装,摩洛哥油套装,保湿+紧致+改善肤质,¥324.66/444ml*2,摩洛哥,
Lubriderm 身体乳液 保湿 473ml 适合成人使用 甘油 适合干性肌肤 1件装,117.53,Lubriderm身体乳液,Lubriderm,,身体乳,蓝瓶身体乳,保湿+滋润,¥117.53/473ml,美国,
Maui Moisture 护发造型霜和乳液 滋润 340ml 卷发 螺旋卷发 男女通用,107.22,Maui Moisture卷发造型霜,Maui Moisture,,造型霜,卷发霜,滋润+定型+护发,¥107/340ml,美国,
Ricitos de Oro 婴儿乳液 保湿 适合成人使用 适合敏感肌肤 380ml*2,108.03,Ricitos de Oro 婴儿乳液,Ricitos de Oro,,乳液,金盏花乳液,保湿+舒缓+温和,¥108.03/760ml,西班牙,
St. Ives 身体乳液 保湿 5 适合成人 大豆油和植物甘油 适合干性肌肤 621ml*4,193.54,St. Ives燕麦舒缓保湿身体乳,St. Ives,,身体乳,燕麦身体乳,保湿+舒缓+滋润,¥193.54/621ml*4,美国,
Carina Organics 身体乳液 保湿 250ml 适合成人使用 干性肤质 1件装,380.28,Carina Organics保湿身体乳液,Carina Organics,,身体乳,,保湿+滋润,¥380/250ml,加拿大,
"Collectibles Peanuts 史努比肥皂/乳液/洗手液树脂泵分配器,10 盎司(约 283.8 克)(官方授权产品)",177.02,,,,洗手液,,,¥177.02/283.8g,,
Red Flower 身体乳液 深度滋润 300ml 适合成人使用 芦荟汁 鳄梨 适合所有肤质 1件装,236.44,Red Flower深度滋润身体乳液,Red Flower,,身体乳液,,滋润+保湿+舒缓,¥236.44/300ml,美国,
"Fiesta Sun Blackberry Blast 超黑美黑乳液,236毫升",264.29,Fiesta Sun Blackberry Blast 超黑美黑乳液,Fiesta Sun,,美黑乳液,黑莓美黑乳,美黑+保湿,¥264.29/236ml,美国,
肌研 极润 高级玻尿酸保湿乳液 140毫升,224.75,肌研极润高级玻尿酸保湿乳液,肌研,极润,乳液,极润乳液,保湿+补水+滋润,¥224.75/140ml,日本,
Nivea Men 身体乳液 保湿 500ml 适合成人 甘油 适合干性肌肤 1件装,101.3,妮维雅男士深层滋润身体乳,妮维雅,男士系列,身体乳,男士大白碗,保湿+滋润+舒缓,¥101/500ml,德国,
Molton Brown 身体乳液 轻盈滋润皮肤 1件装 适合成人使用 佛罗拉 适合中性肤质 1件装 300ml,213.64,Molton Brown Flora Luminating Body Lotion,Molton Brown,Flora,身体乳液,,滋润+提亮,¥213.64/300ml,英国,
Devoted Creations 黑色天鹅绒抗橙哑光黑古铜色美黑乳液 362ml,378.96,Devoted Creations Black Velvet Anti-Orange Matte Dark Tanning Lotion,Devoted Creations,Black Velvet,美黑乳液,黑天鹅绒美黑乳,美黑+哑光+抗橙,¥378.96/362ml,美国,
Briogeo 头发造型乳液 防热 保护 113g 所有发质 男女通用,312.45,Briogeo防热护发造型乳液,Briogeo,,护发乳,头发造型乳液,防热+保护+造型,¥312/113g,美国,
Biotherm 碧欧泉 男士活源紧致抗衰老乳液 200ml 补水保湿 生日礼物送男友,394.68,碧欧泉男士活源紧致抗衰老乳液,碧欧泉,活源,乳液,蓝钻乳液,抗老+紧致+保湿,¥394.68/200ml,法国,
CeraVe 身体乳液 保湿滋润 平滑肌肤 237ml 适合青少年 水杨酸 干性肌肤 1件装,137.41,CeraVe保湿修护身体乳,CeraVe,保湿修护,身体乳,修护乳,保湿+修护+平滑肌肤,¥137/237ml,美国,
Vaseline Intensive Care Essential 治愈乳液，100ml*2,200.19,凡士林特效润肤乳,凡士林,Intensive Care,身体乳,治愈乳液,保湿+修护+舒缓,¥100.19/100ml,美国,
Avena Instituto Espanol 身体乳液 保湿 500ml*2 适合成人使用 适合各种肤质,137.85,Avena Instituto Espanol 保湿身体乳液,Avena Instituto Espanol,,身体乳,,保湿+滋润,¥137.85/1000ml,西班牙,
"Puffs Plus 乳液面部纸巾,10 块,每盒 56 张纸巾(包装可能有所不同)",418.43,,,,,,,,,返回数据列数不正确
"312g Optiphen 防腐剂 - 油溶性天然防腐剂,Optiphen 适合制作肥皂、护发素、乳液、面霜等",376.48,,,,防腐剂,,防腐,¥376.48/312g,,
Pili 硫磺乳液。 Loción azufrada。 有助于控制油性皮肤。,225.18,Pili硫磺乳液,Pili,,乳液,,控油,¥225.18/瓶,,
Rose of Bulgaria 身体乳液 维生素E 适合干性肌肤,219.05,Rose of Bulgaria 维生素E身体乳,Rose of Bulgaria,,身体乳,保加利亚玫瑰身体乳,保湿+滋润+修护,¥219/250ml,保加利亚,
Weleda 维蕾德 身体乳液 美白 适合成人使用 乳酸 适合各种肤质 1件装 150ml,158.09,Weleda美白身体乳液,Weleda,维蕾德,身体乳液,维蕾德美白乳,美白+保湿+温和,¥158/150ml,德国,
Mustela 妙思乐 Hydra Bebe身体乳液，适合一般皮肤，300ml,254.01,Mustela Hydra Bebe身体乳液,妙思乐,Hydra Bebe,身体乳,小蓝瓶,保湿+舒缓+温和,¥254.01/300ml,法国,
Lubriderm 身体乳液 保湿 236ml 适合成人使用 甘油 适合中性肤质 3件装,573.3,Lubriderm Advanced Therapy Lotion,露比黎登,,身体乳,露比黎登身体乳,保湿+滋润+修护,¥191/236ml,美国,
Suave 丝华芙 身体乳液 舒缓 532ml 适合成人 卡普里酰甘油 卡波姆 适合干性肌肤 6件装,296.81,Suave丝华芙舒缓身体乳液,Suave,丝华芙,身体乳液,丝华芙身体乳,舒缓+保湿,¥296.81/532ml,美国,
Burt's Bees 婴儿乳液 低过敏性 170g 适合成人使用 薰衣草 适合所有肤质 3件装,218.1,Burt's Bees婴儿润肤乳,Burt's Bees,婴儿系列,乳液,小蜜蜂婴儿乳,保湿+舒缓+低敏,¥218.1/170g,美国,
Neutrogena 露得清 身体凝胶和乳液 240g玻尿酸 适合干性肌肤 1件装,94.14,露得清玻尿酸身体乳,露得清,玻尿酸,身体乳,玻尿酸身体乳,保湿+滋润+修护,¥94/240g,美国,
SHEA MOISTURE 护发造型霜和乳液 保湿 增强卷曲 控油防毛躁 轻盈 340克 卷发 粗发 男女通用,92.68,SHEA MOISTURE护发造型霜和乳液,SHEA MOISTURE,,护发霜,卷发霜,保湿+增强卷曲+控油防毛躁,¥92.68/340g,美国,
Jergens 身体乳液 保湿 384ml 适合成人使用 甘油 适合各种肤质 1件装,107.15,Jergens超保湿身体乳液,Jergens,超保湿,身体乳,,保湿+滋润+温和,¥107/384ml,美国,
"Mary&May 维生素C + 双歧杆菌乳液,适用于所有肤质的维生素乳液,密集提亮肌肤,改善肤色和质地的外观 4.2 液盎司",286.42,Mary&May 维生素C + 双歧杆菌乳液,Mary&May,,乳液,VC双歧杆菌乳液,提亮+改善肤色,¥286/125ml,韩国,
Lubriderm 身体乳液 补水 473ml 适合成人 含有神经酰胺 适合干性肌肤 6件装,350.39,Lubriderm Advanced Therapy Lotion,露比黎登,,身体乳,露比黎登身体乳,补水+修护+保湿,¥350.39/473ml,美国,
Schwarzkopf 施华蔻 Igora Royal Vibrance Activator 乳液 4% 13 卷 1 升,303.43,施华蔻Igora Royal Vibrance Activator染发乳液,施华蔻,Igora Royal,染发剂,皇家活力激活剂,护色+滋养+锁色,¥303/1000ml,德国,
OLAY 身体乳液 滋润 502ml 适合成人使用 视黄醇 适合中性肤质 1件装,110.29,OLAY视黄醇滋润身体乳,OLAY,视黄醇,身体乳,OLAY身体乳,滋润+抗老+保湿,¥110/502ml,美国,
Old Spice 身体乳液 保湿 473ml 适合成人使用 适合所有肤质 1件装,108.76,Old Spice保湿身体乳液,Old Spice,,身体乳液,,保湿+滋润,¥108.76/473ml,美国,
"TRISWIM 儿童游泳皂和乳液套装 8 液体盎司(约 251.4 毫升)| 无泪 2 合 1 儿童游泳洗发水去除氯/沐浴露和保湿乳液套装 | 温和氯溶液,适合儿童清洁",375.97,TRISWIM儿童游泳洗发沐浴露+乳液套装,TRISWIM,,沐浴露,游泳小蓝瓶,去氯+保湿,¥375.97/251.4ml,美国,
Jack Black 身体乳液 快速渗透的凉爽身体乳液 16液体盎司(约473毫升) 适合成人使用 维生素E 适合正常肌肤 1件装,233.88,Jack Black快速渗透凉爽身体乳液,Jack Black,,身体乳液,Jack Black身体乳,保湿+舒缓+清爽,¥233.88/473ml,美国,
Ahava 身体乳液 提供滋润和平滑 营养皮肤 3.4盎司(约96.9克) 适合成人使用 乳酸 适合各种肤质 1件装,275.91,Ahava矿物保湿身体乳,Ahava,,身体乳,Ahava身体乳,滋润+平滑+营养,¥275.91/96.9g,以色列,
NuFACE 面霜和保湿乳液 临床证明可提供持续24小时的即时和长效保湿 97.6ml,532.74,,,,,,,,,返回数据列数不正确
Collagenetics 2 合 1 Pro Red Light Therapy Prep 美黑乳液,298.27,Collagenetics 2 合 1 Pro Red Light Therapy Prep 美黑乳液,Collagenetics,Pro Red Light Therapy,乳液,,美黑+红光护理,¥298.27/瓶,美国,
Old Spice 身体乳液 保湿 473ml 适合成人使用 适合所有肤质 1件装,107.59,Old Spice保湿身体乳液,Old Spice,,身体乳液,,保湿+滋润,¥107.59/473ml,美国,
Keri 原装*保湿乳液，柔滑香味，泵，900 毫升/30.4 盎司,259.39,Keri保湿乳液,Keri,,乳液,,保湿+滋润,¥259/900ml,美国,
Old Spice 身体乳液 保湿 适合成人 椰子油 薰衣草 适合各种肤质 473ml*4,374.07,Old Spice保湿身体乳液,Old Spice,,身体乳液,,保湿+滋润+舒缓,¥374.07/473ml*4,美国,
Neutrogena 露得清 身体乳液 453g*2 适合成人使用 适合各种肤质 含有玻尿酸 2件装,184.62,露得清深层保湿身体乳,露得清,深层保湿,身体乳,玻尿酸身体乳,保湿+修护+舒缓,¥92.31/453g,美国,
Victoria's Secret 身体乳液 226g 适合成人使用 1件装,258.07,维多利亚的秘密香氛身体乳,Victoria's Secret,,身体乳,维密身体乳,保湿+香氛,¥258/226ml,美国,
"Advanced Clinicals 视黄醇身体乳液 + 紧致胶原蛋白身体油 2 件套 | 无香料视黄醇面部乳液 + 胶原蛋白按摩身体油 | 视黄醇霜绉纱皮肤护理,2 件套",307.56,,,,,,,,,返回数据列数不正确
One Love Organics 身体凝胶和乳液 保湿 适合成人 椰子 适合中性肤质 60g,423.91,One Love Organics 椰子身体凝胶乳液,One Love Organics,,身体乳,椰子身体乳,保湿+滋润,¥423.91/60g,美国,
Yes To 面部清洁乳液 舒缓 男女通用 6液体盎司(约177.9 ml) 1件装,95.75,Yes To舒缓面部清洁乳液,Yes To,舒缓,洁面乳,Yes To洁面乳,舒缓+清洁,¥95.75/177.9ml,美国,
GUERLAIN 娇兰 身体乳液 滋润肌肤 5.0盎司(约141.75克) 适合成人使用 适合各种肤质,643.54,娇兰御廷兰花身体乳,娇兰,御廷兰花,身体乳,兰花身体乳,滋润+修护,¥643/141.75g,法国,
2 Ed Hardy 椰子亲吻皮肤软化金色室内紫外线床美黑乳液 400ml*2,423.11,Ed Hardy椰子亲吻皮肤软化金色室内紫外线床美黑乳液,Ed Hardy,,美黑乳液,,美黑+滋润,¥423.11/400ml*2,美国,
L'OCCITANE 欧舒丹 身体乳液 软化皮肤 29.6ml 成人 乳木果脂 适合各种肤质 1件装,202.67,欧舒丹乳木果身体乳,欧舒丹,乳木果,身体乳,乳木果身体乳,滋润+软化皮肤+保湿,¥202.67/29.6ml,法国,
"European Gold Dark Star 5000X 室内美黑乳液,354ml",223.36,European Gold Dark Star 5000X 室内美黑乳液,European Gold,5000X,美黑乳液,黑星乳液,美黑+保湿+速干,¥223.36/354ml,美国,
Neutrogena 露得清 身体乳液 保湿 399ml*3 适合成人使用 薄荷醇 适合干性肌肤 3件装,496.93,露得清深层滋润身体乳,露得清,深层滋润,身体乳,挪威身体乳,保湿+滋润+舒缓,¥165/400ml,美国,
Le Petit Olivier 身体乳液 保湿 滋润 柔软 250ml 适合成人使用 绿茶 适合油性肤质,145.74,Le Petit Olivier绿茶保湿身体乳液,Le Petit Olivier,,身体乳,绿茶身体乳,保湿+滋润+柔软,¥145.74/250ml,法国,
StriVectin 面部保湿乳液 明显减少细纹 深层皱纹 1.7液体盎司(约50.5 ml) 适合成人使用 玻尿酸 适合各种肤质 1件装,430.86,StriVectin抗皱保湿乳液,StriVectin,抗皱系列,乳液,抗皱小蓝瓶,抗皱+保湿+紧致,¥430/50ml,美国,
Vaseline 身体乳液 提供滋润保湿 20.3液体盎司(约600毫升) 适合成人使用 甘油 适合中性肤质 4件装,247.48,凡士林倍护特润身体乳,凡士林,倍护特润,身体乳,大粉瓶,滋润+保湿+修护,¥247.48/600ml,美国,
Eucerin 身体凝胶和乳液 保湿 226g 适合成人使用 乳酸 适合干性肌肤 1件装,106.64,优色林舒安修护身体乳,优色林,舒安修护,身体乳,修护大白罐,保湿+修护+舒缓,¥107/226g,德国,
everyone for every body 身体乳液 滋养 32液量盎司 适合成人使用 维生素E 适合干性肤质 2件装,247.19,everyone for every body 滋养身体乳液,everyone,无,身体乳,无,滋养+保湿+维生素E,¥247.19/32oz,美国,
