﻿原始产品名,原始价格,产品全称,品牌,产品线,品类,昵称,功效,参考价格,品牌产地,error
NOW Foods 面部护理面膜 男女通用 适用于油性肌肤 临床测试 清洁 312g,100,NOW Foods 面部护理面膜,NOW Foods,,面膜,,清洁+控油,¥100/312g,美国,
Doctor BABOR 芭宝 Cryo Plumping 面膜 清新滋养面膜 24 小时即时保湿 | 光滑和紧致肌肤 | 纯植物性 | 1 件,100,Doctor BABOR Cryo Plumping面膜,Doctor BABOR,Cryo Plumping,面膜,芭宝冰感面膜,保湿+紧致+滋养,¥100/1件,德国,
L'Oréal 欧莱雅 Série Expert Absolute Golden 面膜,100,欧莱雅Série Expert Absolute Golden面膜,欧莱雅,Série Expert Absolute Golden,面膜,黄金面膜,滋养+修护+提亮,¥100/50ml,法国,
NOW Foods 面部护理面膜 男女通用 适用于油性肌肤 临床测试 清洁 312g,100,NOW Foods 面部护理面膜,NOW Foods,,面膜,,清洁+控油,¥100/312g,美国,
OLAY 面膜 女性 干燥 含乳木果油 滋润 100ml,100,OLAY新生塑颜焕活面膜,OLAY,新生塑颜,面膜,OLAY大红瓶面膜,滋润+保湿+紧致,¥100/100ml,美国,
NILUTO 深层胶原蛋白抗皱提升面膜 生物胶原蛋白面膜 生物胶原蛋白深层胶原蛋白面膜 抗皱面膜 深层提升胶原蛋白面膜 36g*8片,100,NILUTO 深层胶原蛋白抗皱提升面膜,NILUTO,,面膜,胶原蛋白面膜,抗皱+提升+保湿,¥100/36g*8片,,
Moroccanoil 护发面膜 深层滋养 16.9液体盎司 适合成人 女性 深层滋养 重建发质强度 恢复弹性,100,Moroccanoil深层滋养护发面膜,Moroccanoil,,发膜,摩洛哥发膜,滋养+修复+强韧,¥100/500ml,以色列,
Doctor BABOR 芭宝 Cryo Plumping 面膜 清新滋养面膜 24 小时即时保湿 | 光滑和紧致肌肤 | 纯植物性 | 1 件,100,Doctor BABOR Cryo Plumping面膜,Doctor BABOR,Cryo Plumping,面膜,芭宝冰感面膜,保湿+紧致+滋养,¥100/1件,德国,
"SUNGBOON EDITOR 官方深层胶原蛋白面膜 (1ea) | TikTok Trend 商品 | 真正胶原蛋白 2,160,000PPB 弹性 | 保湿胶原蛋白面膜 | 韩国皮肤护理 37g",100,SUNGBOON EDITOR 深层胶原蛋白面膜,SUNGBOON,EDITOR,面膜,胶原蛋白面膜,保湿+弹性+紧致,¥100/37g,韩国,
Neutrogena 露得清 面膜 男女通用 补水 滋养 保湿 塑形 含透明质酸 补水 30g*12片,100,露得清水活盈透保湿面膜,露得清,水活盈透,面膜,水活面膜,补水+保湿+滋养,¥100/30g*12片,美国,
Natura Bissé Inhibit Tensolift 颈部面膜 15ml*1片,100,Natura Bissé Inhibit Tensolift 颈部面膜,Natura Bissé,Inhibit Tensolift,面膜,钻石颈膜,紧致+提拉+抗皱,¥100/15ml,西班牙,
WFWJ 面部护理面膜 旅行装 细纹护理,100,WFWJ面部护理面膜旅行装,,,,,细纹护理,¥100/份,,
Moroccanoil 护发面膜 深层滋养 16.9液体盎司 适合成人 女性 深层滋养 重建发质强度 恢复弹性,100,Moroccanoil深层滋养护发面膜,Moroccanoil,,发膜,摩洛哥发膜,滋养+修护+强韧,¥100/500ml,以色列,
"Garnier 卡尼尔降临日历,布口罩套装,带面膜的美容套装,适用于Hydra Bomb 和 SkinActive,1 x 12 口罩",100,,,,,,,,,返回数据列数不正确
Natura Bissé Inhibit Tensolift 颈部面膜 15ml*1片,100,Natura Bissé Inhibit Tensolift 颈部面膜,Natura Bissé,Inhibit Tensolift,面膜,钻石颈膜,紧致+提拉+抗皱,¥100/15ml,西班牙,
"Macadamia Professional Natural Oil 深层修复面膜,470 ml",100,Macadamia Professional Natural Oil 深层修复面膜,Macadamia Professional,Natural Oil,面膜,马卡龙面膜,修复+滋养+深层护理,¥100/470ml,美国,
Yes To 面膜 男女通用 补水 舒缓 补水 软化肌肤 舒缓 3液体盎司(约89毫升),100,Yes To黄瓜舒缓补水面膜,Yes To,黄瓜,面膜,黄瓜面膜,补水+舒缓+软化肌肤,¥100/89ml,美国,
Lumene 面膜 女性 平滑肌肤 美白 提供维生素 去角质 天然成分 光滑肌肤 150ml,100,Lumene北极冰泉补水面膜,Lumene,北极冰泉,面膜,北极面膜,补水+美白+去角质,¥100/150ml,芬兰,
MENOKIN 面部护理面膜 女性 保湿 提供维生素 快速修复面膜 亮肤 1件装 95ml,100,MENOKIN快速修复面膜,MENOKIN,,面膜,修复面膜,保湿+亮肤+修复,¥100/95ml,,
"Grown Alchemist 抗衰老修复凝胶面膜(75 毫升/3.5 盎司),抗衰老肽面膜,保湿,紧致和抗皱",100,Grown Alchemist抗衰老修复凝胶面膜,Grown Alchemist,抗衰老修复,面膜,抗衰老肽面膜,保湿+紧致+抗皱,¥100/75ml,澳大利亚,
"Mediheal Essential HERO 30 片装(胶原蛋白、茶树、Madecassoside)| 韩国护肤面膜组合,保湿,舒缓瑕疵",100,Mediheal Essential HERO面膜30片,Mediheal,Essential HERO,面膜,茶树面膜,保湿+舒缓+修护,¥100/30片,韩国,
"medicube 姜黄隔夜包装去皮面膜 - 用水解胶原蛋白滋养暗淡、不均匀的皮肤,令肌肤焕发光泽,提高弹性。韩国护肤,75ml",100,medicube姜黄隔夜包装去皮面膜,medicube,姜黄,面膜,姜黄面膜,滋养+焕亮+弹性,¥100/75ml,韩国,
Guinot 面膜 男女通用 水疗 深层补水滋润面膜 补水滋润 50ml,100,Guinot深层补水滋润面膜,Guinot,,面膜,水疗面膜,补水+滋润,¥100/50ml,法国,
Freeman 面部护理面膜 女性 排毒 无动物实验测试 舒缓 175ml,100,Freeman排毒舒缓面膜,Freeman,,面膜,,排毒+舒缓,¥100/175ml,美国,
"Insutam 前额抗皱贴片:夜间面部皱纹贴片,提升女士微笑线条 12prs",100,Insutam前额抗皱贴片,Insutam,,贴片,抗皱贴片,抗皱+紧致+提拉,¥100/12prs,,
"ELEMIS 动态换肤凝胶面膜 ,50ml",100,ELEMIS动态换肤凝胶面膜,ELEMIS,动态换肤,面膜,换肤面膜,清洁+焕肤+补水,¥100/50ml,英国,
FarmHouse Fresh 面膜 三合一面膜套装 提供光泽、补水和紧致效果 29.5ml*3,100,FarmHouse Fresh三合一面膜套装,FarmHouse Fresh,,面膜,三合一面膜,光泽+补水+紧致,¥100/29.5ml*3,美国,
Fresh 面膜 女性 无香料 30ml*2,100,Fresh玫瑰润泽保湿双效面膜,Fresh,玫瑰润泽,面膜,玫瑰面膜,保湿+舒缓+补水,¥100/30ml*2,美国,
FarmHouse Fresh 面膜 三合一面膜套装 提供光泽、补水和紧致效果 29.5ml*3,100,FarmHouse Fresh三合一面膜套装,FarmHouse Fresh,,面膜,三合一面膜,光泽+补水+紧致,¥100/29.5ml*3,美国,
"YEAღ SMOOTHIE 巴西莓面膜,石榴,视黄醇 - 保湿面膜,密集护理,光彩照人 - 100% 可生物降解 - 1 件装",100,,,,,,,,,返回数据列数不正确
Sisley 希思黎 Express Flower Gel 保湿护理面膜-60毫升,100,Sisley希思黎花香保湿面膜,Sisley,花香,面膜,花香面膜,保湿+舒缓,¥100/60ml,法国,
Fanola Wonder 卷发面膜 1000毫升,100,Fanola Wonder卷发面膜,Fanola,Wonder,面膜,无,滋养+定型+修复,¥100/1000ml,意大利,
"面膜去角质专业海藻酸盐面膜,含茶树油薄荷,用于清洁面部天然化妆品SPA质量清洁面膜,适用于所有皮肤类型8 * 30克.",100,海藻酸盐清洁面膜,,,面膜,清洁面膜,清洁+控油+舒缓,¥100/240g,,
Fresh 面膜 女性 无香料 30ml*2,100,Fresh玫瑰润泽保湿双效面膜,Fresh,玫瑰润泽,面膜,玫瑰面膜,保湿+舒缓+补水,¥100/30ml*2,美国,
"VESPRO 25g*100片 胶原蛋白精华面膜,面膜护肤,保湿面膜,适合所有肤质,保湿舒缓,自然护肤水疗面膜",100,,,,,,,,,返回数据列数不正确
"Amika 护发面膜 此修复面膜可减少断裂,防止损坏,并加强发丝 16.0液体盎司 适合成人 女性",100,Amika The Kure Repair Hair Mask,Amika,The Kure,发膜,修复发膜,修复+防断+强韧,¥100/473ml,美国,
"BIODANCE 生物胶原蛋白深层面膜,保湿隔夜水凝胶面膜,缩小毛孔,改善弹性,34g x4ea",100,,,,,,,,,返回数据列数不正确
WFWJ 面部护理面膜 旅行装 细纹护理,100,WFWJ 面部护理面膜 旅行装 细文护理,,,,,,¥100/,,
"SUNGBOON EDITOR 官方深层胶原蛋白面膜 (1ea) | TikTok Trend 商品 | 真正胶原蛋白 2,160,000PPB 弹性 | 保湿胶原蛋白面膜 | 韩国皮肤护理 37g",100,SUNGBOON EDITOR 深层胶原蛋白面膜,SUNGBOON,EDITOR,面膜,胶原蛋白面膜,保湿+弹性+紧致,¥100/37g,韩国,
Nexxus 护发面膜 30.0 液体盎司 适合成人 女性 滋润,100,Nexxus Hydra-Light 护发面膜,Nexxus,Hydra-Light,发膜,,滋润+修复,¥100/30oz,美国,
Neutrogena 露得清 面膜 男女通用 补水 滋养 保湿 塑形 含透明质酸 补水 30g*12片,100,露得清深层保湿补水面膜,露得清,深层保湿,面膜,水活面膜,补水+滋养+保湿,¥100/30g*12片,美国,
L'Oréal 欧莱雅 Série Expert Absolute Golden 面膜,100,欧莱雅Série Expert Absolute Golden面膜,欧莱雅,Série Expert Absolute,面膜,黄金面膜,滋养+修护+提亮,¥100/50ml,法国,
"Macadamia Professional Natural Oil 深层修复面膜,470 ml",100,Macadamia Professional Natural Oil 深层修复面膜,Macadamia Professional,Natural Oil,面膜,马卡龙面膜,修复+滋养+深层护理,¥100/470ml,美国,
"ANAiRUi 姜黄粘土面膜 - 绿茶*粘土面膜 - 死海矿物质泥面膜,水疗面膜套装,70g*3",100,,,,,,,,,返回数据列数不正确
OLAY 面膜 女性 干燥 含乳木果油 滋润 100ml,100,OLAY新生塑颜乳木果油面膜,OLAY,新生塑颜,面膜,塑颜面膜,滋润+保湿+修护,¥100/100ml,美国,
Doctor BABOR 芭宝 Cryo Plumping 面膜 清新滋养面膜 24 小时即时保湿 | 光滑和紧致肌肤 | 纯植物性 | 1 件,100,Doctor BABOR Cryo Plumping面膜,Doctor BABOR,Cryo Plumping,面膜,芭宝冰感面膜,保湿+紧致+滋养,¥100/1件,德国,
NILUTO 深层胶原蛋白抗皱提升面膜 生物胶原蛋白面膜 生物胶原蛋白深层胶原蛋白面膜 抗皱面膜 深层提升胶原蛋白面膜 36g*8片,100,NILUTO 深层胶原蛋白抗皱提升面膜,NILUTO,,面膜,胶原蛋白面膜,抗皱+提升+保湿,¥100/36g*8片,,
Natura Bissé Inhibit Tensolift 颈部面膜 15ml*1片,100,Natura Bissé Inhibit Tensolift 颈部面膜,Natura Bissé,Inhibit Tensolift,面膜,钻石颈膜,紧致+提拉+抗皱,¥100/15ml,西班牙,
Lumene 面膜 女性 平滑肌肤 美白 提供维生素 去角质 天然成分 光滑肌肤 150ml,100,Lumene北极泉水面膜,Lumene,北极泉水,面膜,北极面膜,保湿+美白+去角质,¥100/150ml,芬兰,
"保湿面膜保湿面膜护肤面膜,透明质酸面膜,含维生素B5,女士面膜,面膜,*面膜,25g*10",100,,,,,,,,,返回数据列数不正确
"Naturally 修复胶原蛋白面膜,含5 张面膜 25g*5片",100,Naturally 修复胶原蛋白面膜,Naturally,,面膜,胶原蛋白面膜,修复+保湿+紧致,¥100/25g*5片,,
"Fokiabin 果冻面膜适用于面部专业天然凝胶面膜,亮白保湿橡胶面膜,650g罐装面膜护肤(保加利亚玫瑰)",100,Fokiabin保加利亚玫瑰果冻面膜,Fokiabin,,面膜,玫瑰果冻面膜,亮白+保湿,¥100/650g,保加利亚,
"Garnier 卡尼尔降临日历,布口罩套装,带面膜的美容套装,适用于Hydra Bomb 和 SkinActive,1 x 12 口罩",100,,,,,,,,,返回数据列数不正确
MENOKIN 面部护理面膜 女性 保湿 提供维生素 快速修复面膜 亮肤 1件装 95ml,100,MENOKIN快速修复面膜,MENOKIN,,面膜,,保湿+修复+亮肤,¥100/95ml,,
"Mediheal Essential HERO 30 片装(胶原蛋白、茶树、Madecassoside)| 韩国护肤面膜组合,保湿,舒缓瑕疵",100,Mediheal Essential HERO面膜30片,Mediheal,Essential HERO,面膜,茶树面膜,保湿+舒缓+修护,¥100/30片,韩国,
Yes To 面膜 男女通用 补水 舒缓 补水 软化肌肤 舒缓 3液体盎司(约89毫升),100,Yes To 黄瓜补水面膜,Yes To,黄瓜,面膜,黄瓜面膜,补水+舒缓+软化肌肤,¥100/89ml,美国,
"Grown Alchemist 抗衰老修复凝胶面膜(75 毫升/3.5 盎司),抗衰老肽面膜,保湿,紧致和抗皱",100,Grown Alchemist抗衰老修复凝胶面膜,Grown Alchemist,抗衰老修复,面膜,抗衰老肽面膜,保湿+紧致+抗皱,¥100/75ml,澳大利亚,
Guinot 面膜 男女通用 水疗 深层补水滋润面膜 补水滋润 50ml,100,Guinot深层补水滋润面膜,Guinot,,面膜,水疗面膜,补水+滋润,¥100/50ml,法国,
"BIODANCE 生物胶原蛋白深层面膜,保湿隔夜水凝胶面膜,缩小毛孔,改善弹性,34g x4ea",100,,,,,,,,,返回数据列数不正确
"medicube 姜黄隔夜包装去皮面膜 - 用水解胶原蛋白滋养暗淡、不均匀的皮肤,令肌肤焕发光泽,提高弹性。韩国护肤,75ml",100,medicube姜黄隔夜包装去皮面膜,medicube,姜黄,面膜,姜黄面膜,滋养+焕亮+弹性,¥100/75ml,韩国,
FarmHouse Fresh 面膜 三合一面膜套装 提供光泽、补水和紧致效果 29.5ml*3,100,FarmHouse Fresh三合一面膜套装,FarmHouse Fresh,,面膜,三合一面膜,光泽+补水+紧致,¥100/29.5ml*3,美国,
Fresh 面膜 女性 无香料 30ml*2,100,Fresh玫瑰润泽保湿双效面膜,Fresh,玫瑰润泽,面膜,玫瑰面膜,保湿+舒缓+补水,¥100/30ml*2,美国,
"YEAღ SMOOTHIE 巴西莓面膜,石榴,视黄醇 - 保湿面膜,密集护理,光彩照人 - 100% 可生物降解 - 1 件装",100,,,,,,,,,返回数据列数不正确
FarmHouse Fresh 面膜 三合一面膜套装 提供光泽、补水和紧致效果 29.5ml*3,100,FarmHouse Fresh三合一面膜套装,FarmHouse Fresh,,面膜,三合一面膜,光泽+补水+紧致,¥100/29.5ml*3,美国,
"ELEMIS 动态换肤凝胶面膜 ,50ml",100,ELEMIS动态焕肤凝胶面膜,ELEMIS,动态焕肤,面膜,换肤面膜,清洁+焕肤+补水,¥100/50ml,英国,
"VESPRO 25g*100片 胶原蛋白精华面膜,面膜护肤,保湿面膜,适合所有肤质,保湿舒缓,自然护肤水疗面膜",100,,,,,,,,,返回数据列数不正确
Fresh 面膜 女性 无香料 30ml*2,100,Fresh玫瑰润泽保湿双效面膜,Fresh,玫瑰润泽,面膜,玫瑰面膜,保湿+舒缓,¥100/30ml*2,美国,
Sisley 希思黎 Express Flower Gel 保湿护理面膜-60毫升,100,Sisley希思黎花香保湿面膜,Sisley,花香,面膜,花香面膜,保湿+舒缓,¥100/60ml,法国,
"Amika 护发面膜 此修复面膜可减少断裂,防止损坏,并加强发丝 16.0液体盎司 适合成人 女性",100,Amika护发修复发膜,Amika,,发膜,Amika发膜,修复+防断+强韧,¥100/473ml,美国,
Fanola Wonder 卷发面膜 1000毫升,100,Fanola Wonder 卷发面膜,Fanola,Wonder,面膜,无,滋养+定型+修复,¥100/1000ml,意大利,
Nexxus 护发面膜 30.0 液体盎司 适合成人 女性 滋润,100,Nexxus Hydra-Light Weightless Moisture Masque,Nexxus,Hydra-Light,发膜,,滋润+修复+柔顺,¥100/30oz,美国,
Babor 芭宝 SKINOVAGE 活力面膜 专为疲倦暗沉肌肤设计 富含维生素C的保湿面膜 植物配方 50毫升,100,Babor SKINOVAGE活力面膜,Babor,SKINOVAGE,面膜,活力面膜,保湿+提亮+舒缓,¥100/50ml,德国,
"面膜去角质专业海藻酸盐面膜,含茶树油薄荷,用于清洁面部天然化妆品SPA质量清洁面膜,适用于所有皮肤类型8 * 30克.",100,,,,,,,,,返回数据列数不正确
Schaebens 保湿面膜，100ml|5ml*2份*10件,100,Schaebens保湿面膜,Schaebens,,面膜,,保湿+补水,¥100/100ml,德国,
"保湿面膜保湿面膜护肤面膜,透明质酸面膜,含维生素B5,女士面膜,面膜,*面膜,25g*10",100,,,,,,,,,返回数据列数不正确
ESPA | 等渗保湿面膜 | 55毫升,100,ESPA等渗保湿面膜,ESPA,等渗,面膜,等渗面膜,保湿+舒缓+修护,¥100/55ml,英国,
Perricone MD 面部护理面膜 无香型 提供强大的补水 59ml,100,Perricone MD 面部护理面膜,Perricone MD,面部护理,面膜,无香面膜,补水+保湿,¥100/59ml,美国,
SHEA MOISTURE 护发面膜 无动物实验测试 325ml 适合成人使用 女性 修复受损发质,100,SHEA MOISTURE深层修护发膜,SHEA MOISTURE,,发膜,修护发膜,修复+滋养,¥100/325ml,美国,
Babor 芭宝 SKINOVAGE 活力面膜 专为疲倦暗沉肌肤设计 富含维生素C的保湿面膜 植物配方 50毫升,100,Babor SKINOVAGE活力面膜,Babor,SKINOVAGE,面膜,活力面膜,保湿+提亮+抗氧化,¥100/50ml,德国,
Perricone MD 面部护理面膜 男女通用 保湿 柔滑 无动物实验测试 提供即时和持久的保湿 59ml,100,Perricone MD保湿护理面膜,Perricone MD,,面膜,,保湿+柔滑,¥100/59ml,美国,
"ANAiRUi 姜黄粘土面膜 - 绿茶*粘土面膜 - 死海矿物质泥面膜,水疗面膜套装,70g*3",100,,,,,,,,,返回数据列数不正确
"面膜去角质专业海藻酸盐面膜,含茶树油薄荷,用于清洁面部天然化妆品SPA质量清洁面膜,适用于所有皮肤类型8 * 30克.",100,,,,,,,,,返回数据列数不正确
"SUERBEATY 红光面膜,7-1 色红光面部,红蓝光面膜,面部皮肤护理面膜,女士礼品,无绳,便携,可充电",100,,,,,,,,,返回数据列数不正确
"ANAiRUi 姜黄粘土面膜 - 绿茶*粘土面膜 - 死海矿物质泥面膜,水疗面膜套装,70g*3",100,,,,,,,,,返回数据列数不正确
Caudalie VinoHydra 保湿面膜,100,欧缇丽葡萄源舒缓保湿面膜,欧缇丽,VinoHydra,面膜,葡萄保湿面膜,保湿+舒缓+修护,¥100/75ml,法国,
Quality 1st The Derma 敏感面膜-30张-Cica,100,Quality 1st The Derma Cica面膜,Quality 1st,The Derma,面膜,Cica面膜,舒缓+修护+保湿,¥100/30张,韩国,
DECLÉOR 面部护理面膜 男女通用 50ml,100,DECLÉOR芳香柔润保湿面膜,DECLÉOR,芳香柔润,面膜,芳香面膜,保湿+舒缓+修护,¥100/50ml,法国,
"RtLvio LED 面膜光疗,7 色 LED 光疗面膜,适用于面部皮肤护理,彩色 LED 美容面膜,LED 面膜治疗面部,",100,,,,,,,,,返回数据列数不正确
"Karuna Hit Rewind 抗皱修护面膜和贴片套装,包括 2 个保湿面膜、2 个抗衰老面膜和 4 个微针贴片",100,Karuna Hit Rewind抗皱修护面膜和贴片套装,Karuna,Hit Rewind,面膜套装,Hit Rewind套装,抗皱+修护+保湿,¥100/套,美国,
"PROcure Rosacare 舒缓面膜,含透明质酸水凝胶,适用于酒糟鼻症状,25ml*5",100,PROcure Rosacare舒缓面膜,PROcure,Rosacare,面膜,Rosacare面膜,舒缓+修护+保湿,¥100/25ml*5,美国,
Dermaroller 丝质面膜强效透明质酸保湿霜含 Matriyxl 3000 生育酚提升胶原蛋白保湿干性皮肤减少细纹皱纹一次性面膜 18ml*5片,100,Dermaroller玻尿酸保湿面膜,Dermaroller,,面膜,玻尿酸面膜,保湿+抗老+修复,¥100/18ml*5片,德国,
"Baysea 僵尸面膜 - 僵尸面膜皮肤护理,僵尸洗净面膜,保湿护肤面膜,用于平滑皮肤修复,毛孔收紧和提升深层清洁粘土泥面膜 7.5g*8",100,Baysea僵尸面膜,Baysea,,面膜,僵尸面膜,清洁+保湿+紧致,¥100/60g,,
"Mediheal Dermaplus 芦荟面膜(10 片) - 日常纯素面膜,含泛醇和透明质酸,韩国自我护肤面膜面膜 22ml*10片",100,Mediheal Dermaplus 芦荟面膜,Mediheal,Dermaplus,面膜,水库面膜,补水+舒缓+修复,¥100/10片,韩国,
"JunKuJK 20 片保湿面膜,保湿面膜护肤礼品套装,提亮持久面膜护肤和面膜套装,适合所有肤质",100,,,,,,,,,返回数据列数不正确
"Naturally 30 种混合装,适用于面部 5 张面膜,1 件",100,,,,,,,,,返回数据列数不正确
Annmarie Skin Care 面膜 男女通用 补水 舒缓 滋养 提供氨基酸 非转基因 补水滋润干燥肌肤 1件装,100,Annmarie Skin Care氨基酸滋养面膜,Annmarie Skin Care,,面膜,氨基酸面膜,补水+舒缓+滋养,¥100/1件装,美国,
"JunKuJK 20 片保湿面膜,保湿面膜护肤礼品套装,提亮持久面膜护肤和面膜套装,适合所有肤质",100,,,,,,,,,返回数据列数不正确
"+WIS+ 密集保湿面膜,光滑面膜,25g*24片,深层保湿,含透明质酸,控油,收缩毛孔紧致抗衰老胶原蛋白",100,WIS密集保湿面膜,WIS,,面膜,小蓝罐,保湿+控油+紧致,¥100/24片,中国,
ISTON 面膜 男女通用 面部护理 弹性 补水 6件,100,ISTON水润弹力面膜,ISTON,,面膜,ISTON面膜,补水+弹性,¥100/6片,,
"AAVRANI 发光活化去角质 – 无污渍姜黄面膜,含芦荟、荷荷巴、乳木果、薰衣草和印度楝 – 去角质粘土面膜,适用于痤疮、黑斑和深层毛孔清洁,50ml(新)",100,,,,,,,,,返回数据列数不正确
"SUERBEATY 面部护理面膜 男女通用 使用前请先洗脸,使用后请涂抹保湿面膜和护肤品。建议每周使用3-4次,最佳每隔一天使用15-20分钟。 240颗灯珠 7色光 无线设计 轻便 均匀肤色 1件装",100,SUERBEATY 面部护理面膜,SUERBEATY,,面膜,,均匀肤色,¥100/1件装,,
"Princess Pippa's Place 保加利亚玫瑰果冻面膜粉 - 果冻面膜可剥离 - 保湿、保湿、抗衰老果冻面膜,适用于面部光泽和容光焕发肌肤 - 300 克/10.5 盎司",100,Princess Pippa's Place 保加利亚玫瑰果冻面膜粉,Princess Pippa's Place,,面膜粉,玫瑰果冻面膜,保湿+抗老+提亮,¥100/300g,保加利亚,
"nvyue 金色去角质面膜,98.4% 金色去角质面膜,抗衰老金面膜用于保湿去除黑头,减少细纹,清洁毛孔",100,,,,,,,,,返回数据列数不正确
"Jutqut 淡水珍珠粉有机,100g 100% 天然珍珠粉,有机珍珠粉,DIY 护肤 — DIY 抗氧化,保湿,收缩毛孔,抗衰老面膜,珍珠粉补充剂",100,Jutqut有机淡水珍珠粉,Jutqut,,珍珠粉,珍珠粉,抗氧化+保湿+收缩毛孔,¥100/100g,,
"ulluxe 面膜套装 - 维生素 C 姜黄粘土面膜,死海泥和水杨酸面膜,用于清洁毛孔、黑头、黑斑和提亮肤色,面膜护肤,女士礼品套装 80g*3",100,,,,,,,,,返回数据列数不正确
"WELLDERMA 高级蓝宝石胶原蛋白贴合面膜 25g*4片 抗衰老胶原蛋白水凝胶面膜,保湿和光泽护理,密集抗皱紧致",100,WELLDERMA 高级蓝宝石胶原蛋白贴合面膜,WELLDERMA,高级蓝宝石,面膜,蓝宝石面膜,抗老+保湿+紧致,¥100/25g*4片,韩国,
"黑头去除面膜套装,木炭去角质面膜,带面膜刷和痘痘提取剂,深层清洁面膜适用于面部鼻黑头粉刺,适合所有肤质 100g",100,,,,,,,,,返回数据列数不正确
YG LianKai 面部护理面膜 男女通用 金色撕拉式面膜抗皱抗衰老金色面膜补水去黑头减少细纹清洁毛孔 清洁 80g*2,100,YG LianKai 金色撕拉式面膜,YG LianKai,,面膜,金色面膜,抗皱+清洁+补水,¥100/80g*2,,
YG LianKai 面部护理面膜 男女通用 旅行装 去黑头 15ml,100,YG LianKai 面部护理面膜,YG LianKai,,面膜,旅行装面膜,去黑头+清洁,¥100/15ml,,
"L'Oréal Paris 巴黎欧莱雅 护肤纯粘土面膜,含桉树,适用于油性和光泽肌肤,净化和哑光,1.7 盎司(约 48.2 克)(1 件装)",100,巴黎欧莱雅纯粘土清洁面膜,巴黎欧莱雅,纯粘土,面膜,粘土面膜,净化+控油+哑光,¥100/48.2g,法国,
WENJLYJ 面部护理面膜 无动物实验测试 120g,100,WENJLYJ 面部护理面膜,,,面膜,,保湿+舒缓,¥100/120g,,
"【OBS Lab 】10 片-组合超保湿精华面膜(共 10 片),韩国面膜,护肤保湿 20ml*10片",100,OBS Lab超保湿精华面膜,OBS Lab,超保湿,面膜,无,保湿+补水+修护,¥100/200ml,韩国,
Elizavecca 面部护理面膜 男女通用 清洁 排毒 去角质 天然成分 清洁 100片装 100ml,100,Elizavecca CER-100胶原蛋白面膜,Elizavecca,CER-100,面膜,泡泡面膜,清洁+排毒+去角质,¥100/100ml,韩国,
"导电凝胶 – 韩国配方专利,这款凝胶底漆也可用作面膜,营养密集成分,胶原蛋白,多种提取物从韩国进口。 非常适合您的微电流设备 200ml",100,导电凝胶,空值,空值,凝胶,空值,营养+紧致+导入,¥100/200ml,韩国,
COSRX 面膜 女性 补水 无动物实验 三重透明质酸补水 0.67液体盎司(约20毫升),100,COSRX三重透明质酸补水面膜,COSRX,三重透明质酸,面膜,无动物实验面膜,补水+保湿+温和,¥100/20ml,韩国,
"面部前额抗皱贴片:面部平滑硅胶面膜 - 眼部间线条矫正治疗 - 抗衰老隔夜胶带,160 片",100,面部平滑硅胶面膜,,,面膜,,抗皱+紧致,¥100/160片,,
"面部前额抗皱贴片:面部平滑硅胶面膜 - 眼部间线条矫正治疗 - 抗衰老隔夜胶带,160 片",100,面部平滑硅胶面膜,,,面膜,,抗皱+紧致,¥100/160片,,
"Talika Wonder Patch - 光滑前额贴片,滋润、光滑、紧致肌肤。天然生物纤维素面膜,适合所有肤质,含透明质酸",100,Talika Wonder Patch - 光滑前额贴片,Talika,Wonder Patch,贴片,前额贴片,滋润+光滑+紧致,¥100/盒,法国,
COSRX 面膜 女性 补水 无动物实验 三重透明质酸补水 0.67液体盎司(约20毫升),100,COSRX三重透明质酸补水面膜,COSRX,,面膜,透明质酸面膜,补水+保湿+舒缓,¥100/20ml,韩国,
scash 7 盎司(约 198.4 克)200 克 100% 天然纯 Chandan 檀香粉 适用于口罩包装 崇拜吉祥场合,100,,,,,,,,,返回数据列数不正确
Elizavecca 面部护理面膜 男女通用 清洁 排毒 去角质 天然成分 清洁 100片装 100ml,100,Elizavecca CER-100胶原蛋白面膜,Elizavecca,CER-100,面膜,泡泡面膜,清洁+排毒+去角质,¥100/100ml,韩国,
"面膜护肤,粘土面膜套装,姜黄,绿茶,死海泥,玫瑰,24K 金,茄子,鳄梨,面膜深层毛孔清洁祛痘,男女泥面膜。 5g*20",100,,,,,,,,,返回数据列数不正确
"Talika Wonder Patch - 光滑前额贴片,滋润、光滑、紧致肌肤。天然生物纤维素面膜,适合所有肤质,含透明质酸",100,Talika Wonder Patch - 光滑前额贴片,Talika,,贴片面膜,前额贴片,滋润+光滑+紧致,¥100/盒,法国,
"Garnier 卡尼尔布面膜,适用于淡皮肤的面膜,发光和保湿,含透明质酸和樱花,Hydra Bomb,5 x 28克",100,Garnier Hydra Bomb樱花补水面膜,卡尼尔,Hydra Bomb,面膜,水炸弹面膜,补水+提亮,¥100/140g,法国,
"Hebhac Herbs 死海泥粘土粉,适用于男士和女士-114 克 - 天然洁面乳,紧致皮肤,黑头去除剂 - 天然泥浆粘土粉",100,Hebhac Herbs死海泥粘土粉,Hebhac Herbs,,洁面乳,死海泥粉,清洁+紧致+去黑头,¥100/114g,以色列,
"AUSLKA 男式前额皱纹贴片 24 片 - 前额皱纹治疗,抗皱贴片,含芦荟,胶原蛋白",100,AUSLKA男士前额皱纹贴片,AUSLKA,,贴片,抗皱贴片,抗皱+保湿,¥100/24片,,
AYURVEDASHREE 死海泥 100 克 | 滋养去角质软化和排毒皮肤 | 干粘土粉 | 100% 纯死海泥粉 | 皮肤护理 | 面膜,100,AYURVEDASHREE死海泥面膜,AYURVEDASHREE,,面膜,死海泥面膜,滋养+去角质+排毒,¥100/100g,以色列,
"Salthouse 死海治疗矿物和愈合粘土面膜,含锌和死海矿物泥,净化、清洁和舒缓,2 x 7 毫升",100,Salthouse 死海治疗矿物和愈合粘土面膜,Salthouse,死海治疗,面膜,死海泥面膜,净化+清洁+舒缓,¥100/14ml,以色列,
"YHOVID前额皱纹贴片 - 抗皱面部贴片,含胶原蛋白和维生素 E ,适合夜间面部平滑细纹及皱纹护理 5g*36片",100,YHOVID前额皱纹贴片,YHOVID,,贴片,抗皱贴片,抗皱+滋养+紧致,¥100/5g*36片,中国,
Katase 面膜 女性 面膜 旅行装 清洁 2.3盎司(约65.52克),100,Katase清洁面膜,Katase,,面膜,,清洁,¥100/65.52g,日本,
Sisley 希思黎 黑玫瑰面膜 60ml,100,Sisley黑玫瑰焕采紧致面膜,Sisley,黑玫瑰,面膜,黑玫瑰面膜,紧致+焕采+滋养,¥100/60ml,法国,
"Guerlain Super Aqua 布面膜,40毫升",100,娇兰水合青春保湿面膜,娇兰,水合青春,面膜,超级水合面膜,保湿+补水+舒缓,¥100/40ml,法国,
Annmarie Skin Care 面膜 男女通用 补水 舒缓 滋养 提供氨基酸 非转基因 补水滋润干燥肌肤 1件装,100,Annmarie Skin Care氨基酸补水面膜,Annmarie Skin Care,,面膜,,补水+舒缓+滋养,¥100/1件装,美国,
NILUTO 深层胶原蛋白抗皱提升面膜 生物胶原蛋白面膜 生物胶原蛋白深层胶原蛋白面膜 抗皱面膜 深层提升胶原蛋白面膜 36g*8片,100,NILUTO 深层胶原蛋白抗皱提升面膜,NILUTO,,面膜,胶原蛋白面膜,抗皱+提升+保湿,¥100/36g*8片,,
BioClarity 面膜 男女通用 面膜 面膜 维生素C,100,BioClarity维生素C焕亮面膜,BioClarity,,面膜,VC面膜,焕亮+抗氧化+补水,¥100/片,美国,
"ENDOCARE 去角质和清洁面膜,8470001693952 2ml*30",100,ENDOCARE去角质清洁面膜,ENDOCARE,,面膜,安多可清洁面膜,清洁+去角质+控油,¥100/60ml,西班牙,
"Phyto Phytodensia 液体丰满面膜,5.2 盎司",100,Phyto Phytodensia 液体丰满面膜,Phyto,Phytodensia,面膜,Phyto丰盈面膜,丰盈+滋养+修护,¥100/5.2oz,法国,
Peter Thomas Roth 24K 金面膜 50 毫升,100,Peter Thomas Roth 24K黄金面膜,Peter Thomas Roth,24K,面膜,黄金面膜,提亮+紧致+保湿,¥100/50ml,美国,
TONYMOLY 面膜 男女通用 滋润 滋润肌肤 芦荟面膜滋润干燥肌肤 1件装,100,TONYMOLY芦荟舒缓补水面膜,TONYMOLY,,面膜,芦荟面膜,补水+舒缓+滋润,¥100/1件装,韩国,
OUIDAD 护发面膜 增强 311ml 适合成人使用 女性 保湿面膜具有增强效果,100,OUIDAD保湿增强护发面膜,OUIDAD,,护发面膜,OUIDAD发膜,保湿+修护+增强,¥100/311ml,美国,
FILORGA 菲洛嘉 面膜 男女通用 无动物实验 75ml,100,菲洛嘉十全大补面膜,菲洛嘉,十全大补,面膜,十全大补面膜,提亮+补水+紧致,¥100/75ml,法国,
Kerastase 阻力面膜 Force Architecte 重塑面膜，6.8 盎司（约 192.8克） 6.8盎司,100,卡诗强韧修护发膜,卡诗,强韧修护,发膜,阻力发膜,修护+强韧+滋养,¥100/192.8g,法国,
Oskia 文艺复兴时期面膜(50毫升),100,Oskia文艺复兴面膜,Oskia,文艺复兴,面膜,文艺复兴面膜,清洁+提亮+滋养,¥100/50ml,英国,
Wella Professionals 头发护理面膜 适合成人使用 男女通用 专业修复面膜 143g,100,Wella Professionals 头发护理面膜,Wella Professionals,,发膜,威娜发膜,修复+滋养+强韧,¥100/143g,德国,
"KOSE Clear Turn Vita CICA 面膜 大容量型 517ml, 共40片 面膜 面膜 毛孔 暗沉 对策",100,KOSE Clear Turn Vita CICA 面膜,KOSE,Clear Turn,面膜,CICA面膜,修护+保湿+提亮,¥100/517ml,日本,
ELEMIS 艾丽美 Peptide4 四重肽丰盈滋养睡眠面膜，50毫升,100,ELEMIS 艾丽美 Peptide4 四重肽丰盈滋养睡眠面膜,ELEMIS,Peptide4,面膜,四重肽睡眠面膜,滋养+丰盈+修护,¥100/50ml,英国,
KOSE 高丝 Clear Turn 美肌职人 蜂蜜面膜 大容量 面膜 30枚,100,KOSE Clear Turn 蜂蜜面膜,KOSE,Clear Turn,面膜,美肌职人面膜,保湿+滋养+提亮,¥100/30枚,日本,
"Institut Esthederm 密集透明质酸面膜 保湿 去皱,75ml",100,Institut Esthederm Intensive Hyaluronic Mask,Institut Esthederm,Intensive Hyaluronic,面膜,透明质酸面膜,保湿+去皱,¥100/75ml,法国,
FOREO UFO 智能面膜护理仪，珍珠粉，只需90秒即可完成面膜护理，拥有加热、冷却、LED光疗和声波脉动技术，可连接智能手机app,100,,,,,,,,,返回数据列数不正确
"Institut Esthederm 密集透明质酸面膜 保湿 去皱,75ml",100,Institut Esthederm Intensive Hyaluronic Mask,Institut Esthederm,Intensive Hyaluronic,面膜,透明质酸面膜,保湿+去皱+修护,¥100/75ml,法国,
FOREO UFO 智能面膜护理仪，珍珠粉，只需90秒即可完成面膜护理，拥有加热、冷却、LED光疗和声波脉动技术，可连接智能手机app,100,,,,,,,,,返回数据列数不正确
"ANAI RUI 姜黄维生素 C 粘土面膜 - 玫瑰面膜 - 鳄梨绿茶泥面膜,SPA 面膜套装 粘土面膜70g+玫瑰面膜70g+鳄梨绿茶泥面70g+刷子",100,,,,,,,,,返回数据列数不正确
DOCTORCOS *提升皮肤面膜套装 | 硅胶面膜 + 面膜安瓿(3.3 盎司) + 填充皱纹霜(1.6 盎司) | *部提升套装 | 颈部和眼部提升 | 韩国皮肤护理,100,DOCTORCOS提升皮肤面膜套装,DOCTORCOS,,面膜套装,提升套装,紧致+提拉+抗皱,¥100/套,韩国,
Peter Thomas Roth彼得罗夫24K黄金面膜 助肌肤提升紧致亮泽 150ml,100,24K黄金面膜,Peter Thomas Roth彼得罗夫,24K黄金,面膜,黄金面膜,提升+紧致+亮泽,¥100/150ml,美国,
优质1st Derma Laser VC100面膜白色7张,100,1st Derma Laser VC100面膜,1st Derma,Laser,面膜,VC100面膜,美白+保湿+修复,¥100/7片,韩国,
LANEIGE 面膜 男女通用 补水 舒缓 滋养 隔夜 无过敏原隔夜面膜增强水分屏障 2.04液体盎司(约60毫升),100,兰芝夜间修护睡眠面膜,LANEIGE,夜间修护,面膜,睡眠面膜,补水+舒缓+滋养,¥100/60ml,韩国,
"L'Oréal Paris 巴黎欧莱雅 面膜,含维生素 C 和水杨酸,即时光泽精华液面膜,Revitalift Clinical, 26g*6片",100,,,,,,,,,返回数据列数不正确
L’ANZA 护发面膜 修复头发 200ml 适合成人 女性 重建头发强度 提供轻松顺滑,100,L’ANZA修复护发膜,L’ANZA,,发膜,护发面膜,修复+重建+顺滑,¥100/200ml,美国,
Dior 迪奥 面膜 男女通用 保湿 无动物实验 肌肤平滑 79ml,100,迪奥水动力深层保湿面膜,迪奥,水动力,面膜,水动力面膜,保湿+平滑,¥100/79ml,法国,
L’ANZA 护发面膜 修复头发 200ml 适合成人 女性 重建头发强度 提供轻松顺滑,100,L’ANZA修复护发膜,L’ANZA,,护发膜,护发面膜,修复+重建+顺滑,¥100/200ml,美国,
"Genabelle Glutathione 亮肤安瓶面膜 - 轻盈,密集亮肤面膜 25ml*5片",100,Genabelle Glutathione 亮肤安瓶面膜,Genabelle,,面膜,亮肤面膜,亮肤+保湿,¥100/25ml*5片,,
"Genabelle Glutathione 亮肤安瓶面膜 - 轻盈,密集亮肤面膜 25ml*5片",100,Genabelle Glutathione 亮肤安瓶面膜,Genabelle,,面膜,亮肤安瓶面膜,亮肤+保湿,¥100/25ml*5片,,
LANEIGE Bella 原创唇部睡眠面膜晚霜 20 克,100,兰芝Bella唇部睡眠面膜,兰芝,Bella,唇膜,唇膜,保湿+修护+滋养,¥100/20g,韩国,
Wella Professionals 护发面膜 滋养 500ml 适合成人 男女通用 修复受损,100,Wella Professionals 滋养发膜,Wella,Professionals,发膜,威娜发膜,滋养+修复,¥100/500ml,德国,
Kanebo 佳丽宝 面膜 女性 滋润 2.62盎司(约74.5克),100,Kanebo嘉娜宝焕采盈润面膜,嘉娜宝,焕采,面膜,无,滋润+提亮,¥100/74.5g,日本,
LANEIGE Bella 原创唇部睡眠面膜晚霜 20 克,100,LANEIGE Bella 原创唇部睡眠面膜晚霜,LANEIGE,Bella,唇膜,唇膜晚霜,保湿+修护+滋养,¥100/20g,韩国,
Kanebo 佳丽宝 面膜 女性 滋润 2.62盎司(约74.5克),100,Kanebo嘉娜宝焕采盈润面膜,嘉娜宝,焕采盈润,面膜,暂无,滋润+焕采,¥100/74.5g,日本,
Andalou Naturals 面膜 男女通用 抗氧化 紧肤 50g,100,Andalou Naturals抗老紧肤面膜,Andalou Naturals,抗老,面膜,抗氧化面膜,抗氧化+紧肤,¥100/50g,美国,
Davines 护发面膜 滋养并修护干燥受损的头发 248ml 成人适用 男女通用,100,Davines护发滋养面膜,Davines,,发膜,护发面膜,滋养+修护+修复,¥100/248ml,意大利,
SkinMedica 面膜 男女通用 专业护肤品 水凝胶技术减少眼部浮肿 1件装，1.17g*12片,100,SkinMedica HA5 焕采水凝胶眼膜,SkinMedica,HA5,面膜,HA5眼膜,补水+去浮肿,¥100/1.17g*12片,美国,
PROOT 紧肤一体式洗脸提拉面膜 含 Hyalpol 基质抗衰 管状长效面膜 旅行 友好型,100,PROOT紧肤一体式洗脸提拉面膜,PROOT,,面膜,提拉面膜,紧致+抗衰+清洁,¥100/支,,
"ANAIRUI 姜黄维生素 C 粘土面膜,适用于*和黑斑,维生素 C 和 E 粘土面膜,适用于黑头、毛孔、皱纹、细纹、保湿、洁肤面膜,120g",100,ANAIRUI姜黄维生素C粘土面膜,ANAIRUI,,面膜,姜黄面膜,清洁+提亮+保湿,¥100/120g,,
"ANAIRUI 姜黄维生素 C 粘土面膜,适用于*和黑斑,维生素 C 和 E 粘土面膜,适用于黑头、毛孔、皱纹、细纹、保湿、洁肤面膜,120g",100,ANAIRUI姜黄维生素C粘土面膜,ANAIRUI,,面膜,姜黄面膜,清洁+提亮+保湿,¥100/120g,中国,
"THESAEM Cica 舒缓面膜 350g, 30片 - 日常*面膜 - 积雪草、透明质酸和泛醇 - 保湿精华 含素食片 - 韩国护肤",100,THE SAEM Cica舒缓修护面膜,THE SAEM,Cica,面膜,积雪草面膜,舒缓+修护+保湿,¥100/350g,韩国,
L’Oréal Paris 护发面膜 佛手柑香 144ml 1件装,100,L’Oréal Paris 护发面膜 佛手柑香,L’Oréal Paris,,护发面膜,,滋养+修护+柔顺,¥100/144ml,法国,
Talika 面膜 女性 补水 舒缓 创新面膜补水柔软 补水柔软 0.71盎司(约20克),100,Talika水漾保湿面膜,Talika,水漾,面膜,水漾面膜,补水+舒缓,¥100/20g,法国,
AHAVA Time To Treat 面部更新***护肤面膜 100 毫升,100,AHAVA Time To Treat 面部更新护肤面膜,AHAVA,Time To Treat,面膜,死海面膜,清洁+焕肤+保湿,¥100/100ml,以色列,
natureofthings 补充营养的隔夜面膜。令肌肤焕然一新、紧致和保湿。 30ml,100,natureofthings补充营养的隔夜面膜,natureofthings,,面膜,隔夜面膜,焕肤+紧致+保湿,¥100/30ml,,
Wella Professionals 护发面膜 保湿 500ml 适合成人使用 男女通用 加深发色,100,Wella Professionals 护发面膜,Wella,Professionals,发膜,威娜发膜,保湿+护色,¥100/500ml,德国,
Burt's Bees 面膜 男女通用 补水 天然成分 补水 6盒,100,Burt's Bees小蜜蜂补水面膜,Burt's Bees,小蜜蜂,面膜,小蜜蜂面膜,补水+天然+保湿,¥100/6片,美国,
PURE ORIGINAL INGREDIENTS 面膜 男女通用 舒缓 舒缓,100,PURE ORIGINAL INGREDIENTS舒缓面膜,PURE ORIGINAL INGREDIENTS,,面膜,,舒缓+补水,¥100/片,美国,
L’Oréal Paris 护发面膜 佛手柑香 144ml 1件装,100,L’Oréal Paris 护发面膜 佛手柑香 144ml,巴黎欧莱雅,,护发面膜,欧莱雅护发膜,修护+滋养+柔顺,¥100/144ml,法国,
"APPTI 双 V 形下巴减速器面部提升面膜,紧致紧致面膜下巴补丁 V 字型提升面膜,适用于女士男士面部和颈部苗条 25g*5片",100,,,,,,,,,返回数据列数不正确
Aphrona LED 面部皮肤护理光子面膜，FDA批准-蓝光，红光（白色）,100,Aphrona LED 面部皮肤护理光子面膜,,,面膜,光子面膜,嫩肤+修复+提亮,¥100/片,美国,
Shiseido 资生堂 去角质和清洁面膜 1 件（1x 125 毫升）,100,资生堂新透白美肌焕采清洁面膜,资生堂,新透白,面膜,白泥面膜,清洁+去角质+焕亮,¥100/125ml,日本,
Natura Bissé 面膜 男女通用 无动物实验测试 有助于紧致更新滋润皮肤改善整体外观 75ml,100,Natura Bissé钻石极致面膜,Natura Bissé,钻石极致,面膜,钻石面膜,紧致+更新+滋润,¥100/75ml,西班牙,
SpaLife 神话般水果面膜系列 23g*24片,100,SpaLife神话水果面膜,SpaLife,神话水果,面膜,水果面膜,补水+亮肤+舒缓,¥100/23g*24片,,
Natura Bissé 悦碧施均衡洁肤清洁面膜，75毫升,100,Natura Bissé 悦碧施均衡洁肤清洁面膜,Natura Bissé,均衡洁肤,面膜,清洁面膜,清洁+控油+舒缓,¥100/75ml,西班牙,
KOSE 高丝 Clear Turn 超浓郁保湿 面膜 EX 単品,100,KOSE Clear Turn 超浓郁保湿面膜 EX,高丝,Clear Turn,面膜,高丝黄金果冻面膜,保湿+修护+滋养,¥100/片,日本,
Guinot 面膜 深层滋润干燥暗沉肌肤 营造健康光泽 适合干性肌肤 50ml 1件装,100,Guinot深层滋润面膜,Guinot,,面膜,,深层滋润+提亮光泽+干肌适用,¥100/50ml,法国,
Guinot 面膜 深层滋润干燥暗沉肌肤 营造健康光泽 适合干性肌肤 50ml 1件装,100,Guinot深层滋润面膜,Guinot,,面膜,,深层滋润+提亮光泽+干肌护理,¥100/50ml,法国,
Hada Labo Tokyo 面膜 通用 补水 抗皱 塑形 抗衰老,100,Hada Labo Tokyo 超级透明质酸面膜,肌研,超级透明质酸,面膜,肌研面膜,补水+抗皱+抗衰老,¥100/片,日本,
Perricone MD 面膜 男女通用 专业护肤 改善提亮肤质 净化细化毛孔 2液体盎司(约59毫升),100,裴礼康MD毛孔净化面膜,Perricone MD,,面膜,裴礼康绿泥,净化+提亮+细化毛孔,¥100/59ml,美国,
Medavita Lunghezze 角蛋白奇迹时尚发膜 150毫升 - 光滑面膜,100,Medavita Lunghezze角蛋白奇迹发膜,Medavita,Lunghezze,发膜,角蛋白发膜,修护+柔顺+光泽,¥100/150ml,意大利,
Medavita Lunghezze 角蛋白奇迹时尚发膜 150毫升 - 光滑面膜,100,Medavita Lunghezze 角蛋白奇迹时尚发膜,Medavita,Lunghezze,发膜,角蛋白发膜,修护+柔顺+滋养,¥100/150ml,意大利,
"WIS 透明质酸精华全脸面膜,深层保湿*精华保湿面膜,适用于暗沉干燥皮肤护理,抗皱和细纹,24 个组合装",100,,,,,,,,,返回数据列数不正确
Aveeno 艾惟诺 脚面膜 通用 脚 无香料 滋润 保湿,100,艾惟诺脚部修护面膜,Aveeno,艾惟诺,面膜,脚膜,滋润+保湿+修护,¥100/片,美国,
U-NEED 100 片韩国面膜(10 种 x 10 片)天然面膜 | 天丝 | 皮肤护理 | 韩国制造 | 保湿和紧致 | 皮肤亮肤和色素平衡,100,U-NEED 100片韩国天然面膜,U-NEED,,面膜,韩国天丝面膜,保湿+紧致+亮肤,¥100/100片,韩国,
Sisley 希思黎 面膜 男女通用 去角质 西思雅深层清洁 57g,100,Sisley希思黎西思雅深层清洁面膜,Sisley,西思雅,面膜,深层清洁面膜,去角质+清洁,¥100/57g,法国,
AXIS-Y 面部护理面膜 男女通用 去角质 100ml,100,AXIS-Y 面部护理面膜,AXIS-Y,面部护理,面膜,去角质面膜,去角质+清洁+保湿,¥100/100ml,韩国,
FILORGA 菲洛嘉 面膜 女性 撕开小包敷在脸上15分钟后取下按摩吸收精华液 每周一次或两次 提拉效果面膜 平滑肌肤滋润效果更年轻 20ml,100,菲洛嘉柔润亮泽面膜,菲洛嘉,柔润亮泽,面膜,十全大补面膜,提拉+滋润+亮泽,¥100/20ml,法国,
MINON 氨基酸保湿补水面膜 舒缓修护 22mL×4枚|4片共88ml,100,MINON氨基酸保湿补水面膜,MINON,,面膜,蜜浓面膜,保湿+舒缓+修护,¥100/88ml,日本,
Raya 叶绿素面膜 (607) | 适合所有皮肤的紧致面部护理面膜 | 有助于减少细纹和皱纹 60ml,100,Raya叶绿素面膜,Raya,,面膜,叶绿素面膜,紧致+抗皱+保湿,¥100/60ml,,
"Karuna Hydrating+ 护手面膜,奶油油注入手面膜,含山茶花,重新*-1 个计数",100,,,,,,,,,返回数据列数不正确
FACETORY 面膜 通用 滋润 舒缓 活力 养颜 不测试动物 保湿,100,FACETORY水润修护面膜,FACETORY,,面膜,水润面膜,保湿+舒缓+修护,¥100/盒,中国,
Maui Moisture 护发面膜 保湿 340毫升 适合成人使用 男女通用 保湿,100,Maui Moisture护发面膜,Maui Moisture,,护发面膜,,保湿,¥100/340ml,美国,
Hadabisei Kracie 面膜 3D *保湿霜|4片共120ml,100,Hada Labo Kracie 3D面膜,肌研（Hada Labo）,无,面膜,3D面膜,保湿+补水,¥100/120ml,日本,
Garnier SkinActive Black Skin 常规面部护理套装含黑色面膜、胶束爽肤水和 AHA BHA 精华，1 件。,100,Garnier SkinActive Black Skin 面部护理套装,卡尼尔,SkinActive,护肤套装,黑面膜套装,清洁+焕肤+保湿,¥100/1件,法国,
Garnier SkinActive Black Skin 常规面部护理套装含黑色面膜、胶束爽肤水和 AHA BHA 精华，1 件。,100,Garnier SkinActive Black Skin 面部护理套装,卡尼尔,SkinActive,套装,黑炭套装,清洁+去角质+保湿,¥100/1件,法国,
AHC Hydra Soother 纤维素面膜(5 片),100,AHC Hydra Soother纤维素面膜,AHC,Hydra Soother,面膜,水合舒缓面膜,补水+舒缓+修护,¥100/5片,韩国,
AHC Hydra Soother 纤维素面膜(5 片),100,AHC Hydra Soother纤维素面膜,AHC,Hydra Soother,面膜,水合舒缓面膜,补水+舒缓+修护,¥100/5片,韩国,
THALGO 面膜 男女通用 专业沙龙和水疗中心 干敏正油性肌肤 填充细纹 1.69液体盎司(约50毫升),100,THALGO专业修护面膜,THALGO,专业修护,面膜,THALGO面膜,修护+保湿+抗皱,¥100/50ml,法国,
OGX 护发面膜 6.0 液体盎司 适合成人 女性 滋润,100,OGX摩洛哥坚果油护发面膜,OGX,摩洛哥坚果油,发膜,OGX发膜,滋养+修护+柔顺,¥100/177ml,美国,
Aveeno 艾惟诺 手面膜 男女通用 保湿 无油 保湿 1盎司(约28.35克),100,艾惟诺保湿手面膜,Aveeno,艾惟诺,面膜,手膜,保湿+无油,¥100/28.35g,美国,
LANEIGE 唇部*面膜 - 甜糖 20g,100,兰芝甜糖唇部睡眠面膜,LANEIGE,甜糖,唇膜,甜糖唇膜,保湿+修护+去角质,¥100/20g,韩国,
Neutrogena 露得清 面膜 通用 补水 补水 补水补充水分护肤保湿,100,露得清水活保湿面膜,露得清,水活,面膜,水活面膜,补水+保湿,¥100/5片,美国,
Queen's Premium Mask 快速保湿救援面膜|4片共35ml,100,Queen's Premium Mask快速保湿救援面膜,Queen's Premium Mask,,面膜,急救面膜,保湿+修护+急救,¥100/35ml,日本,
Aveda 护发面膜 无动物实验测试 434ml 适合成人使用 女性 护理,100,Aveda深层修护发膜,Aveda,,发膜,修护发膜,修护+滋养+无动物实验,¥100/434ml,美国,
Smoothies 面膜贴 通用 无刺激性 帮助抚平额头皱纹,100,Smoothies面膜贴,,,,,抚平皱纹,¥100/,,
Argan Magic 护发面膜 滋养 12.0盎司 适合成人 男女通用 保湿,100,Argan Magic护发面膜,Argan Magic,,发膜,摩洛哥发膜,滋养+保湿,¥100/12oz,摩洛哥,
Smoothies 面膜贴 通用 无刺激性 帮助抚平额头皱纹,100,Smoothies面膜贴,,,面膜贴,,抚平皱纹+无刺激,¥100/片,,
L'OREAL PROFESSIONNEL PARIS 护发面膜 滋润 240ml 液体盎司 适合成人使用 男女通用 深层滋润发丝,100,L'OREAL PROFESSIONNEL PARIS 护发面膜,L'OREAL PROFESSIONNEL PARIS,,护发面膜,巴黎欧莱雅护发膜,滋润+修护+深层护理,¥100/240ml,法国,
Argan Magic 护发面膜 滋养 12.0盎司 适合成人 男女通用 保湿,100,Argan Magic护发滋养面膜,Argan Magic,,发膜,摩洛哥发膜,滋养+保湿,¥100/12oz,摩洛哥,
"Omer 中性 成人 Apnoe 单玻璃面膜,黑色镜面镜片,均码",100,,,,,,,,,返回数据列数不正确
"ANAI RUI 姜黄面膜,含木刷的维生素C粘土面膜,用于*、改善毛孔、容光焕发、光滑肌肤,6.7盎司(约180克)",100,,,,,,,,,返回数据列数不正确
SHVYOG 面膜 男女通用 抗衰老 无动物测试,100,SHVYOG抗衰老面膜,SHVYOG,,面膜,,抗衰老,¥100/片,,
MISEDI 面部护理面膜 男女通用 轻便 28g,100,MISEDI水润修护面膜,MISEDI,,面膜,,补水+修护,¥100/28g,中国,
"ANAI RUI 姜黄面膜,含木刷的维生素C粘土面膜,用于*、改善毛孔、容光焕发、光滑肌肤,6.7盎司(约180克)",100,,,,,,,,,返回数据列数不正确
The Mane Choice 护发面膜 滋润 12.0液体盎司 适合成人使用 男女通用 滋润皮肤,100,The Mane Choice 护发面膜,The Mane Choice,,护发面膜,,滋润+修复+保湿,¥100/12oz,美国,
L'OREAL PROFESSIONNEL PARIS 护发面膜 滋润 240ml 液体盎司 适合成人使用 男女通用 深层滋润发丝,100,L'OREAL PROFESSIONNEL PARIS深层滋润护发膜,巴黎欧莱雅,PROFESSIONNEL,发膜,巴黎护发膜,滋润+修护+深层护理,¥100/240ml,法国,
L’Oréal Paris 面膜 男女通用 清洁 排毒 平滑 48g,100,巴黎欧莱雅矿物净化泥面膜,巴黎欧莱雅,矿物净化,面膜,清洁泥膜,清洁+排毒+平滑,¥100/48g,法国,
"Dr. Scholl's 超去角质足部面膜,温和去皮软化,1 对一脚蹬短靴足部面膜 1.5 盎司",100,Dr. Scholl's 超去角质足部面膜,Dr. Scholl's,,足膜,去角质足膜,去角质+软化,¥100/1.5oz,美国,
"Macadamia Professional 护发面膜 适合中至粗发质的滋养保湿面膜 8.0 液体盎司 成人适用 男女通用 使头发顺滑丝滑,无毛躁。改善头发健康,增加光泽和弹性",100,Macadamia Professional滋养保湿发膜,Macadamia Professional,Professional,发膜,Macadamia发膜,滋养+保湿+顺滑,¥100/236ml,美国,
"Dr. Scholl's 超去角质足部面膜,温和去皮软化,1 对一脚蹬短靴足部面膜 1.5 盎司",100,Dr. Scholl's 超去角质足部面膜,Dr. Scholl's,,足膜,去角质足膜,去角质+软化,¥100/1.5oz,美国,
Mario Badescu Skin Care 面膜 男女通用 皮肤科学 清洁毛孔不致干燥 提拉皮肤,100,Mario Badescu 毛孔清洁面膜,Mario Badescu,,面膜,MB清洁面膜,清洁+保湿+提拉,¥100/50ml,美国,
"Omer 中性 成人 Apnoe 单玻璃面膜,黑色镜面镜片,均码",100,,,,面膜,,,¥100/,,
"Freeman 面膜 美白 保湿 滋养 提供维生素 旅行 无动物实验测试 这款Freeman天然面膜组合包括我们天然系列的12个小袋,这样您就可以补充喜爱的护肤必备品。 10ml*12片",100,Freeman天然面膜组合,Freeman,天然系列,面膜,无,美白+保湿+滋养,¥100/120ml,美国,
Saborino 眼影贴 Vitatat C 30片装 【1分钟即可完成!早上用多合一面膜 】,100,Saborino Vitatat C 眼影贴,BCL,Saborino,眼影贴,早安眼影贴,提亮+便捷+保湿,¥100/30片装,日本,
DECLÉOR 面膜 女性 补水 便携式 补水 1.7盎司(约48.3克),100,DECLÉOR莹润保湿面膜,DECLÉOR,莹润,面膜,莹润面膜,补水+保湿,¥100/48.3g,法国,
Elizavecca 伊丽莎白长耳熊 免洗睡眠面膜 韩国小青猪胶原蛋白猪皮面膜 美白补水保湿滋润 100g,100,Elizavecca 伊丽莎白长耳熊免洗睡眠面膜,Elizavecca,伊丽莎白长耳熊,睡眠面膜,小青猪面膜,美白+补水+保湿,¥100/100g,韩国,
Twist 护发面膜 滋润 241g 卷发 男女通用,100,卷发护发面膜,,,护发面膜,Twist面膜,滋润+卷发护理,¥100/241g,,
Merle Norman 面膜 女性 去角质 抗皱 无油 活力复苏 柔软 去角质 170g,100,Merle Norman活力复苏面膜,Merle Norman,活力复苏,面膜,复苏面膜,去角质+抗皱+无油,¥100/170g,美国,
VO5 头发护理面膜 防脱发 29ml 干性头发 男女通用,100,VO5头发护理面膜,VO5,,发膜,VO5发膜,防脱发+滋养,¥100/29ml,英国,
House of Dohwa 大米洗脸面膜 l 韩国产品 - 3.38 液体盎司,100,House of Dohwa大米洗脸面膜,House of Dohwa,,面膜,,清洁+保湿,¥100/100ml,韩国,
"2N V 线面部紧致面膜,面部修身脸颊面膜,双下巴减速器,可重复使用的下巴提升面膜,带绷带带,用于紧致面部皮肤,使 V 字下巴保湿(7 件套 + 绷带)",100,,,,,,,,,返回数据列数不正确
Estee Lauder 雅诗兰黛 完美清洁 | 净莹柔肤洁面乳，净化面膜 | 条件滋养| 非发泡霜 | 5盎司（约141.74克），150毫升,100,雅诗兰黛净莹柔肤洁面乳,雅诗兰黛,净莹柔肤,洁面乳,净莹洁面,清洁+滋养+柔肤,¥100/150ml,美国,
Blue Lagoon - 深层清洁二氧化硅面膜 | 可持续生物活性冰岛护肤品(2.5 盎司 | 75 毫升),100,Blue Lagoon深层清洁二氧化硅面膜,Blue Lagoon,,面膜,蓝湖面膜,清洁+控油+净化,¥100/75ml,冰岛,
Blue Lagoon - 深层清洁二氧化硅面膜 | 可持续生物活性冰岛护肤品(2.5 盎司 | 75 毫升),100,Blue Lagoon深层清洁二氧化硅面膜,Blue Lagoon,,面膜,硅藻泥面膜,清洁+控油+净化,¥100/75ml,冰岛,
泡泡护肤深潜 AHA + PHA 去角质面膜(1.5 盎司),100,泡泡护肤深潜 AHA + PHA 去角质面膜,泡泡护肤,深潜,面膜,,去角质+清洁+焕肤,¥100/1.5oz,美国,
Fresh 面膜 男女通用 补水 它闻起来像新鲜的玫瑰花 补水 提亮肤色 100ml,100,Fresh玫瑰润泽保湿面膜,Fresh,玫瑰润泽,面膜,玫瑰面膜,补水+提亮,¥100/100ml,美国,
Juice Beauty 面膜 男女通用 排毒 滋润 营养 无动物测试 0.85盎司(约24.2克),100,Juice Beauty排毒滋养面膜,Juice Beauty,,面膜,,排毒+滋润+营养,¥100/24.2g,美国,
LATHER 面膜 女性 防晒 舒缓 滋润 保湿 无动物实验 保湿 4盎司(约113克),100,LATHER保湿舒缓面膜,LATHER,,面膜,,保湿+舒缓+滋润,¥100/113g,美国,
7th Heaven 面部护理面膜 男性 排毒 清洁 旅行装 排毒 1件装,100,7th Heaven男士排毒清洁面膜,7th Heaven,,面膜,男士排毒面膜,排毒+清洁,¥100/1件装,英国,
SHEA MOISTURE 护发面膜 加强 11.5液体盎司 适合成人 男女通用 深度护理和滋润,100,SHEA MOISTURE深层修护发膜,SHEA MOISTURE,,发膜,乳木果发膜,修护+滋润+深层护理,¥100/340g,美国,
Fresh 面膜 男女通用 补水 它闻起来像新鲜的玫瑰花 补水 提亮肤色 100ml,100,Fresh玫瑰润泽保湿面膜,Fresh,玫瑰润泽,面膜,玫瑰面膜,补水+提亮,¥100/100ml,美国,
Blue Lagoon - 深层清洁二氧化硅面膜 | 可持续生物活性冰岛护肤品(2.5 盎司 | 75 毫升),100,Blue Lagoon深层清洁二氧化硅面膜,Blue Lagoon,,面膜,硅泥面膜,清洁+控油+净化,¥100/75ml,冰岛,
泡泡护肤深潜 AHA + PHA 去角质面膜(1.5 盎司),100,泡泡护肤深潜 AHA + PHA 去角质面膜,泡泡护肤,深潜,面膜,,去角质+清洁+焕肤,¥100/1.5oz,美国,
泡泡护肤深潜 AHA + PHA 去角质面膜(1.5 盎司),100,泡泡护肤深潜 AHA + PHA 去角质面膜,泡泡护肤,深潜,面膜,,去角质+清洁+焕肤,¥100/1.5oz,美国,
LATHER 面膜 女性 防晒 舒缓 滋润 保湿 无动物实验 保湿 4盎司(约113克),100,LATHER舒缓保湿面膜,LATHER,,面膜,,舒缓+保湿+滋润,¥100/113g,美国,
Fresh 面膜 男女通用 补水 它闻起来像新鲜的玫瑰花 补水 提亮肤色 100ml,100,Fresh玫瑰润泽保湿面膜,Fresh,玫瑰润泽,面膜,玫瑰面膜,补水+提亮肤色,¥100/100ml,美国,
Blue Lagoon - 深层清洁二氧化硅面膜 | 可持续生物活性冰岛护肤品(2.5 盎司 | 75 毫升),100,Blue Lagoon深层清洁二氧化硅面膜,Blue Lagoon,,面膜,硅藻泥面膜,清洁+控油+净化,¥100/75ml,冰岛,
SHEA MOISTURE 护发面膜 加强 11.5液体盎司 适合成人 男女通用 深度护理和滋润,100,SHEA MOISTURE 深层修护发膜,SHEA MOISTURE,,发膜,椰子发膜,修护+滋润+深层护理,¥100/340g,美国,
7th Heaven 面部护理面膜 男性 排毒 清洁 旅行装 排毒 1件装,100,7th Heaven男士排毒清洁面膜,7th Heaven,,面膜,男士排毒面膜,排毒+清洁,¥100/1件装,英国,
7th Heaven 面部护理面膜 男性 排毒 清洁 旅行装 排毒 1件装,100,7th Heaven男士排毒清洁面膜,7th Heaven,,面膜,男士排毒面膜,排毒+清洁,¥100/1件装,英国,
泡泡护肤深潜 AHA + PHA 去角质面膜(1.5 盎司),100,泡泡护肤深潜 AHA + PHA 去角质面膜,泡泡护肤,深潜,面膜,泡泡面膜,去角质+清洁+焕肤,¥100/1.5oz,美国,
LATHER 面膜 女性 防晒 舒缓 滋润 保湿 无动物实验 保湿 4盎司(约113克),100,LATHER舒缓保湿面膜,LATHER,,面膜,,舒缓+保湿+滋润,¥100/113g,美国,
Fresh 面膜 男女通用 补水 它闻起来像新鲜的玫瑰花 补水 提亮肤色 100ml,100,Fresh玫瑰润泽保湿面膜,Fresh,玫瑰润泽,面膜,玫瑰面膜,补水+提亮,¥100/100ml,美国,
泡泡护肤深潜 AHA + PHA 去角质面膜(1.5 盎司),100,泡泡护肤深潜 AHA + PHA 去角质面膜,泡泡护肤,深潜,面膜,,去角质+清洁+焕肤,¥100/1.5oz,美国,
SHEA MOISTURE 护发面膜 加强 11.5液体盎司 适合成人 男女通用 深度护理和滋润,100,SHEA MOISTURE深层修护发膜,SHEA MOISTURE,,发膜,乳木果发膜,修护+滋润+深层护理,¥100/340g,美国,
SHEA MOISTURE 护发面膜 加强 11.5液体盎司 适合成人 男女通用 深度护理和滋润,100,SHEA MOISTURE 深层修护发膜,SHEA MOISTURE,深层修护,发膜,,修护+滋润+深层护理,¥100/340g,美国,
LATHER 面膜 女性 防晒 舒缓 滋润 保湿 无动物实验 保湿 4盎司(约113克),100,LATHER舒缓保湿面膜,LATHER,,面膜,,舒缓+保湿+滋润,¥100/113g,美国,
Blue Lagoon - 深层清洁二氧化硅面膜 | 可持续生物活性冰岛护肤品(2.5 盎司 | 75 毫升),100,Blue Lagoon深层清洁二氧化硅面膜,Blue Lagoon,,面膜,硅藻泥面膜,清洁+控油+净化,¥100/75ml,冰岛,
泡泡护肤深潜 AHA + PHA 去角质面膜(1.5 盎司),100,泡泡护肤深潜 AHA + PHA 去角质面膜,泡泡护肤,深潜,面膜,,去角质+清洁+焕肤,¥100/1.5oz,美国,
Fresh 面膜 男女通用 补水 它闻起来像新鲜的玫瑰花 补水 提亮肤色 100ml,100,Fresh玫瑰润泽保湿面膜,Fresh,玫瑰润泽,面膜,玫瑰面膜,补水+提亮+舒缓,¥100/100ml,美国,
7th Heaven 面部护理面膜 男性 排毒 清洁 旅行装 排毒 1件装,100,7th Heaven男士排毒清洁面膜,7th Heaven,,面膜,男士排毒面膜,排毒+清洁,¥100/1件装,英国,
LATHER 面膜 女性 防晒 舒缓 滋润 保湿 无动物实验 保湿 4盎司(约113克),100,LATHER保湿舒缓面膜,LATHER,,面膜,,保湿+舒缓+滋润,¥100/113g,美国,
Blue Lagoon - 深层清洁二氧化硅面膜 | 可持续生物活性冰岛护肤品(2.5 盎司 | 75 毫升),100,Blue Lagoon深层清洁二氧化硅面膜,Blue Lagoon,,面膜,蓝湖面膜,清洁+控油+净化,¥100/75ml,冰岛,
Blue Lagoon - 深层清洁二氧化硅面膜 | 可持续生物活性冰岛护肤品(2.5 盎司 | 75 毫升),100,Blue Lagoon深层清洁二氧化硅面膜,Blue Lagoon,,面膜,硅藻泥面膜,清洁+控油+净化,¥100/75ml,冰岛,
泡泡护肤深潜 AHA + PHA 去角质面膜(1.5 盎司),100,泡泡护肤深潜 AHA + PHA 去角质面膜,泡泡护肤,深潜,面膜,泡泡面膜,去角质+清洁+焕肤,¥100/1.5oz,美国,
SHEA MOISTURE 护发面膜 加强 11.5液体盎司 适合成人 男女通用 深度护理和滋润,100,SHEA MOISTURE深层修护发膜,SHEA MOISTURE,,发膜,乳木果发膜,修护+滋润+深层护理,¥100/340g,美国,
LATHER 面膜 女性 防晒 舒缓 滋润 保湿 无动物实验 保湿 4盎司(约113克),100,LATHER舒缓保湿面膜,LATHER,,面膜,,舒缓+保湿+滋润,¥100/113g,美国,
Fresh 面膜 男女通用 补水 它闻起来像新鲜的玫瑰花 补水 提亮肤色 100ml,100,Fresh玫瑰润泽保湿面膜,Fresh,玫瑰润泽,面膜,玫瑰面膜,补水+提亮,¥100/100ml,美国,
Blue Lagoon - 深层清洁二氧化硅面膜 | 可持续生物活性冰岛护肤品(2.5 盎司 | 75 毫升),100,Blue Lagoon深层清洁二氧化硅面膜,Blue Lagoon,,面膜,硅藻泥面膜,清洁+控油+净化,¥100/75ml,冰岛,
7th Heaven 面部护理面膜 男性 排毒 清洁 旅行装 排毒 1件装,100,7th Heaven男士排毒清洁面膜,7th Heaven,,面膜,男士排毒面膜,排毒+清洁,¥100/1件装,英国,
Fresh 面膜 男女通用 补水 它闻起来像新鲜的玫瑰花 补水 提亮肤色 100ml,100,Fresh玫瑰润泽保湿面膜,Fresh,玫瑰润泽,面膜,玫瑰面膜,补水+提亮+保湿,¥100/100ml,美国,
SHEA MOISTURE 护发面膜 加强 11.5液体盎司 适合成人 男女通用 深度护理和滋润,100,SHEA MOISTURE 深层修护发膜,SHEA MOISTURE,,发膜,乳木果发膜,修护+滋润+深层护理,¥100/340g,美国,
泡泡护肤深潜 AHA + PHA 去角质面膜(1.5 盎司),100,泡泡护肤深潜 AHA + PHA 去角质面膜,泡泡护肤,深潜,面膜,泡泡面膜,去角质+清洁+焕肤,¥100/1.5oz,美国,
7th Heaven 面部护理面膜 男性 排毒 清洁 旅行装 排毒 1件装,100,7th Heaven男士排毒清洁面膜,7th Heaven,,面膜,男士排毒面膜,排毒+清洁,¥100/1件装,英国,
SHEA MOISTURE 护发面膜 加强 11.5液体盎司 适合成人 男女通用 深度护理和滋润,100,SHEA MOISTURE深层修护发膜,SHEA MOISTURE,,发膜,乳木果发膜,修护+滋润+深层护理,¥100/340g,美国,
LATHER 面膜 女性 防晒 舒缓 滋润 保湿 无动物实验 保湿 4盎司(约113克),100,LATHER舒缓保湿面膜,LATHER,,面膜,,舒缓+保湿+滋润,¥100/113g,美国,
7th Heaven 面部护理面膜 男性 排毒 清洁 旅行装 排毒 1件装,100,7th Heaven男士排毒清洁面膜,7th Heaven,,面膜,男士排毒面膜,排毒+清洁,¥100/1件装,英国,
Blue Lagoon - 深层清洁二氧化硅面膜 | 可持续生物活性冰岛护肤品(2.5 盎司 | 75 毫升),100,Blue Lagoon深层清洁二氧化硅面膜,Blue Lagoon,,面膜,硅藻泥面膜,清洁+控油+净化,¥100/75ml,冰岛,
7th Heaven 面部护理面膜 男性 排毒 清洁 旅行装 排毒 1件装,100,7th Heaven男士排毒清洁面膜,7th Heaven,,面膜,男士排毒面膜,排毒+清洁,¥100/1件装,英国,
泡泡护肤深潜 AHA + PHA 去角质面膜(1.5 盎司),100,泡泡护肤深潜 AHA + PHA 去角质面膜,泡泡护肤,深潜,面膜,,去角质+清洁+焕肤,¥100/1.5oz,美国,
SHEA MOISTURE 护发面膜 加强 11.5液体盎司 适合成人 男女通用 深度护理和滋润,100,SHEA MOISTURE深层修护发膜,SHEA MOISTURE,,发膜,修护发膜,滋养+修护+保湿,¥100/340g,美国,
LATHER 面膜 女性 防晒 舒缓 滋润 保湿 无动物实验 保湿 4盎司(约113克),100,LATHER舒缓保湿面膜,LATHER,,面膜,,舒缓+保湿+滋润,¥100/113g,美国,
泡泡护肤深潜 AHA + PHA 去角质面膜(1.5 盎司),100,泡泡护肤深潜 AHA + PHA 去角质面膜,泡泡护肤,深潜,面膜,泡泡面膜,去角质+清洁+焕肤,¥100/1.5oz,美国,
Blue Lagoon - 深层清洁二氧化硅面膜 | 可持续生物活性冰岛护肤品(2.5 盎司 | 75 毫升),100,Blue Lagoon Silica Mud Mask,Blue Lagoon,,面膜,蓝湖面膜,清洁+控油+净化,¥100/75ml,冰岛,
Fresh 面膜 男女通用 补水 它闻起来像新鲜的玫瑰花 补水 提亮肤色 100ml,100,Fresh玫瑰润泽保湿面膜,Fresh,玫瑰润泽,面膜,玫瑰面膜,补水+提亮肤色+舒缓,¥100/100ml,美国,
LATHER 面膜 女性 防晒 舒缓 滋润 保湿 无动物实验 保湿 4盎司(约113克),100,LATHER保湿舒缓面膜,LATHER,,面膜,,保湿+舒缓+滋润,¥100/113g,美国,
7th Heaven 面部护理面膜 男性 排毒 清洁 旅行装 排毒 1件装,100,7th Heaven男士排毒清洁面膜,7th Heaven,,面膜,男士排毒面膜,排毒+清洁,¥100/1件装,英国,
SHEA MOISTURE 护发面膜 加强 11.5液体盎司 适合成人 男女通用 深度护理和滋润,100,SHEA MOISTURE 深层修护发膜,SHEA MOISTURE,,发膜,,修护+滋润+深层护理,$100/340g,美国,
Fresh 面膜 男女通用 补水 它闻起来像新鲜的玫瑰花 补水 提亮肤色 100ml,100,Fresh玫瑰润泽保湿面膜,Fresh,玫瑰润泽,面膜,玫瑰面膜,补水+提亮+舒缓,¥100/100ml,美国,
Blue Lagoon - 深层清洁二氧化硅面膜 | 可持续生物活性冰岛护肤品(2.5 盎司 | 75 毫升),100,Blue Lagoon深层清洁二氧化硅面膜,Blue Lagoon,,面膜,蓝湖面膜,清洁+控油+净化,¥100/75ml,冰岛,
Fresh 面膜 男女通用 补水 它闻起来像新鲜的玫瑰花 补水 提亮肤色 100ml,100,Fresh玫瑰润泽保湿面膜,Fresh,玫瑰润泽,面膜,玫瑰面膜,补水+提亮肤色,¥100/100ml,美国,
泡泡护肤深潜 AHA + PHA 去角质面膜(1.5 盎司),100,泡泡护肤深潜 AHA + PHA 去角质面膜,泡泡护肤,深潜,面膜,,去角质+清洁+焕肤,¥100/1.5oz,美国,
LATHER 面膜 女性 防晒 舒缓 滋润 保湿 无动物实验 保湿 4盎司(约113克),100,LATHER舒缓保湿面膜,LATHER,,面膜,,舒缓+保湿+滋润,¥100/113g,美国,
LATHER 面膜 女性 防晒 舒缓 滋润 保湿 无动物实验 保湿 4盎司(约113克),100,LATHER舒缓保湿面膜,LATHER,,面膜,,舒缓+保湿+滋润,¥100/113g,美国,
Fresh 面膜 男女通用 补水 它闻起来像新鲜的玫瑰花 补水 提亮肤色 100ml,100,Fresh玫瑰润泽保湿面膜,Fresh,玫瑰润泽,面膜,玫瑰面膜,补水+提亮,¥100/100ml,美国,
SHEA MOISTURE 护发面膜 加强 11.5液体盎司 适合成人 男女通用 深度护理和滋润,100,SHEA MOISTURE 深层修护发膜,SHEA MOISTURE,,发膜,椰子发膜,修护+滋润+深层护理,¥100/340g,美国,
Blue Lagoon - 深层清洁二氧化硅面膜 | 可持续生物活性冰岛护肤品(2.5 盎司 | 75 毫升),100,Blue Lagoon深层清洁二氧化硅面膜,Blue Lagoon,,面膜,蓝湖面膜,清洁+控油+舒缓,¥100/75ml,冰岛,
7th Heaven 面部护理面膜 男性 排毒 清洁 旅行装 排毒 1件装,100,7th Heaven男士排毒清洁面膜,7th Heaven,,面膜,男士排毒面膜,排毒+清洁,¥100/1件装,英国,
泡泡护肤深潜 AHA + PHA 去角质面膜(1.5 盎司),100,泡泡护肤深潜 AHA + PHA 去角质面膜,泡泡护肤,深潜,面膜,泡泡面膜,去角质+清洁+焕肤,¥100/1.5oz,美国,
SHEA MOISTURE 护发面膜 加强 11.5液体盎司 适合成人 男女通用 深度护理和滋润,100,SHEA MOISTURE深层修护发膜,SHEA MOISTURE,,发膜,椰子发膜,修护+滋润+深层护理,¥100/340g,美国,
Blue Lagoon - 深层清洁二氧化硅面膜 | 可持续生物活性冰岛护肤品(2.5 盎司 | 75 毫升),100,Blue Lagoon深层清洁二氧化硅面膜,Blue Lagoon,,面膜,硅藻泥面膜,清洁+控油+净化,¥100/75ml,冰岛,
Fresh 面膜 男女通用 补水 它闻起来像新鲜的玫瑰花 补水 提亮肤色 100ml,100,Fresh玫瑰润泽保湿面膜,Fresh,玫瑰润泽,面膜,玫瑰面膜,补水+提亮,¥100/100ml,美国,
泡泡护肤深潜 AHA + PHA 去角质面膜(1.5 盎司),100,泡泡护肤深潜 AHA + PHA 去角质面膜,泡泡护肤,深潜,面膜,泡泡面膜,去角质+清洁+焕肤,¥100/1.5oz,美国,
LATHER 面膜 女性 防晒 舒缓 滋润 保湿 无动物实验 保湿 4盎司(约113克),100,LATHER保湿舒缓面膜,LATHER,,面膜,,舒缓+滋润+保湿,¥100/113g,美国,
7th Heaven 面部护理面膜 男性 排毒 清洁 旅行装 排毒 1件装,100,7th Heaven男士排毒清洁面膜,7th Heaven,,面膜,男士排毒面膜,排毒+清洁,¥100/1件装,英国,
7th Heaven 面部护理面膜 男性 排毒 清洁 旅行装 排毒 1件装,100,7th Heaven男士排毒清洁面膜,7th Heaven,,面膜,男士排毒面膜,排毒+清洁,¥100/1件装,英国,
SHEA MOISTURE 护发面膜 加强 11.5液体盎司 适合成人 男女通用 深度护理和滋润,100,SHEA MOISTURE深层修护发膜,SHEA MOISTURE,,发膜,修护发膜,修护+滋润+深层护理,¥100/340g,美国,
泡泡护肤深潜 AHA + PHA 去角质面膜(1.5 盎司),100,泡泡护肤深潜 AHA + PHA 去角质面膜,泡泡护肤,深潜,面膜,泡泡面膜,去角质+清洁+焕肤,¥100/1.5oz,美国,
SHEA MOISTURE 护发面膜 加强 11.5液体盎司 适合成人 男女通用 深度护理和滋润,100,SHEA MOISTURE深层修护发膜,SHEA MOISTURE,深层修护,发膜,,修护+滋润+深层护理,¥100/340g,美国,
Fresh 面膜 男女通用 补水 它闻起来像新鲜的玫瑰花 补水 提亮肤色 100ml,100,Fresh玫瑰润泽保湿面膜,Fresh,玫瑰润泽,面膜,玫瑰面膜,补水+提亮+保湿,¥100/100ml,美国,
LATHER 面膜 女性 防晒 舒缓 滋润 保湿 无动物实验 保湿 4盎司(约113克),100,LATHER舒缓保湿面膜,LATHER,,面膜,,舒缓+保湿+滋润,¥100/113g,美国,
Fresh 面膜 男女通用 补水 它闻起来像新鲜的玫瑰花 补水 提亮肤色 100ml,100,Fresh玫瑰润泽保湿面膜,Fresh,玫瑰润泽,面膜,玫瑰面膜,补水+提亮肤色,¥100/100ml,美国,
LATHER 面膜 女性 防晒 舒缓 滋润 保湿 无动物实验 保湿 4盎司(约113克),100,LATHER舒缓保湿面膜,LATHER,,面膜,,舒缓+保湿+滋润,¥100/113g,美国,
7th Heaven 面部护理面膜 男性 排毒 清洁 旅行装 排毒 1件装,100,7th Heaven男士排毒清洁面膜,7th Heaven,,面膜,男士排毒面膜,排毒+清洁,¥100/1件装,英国,
Blue Lagoon - 深层清洁二氧化硅面膜 | 可持续生物活性冰岛护肤品(2.5 盎司 | 75 毫升),100,Blue Lagoon深层清洁二氧化硅面膜,Blue Lagoon,,面膜,蓝湖面膜,清洁+控油+舒缓,¥100/75ml,冰岛,
Blue Lagoon - 深层清洁二氧化硅面膜 | 可持续生物活性冰岛护肤品(2.5 盎司 | 75 毫升),100,Blue Lagoon深层清洁二氧化硅面膜,Blue Lagoon,,面膜,硅藻泥面膜,清洁+控油+净化,¥100/75ml,冰岛,
Blue Lagoon - 深层清洁二氧化硅面膜 | 可持续生物活性冰岛护肤品(2.5 盎司 | 75 毫升),100,Blue Lagoon深层清洁二氧化硅面膜,Blue Lagoon,,面膜,硅藻泥面膜,清洁+控油+净化,¥100/75ml,冰岛,
7th Heaven 面部护理面膜 男性 排毒 清洁 旅行装 排毒 1件装,100,7th Heaven男士排毒清洁面膜,7th Heaven,,面膜,男士排毒面膜,排毒+清洁,¥100/1件装,英国,
SHEA MOISTURE 护发面膜 加强 11.5液体盎司 适合成人 男女通用 深度护理和滋润,100,SHEA MOISTURE深层修护发膜,SHEA MOISTURE,深层修护,发膜,,修护+滋润+深层护理,¥100/340g,美国,
泡泡护肤深潜 AHA + PHA 去角质面膜(1.5 盎司),100,泡泡护肤深潜 AHA + PHA 去角质面膜,泡泡护肤,深潜,面膜,,去角质+清洁+焕肤,¥100/1.5oz,美国,
Fresh 面膜 男女通用 补水 它闻起来像新鲜的玫瑰花 补水 提亮肤色 100ml,100,Fresh玫瑰润泽保湿面膜,Fresh,玫瑰润泽,面膜,玫瑰面膜,补水+提亮肤色,¥100/100ml,美国,
SHEA MOISTURE 护发面膜 加强 11.5液体盎司 适合成人 男女通用 深度护理和滋润,100,SHEA MOISTURE深层修护发膜,SHEA MOISTURE,,发膜,椰子发膜,修护+滋润+深层护理,¥100/340g,美国,
泡泡护肤深潜 AHA + PHA 去角质面膜(1.5 盎司),100,泡泡护肤深潜 AHA + PHA 去角质面膜,泡泡护肤,深潜,面膜,,去角质+清洁+焕肤,¥100/1.5oz,美国,
LATHER 面膜 女性 防晒 舒缓 滋润 保湿 无动物实验 保湿 4盎司(约113克),100,LATHER舒缓保湿面膜,LATHER,,面膜,,舒缓+保湿+滋润,¥100/113g,美国,
7th Heaven 面部护理面膜 男性 排毒 清洁 旅行装 排毒 1件装,100,7th Heaven男士排毒清洁面膜,7th Heaven,,面膜,男士排毒面膜,排毒+清洁,¥100/1件装,英国,
Blue Lagoon - 深层清洁二氧化硅面膜 | 可持续生物活性冰岛护肤品(2.5 盎司 | 75 毫升),100,Blue Lagoon深层清洁二氧化硅面膜,Blue Lagoon,,面膜,蓝湖面膜,清洁+控油+舒缓,¥100/75ml,冰岛,
Fresh 面膜 男女通用 补水 它闻起来像新鲜的玫瑰花 补水 提亮肤色 100ml,100,Fresh玫瑰润泽保湿面膜,Fresh,玫瑰润泽,面膜,玫瑰面膜,补水+提亮+保湿,¥100/100ml,美国,
泡泡护肤深潜 AHA + PHA 去角质面膜(1.5 盎司),100,泡泡护肤深潜 AHA + PHA 去角质面膜,泡泡护肤,深潜,面膜,泡泡面膜,去角质+清洁+焕肤,¥100/1.5oz,美国,
LATHER 面膜 女性 防晒 舒缓 滋润 保湿 无动物实验 保湿 4盎司(约113克),100,LATHER保湿舒缓面膜,LATHER,,面膜,,保湿+舒缓+滋润,¥100/113g,美国,
SHEA MOISTURE 护发面膜 加强 11.5液体盎司 适合成人 男女通用 深度护理和滋润,100,SHEA MOISTURE深层修护发膜,SHEA MOISTURE,,发膜,乳木果发膜,修护+滋润+深层护理,¥100/340g,美国,
GARNIER卡尼尔面部护理套装,100,GARNIER卡尼尔面部护理套装,卡尼尔,,面部护理套装,,清洁+保湿,¥100/套,法国,
TONYMOLY男士海洋面膜,100,TONYMOLY男士海洋保湿面膜,TONYMOLY,,面膜,海洋面膜,保湿+舒缓+清洁,¥100/片,韩国,
7th Heaven 面部护理面膜 男性 排毒 清洁 旅行装 排毒 1件装,100,7th Heaven男士排毒清洁面膜,7th Heaven,,面膜,男士排毒面膜,排毒+清洁,¥100/1件装,英国,
Baxter of California海泥面膜,100,Baxter of California海泥面膜,Baxter of California,,面膜,海泥面膜,清洁+控油,¥100/50ml,美国,
Meelll胶原蛋白面膜护肤套装,100,Meelll胶原蛋白面膜护肤套装,Meelll,,面膜套装,胶原蛋白套装,补水+紧致+修复,¥100/套,,
MARIO BADESCU薄荷蜗牛面膜,100,MARIO BADESCU薄荷蜗牛修护面膜,MARIO BADESCU,,面膜,蜗牛面膜,修护+舒缓+清洁,¥100/50ml,美国,
Eminence植物精华面膜,100,Eminence植物精华面膜,Eminence,,面膜,植物面膜,保湿+修护+舒缓,¥100/50ml,匈牙利,
Hairitage护发面膜,100,Hairitage护发面膜,Hairitage,,发膜,,修护+滋养,¥100/件,美国,
