﻿原始产品名,原始价格,产品全称,品牌,产品线,品类,昵称,功效,参考价格,品牌产地,error
Cetaphil 丝塔芙 面部精华 祛痘 低过敏性 适合痘痘肌肤 1件装 30ml,100,丝塔芙净颜祛痘精华,丝塔芙,净颜,精华,祛痘小蓝瓶,祛痘+控油+舒缓,¥100/30ml,美国,
Cetaphil 丝塔芙 面部精华 不堵塞毛孔 28g 适合成人 烟酰胺 肽 适合敏感肌肤 1件装,100,丝塔芙黄金胜肽精华,丝塔芙,黄金胜肽,精华,黄金精华,修护+抗老+保湿,¥100/28g,美国,
Neutrogena 露得清 Retinol Boost+ 强效晚间精华（30 毫升），含视黄醇的高浓缩抗衰老面部精华，让肌肤看起来更年轻、更健康,100,Neutrogena Retinol Boost+夜间精华,露得清,Retinol Boost+,精华,视黄醇精华,抗老+修护+焕肤,¥100/30ml,美国,
CeraVe Skin Renewing 夜间抗老精华 50ml,100,CeraVe Skin Renewing Night Serum,CeraVe,Skin Renewing,精华,PM精华,修护+保湿+抗老,¥100/50ml,美国,
Nivea 妮维雅 630 淡斑双效精华 焕白 精华 淡化 痘印 改善暗沉 滋润 修复 提亮肤色 30ml（包装可能有所不同，随机发货）,100,妮维雅630淡斑焕白精华,妮维雅,630,精华,630精华,淡斑+焕白+提亮,¥100/30ml,德国,
Neutrogena 露得清 抗痘痘 + 每日精华（30 毫升），含有清洁水杨酸 + 10% AHA/PHA 混合物的洁肤面部精华，抗干扰和顽固粉刺的面部护理精华 (新老包装 随机发货),100,露得清抗痘每日精华,露得清,抗痘,精华,抗痘小蓝瓶,祛痘+控油+清洁,¥100/30ml,美国,
Biotherm 碧欧泉 眼部护理精华 抗皱 15ml 1件装,100,碧欧泉蓝源抗皱眼部精华,碧欧泉,蓝源,精华,蓝源眼精华,抗皱+紧致+淡化细纹,¥100/15ml,法国,
"Eucerin 优色林 Radiant Tone 双精华液黑斑修复剂,含硫胺醇和透明质酸的黑斑精华,有助于显著减少持久黑斑的外观,30ml 瓶装",100,优色林Radiant Tone双精华液,优色林,Radiant Tone,精华液,黑斑修复精华,淡斑+修复+保湿,¥100/30ml,德国,
Cetaphil 丝塔芙 面部精华 祛痘 低过敏性 适合痘痘肌肤 1件装 30ml,100,丝塔芙净颜祛痘精华,丝塔芙,净颜,精华,祛痘小蓝瓶,祛痘+控油+低敏,¥100/30ml,美国,
"Cetaphil 丝塔芙 神经酰胺精华,保湿并恢复皮肤屏障,配方含有神经酰胺和积雪草,专为敏感肌肤设计,不含香料,经皮肤科医生测试,30ml",100,丝塔芙神经酰胺修护精华,丝塔芙,神经酰胺,精华,神经酰胺小蓝瓶,修护+保湿+舒缓,¥100/30ml,美国,
Biotherm 碧欧泉 Homme Force Supreme Blue Serum – 男性抗老面部精华液 活力修护 60ml,100,碧欧泉男士蓝钻修护精华液,碧欧泉,蓝钻,精华液,蓝钻精华,抗老+修护+活力,¥100/60ml,法国,
Biotherm 碧欧泉 Homme Force Supreme Blue Serum – 男性抗老面部精华液 活力修护 60ml,100,碧欧泉男士蓝钻精华,碧欧泉,蓝钻,精华,蓝钻精华,抗老+修护+活力,¥100/60ml,法国,
Neutrogena 露得清 Retinol Boost+ 强效晚间精华（30 毫升），含视黄醇的高浓缩抗衰老面部精华，让肌肤看起来更年轻、更健康,100,Neutrogena Retinol Boost+ 强效晚间精华,Neutrogena,Retinol Boost+,精华,视黄醇精华,抗老+修护+焕肤,¥100/30ml,美国,
"L'Oréal Paris 巴黎欧莱雅 抗皱精华,抗皱保湿抗衰老精华,含甘油和维生素 C,胶原蛋白专家,30毫升",100,巴黎欧莱雅复颜玻尿酸水光充盈焕颜精华液,巴黎欧莱雅,复颜玻尿酸,精华,紫熨斗精华,抗皱+保湿+抗衰老,¥100/30ml,法国,
CeraVe Skin Renewing 夜间抗老精华 50ml,100,CeraVe Skin Renewing Night Serum,CeraVe,Skin Renewing,精华,PM乳,修护+保湿+抗老,¥100/50ml,美国,
Cetaphil 丝塔芙 面部精华 亮肤 适合所有肤质 透明质酸 30ml 1件装,100,丝塔芙透明质酸亮肤精华,丝塔芙,,精华,亮肤小蓝瓶,亮肤+保湿+修护,¥100/30ml,美国,
Biotherm 碧欧泉 眼部护理精华 抗皱 15ml 1件装,100,碧欧泉蓝源眼部精华,碧欧泉,蓝源,精华,蓝源眼精华,抗皱+紧致+淡化细纹,¥100/15ml,法国,
"Eucerin 优色林 Radiant Tone 双精华液黑斑修复剂,含硫胺醇和透明质酸的黑斑精华,有助于显著减少持久黑斑的外观,30ml 瓶装",100,优色林Radiant Tone双精华液黑斑修复剂,优色林,Radiant Tone,精华液,黑斑精华,淡斑+修复+保湿,¥100/30ml,德国,
TAUTROPFEN 天然化妆品 Amaranth * 面部精华 适用于高要求肌肤 50 毫升,100,TAUTROPFEN Amaranth面部精华,TAUTROPFEN,Amaranth,精华,无,保湿+修护,¥100/50ml,德国,
Cetaphil 丝塔芙 面部精华 亮肤 适合所有肤质 透明质酸 30ml 1件装,100,丝塔芙透明质酸亮肤精华,丝塔芙,,精华,亮肤小蓝瓶,亮肤+保湿+修护,¥100/30ml,美国,
SkinMedica 面部精华 28.4g 液体 无味 适合成人,100,SkinMedica TNS Advanced+ Serum,SkinMedica,TNS,精华,TNS精华,抗老+修复+紧致,¥100/28.4g,美国,
Cetaphil 丝塔芙 眼部护理精华 保湿 无香型 适合敏感肌肤 维生素E 15ml 1件装,100,丝塔芙舒润保湿眼部精华,丝塔芙,舒润,精华,小蓝管眼精华,保湿+修护+舒缓,¥100/15ml,法国,
CeraVe 塑颜新生精华油 1 盎司 临期促销,100,CeraVe塑颜新生精华油,CeraVe,塑颜新生,精华油,塑颜油,修护+保湿+抗氧化,¥100/30ml,美国,
BABOR 面部精华 立即补水 使皮肤丰盈紧致 减少皱纹外观 适合干性肌肤 2 ml 7件装,100,BABOR HSR 极致修护精华,BABOR,HSR,精华,HSR精华,补水+紧致+抗皱,¥100/2ml,德国,
BABOR 面部精华 立即补水 使皮肤丰盈紧致 减少皱纹外观 适合干性肌肤 2 ml 7件装,100,BABOR水润焕活面部精华,BABOR,,精华,水润精华,补水+紧致+抗皱,¥100/14ml,德国,
RoC 面部精华 抗衰老 维生素A酸 干性肌肤 10.5ml 1件装,100,RoC视黄醇抗皱精华,RoC,视黄醇,精华,ROC A醇精华,抗老+淡纹+保湿,¥100/10.5ml,法国,
Cetaphil 丝塔芙 眼部护理精华 保湿 无香型 适合敏感肌肤 维生素E 15ml 1件装,100,丝塔芙舒润保湿眼部精华,丝塔芙,舒润保湿,眼部精华,小蓝管眼精华,保湿+舒缓+修护,¥100/15ml,法国,
CeraVe 面部精华 精华30ml+面霜48g 适合成人 烟酰胺 肽 适合混合肤质,100,CeraVe烟酰胺肽精华面霜组合装,CeraVe,,精华+面霜,发光组合,提亮+修护+保湿,¥100/78ml,美国,
"BYOMA 保湿精华 - 含角鲨烷、甘油和神经酰胺的保湿面部精华 - 保湿,适合发光、露水肌肤 - 1.01 液体盎司",100,BYOMA保湿精华,BYOMA,,精华,蓝朋友精华,保湿+修护+滋养,¥100/30ml,英国,
SkinMedica 面部精华 28.4g 液体 无味 适合成人,100,SkinMedica TNS Advanced+ Serum,SkinMedica,TNS,精华,TNS精华,抗老+修复+紧致,¥100/28.4g,美国,
CeraVe 面部精华 精华30ml+面霜48g 适合成人 烟酰胺 肽 适合混合肤质,100,CeraVe烟酰胺肽精华面霜组合装,CeraVe,,精华+面霜,PM乳+修护霜,修护+保湿+提亮,¥100/30ml+48g,美国,
RoC 面部精华 抗衰老 维生素A酸 干性肌肤 10.5ml 1件装,100,RoC视黄醇抗皱精华,RoC,视黄醇,精华,ROC A醇精华,抗皱+淡纹+保湿,¥100/10.5ml,法国,
"BYOMA 保湿精华 - 含角鲨烷、甘油和神经酰胺的保湿面部精华 - 保湿,适合发光、露水肌肤 - 1.01 液体盎司",100,BYOMA保湿精华,BYOMA,,精华,保湿小蓝瓶,保湿+修护+滋养,¥100/30ml,英国,
SkinMedica 视黄醇 精华 29.6ml,100,SkinMedica视黄醇精华, SkinMedica,, 精华,, 抗皱+紧致+焕肤, ¥100/29.6ml, 美国,
Eucerin 面部精华 保湿 适合各种肤质 30ml,100,优色林充盈展颜平衡精华,优色林,充盈展颜,精华,小银弹,保湿+平衡+修护,¥100/30ml,德国,
SkinMedica 视黄醇 精华 29.6ml,100,SkinMedica视黄醇精华,修丽可,Retinol Complex,精华,视黄醇精华,抗皱+焕肤+紧致,¥100/29.6ml,美国,
RoC 面部精华 提拉紧致 抗衰老 适合各种肤质 维他命A酸 精华15ml+眼霜2ml,100,RoC维A抗皱紧致精华,RoC,维A,精华,维A精华,抗老+紧致+淡纹,¥100/15ml,法国,
Nexxus 伊丽莎白雅顿高级眼部护理胶囊 60 X 每日青春修复眼部精华 10.5毫升,100,伊丽莎白雅顿金致眼部胶囊精华,伊丽莎白雅顿,金致,精华,眼部金胶,抗皱+紧致+保湿,¥100/10.5ml,美国,
OLAY 面部精华 提供水分 适合中性肤质 乳酸 肽类 40ml 1件装,100,OLAY新生塑颜奇迹赋能肌底液,OLAY,新生塑颜,精华,小白瓶,补水+抗老+修护,¥100/40ml,美国,
Estee Lauder 雅诗兰黛 高级夜间修复 SMR 精华 100ml,100,Estee Lauder Advanced Night Repair Synchronized Multi-Recovery Complex,雅诗兰黛,Advanced Night Repair,精华,小棕瓶,修护+抗老+保湿,¥100/100ml,美国,
L'Oreal Paris 巴黎欧莱雅 夜间精华 促进再生，含维生素 E，30 毫升,100,巴黎欧莱雅复颜玻尿酸夜间修护精华液,巴黎欧莱雅,复颜玻尿酸,精华,玻尿酸精华,修护+再生+保湿,¥100/30ml,法国,
Nexxus 伊丽莎白雅顿高级眼部护理胶囊 60 X 每日青春修复眼部精华 10.5毫升,100,伊丽莎白雅顿高级眼部护理胶囊,伊丽莎白雅顿,高级眼部护理,精华,金胶,抗老+修护+紧致,¥100/10.5ml,美国,
Estee Lauder 雅诗兰黛 高级夜间修复 SMR 精华 100ml,100,雅诗兰黛特润修护肌透精华露,雅诗兰黛,特润修护,精华,小棕瓶,修护+抗老+保湿,¥100/100ml,美国,
Biotherm 碧欧泉 面部精华 抗衰老紧致改善毛孔 生命浮游生物去角质酸 150ml 1件装,100,碧欧泉奇迹修护精华,碧欧泉,奇迹修护,精华,蓝精华,抗老+紧致+修护,¥100/150ml,法国,
Biotherm 碧欧泉 面部精华 抗衰老紧致改善毛孔 生命浮游生物去角质酸 150ml 1件装,100,碧欧泉奇迹修护精华,碧欧泉,奇迹修护,精华,蓝源精华,抗老+紧致+修护,¥100/150ml,法国,
Eucerin 面部精华 保湿 适合各种肤质 30ml,100,优色林充盈展颜平衡精华,优色林,充盈展颜,精华,小银弹,保湿+修护+抗初老,¥100/30ml,德国,
"GUERLAIN Abeille Royale Double R Renew & Repair 眼部精华,20毫升",100,GUERLAIN Abeille Royale Double R Renew & Repair 眼部精华,娇兰,Abeille Royale,眼部精华,帝皇蜂姿双效眼霜,紧致+修护+淡纹,¥100/20ml,法国,
L’ORÉAL Paris 巴黎欧莱雅视黄醇精华，抗皱夜间精华，含有维A、护肤油和玻尿酸，Revitalift Laser，30 ml,100,巴黎欧莱雅复颜玻尿酸水光充盈焕颜精华液,巴黎欧莱雅,复颜玻尿酸,精华,视黄醇精华,抗皱+保湿+修护,¥100/30ml,法国,
"RevitaLash 化妆品,RevitaLash 高级睫毛护发素 1.0 毫升,睫毛增强精华,医生研发,无刺激性",100,RevitaLash Advanced Eyelash Conditioner,RevitaLash,Advanced,睫毛精华,睫毛增长液,滋养+强韧+增长,¥100/1ml,美国,
OLAY 面部精华 提供水分 适合中性肤质 乳酸 肽类 40ml 1件装,100,OLAY新生塑颜奇迹赋能肌底液,OLAY,新生塑颜,精华,小白瓶,补水+抗老+修护,¥100/40ml,美国,
Grande Cosmetics GrandeLASH-MD 睫毛增强精华 6 Week Starter Supply | 1 ml,100,Grande Cosmetics GrandeLASH-MD 睫毛增强精华,Grande Cosmetics,GrandeLASH-MD,精华液,大睫毛精华,滋养+增长+强韧,¥100/1ml,美国,
"GUERLAIN Abeille Royale Double R Renew & Repair 眼部精华,20毫升",100,GUERLAIN Abeille Royale Double R Renew & Repair 眼部精华,娇兰,Abeille Royale,眼部精华,帝皇蜂姿双效精华眼霜,紧致+修护+淡纹,¥100/20ml,法国,
pura d'or 金标 面部精华 抗衰老 适合各种肤质 维生素A酸 97.6ml 1件装,100,Pura d'or金标抗衰老面部精华,Pura d'or,金标,精华,金标精华,抗衰老+修护+提亮,¥100/97.6ml,美国,
"StriVectin 紧致 & 提升 Peptight 面部提升精华,含紧致和提亮肽,适用于皱纹、眼袋和浮肿,30毫升",100,StriVectin Peptight 紧致提升面部精华,StriVectin,Peptight,精华,Peptight精华,紧致+提亮+抗皱,¥100/30ml,美国,
"RevitaLash 化妆品,RevitaLash 高级睫毛护发素 1.0 毫升,睫毛增强精华,医生研发,无刺激性",100,RevitaLash Advanced Eyelash Conditioner,RevitaLash,Advanced,睫毛精华,睫毛增长液,滋养+增长+温和,¥100/1ml,美国,
Elizabeth Arden 伊丽莎白雅顿 维他命 C 神经酰胺胶囊焕采新生精华，90 粒装 | 42 ml,100,Elizabeth Arden维他命C神经酰胺胶囊焕采新生精华,Elizabeth Arden,维他命C神经酰胺,精华,VC小鲜胶,提亮+修护+抗氧化,¥100/42ml,美国,
pura d'or 金标 面部精华 抗衰老 适合各种肤质 维生素A酸 97.6ml 1件装,100,Pura d'or金标抗衰老面部精华,Pura d'or,金标,精华,金标精华,抗衰老+修护+提亮,¥100/97.6ml,美国,
"RoC Derm Correxion 高级视黄醇紧致精华棒,含抗氧化剂,可明显收紧和紧致皱纹和笑纹,30g+2ml 含视黄醇眼霜",100,RoC Derm Correxion高级视黄醇紧致精华棒,RoC,Derm Correxion,精华,视黄醇棒,抗皱+紧致+抗氧化,¥100/30g,法国,
"视黄醇精华 - 120 毫升视黄醇脂质体输送系统,含透明质酸和维生素 E,芦荟,抗衰老视黄醇精华,用于皮肤修复、细纹和皱纹",100,视黄醇精华,The Ordinary,"""""",精华,视黄醇精华,抗衰老+修复+保湿,¥100/120ml,加拿大,
Elizabeth Arden 伊丽莎白雅顿 维他命 C 神经酰胺胶囊焕采新生精华，90 粒装 | 42 ml,100,Elizabeth Arden维他命C神经酰胺胶囊焕采新生精华,Elizabeth Arden,维他命C,精华,VC小鲜胶,提亮+修护+抗氧化,¥100/42ml,美国,
"视黄醇精华 - 120 毫升视黄醇脂质体输送系统,含透明质酸和维生素 E,芦荟,抗衰老视黄醇精华,用于皮肤修复、细纹和皱纹",100,视黄醇抗皱精华,The Ordinary,"""""",精华,视黄醇精华,抗皱+修复+保湿,¥100/120ml,加拿大,
"MOSKILA Azelaic 酸霜,2 支 Azelaic 酸 12% 面部精华,皮肤透明质酸和烟酰胺,缓解红肿,",100,,,,,,,,,返回数据列数不正确
"RoC Derm Correxion 高级视黄醇紧致精华棒,含抗氧化剂,可明显收紧和紧致皱纹和笑纹,30g+2ml 含视黄醇眼霜",100,RoC Derm Correxion 高级视黄醇紧致精华棒,RoC,Derm Correxion,精华棒,视黄醇棒,抗皱+紧致+抗氧化,¥100/30g,法国,
"StriVectin 紧致 & 提升 Peptight 面部提升精华,含紧致和提亮肽,适用于皱纹、眼袋和浮肿,30毫升",100,StriVectin Peptight 紧致提升面部精华,StriVectin,Peptight,精华,Peptight精华,紧致+提亮+抗皱,¥100/30ml,美国,
带滚轮的面部黑斑去除剂:用于面部褪色太阳斑老年斑 黑斑修复剂，15ml,100,面部黑斑修复精华,空值,空值,精华,黑斑滚轮精华,淡斑+修复,¥100/15ml,空值,
Neutrogena 露得清 Hydro Boost 10% 烟酰胺精华 30毫升,100,露得清Hydro Boost烟酰胺精华,露得清,Hydro Boost,精华,蓝朋友精华,保湿+提亮+修护,¥100/30ml,美国,
"EnaSkin 面部和身体黑斑去除剂:高级配方祛斑霜,适用于淡化老年斑、晒斑、雀斑、黄斑和棕色斑点,男女均适用 50ml",100,EnaSkin Advanced Formula Spot Remover,EnaSkin,Advanced Formula,祛斑霜,黑斑去除剂,淡斑+美白+祛斑,¥100/50ml,,
Eva Naturals 视黄醇精华液 2.5% 60ml - 含透明质酸的维生素 A 视黄醇,100,Eva Naturals 视黄醇精华液 2.5%,Eva Naturals,,精华液,视黄醇精华,抗皱+保湿+修护,¥100/60ml,美国,
Eva Naturals 视黄醇精华液 2.5% 60ml - 含透明质酸的维生素 A 视黄醇,100,Eva Naturals 2.5%视黄醇精华液,Eva Naturals,,精华液,视黄醇精华,抗皱+保湿+修护,¥100/60ml,美国,
CELLEX-C High效能精华，1 液量盎司（30毫升）,100,CELLEX-C High效能精华,CELLEX-C,High效能,精华,CELLEX-C精华,抗氧化+提亮+修护,¥100/30ml,美国,
Heimish 海洋护理视黄醇眼部精华 30毫升,100,Heimish海洋护理视黄醇眼部精华,Heimish,海洋护理,眼部精华,海洋视黄醇眼精华,抗皱+保湿+淡化黑眼圈,¥100/30ml,韩国,
Biotherm 碧欧泉 Aquasour 精华，双相，50ml,100,碧欧泉双相精华液,碧欧泉,Aquasour,精华,双相精华,保湿+修护+提亮,¥100/50ml,法国,
Heimish 海洋护理视黄醇眼部精华 30毫升,100,Heimish海洋护理视黄醇眼部精华,Heimish,海洋护理,精华,海洋视黄醇眼精华,抗皱+保湿+淡化黑眼圈,¥100/30ml,韩国,
"MOSKILA Azelaic 酸霜,2 支 Azelaic 酸 12% 面部精华,皮肤透明质酸和烟酰胺,缓解红肿,",100,,,,,,,,,返回数据列数不正确
"Aomock 高级睫毛生长精华和眉毛增强剂,睫毛精华 - 5 毫升,睫毛提升精华,适用于更长、更浓密的睫毛和眉毛",100,Aomock高级睫毛生长精华,Aomock,,睫毛精华,睫毛增长液,增长+浓密+滋养,¥100/5ml,,
Biotherm 碧欧泉 Aquasour 精华，双相，50ml,100,碧欧泉双相精华液,碧欧泉,Aquasour,精华,双相精华,保湿+修护+焕亮,¥100/50ml,法国,
PCA Skin 0.5% 纯视黄醇夜间强肤护理精华 29.5g,100,PCA Skin 0.5%纯视黄醇夜间强肤护理精华,PCA Skin,纯视黄醇,精华,视黄醇精华,抗老+修护+焕肤,¥100/29.5g,美国,
CELLEX-C High效能精华，1 液量盎司（30毫升）,100,CELLEX-C High效能精华,CELLEX-C,High,精华,高能维C精华,抗氧化+提亮+修护,¥100/30ml,美国,
Revision Skincare 雷沃克斯 7 抗衰精华，0.5 液体盎司 15ml,100,Revision Skincare Revox7 抗衰精华,Revision Skincare,Revox7,精华,Revox7精华,抗老+修护+紧致,¥100/15ml,美国,
Revision Skincare 雷沃克斯 7 抗衰精华，0.5 液体盎司 15ml,100,Revision Skincare Revox7 抗衰精华,Revision Skincare,Revox7,精华,Revox7精华,抗老+修护+紧致,¥100/15ml,美国,
"Aomock 高级睫毛生长精华和眉毛增强剂,睫毛精华 - 5 毫升,睫毛提升精华,适用于更长、更浓密的睫毛和眉毛",100,,,,,,,,,返回数据列数不正确
BABOR 面部精华 减少皱纹和细纹 维生素A 维生素E 2ml*7,100,BABOR维A维E抗皱精华,BABOR,,精华,维A抗皱精华,抗皱+淡纹+紧致,¥100/14ml,德国,
Perricone MD 面部精华 改善细纹皱纹肌肤粗糙 适合中性肤质 乙醇酸 30ml,100,裴礼康MD冷润面部精华,Perricone MD,冷润,精华,冷润精华,抗皱+焕肤+保湿,¥100/30ml,美国,
Neostrata 芯丝翠 面部精华 采用全新升级的微肽229®配方 提拉紧致 适合所有肤质 30ml 1件装,100,Neostrata Active Firming Serum,Neostrata,Active,精华,芯丝翠精华,提拉+紧致+抗老,¥100/30ml,美国,
BABOR 面部精华 减少皱纹和细纹 维生素A 维生素E 2ml*7,100,BABOR维A维E抗皱精华,BABOR,,精华,维A抗皱精华,抗皱+修护+滋养,¥100/14ml,德国,
NuFACE 面部精华 减少细纹和皱纹 15ml,100,NuFACE 抗皱紧致精华,NuFACE,,精华,小脸精华,抗皱+紧致,¥100/15ml,美国,
生命之树完整保湿精华三件套 含维生素 C 精华30ml + 烟酰胺精华 30ml+ 专业胶原蛋白肽精华30ml,100,生命之树完整保湿精华三件套,The Ordinary,,精华,生命之树三件套,保湿+提亮+抗老,¥100/30ml,加拿大,
生命之树完整保湿精华三件套 含维生素 C 精华30ml + 烟酰胺精华 30ml+ 专业胶原蛋白肽精华30ml,100,生命之树完整保湿精华三件套,生命之树,,精华套装,VC三件套,保湿+提亮+抗老,¥100/90ml,,
NuFACE 面部精华 减少细纹和皱纹 15ml,100,NuFACE黄金面部精华,NuFACE,黄金,精华,黄金精华,抗皱+紧致+提拉,¥100/15ml,美国,
"NEOSTRATA 祛痘后修复精华 - 毛孔改善和调理、修复、提亮面部精华液,含烟酰胺和维生素 C - 适合所有肤质,不含致粉刺成分,不含香料,30ml",100,NEOSTRATA祛痘后修复精华,NEOSTRATA,祛痘后修复,精华,祛痘精华,修复+提亮+毛孔改善,¥100/30ml,美国,
"NEOSTRATA 祛痘后修复精华 - 毛孔改善和调理、修复、提亮面部精华液,含烟酰胺和维生素 C - 适合所有肤质,不含致粉刺成分,不含香料,30ml",100,NEOSTRATA 祛痘后修复精华,NEOSTRATA,,精华,果酸精华,修复+提亮+毛孔改善,¥100/30ml,美国,
Perricone MD 面部精华 改善细纹皱纹肌肤粗糙 适合中性肤质 乙醇酸 30ml,100,裴礼康MD紧致提升精华,Perricone MD,MD,精华,裴礼康蓝胖子,抗皱+紧致+焕肤,$100/30ml,美国,
L’Oréal Paris 面部精华 抗衰老 美白 滋润 减少皱纹 平滑 舒缓 适合油性肌肤 维他命A酸 30ml 1件装,100,欧莱雅复颜玻尿酸精华液,L’Oréal Paris,复颜玻尿酸,精华,玻尿酸精华,抗衰老+美白+滋润,¥100/30ml,法国,
"EVE LOM Radiance Repair 视黄醇 - 面部精华滋润肌肤,对抗皱纹 - 30 毫升(1 液体盎司)",100,EVE LOM Radiance Repair Retinol Facial Serum,EVE LOM,Radiance Repair,精华,无,修复+抗皱+滋润,¥100/30ml,英国,
L’Oréal Paris 面部精华 抗衰老 美白 滋润 减少皱纹 平滑 舒缓 适合油性肌肤 维他命A酸 30ml 1件装,100,L’Oréal Paris Revitalift玻尿酸精华液,L’Oréal Paris,Revitalift,精华液,紫熨斗精华,抗衰老+美白+滋润,¥100/30ml,法国,
"RoC Hydration+ 透明质酸精华,适用于面部,保湿,丰盈,不含香料,轻质配方,含胶原蛋白(1 盎司),含视黄醇眼霜包 30ml+2ml",100,,,,,,,,,返回数据列数不正确
"EVE LOM Radiance Repair 视黄醇 - 面部精华滋润肌肤,对抗皱纹 - 30 毫升(1 液体盎司)",100,EVE LOM Radiance Repair 视黄醇面部精华,EVE LOM,Radiance Repair,精华,视黄醇精华,修护+抗皱+滋润,¥100/30ml,英国,
"RoC Hydration+ 透明质酸精华,适用于面部,保湿,丰盈,不含香料,轻质配方,含胶原蛋白(1 盎司),含视黄醇眼霜包 30ml+2ml",100,,,,,,,,,返回数据列数不正确
"L'Oréal Paris 巴黎欧莱雅 即时发光精华,1%乙醇酸,2%烟酰胺精华,明显减少斑点,均匀肤色,乙醇亮泽肌肤,30毫升",100,L'Oréal Paris Revitalift Laser Pure 1%乙醇酸+2%烟酰胺精华,巴黎欧莱雅,Revitalift Laser Pure,精华,发光精华,淡斑+均匀肤色+提亮,¥100/30ml,法国,
"Dove 多芬精华烟酰胺+均匀肤色,含维生素 C、视黄醇和乳木果油,236ml",100,多芬烟酰胺美白身体乳,多芬,,身体乳,大白碗,美白+保湿+均匀肤色,¥100/236ml,英国,
Biotherm 碧欧泉 Aqua Bounce 超级浓缩液 50毫升,100,碧欧泉Aqua Bounce超级浓缩液,碧欧泉,Aqua Bounce,精华,绿活泉精华,保湿+修护+焕亮,¥100/50ml,法国,
"SANTE Naturkosmetik 精华,含维生素 E、角鲨烷和有机玫瑰果油,即时滋养护理,舒缓、再生肌肤,柔嫩肌肤,皮肤保护强效精华,30毫升",100,SANTE Naturkosmetik 强效精华,SANTE Naturkosmetik,,精华,皮肤保护强效精华,滋养+舒缓+再生,¥100/30ml,德国,
"EnaSkin 黑斑去除面部和身体精华: 老年斑 晒斑 黄斑 棕斑 - 高级配方含烟酰胺,适合女士和男士(1.0 液体盎司)",100,EnaSkin 黑斑去除面部和身体精华,EnaSkin,,精华,黑斑精华,淡斑+美白+提亮,¥100/30ml,,
"SANTE Naturkosmetik 面部皮肤活力平滑眼部精华,含伞骨,葡萄籽油和专业胶原蛋白复合物,适用于紧致眼部,15毫升",100,SANTE Naturkosmetik 面部皮肤活力平滑眼部精华,SANTE Naturkosmetik,面部皮肤活力平滑,眼部精华,,紧致+保湿,¥100/15ml,德国,
Peter Thomas Roth彼得罗夫 Firmx 胶原蛋白精华 面部精华与胶原蛋白 |胶原蛋白精华，紧致面部精华，1 盎司 30ml,100,Peter Thomas Roth Firmx Collagen Serum,Peter Thomas Roth,Firmx,精华,胶原蛋白精华,紧致+抗老+保湿,¥100/30ml,美国,
"CELDYQUE Bakuchiol 浓缩精华 30,000 ppm - 高效视黄醇替代品 | 减少皱纹紧致平滑 - 抗衰老敏感肌肤素食,无刺激性 1 盎司韩国护肤",100,CELDYQUE Bakuchiol浓缩精华,CELDYQUE,,精华,Bakuchiol精华,抗老+紧致+舒缓,¥100/30ml,韩国,
"L'Oréal Paris 巴黎欧莱雅 即时发光精华,1%乙醇酸,2%烟酰胺精华,明显减少斑点,均匀肤色,乙醇亮泽肌肤,30毫升",100,L'Oréal Paris Revitalift Instant Glow Glycolic Acid Serum, L'Oréal Paris, Revitalift, 精华, 发光精华, 淡斑+均匀肤色+提亮, ¥100/30ml, 法国,
Biotherm 碧欧泉 护肤精华露125ml(进),100,碧欧泉奇迹水护肤精华露,碧欧泉,奇迹水,精华露,奇迹水,修护+保湿,¥100/125ml,法国,
Peter Thomas Roth彼得罗夫 Firmx 胶原蛋白精华 面部精华与胶原蛋白 |胶原蛋白精华，紧致面部精华，1 盎司 30ml,100,Peter Thomas Roth Firmx Collagen Serum,Peter Thomas Roth,Firmx,精华,胶原蛋白精华,紧致+抗老+保湿,¥100/30ml,美国,
"咖啡因溶液 5% + EGCG 眼部精华,30 毫升保湿咖啡因眼部精华,针对黑眼圈和浮肿,抚平细纹",100,,,,,,,,,返回数据列数不正确
Biotherm 碧欧泉 护肤精华露125ml(进),100,碧欧泉奇迹护肤精华露,碧欧泉,奇迹,精华露,奇迹水,修护+保湿,¥100/125ml,法国,
Moroccanoil 夜间身体精华 身体油 50ml,100,摩洛哥油夜间修护身体精华油,Moroccanoil,夜间修护,身体油,摩洛哥油,滋养+修护+保湿,¥100/50ml,以色列,
"TTYRBF 30ml*3 玫瑰果油,蓖麻油黑籽油玫瑰果油面部精华,面部保湿霜有机天然面部油",100,,,,,,,,,返回数据列数不正确
"抗皱精华,含维生素 C ,肉毒素效果,有机抗衰老即时效果,防止眼部皱纹和嘴唇,轮廓表情线条,面部精华,天然化妆品,修复 15ml",100,,,,,,,,,返回数据列数不正确
BABOR SKINOVAGE 敏感肌肤舒缓精华，含杏仁油和维生素 E 的舒缓精华，无色素或香料，无动物成分配方，30 毫升,100,BABOR SKINOVAGE 舒缓精华,BABOR,SKINOVAGE,精华,舒缓小粉瓶,舒缓+修护+保湿,¥100/30ml,德国,
面部和身体黑斑去除剂:色素沉着治疗 - 天然成分 - 雀斑/黄斑/晒斑/老年斑去除剂 - 女士和男士黑斑修复霜,100,面部和身体黑斑去除剂,空值,空值,修复霜,黑斑修复霜,淡斑+美白+修复,¥100/50ml,空值,
"TTYRBF 30ml*3 玫瑰果油,蓖麻油黑籽油玫瑰果油面部精华,面部保湿霜有机天然面部油",100,,,,,,,,,返回数据列数不正确
"抗皱精华,含维生素 C ,肉毒素效果,有机抗衰老即时效果,防止眼部皱纹和嘴唇,轮廓表情线条,面部精华,天然化妆品,修复 15ml",100,,,,,,,,,返回数据列数不正确
"OLAY 玉兰油 AHA 精华,提亮精华,不含香料,30ml",100,OLAY玉兰油AHA精华,OLAY,无,精华,提亮精华,提亮+去角质+温和,¥100/30ml,美国,
CELLEX-C Betaplex 果酸焕肤精华 紧致收缩毛孔，30 毫升,100,CELLEX-C Betaplex果酸焕肤精华,CELLEX-C,Betaplex,精华,果酸精华,焕肤+紧致+收缩毛孔,¥100/30ml,美国,
Dr Botanicals 芦荟眼部精华 | 黑眼圈和浮肿眼部精华 - 保湿舒缓* - 减少浮肿和细纹| 眼下精华 |15ml,100,Dr Botanicals 芦荟眼部精华,Dr Botanicals,,精华,眼下精华,保湿+舒缓+减少浮肿,¥100/15ml,英国,
Natura Bisse 精华润唇膏，15ml,100,Natura Bisse钻石润唇精华,Natura Bisse,钻石,润唇膏,钻石唇精华,滋润+修护+丰唇,¥100/15ml,西班牙,
The Inkey List 维他命 C 精华 30ml,100,The Inkey List维他命C亮肤精华,The Inkey List,,精华,维C精华,亮肤+抗氧化+均匀肤色,¥100/30ml,英国,
CELLEX-C Betaplex 果酸焕肤精华 紧致收缩毛孔，30 毫升,100,CELLEX-C Betaplex果酸焕肤精华,CELLEX-C,Betaplex,精华,果酸精华,焕肤+紧致+收缩毛孔,¥100/30ml,德国,
EltaMD 面部爽肤水 215ml 肌肤恢复精华 适合敏感肌肤,100,EltaMD 面部爽肤水,EltaMD,,爽肤水,,舒缓+保湿+修复,¥100/215ml,美国,
TruSkin Naturals 面部精华 抗衰老 美白 肤色均匀 滋润 保湿 丰盈 平滑 舒缓 适合各种肤质 维生素C 30ml+透明质酸精华30ml+视黄醇精华30ml,100,TruSkin Naturals 维生素C精华套装,TruSkin Naturals,,精华,维生素C三件套,抗衰老+美白+保湿,¥100/30ml,美国,
The Inkey List 维他命 C 精华 30ml,100,The Inkey List 15%维他命C亮肤精华,The Inkey List,,精华,维C精华,亮肤+抗氧化+均匀肤色,¥100/30ml,英国,
Anua Peach 70% 烟酰胺精华 30 毫升/提亮保湿面部精华色素沉着处理减少黑色素日常清洁*(1 液体盎司),100,Anua Peach 70% 烟酰胺精华,Anua,Peach,精华,桃子精华,提亮+保湿+淡斑,¥100/30ml,韩国,
Biotherm Biocorps 身体精华液 对抗不平整 保湿精华 200 毫升,100,碧欧泉Biocorps身体精华液,碧欧泉,Biocorps,身体精华液,Biocorps身体精华,保湿+紧致+平滑,¥100/200ml,法国,
M2 Beaute 睫毛激活精华 4ml,100,M2 Beaute激活睫毛滋养精华,M2 Beaute,激活,睫毛精华,睫毛增长液,滋养+浓密+强韧,¥100/4ml,德国,
ISDIN 面部精华 Flavo-C Ultraglican是一款明亮滋润的精华安瓿 适合各种肤质 透明质酸 0.68液体盎司(约20ml) 1件装,100,ISDIN Flavo-C Ultraglican面部精华,ISDIN,Flavo-C Ultraglican,精华,安瓿精华,提亮+滋润+保湿,¥100/20ml,西班牙,
ISDIN 面部精华 Flavo-C Ultraglican是一款明亮滋润的精华安瓿 适合各种肤质 透明质酸 0.68液体盎司(约20ml) 1件装,100,ISDIN Flavo-C Ultraglican面部精华,ISDIN,Flavo-C Ultraglican,精华,安瓿精华,提亮+滋润+保湿,¥100/20ml,西班牙,
Biotherm Biocorps 身体精华液 对抗不平整 保湿精华 200 毫升,100,碧欧泉Biocorps身体精华液,碧欧泉,Biocorps,精华液,身体小蓝瓶,保湿+紧致+平滑肌肤,¥100/200ml,法国,
"维生素 E 油 - 100% 纯天然,85,800 IU。修复因手术和痤疮、老年斑和皱纹引起的干燥、受损皮肤。促进胶原蛋白,滋润年轻肌肤。d-alpha 生育酚 60ml",100,维生素E油,无品牌,,精华油,维E油,修复+滋润+抗老,¥100/60ml,美国,
M2 Beaute 睫毛激活精华 4ml,100,M2 Beaute睫毛激活精华,M2 Beaute,,精华,睫毛增长液,滋养+修护+增长,¥100/4ml,德国,
ELAINE PERINE 私密*精华 - 德国制造 30ml,100,ELAINE PERINE私密精华,ELAINE PERINE,,精华,私密精华,修护+紧致+保湿,¥100/30ml,德国,
Cellex-C 面部精华 显著减少衰老迹象 抗坏血酸 锌 2 x 0.5盎司(约14克),100,Cellex-C Advanced-C Serum, Cellex-C, Advanced-C, 精华, C精华, 抗老+抗氧化+提亮, ¥100/14g, 美国,
"维生素 E 油 - 100% 纯天然,85,800 IU。修复因手术和痤疮、老年斑和皱纹引起的干燥、受损皮肤。促进胶原蛋白,滋润年轻肌肤。d-alpha 生育酚 60ml",100,维生素E修护精华油,无品牌,,精华油,维E油,修复+滋润+抗皱,¥100/60ml,,
Cellex-C 面部精华 显著减少衰老迹象 抗坏血酸 锌 2 x 0.5盎司(约14克),100,Cellex-C Advanced-C Serum, Cellex-C, Advanced-C, 精华, C精华, 抗老+抗氧化+提亮, ¥100/14g, 美国,
The INKEY List 1% 咖啡因刺激**精华夜间护理 150ml,100,The INKEY List 1%咖啡因眼部精华,The INKEY List,,精华,咖啡因眼霜,去浮肿+淡化黑眼圈,¥100/150ml,英国,
The INKEY List 1% 咖啡因刺激**精华夜间护理 150ml,100,The INKEY List 1%咖啡因眼部精华,The INKEY List,,精华,咖啡因眼霜,去浮肿+淡化黑眼圈,¥100/150ml,英国,
Andalou Naturals 深层补水活肤精华 30ml,100,Andalou Naturals深层补水活肤精华,Andalou Naturals,,精华,深层补水精华,补水+活肤,¥100/30ml,美国,
Andalou Naturals 深层补水活肤精华 30ml,100,Andalou Naturals深层补水活肤精华,Andalou Naturals,,精华,深层补水精华,补水+活肤,¥100/30ml,美国,
Elizabeth Arden 伊丽莎白雅顿 神经酰胺新生代时空胶囊 雅顿金胶 精华胶囊，90粒 | 42 ml,100,Elizabeth Arden神经酰胺新生代时空胶囊精华,Elizabeth Arden,神经酰胺新生代时空,精华胶囊,雅顿金胶,修护+保湿+抗老,¥100/42ml,美国,
Elizabeth Arden 伊丽莎白雅顿 神经酰胺新生代时空胶囊 雅顿金胶 精华胶囊，90粒 | 42 ml,100,Elizabeth Arden神经酰胺新生代时空胶囊精华,Elizabeth Arden,新生代时空胶囊,精华,雅顿金胶,修护+抗老+保湿,¥100/42ml,美国,
"Ethne Serum 天然白发精华,90 毫升,整体肽精华,用于预防和逆转灰发,99% 天然成分,替代头发染色",100,Ethne Serum天然白发精华,Ethne,,精华,白发精华,防白发+天然+护发,¥100/90ml,,
Sisley 希思黎 日间呵护精华乳 1.7盎司/50毫升,100,Sisley希思黎全日呵护精华乳,Sisley,全日呵护,精华乳,全能乳液,保湿+防护+抗老,¥100/50ml,法国,
THE ORDINARY 多肽眼精华 15 毫升 1.0 件,100,THE ORDINARY Multi-Peptide Eye Serum,The Ordinary,Multi-Peptide,眼精华,咖啡因眼精华,去黑眼圈+消肿,¥100/15ml,加拿大,
THE ORDINARY 多肽眼精华 15 毫升 1.0 件,100,THE ORDINARY Buffet 多肽眼部精华,The Ordinary,Buffet,眼精华,咖啡因眼精华,抗皱+去黑眼圈+保湿,¥100/15ml,加拿大,
Anthony 维生素 C 面部高性能精华 – 面部提亮精华黑斑校正 – 含有多肽和水杨酸 使肌肤焕发活力 30ml*2,100,Anthony 维生素 C 面部高性能精华,Anthony,,精华,VC精华,提亮+焕肤+淡斑,¥100/30ml,美国,
CHANEL 香奈儿 山茶花保湿精华水 150 毫升,100,香奈儿山茶花保湿精华水,香奈儿,山茶花,精华水,山茶花精华水,保湿+修护+舒缓,¥100/150ml,法国,
Sisley 希思黎 日间呵护精华乳 1.7盎司/50毫升,100,Sisley希思黎全日呵护精华乳,Sisley,全日呵护,精华乳,全能乳液,保湿+防护+抗老,¥100/50ml,法国,
"Jurlique 茱莉蔻 Purely Age-Defying 纯净紧致面部精华，抵御衰老，1.6液体盎司（50毫升）,紧致",100,茱莉蔻纯净紧致面部精华,茱莉蔻,Purely Age-Defying,精华,纯净精华,紧致+抗老+修护,¥100/50ml,澳大利亚,
Sisley 希思黎 面部精华 抗衰老 适合中性肤质 1液体盎司(约29.5735毫升) 1件装,100,Sisley抗皱修活御致臻颜精华,Sisley,抗皱修活御致,精华,抗老精华,抗衰老+修护+紧致,¥100/29.5735ml,法国,
Orlane Consentre R 美容精华 30毫升,100,幽兰Orlane Consentre R美容精华,幽兰,Consentre R,精华,暂无,抗老+修护+紧致,¥100/30ml,法国,
Erborian 人参超级精华 - 抗皱精华 - 韩国人参复合物 - 平滑和紧致柔软皮肤 - 30毫升,100,Erborian人参超级精华,Erborian,人参,精华,人参精华,抗皱+紧致+平滑,¥100/30ml,韩国,
"iS CLINICAL GENEXC 精华,维生素 C 精华,面部抗氧化精华;促进细胞再生,年轻肌肤15ml",100,iS CLINICAL GENEXC Serum,iS CLINICAL,GENEXC,精华,基因精华,抗氧化+促进细胞再生+提亮,¥100/15ml,美国,
Zenon Life 完美精华 – 维生素 C + E 面部精华 – 烟酰胺面部精华 – 适用于皮肤护理精华的完整面部精华 30ml,100,Zenon Life完美精华,Zenon Life,完美精华,精华,维C精华,抗氧化+提亮+修护,¥100/30ml,,
Comfort Zone 面部精华 提亮肤色 适合各种肤质 姜提取物 30ml 1件装,100,舒适地带水忆润泽精华液,Comfort Zone,水忆,精华,水忆精华,提亮+保湿,¥100/30ml,意大利,
Novexpert 面部精华 绿茶 30ml 1件装,100,Novexpert绿茶多酚面部精华,Novexpert,,精华,绿茶精华,抗氧化+控油+舒缓,¥100/30ml,法国,
FILORGA 菲洛嘉 面部精华 神经肽有效减少面部表情线 适合各种肤质 15ml 1件装,100,FILORGA菲洛嘉NCEF逆时光面部精华,菲洛嘉,NCEF,精华,逆时光精华,抗皱+紧致+修护,¥100/15ml,法国,
夜间再生眼部轮廓精华。眼部轮廓 15ml,100,娇韵诗双萃眼部精华,娇韵诗,双萃,眼部精华,双萃眼精华,抗老+紧致+淡化黑眼圈,¥100/15ml,法国,
Augustinus Bader 面部精华 提供水分 油性肌肤 15ml,100,Augustinus Bader The Cream,Augustinus Bader,,精华,AB蓝面霜,保湿+修护+控油,¥100/15ml,德国,
"Jack Black Protein Booster 皮肤精华液,60ml",100,Jack Black Protein Booster Skin Serum,Jack Black,Protein Booster,精华液,蛋白精华,保湿+修护+抗老,¥100/60ml,美国,
Doctor BABOR Barrier 保护安瓶精华 | 强化皮肤保护屏障 | 含神经酰胺和烟酰胺| 适用于干燥和受损皮肤 | 容光焕发和平衡肌肤 | 素食 | 7 x 2 毫升,100,Doctor BABOR Barrier 保护安瓶精华,BABOR,Barrier,精华,安瓶精华,修复+保湿+屏障强化,¥100/14ml,德国,
OLAY 面部精华 提供水分 适合各种肤质 胶原蛋白 38g 1件装,100,OLAY新生塑颜奇迹赋能肌底液,OLAY,新生塑颜,精华,大红瓶,补水+胶原蛋白,¥100/38g,美国,
OLAY 面部精华 提供水分 适合各种肤质 胶原蛋白 38g 1件装,100,OLAY新生塑颜奇迹赋能肌底液,OLAY,新生塑颜,精华,小白瓶,补水+胶原蛋白,¥100/38g,美国,
"Jack Black Protein Booster 皮肤精华液,60ml",100,Jack Black Protein Booster Skin Serum,Jack Black,Protein Booster,精华液,蛋白精华,保湿+修护+抗老,¥100/60ml,美国,
Doctor BABOR Barrier 保护安瓶精华 | 强化皮肤保护屏障 | 含神经酰胺和烟酰胺| 适用于干燥和受损皮肤 | 容光焕发和平衡肌肤 | 素食 | 7 x 2 毫升,100,Doctor BABOR Barrier保护安瓶精华,BABOR,Barrier,精华,安瓶精华,修复+保湿+屏障,¥100/14ml,德国,
Vaseline 面部精华 保湿 全天候保湿 适合所有肤质 透明质酸 222ml 2件装,100,凡士林面部保湿精华,凡士林,,精华,保湿小蓝瓶,保湿+修护+全天候,¥100/222ml,美国,
OLAY 面部精华 保湿 抗衰老 适合中性肤质 水杨酸 14ml 1件装,100,OLAY新生塑颜奇迹赋能肌底液,OLAY,新生塑颜,精华,小白瓶,保湿+抗衰老+修护,¥100/14ml,美国,
Algenist 面部精华 抗衰老 适合各种肤质 Alguronic酸 BHA 28g 1件装,100,Algenist抗衰老面部精华,Algenist,,精华,AA精华,抗老+焕肤+修护,¥100/28ml,美国,
Algenist 面部精华 抗衰老 适合各种肤质 Alguronic酸 BHA 28g 1件装,100,Algenist抗衰老面部精华,Algenist,,精华,,抗衰老+焕肤+修护,¥100/28ml,美国,
"Elizabeth Arden 伊丽莎白雅顿高级轻神经酰胺胶囊强化精炼精华 90粒,42ml",100,Elizabeth Arden Advanced Ceramide Capsules Daily Youth Restoring Serum,Elizabeth Arden,Advanced Ceramide,精华,金胶,修护+抗老+保湿,¥100/42ml,美国,
Augustinus Bader 面部精华 提供水分 油性肌肤 15ml,100,Augustinus Bader The Cream精华乳,Augustinus Bader,The Cream,精华,AB蓝面霜,保湿+修护+抗老,¥100/15ml,德国,
"Glow Recipe 烟酰胺Hue Drops 面部精华 - 有色精华 + 光泽滴至古铜色、提亮和保湿 - 护肤化妆底霜和荧光笔可模糊毛孔,打造光泽均匀肤色 - 阳光(40 毫升)",100,Glow Recipe烟酰胺Hue Drops有色面部精华,Glow Recipe,Hue Drops,精华,有色精华,提亮+保湿+均匀肤色,¥100/40ml,美国,
Vaseline 面部精华 保湿 全天候保湿 适合所有肤质 透明质酸 222ml 2件装,100,凡士林3号面部精华,凡士林,3号,精华,小银瓶,保湿+修护+提亮,¥100/222ml,美国,
"Elizabeth Arden 伊丽莎白雅顿高级轻神经酰胺胶囊强化精炼精华 90粒,42ml",100,Elizabeth Arden Advanced Ceramide Capsules Daily Youth Restoring Serum,Elizabeth Arden,Advanced Ceramide,精华,金胶,修护+抗老+保湿,¥100/42ml,美国,
"Glow Recipe 烟酰胺Hue Drops 面部精华 - 有色精华 + 光泽滴至古铜色、提亮和保湿 - 护肤化妆底霜和荧光笔可模糊毛孔,打造光泽均匀肤色 - 阳光(40 毫升)",100,Glow Recipe烟酰胺Hue Drops面部精华,Glow Recipe,烟酰胺Hue Drops,精华,有色精华,提亮+保湿+均匀肤色,¥100/40ml,美国,
MAELOVE 面部精华 焕发光彩 15%维生素C(L-抗坏血酸) 维生素E 芸香酸 29.57ml 1件装,100,MAELOVE 15%维生素C焕亮精华,MAELOVE,,精华,C精华,提亮+抗氧化+修护,¥100/29.57ml,美国,
"VGO 维生素 C 面部精华液,含维生素 C 透明质酸、维生素 E 等保湿精华,暗沉精华,平衡肤色,眼部区域,细纹和皱纹,60 毫升 / 2.02 液体盎司",100,VGO维生素C面部精华液,VGO,,精华液,暗沉精华,提亮+保湿+抗皱,¥100/60ml,,
MAELOVE 面部精华 焕发光彩 15%维生素C(L-抗坏血酸) 维生素E 芸香酸 29.57ml 1件装,100,MAELOVE 15%维生素C面部精华,MAELOVE,,精华,C精华,抗氧化+提亮+修护,¥100/29.57ml,美国,
"belif Super Drops 烟酰胺维生素 C 金色发光精华,2 合 1 保湿亮肤化妆底妆,提亮肤色,提亮肤色,均匀肌肤纹理,PHA,韩国皮肤护理 50ml",100,,,,,,,,,返回数据列数不正确
"VGO 维生素 C 面部精华液,含维生素 C 透明质酸、维生素 E 等保湿精华,暗沉精华,平衡肤色,眼部区域,细纹和皱纹,60 毫升 / 2.02 液体盎司",100,VGO维生素C面部精华液,VGO,,精华液,暗沉精华,保湿+提亮+抗皱,¥100/60ml,,
"ANUA RICE CERAMIDE 7 保湿屏障精华,面部、大米、透明质酸、烟酰胺、蜂蜜、控油、玻璃皮肤保湿精华,韩国皮肤护理,50 毫升/1.69 液体盎司",100,ANUA RICE CERAMIDE 7保湿屏障精华,ANUA,RICE CERAMIDE 7,精华,大米精华,保湿+修护+控油,¥100/50ml,韩国,
"ANAI RUI 铜肽面部精华 - 铜肽面部精华 + 透明质酸 - 减少细纹和皱纹,丰盈和容光焕发,30ml",100,ANAI RUI铜肽面部精华,ANAI RUI,,精华,铜肽精华,抗皱+保湿+提亮,¥100/30ml,,
Wumal 3 件装精华液套装 - 维生素 C 精华、视黄醇精华和透明质酸精华 - 紧致、提亮和保湿 - 日夜重置您的皮肤 维生素 C 精华30ml+视黄醇精华30ml+透明质酸精华30ml,100,Wumal 3件装精华液套装,Wumal,,精华液,,紧致+提亮+保湿,¥100/30ml,,
维生素 C 面部精华 - 维生素 C 面部精华 含透明质酸、视黄醇、烟酰胺和水杨酸 - 维生素 C 面部油 - 皮肤亮白精华 - 抗衰老 60ml,100,维生素C面部精华,The Ordinary,"""""",精华,VC精华,亮白+抗老+保湿,¥100/60ml,加拿大,
维生素 C 面部精华 - 维生素 C 面部精华 含透明质酸、视黄醇、烟酰胺和水杨酸 - 维生素 C 面部油 - 皮肤亮白精华 - 抗衰老 60ml,100,修丽可维生素CE复合修护精华,修丽可,CE,精华,CE精华,抗氧化+亮白+修护,¥100/60ml,美国,
"Advanced Clinicals 面部胶原蛋白精华 | 胶原蛋白面部精华用于紧致肌肤,有助于提升、丰盈和紧致松弛肌肤 | 皮肤护理精华 | 抗皱提升,不含香料,52ml*2",100,Advanced Clinicals胶原蛋白面部精华,Advanced Clinicals,,精华,胶原蛋白精华,紧致+丰盈+抗皱,¥100/52ml*2,美国,
"Shea Terra Kigelia 抗衰老系列 – 抗氧化面部精华 | 天然抗衰老面部精华,含抗氧化剂,可滋润、更新和修复皮肤 –59ml",100,Shea Terra Kigelia抗衰老面部精华,Shea Terra,Kigelia,精华,Kigelia精华,抗氧化+滋润+修复,¥100/59ml,美国,
"Generic cepoLAB Biogenic Essence The CLEPS Original 90%,1 盎司(30 毫升)护肤精华,透明",100,Generic cepoLAB Biogenic Essence The CLEPS Original 90%,cepoLAB,Biogenic,精华,原液精华,修护+保湿+抗氧化,¥100/30ml,,
"THESKCARE 维生素 C 面部精华,含透明质酸、谷胱甘肽、维生素 E 和烟酰胺,抗衰老面部精华,适用于皱纹和黑斑,保湿和发光,1ml*30安瓶",100,THESKCARE VC面部精华,THESKCARE,,精华,VC安瓶,抗老+美白+保湿,¥100/30ml,,
70 岁以上女性超级维生素 C 精华:烟酰胺、维生素 C、透明质酸、肽、维生素 E、咖啡因、巴库奇醇、保湿、提升、面部皱纹和老年斑 30ml,100,欧莱雅复颜玻尿酸维生素C精华,欧莱雅,复颜玻尿酸,精华,VC精华,抗老+提亮+保湿,¥100/30ml,法国,
"2 件装姜黄黑斑修复精华,天然姜黄黑斑修复精华,适用于面部,护肤保湿修复精华(30 毫升/1.01 盎司)",100,,,,,,,,,返回数据列数不正确
Viktairy 面部精华 保湿 50ml 适合成人使用 d 泛醇 适合所有肤质 1件装,100,Viktairy面部精华,Viktairy,,精华,,保湿+修护+舒缓,¥100/50ml,,
70 岁以上女性超级维生素 C 精华:烟酰胺、维生素 C、透明质酸、肽、维生素 E、咖啡因、巴库奇醇、保湿、提升、面部皱纹和老年斑 30ml,100,超级维生素C精华,未知,,精华,维C精华,保湿+抗老+提亮,¥100/30ml,,
Viktairy 面部精华 保湿 50ml 适合成人使用 d 泛醇 适合所有肤质 1件装,100,Viktairy面部精华,Viktairy,,精华,,保湿+修护+舒缓,¥100/50ml,,
"双尺寸(120ml)透明质酸精华 3.5% 透明质酸保湿霜,面部保湿精华,海藻和洋甘菊保湿透明质酸精华,女士发光面部精华",100,,,,,,,,,返回数据列数不正确
"双尺寸(120ml)透明质酸精华 3.5% 透明质酸保湿霜,面部保湿精华,海藻和洋甘菊保湿透明质酸精华,女士发光面部精华",100,,,,,,,,,返回数据列数不正确
ActivePur 25% 最佳维生素 C 面部精华液(2 盎司/60 毫升)维生素 E+B5 透明质酸精华面部视黄醇阿魏酸烟酰胺胶原蛋白抗衰老斑眼圈维生素 C 面部精华,100,ActivePur 25% Vitamin C Facial Serum,ActivePur,,精华液,维C精华,抗氧化+美白+抗老,¥100/60ml,美国,
"Olavita 面部精华,维生素 C 和 E 精华,抗衰老面部紧致,提升皮肤胶原蛋白,减少皱纹和丰盈肌肤(2 件)",100,Olavita 维生素CE精华,Olavita,,精华,CE精华,抗老+紧致+提亮,¥100/件,美国,
ActivePur 25% 最佳维生素 C 面部精华液(2 盎司/60 毫升)维生素 E+B5 透明质酸精华面部视黄醇阿魏酸烟酰胺胶原蛋白抗衰老斑眼圈维生素 C 面部精华,100,ActivePur 25% Vitamin C Facial Serum,ActivePur,,精华液,维C精华,抗氧化+美白+抗老,¥100/60ml,美国,
Elegacell 面部精华 抗皱 无香味 适合所有肤质 1件装 50ml,100,Elegacell抗皱面部精华,Elegacell,,精华,,抗皱,¥100/50ml,,
"Stratia Rewind | 紧致保湿精华,保湿和淡化色素沉着 | DMAE、烟酰胺和透明质酸 |40ml",100,Stratia Rewind,Stratia,Rewind,精华,Rewind精华,紧致+保湿+淡斑,¥100/40ml,美国,
"Blue Nectar Kumkumadi 油,阿育吠陀面部油,含纯藏红花和檀香,面部抗衰老精华,女士天然面部保湿霜(26 支草本植物,10 毫升)",100,Blue Nectar Kumkumadi 面部精华油,Blue Nectar,Kumkumadi,精华油,阿育吠陀黄金油,抗老+滋养+提亮,¥100/10ml,印度,
"ANAI RUI 多谷氨酸保湿精华,含透明质酸和甘油 - 丰盈、保湿、紧致、面部精华,适用于干性皮肤,减少细纹和皱纹 - 30ml",100,ANAI RUI多谷氨酸保湿精华,ANAI RUI,,精华,多谷精华,保湿+丰盈+紧致,¥100/30ml,,
Elegacell 面部精华 抗皱 无香味 适合所有肤质 1件装 50ml,100,Elegacell抗皱面部精华,Elegacell,,精华,无香味精华,抗皱+无香+全肤质,¥100/50ml,,
"KAHI 抗皱 Bounce Blemish Ampoule | 胶原蛋白精华适用于面部黑斑修复日常面部精华液面部保湿面部精华液适用于发光肌肤韩国安瓶面部护理,1.7 液体盎司(约 50.0 毫升)",100,KAHI抗皱Bounce Blemish Ampoule,KAHI,Bounce Blemish,精华液,胶原蛋白精华,抗皱+修复+保湿,¥100/50ml,韩国,
"Medicube 21% 酸洗去去角质剂(AHA+BHA+琥珀酸),洗净修复精华,适合凹凸、易长痘皮肤,韩国护肤 40g",100,,,,,,,,,返回数据列数不正确
"烟酰胺20% + 锌 PCA 4% 精华液,用于面部,毛孔减少,肤色不均匀,减少痤疮,皮肤平衡毛孔,恢复弹性,30ml",100,The Ordinary 20%烟酰胺+锌精华液,The Ordinary,N/A,精华液,烟酰胺锌精华,控油+美白+收缩毛孔,¥100/30ml,加拿大,
"ANAI RUI 多谷氨酸保湿精华,含透明质酸和甘油 - 丰盈、保湿、紧致、面部精华,适用于干性皮肤,减少细纹和皱纹 - 30ml",100,ANAI RUI多谷氨酸保湿精华,ANAI RUI,,精华,多谷精华,保湿+丰盈+紧致,¥100/30ml,,
"Medicube 21% 酸洗去去角质剂(AHA+BHA+琥珀酸),洗净修复精华,适合凹凸、易长痘皮肤,韩国护肤 40g",100,,,,,,,,,返回数据列数不正确
"PURCELL 82% 高剂量肽配方 - 精华液含多色,肽,适合紧致年轻肌肤,轻盈温和配方,抗衰老,1 盎司",100,PURCELL 82%高剂量肽精华液,PURCELL,,精华液,高肽精华,紧致+抗老+温和,¥100/30ml,,
"MAELOVE Hydrator 透明质酸 B5 精华液,无香味,终极保湿,水润光泽,轻盈不油腻,含泛醇和白藜芦醇,美国制造,1 30ml",100,MAELOVE Hydrator透明质酸B5精华液,MAELOVE,Hydrator,精华液,B5精华,保湿+修护+抗氧化,¥100/30ml,美国,
Aphrona 面部精华 抗皱 旅行装 适合所有肤质 多肽 维生素C 30ml 1件装,100,Aphrona抗皱面部精华,Aphrona,,精华,,抗皱+多肽+维生素C,¥100/30ml,,
"70 岁以上女性超级维生素 C 精华:高级抗衰老配方 - 维生素 C、烟酰胺、胶原蛋白、透明质酸 - 面部提升精华,适用于皱纹、黑斑 30ml",100,超级维生素C抗老精华,未知,,精华,维C抗老精华,抗老+提亮+紧致,¥100/30ml,,
Dr Grandel Active Ampoules HYDRO ACTIVE AMPOULE 3 毫升 x 24 包,100,Dr.Grandel Hydro Active Ampoule,Dr.Grandel,Hydro Active,安瓶,水活安瓶,补水+保湿+修护,¥100/3ml×24,德国,
"生命之树维生素 C 面部精华 - 1 液体盎司,护肤套装 - 保湿维生素 E 用于提亮和平滑干燥/敏感性皮肤,抗衰老,皱纹和黑斑 - 经皮肤科医生测试",100,,,,,,,,,返回数据列数不正确
"曲酸姜黄精华,保湿亮肤精华,黑斑,抗皱细纹黑斑修复滋养紧致日常护肤精华,滋润暗沉和干性皮肤 30ml",100,,,,,,,,,返回数据列数不正确
"用于清除痤疮的冻干粉 - 恢复完美无瑕的美妆,对抗痤疮和恢复肌肤活力,50毫克+3毫升/双,2双装",100,冻干粉祛痘精华液,,,精华液,祛痘冻干粉,祛痘+修复,¥100/50mg+3ml,,
"优质 20% 维生素 C 面部精华液,含透明质酸 30ml,男女抗衰老面部精华,抗氧化剂,淡化黑斑,增强皮肤胶原蛋白,保湿和丰盈肌肤,抗衰老和皱纹",100,修丽可维生素CE复合修护精华液,修丽可,CE复合修护,精华液,CE精华,抗氧化+淡斑+抗老,¥100/30ml,美国,
Dr Grandel Active Ampoules HYDRO ACTIVE AMPOULE 3 毫升 x 24 包,100,Dr Grandel Active Ampoules HYDRO ACTIVE AMPOULE,Dr Grandel,Active Ampoules,安瓶精华,水活安瓶,补水+保湿+修护,¥100/3ml×24,德国,
"生命之树维生素 C 面部精华 - 1 液体盎司,护肤套装 - 保湿维生素 E 用于提亮和平滑干燥/敏感性皮肤,抗衰老,皱纹和黑斑 - 经皮肤科医生测试",100,,,,,,,,,返回数据列数不正确
"ANAI RUI 毛孔缩小精华,缩小毛孔,缩小毛孔,收缩,收紧毛孔,100% 纯素毛孔去角质液,30ml",100,,,,,,,,,返回数据列数不正确
"优质 20% 维生素 C 面部精华液,含透明质酸 30ml,男女抗衰老面部精华,抗氧化剂,淡化黑斑,增强皮肤胶原蛋白,保湿和丰盈肌肤,抗衰老和皱纹",100,修丽可维生素CE复合修护精华液,修丽可,CE,精华液,CE精华,抗氧化+淡斑+抗老,¥100/30ml,美国,
"ANAI RUI 毛孔缩小精华,缩小毛孔,缩小毛孔,收缩,收紧毛孔,100% 纯素毛孔去角质液,30ml",100,,,,,,,,,返回数据列数不正确
"用于清除痤疮的冻干粉 - 恢复完美无瑕的美妆,对抗痤疮和恢复肌肤活力,50毫克+3毫升/双,2双装",100,冻干粉祛痘精华液,,,精华液,祛痘冻干粉,祛痘+修复+控油,¥100/50mg+3ml,,
"熊果苷 5% 面部精华 含烟酰胺5% - 治疗色素、黄斑、黑斑修复剂、防止皮肤变色,1 液体盎司(30 毫升)",100,The Ordinary 5% 熊果苷+2% 透明质酸精华,The Ordinary,无,精华,熊果苷精华,美白+淡斑+保湿,¥100/30ml,加拿大,
"烟酰胺高级 20% 面部素食精华维生素 B3 浓缩透明质酸绿茶β-葡聚糖 30ml 锦缎玫瑰 63.3% 无香味均匀肤色抗衰老,缩小毛孔丰满细纹 ines es",100,The Ordinary 烟酰胺10%+锌1%精华液,The Ordinary,N/A,精华液,烟酰胺精华,美白+控油+收缩毛孔,¥100/30ml,加拿大,
BioMD Forget Your Age 眼部精华 BioMD Forget Your Age 眼部精华 15 毫升,100,,,,,,,,,返回数据列数不正确
GLOfacial 胶原蛋白浓缩液。紧致胶原蛋白和平滑肽溶液 50ml,100,GLOfacial胶原蛋白浓缩液,GLOfacial,,精华,胶原蛋白液,紧致+平滑,¥100/50ml,美国,
"INKEY List 扁桃酸护理,15ml",100,INKEY List扁桃酸精华,INKEY List,,精华,扁桃酸精华,去角质+控油+收缩毛孔,¥100/15ml,英国,
BioMD Forget Your Age 眼部精华 BioMD Forget Your Age 眼部精华 15 毫升,100,,,,,,,,,返回数据列数不正确
"BLUE LOVE 金透明质酸面部精华液,超保湿保湿霜,减少干燥皮肤,深层滋润和平滑肌肤,3.3 液体盎司(约 100.0 毫升)",100,,,,,,,,,返回数据列数不正确
"BLUE LOVE 金透明质酸面部精华液,超保湿保湿霜,减少干燥皮肤,深层滋润和平滑肌肤,3.3 液体盎司(约 100.0 毫升)",100,,,,,,,,,返回数据列数不正确
"Votary 超级种子面部油 | 抗衰老面部精华滴剂适用于干燥、红肿、弹性舒缓和滋养肌肤,打造迷人年轻外观,保湿和丰富肌肤,不含香料 50ml",100,Votary超级种子面部精华油,Votary,超级种子,精华油,超级种子油,抗老+舒缓+保湿,¥100/50ml,英国,
Plexaderm 快速减少眼部精华 - 高级配方抗衰老显著减少眼袋、皱纹、黑眼圈、细纹和鱼尾纹即时面部除皱剂 10ml,100,Plexaderm快速减少眼部精华,Plexaderm,,精华,眼袋急救精华,去眼袋+抗皱+淡化黑眼圈,¥100/10ml,美国,
EISENBERG 身体*精华 150 毫升,100,EISENBERG紧致塑身精华,EISENBERG,,身体精华,塑身精华,紧致+塑形+保湿,¥100/150ml,法国,
"Votary 超级种子面部油 | 抗衰老面部精华滴剂适用于干燥、红肿、弹性舒缓和滋养肌肤,打造迷人年轻外观,保湿和丰富肌肤,不含香料 50ml",100,Votary超级种子面部油,Votary,超级种子,精华油,超级种子油,抗老+舒缓+保湿,¥100/50ml,英国,
"Sunday Riley U.F.O. 超洁净 BHA 水杨酸和茶树痤疮治疗面部油,35ml",100,Sunday Riley U.F.O. 超洁净 BHA 水杨酸面部油,Sunday Riley,U.F.O.,精华油,UFO油,控油+祛痘+净肤,¥100/35ml,美国,
EISENBERG 身体*精华 150 毫升,100,EISENBERG紧致塑身精华,EISENBERG,无,身体精华,塑身精华,紧致+塑形+保湿,¥100/150ml,法国,
Institut Esthederm *螺旋精华，30ml,100,Institut Esthederm螺旋精华,Institut Esthederm,,精华,螺旋精华,抗老+修护+紧致,¥100/30ml,法国,
"Brickell 男士黑眼圈男士眼下护理精华,天然有机眼部凝胶,紧致男士皱纹,减少眼下黑眼袋,促进年轻肌肤,0.75 盎司(约 18.4 克),无香型",100,Brickell男士黑眼圈护理精华,Brickell,,精华,男士眼精华,紧致+去黑眼圈+抗老,¥100/18.4g,美国,
Plexaderm 快速减少眼部精华 - 高级配方抗衰老显著减少眼袋、皱纹、黑眼圈、细纹和鱼尾纹即时面部除皱剂 10ml,100,Plexaderm快速减少眼部精华,Plexaderm,,精华,眼袋急救精华,去眼袋+抗皱+淡化黑眼圈,¥100/10ml,美国,
"Caffeine 眼霜,黑眼圈眼霜 适用于浮肿和眼袋皱纹黑眼圈 含眼部精华和眼部滚轮,眼霜眼部护理,眼袋去除浮肿眼部护理产品 眼霜20ml+眼部精华30ml+眼部护理棒",100,,,,,,,,,返回数据列数不正确
"COSRX 视黄醇 0.5 油,抗衰老精华,0.5% 视黄醇治疗面部,减少皱纹,细纹和皱纹,日夜温和护肤,未经动物测试,韩国护肤 20ml",100,COSRX Advanced Snail 92 All in one Cream,COSRX,,精华,蜗牛霜,修复+保湿+抗老,¥100/20ml,韩国,
Meaningful Beauty 面部精华 抗衰老精华凝胶蜜瓜茎干细胞 50ml 男女通用,100,Meaningful Beauty抗衰老精华凝胶,Meaningful Beauty,,精华,蜜瓜茎干细胞精华,抗衰老+修护+保湿,¥100/50ml,美国,
"COSRX 视黄醇 0.5 油,抗衰老精华,0.5% 视黄醇治疗面部,减少皱纹,细纹和皱纹,日夜温和护肤,未经动物测试,韩国护肤 20ml",100,COSRX Advanced Snail 92 All in One Cream,COSRX,Advanced Snail,精华,蜗牛精华,修复+保湿+抗老,¥100/20ml,韩国,
"Brickell 男士黑眼圈男士眼下护理精华,天然有机眼部凝胶,紧致男士皱纹,减少眼下黑眼袋,促进年轻肌肤,0.75 盎司(约 18.4 克),无香型",100,Brickell男士黑眼圈护理精华,Brickell,,精华,男士眼精华,紧致+去黑眼圈+抗老,¥100/18.4g,美国,
"Bobbi Brown 维生素精华,0.5 盎司/15 毫升",100,Bobbi Brown维生素精华乳,Bobbi Brown,维生素,精华,橘子面霜,保湿+提亮+妆前打底,¥100/15ml,美国,
Eve Hansen *精华套装 | 维生素 C 精华、透明质酸精华、视黄醇精华 | 亮肤精华、抗皱精华、面部黑斑修复霜、**痕、毛孔收缩剂 | 3x1 盎司,100,Eve Hansen维生素C精华+透明质酸精华+视黄醇精华套装,Eve Hansen,,精华套装,亮肤精华+抗皱精华,亮肤+抗皱+修复,¥100/30ml,美国,
"Caffeine 眼霜,黑眼圈眼霜 适用于浮肿和眼袋皱纹黑眼圈 含眼部精华和眼部滚轮,眼霜眼部护理,眼袋去除浮肿眼部护理产品 眼霜20ml+眼部精华30ml+眼部护理棒",100,,,,,,,,,返回数据列数不正确
Rilastil 面部精华 适合所有肤质,100,Rilastil水芙蓉保湿精华,Rilastil,水芙蓉,精华,水芙蓉精华,保湿+修护+舒缓,¥100/30ml,意大利,
"Eight Saints High Society 植物面部油,天然有机抗衰老面部油,含荷荷巴油、维生素 E 油、马鲁拉油和橙花油,1 盎司",100,Eight Saints High Society 植物面部油,Eight Saints,High Society,面部油,高光油,抗衰老+滋养+保湿,¥100/30ml,美国,
Eve Hansen *精华套装 | 维生素 C 精华、透明质酸精华、视黄醇精华 | 亮肤精华、抗皱精华、面部黑斑修复霜、**痕、毛孔收缩剂 | 3x1 盎司,100,,,,,,,,,返回数据列数不正确
"Bobbi Brown 维生素精华,0.5 盎司/15 毫升",100,Bobbi Brown维生素精华乳,Bobbi Brown,维生素,精华,橘子面霜,提亮+保湿+抗氧化,¥100/15ml,美国,
Shiseido 资生堂 面部精华 改善皱纹和松弛 适合各种肤质 夜间精华30ml+日间精华30ml,100,资生堂悦薇珀翡塑颜臻白精华液,资生堂,悦薇珀翡,精华,小针管,抗皱+紧致+美白,¥100/30ml,日本,
Shiseido 资生堂 面部精华 改善皱纹和松弛 适合各种肤质 夜间精华30ml+日间精华30ml,100,资生堂悦薇珀翡塑颜臻白精华,资生堂,悦薇珀翡,精华,小针管,抗皱+紧致+美白,¥100/30ml,日本,
Rilastil 面部精华 适合所有肤质,100,Rilastil水润修护精华,Rilastil,水润修护,精华,水芙蓉精华,保湿+修护+舒缓,¥100/30ml,意大利,
Elizabeth Arden 伊丽莎白雅顿 Prevage® 2.0 *眼部精华 20ml,100,Elizabeth Arden Prevage® 2.0 眼部精华,Elizabeth Arden,Prevage,精华,橘灿眼精华,抗老+紧致+淡化细纹,¥100/20ml,美国,
Magnifica Redensifying 修复精华液脸部和颈部面部精华,100,Magnifica Redensifying 修复精华液,Decléor,,精华液,,修复+抗老+紧致,¥100/30ml,法国,
DERMA-E 面部精华 补水 维生素C 60ml 1件装,100,DERMA-E维生素C面部精华,DERMA-E,,精华,VC精华,补水+抗氧化+提亮,¥100/60ml,美国,
DERMA-E 面部精华 补水 维生素C 60ml 1件装,100,DERMA-E维C亮肤面部精华,DERMA-E,,精华,维C精华,亮肤+补水+抗氧化,¥100/60ml,美国,
Biotherm 碧欧泉 面部精华 1.69盎司(约48克) 1件装,100,碧欧泉奇迹水肌底精华露,碧欧泉,奇迹水,精华,奇迹水,修护+保湿+提亮,¥100/48ml,法国,
Biotherm 碧欧泉 面部精华 1.69盎司(约48克) 1件装,100,碧欧泉奇迹活源精华,碧欧泉,奇迹活源,精华,小蓝瓶,修护+保湿+抗初老,¥100/48ml,法国,
Ahava 活肤柔滑精华水，100 毫升,100,Ahava活肤柔滑精华水,Ahava,活肤,精华水,Ahava精华水,保湿+柔肤+活肤,¥100/100ml,以色列,
Magnifica Redensifying 修复精华液脸部和颈部面部精华,100,Magnifica Redensifying 修复精华液,Decléor,,精华液,,修复+抗老+紧致,¥100/30ml,法国,
Elizabeth Arden 伊丽莎白雅顿 Prevage® 2.0 *眼部精华 20ml,100,Elizabeth Arden Prevage® 2.0 眼部精华,Elizabeth Arden,Prevage,精华,橘灿眼精华,抗老+紧致+淡纹,¥100/20ml,美国,
Dior 迪奥 面部精华 补水 40ml装 1件装,100,迪奥水动力保湿精华液,迪奥,水动力,精华,水动力精华,补水+保湿+焕活,¥100/40ml,法国,
"玫瑰精油,面部玫瑰油,保湿玫瑰油,抗衰老抗皱精华,玫瑰油用于面部,皮肤护理,1 盎司(30 毫升)",100,,,,,,,,,返回数据列数不正确
Ahava 活肤柔滑精华水，100 毫升,100,Ahava活肤柔滑精华水,Ahava,活肤柔滑,精华水,死海水精华,保湿+舒缓+修护,¥100/100ml,以色列,
"Matrixyl 3000 + 精氨酸,维生素C,透明质酸精华,*面部精华,面部抗皱精华,多肽紧致精华 - 240ml",100,,,,,,,,,返回数据列数不正确
"Matrixyl 3000 + 精氨酸,维生素C,透明质酸精华,*面部精华,面部抗皱精华,多肽紧致精华 - 240ml",100,,,,,,,,,返回数据列数不正确
PCA SKIN 面部精华 PCA SKIN维生素B3美白精华 肤色均匀明亮 适合中性肤质 浮游植物提取物 甘油 30ml 1件装,100,PCA SKIN维生素B3美白精华,PCA SKIN,,精华,B3美白精华,美白+均匀肤色+提亮,¥100/30ml,美国,
Natura Bissé Diamond 发光精华，12支安瓶*1.5ml,100,Natura Bissé Diamond Extreme Serum,Natura Bissé,Diamond,精华,钻石发光精华,提亮+紧致+抗老,¥100/1.5ml*12,西班牙,
Dior 迪奥 面部精华 补水 40ml装 1件装,100,迪奥水动力保湿精华液,迪奥,水动力,精华,水动力精华,补水+保湿+修护,¥100/40ml,法国,
CHANEL 香奈儿 Hydra Beauty 微缩液体精华 150 毫升,100,香奈儿山茶花润泽微精华,香奈儿,Hydra Beauty,精华,气泡精华,保湿+修护+光泽,¥100/150ml,法国,
CHANEL 香奈儿 Hydra Beauty 微缩液体精华 150 毫升,100,香奈儿山茶花润泽微精华,香奈儿,Hydra Beauty,精华,气泡精华,保湿+修护+强韧,¥100/150ml,法国,
PCA SKIN 面部精华 PCA SKIN维生素B3美白精华 肤色均匀明亮 适合中性肤质 浮游植物提取物 甘油 30ml 1件装,100,PCA SKIN维生素B3美白精华,PCA SKIN,,精华,B3美白精华,美白+均匀肤色,¥100/30ml,美国,
iS CLINICAL Active Serum 净白活肤精华，1盎司，30毫升,100,iS CLINICAL Active Serum净白活肤精华,iS CLINICAL,Active Serum,精华,净白精华,美白+抗氧化+修复,¥100/30ml,美国,
Natura Bissé Diamond 发光精华，12支安瓶*1.5ml,100,Natura Bissé Diamond 发光精华,Natura Bissé,Diamond,精华,钻石发光精华,提亮+紧致+修护,¥100/1.5ml*12,西班牙,
"Perricone MD 冷等离子 Plus+ 精华,7.2 盎司|213ml",100,Perricone MD冷等离子Plus+精华,Perricone MD,冷等离子,精华,冷等离子精华,抗老+紧致+修护,¥100/213ml,美国,
"Perricone MD 冷等离子 Plus+ 精华,7.2 盎司|213ml",100,Perricone MD Cold Plasma Plus+ Face Serum,Perricone MD,Cold Plasma Plus+,精华,冷等离子精华,抗老+紧致+提亮,¥100/213ml,美国,
Paese Cosmetics 透明质酸三重精华15毫升,100,Paese三重透明质酸精华,Paese Cosmetics,三重透明质酸,精华,三重玻尿酸精华,保湿+修护+抗皱,¥100/15ml,波兰,
ORLANE PARIS B21 Extraordinaire Box 精华28g+乳液121g+14g眼霜,100,ORLANE PARIS B21 Extraordinaire Box,ORLANE,B21,精华套装,B21礼盒,抗老+修护+滋养,¥100/套,法国,
ATTITUDE 面部精华 30g 1件装,100,ATTITUDE面部精华,ATTITUDE,,精华,,保湿+修护,¥100/30g,加拿大,
"Eminence *护肤海洋花肽,精华,1 盎司(1328/EM)",100,Eminence海洋花肽精华,Eminence,海洋花肽,精华,海洋精华,保湿+修护+抗老,$100/1oz,匈牙利,
"Eminence *护肤海洋花肽,精华,1 盎司(1328/EM)",100,Eminence海洋花肽精华,Eminence,,精华,海洋花肽,保湿+修护+抗老,$100/1oz,匈牙利,
ORLANE PARIS B21 Extraordinaire Box 精华28g+乳液121g+14g眼霜,100,幽兰B21非凡礼盒,幽兰,B21,礼盒套装,B21礼盒,抗老+修护+滋养,¥100/套,法国,
Dior 迪奥 面部精华 排毒 适合各种肤质,100,迪奥排毒再生面部精华,迪奥,排毒再生,精华,小A瓶,排毒+再生+修护,¥100/30ml,法国,
iS CLINICAL Active Serum 净白活肤精华，1盎司，30毫升,100,iS CLINICAL Active Serum净白活肤精华,iS CLINICAL,Active Serum,精华,净白精华,美白+抗氧化+修护,¥100/30ml,美国,
Eisenberg 面部护理，具有提升效果的再生精华，30 毫升,100,Eisenberg再生提升精华,Eisenberg,,精华,提升小蓝瓶,紧致+提升+再生,¥100/30ml,法国,
Eisenberg 面部护理，具有提升效果的再生精华，30 毫升,100,Eisenberg再生提升精华,Eisenberg,,精华,提升小蓝瓶,紧致+提升+再生,¥100/30ml,法国,
Isdin ISDINCEUTICS Rutina Antimanchas 日间&夜间精华 20支安瓿,100,Isdin ISDINCEUTICS Rutina Antimanchas精华,Isdin,ISDINCEUTICS,精华,安瓶精华,淡斑+美白+抗氧化,¥100/20支,西班牙,
BABOR 面部精华 保湿 适合所有肤质 29ml 1件装,100,BABOR保湿面部精华,BABOR,,精华,无,保湿+修护+滋养,¥100/29ml,德国,
BABOR 面部精华 保湿 适合所有肤质 29ml 1件装,100,BABOR保湿精华液,BABOR,,精华,BABOR小绿瓶,保湿+修护+全肤质适用,¥100/29ml,德国,
Dior 迪奥 面部精华 排毒 适合各种肤质,100,迪奥排毒再生面部精华,迪奥,排毒再生,精华,小A瓶,排毒+再生+修护,¥100/30ml,法国,
"优质眉毛生长精华,适用于浓密眉毛,高级眉毛精华,睫毛和眉毛精华,眉毛生长精华,5 毫升",100,,,,,,,,,返回数据列数不正确
Perricone MD 无化妆粉底精华* SPF20 30ml,100,裴礼康无化妆粉底精华SPF20,Perricone MD,无化妆,精华,无妆精华,防晒+遮瑕+保湿,¥100/30ml,美国,
"Tinclen 睫毛生长精华 天然配方 高级睫毛增强精华 适合睫毛生长,温和素食",100,Tinclen高级睫毛增强精华,Tinclen,,精华液,睫毛生长液,滋养+增长+温和,¥100/10ml,,
Revision Skincare C+ 修护精华 30%，1 液量盎司/30ml,100,Revision Skincare C+ Correcting Complex 30%,Revision Skincare,C+ Correcting Complex,精华,C+精华,抗氧化+提亮+修护,¥100/30ml,美国,
OLAY 面部精华 抗皱 适合混合肤质 40ml,100,OLAY新生塑颜奇迹赋能肌底液,OLAY,新生塑颜,精华,小白瓶,抗皱+修护+提亮,¥100/40ml,美国,
Luminesce *活肤精华 15ml,100,Luminesce活肤精华,Juvena,,精华,活肤精华,抗老+提亮+修护,¥100/15ml,瑞士,
Perricone MD 无化妆粉底精华* SPF20 30ml,100,裴礼康MD无妆感粉底精华SPF20,Perricone MD,,精华,无妆粉底,防晒+遮瑕+保湿,¥100/30ml,美国,
Luminesce *活肤精华 15ml,100,Luminesce活肤精华,Juvena,,精华,活肤精华,抗老+提亮+修护,¥100/15ml,瑞士,
优色林 A-Pigment 双精华 30ml,100,优色林A-Pigment双效精华,优色林,A-Pigment,精华,淡斑双管,淡斑+美白+均匀肤色,¥100/30ml,德国,
"ELBBUB 面部精华 抗衰老 适合干性肌肤 玻尿酸,维生素A酸,维生素 维生素C精华30ml+视黄醇精华30ml+透明质酸精华30ml",100,ELBBUB三重修护精华套装,ELBBUB,,精华,三重精华,抗衰老+保湿+修护,¥100/90ml,,
Revision Skincare C+ 修护精华 30%，1 液量盎司/30ml,100,Revision Skincare C+ Correcting Complex 30%,Revision Skincare,C+ Correcting Complex,精华,C+精华,抗氧化+亮肤+修护,¥100/30ml,美国,
SKINCEUTICALS 肌肤再生精华，30ml,100,修丽可维生素CE修护精华,修丽可,维生素CE,精华,CE精华,抗氧化+修护+提亮,¥100/30ml,美国,
SKINCEUTICALS 肌肤再生精华，30ml,100,修丽可维生素CE复合修护精华,修丽可,CE,精华,CE精华,抗氧化+修护+提亮,¥100/30ml,美国,
优色林 A-Pigment 双精华 30ml,100,优色林A-Pigment双效精华,优色林,A-Pigment,精华,双效精华,淡斑+美白+均匀肤色,¥100/30ml,德国,
Elizabeth Arden 伊丽莎白雅顿 维生素 C 神经酰胺胶囊 - 焕采新生精华，60 片，胶囊中的维生素 C 精华，让肌肤更亮丽，面部护理每日剂量 | 28ml,100,Elizabeth Arden Vitamin C Ceramide Capsules Radiance Renewal Serum,Elizabeth Arden,维生素C神经酰胺,精华,小鲜胶,提亮+抗氧化+修护,¥100/28ml,美国,
Elizabeth Arden 伊丽莎白雅顿 白茶新肌强化双相精华油 30ml,100,Elizabeth Arden白茶新肌强化双相精华油,Elizabeth Arden,白茶新肌,精华油,白茶精华油,修护+滋养+抗氧化,¥100/30ml,美国,
"ELBBUB 面部精华 抗衰老 适合干性肌肤 玻尿酸,维生素A酸,维生素 维生素C精华30ml+视黄醇精华30ml+透明质酸精华30ml",100,ELBBUB抗衰老面部精华套装,ELBBUB,,精华,三抗精华,抗老+保湿+修护,¥100/30ml,,
Sisley 希思黎 面部精华 抗衰老 适合中性肤质 30ml 1件装,100,Sisley抗皱修活御致臻颜精华,Sisley,抗皱修活御致,精华,抗老精华,抗衰老+修护+紧致,¥100/30ml,法国,
Neostrata 芯丝翠 面部精华 独特面部精华 含抗氧化剂和多羟基酸 适合所有肤质 维生素C 15ml 1件装,100,Neostrata Active C15精华,Neostrata,Active C,精华,芯丝翠C15精华,抗氧化+焕肤+亮白,¥100/15ml,美国,
Elizabeth Arden 伊丽莎白雅顿 维生素 C 神经酰胺胶囊 - 焕采新生精华，60 片，胶囊中的维生素 C 精华，让肌肤更亮丽，面部护理每日剂量 | 28ml,100,Elizabeth Arden Vitamin C Ceramide Capsules Radiance Renewal Serum,Elizabeth Arden,Ceramide,精华,VC小鲜胶,提亮+抗氧化+修护,¥100/28ml,美国,
Elizabeth Arden 伊丽莎白雅顿 白茶新肌强化双相精华油 30ml,100,Elizabeth Arden白茶新肌强化双相精华油,Elizabeth Arden,白茶新肌,精华油,白茶精华油,修护+滋养+抗氧化,¥100/30ml,美国,
OLAY Regenerist 超紧致维他命精华，50ml,100,OLAY Regenerist 超紧致维他命精华,OLAY,Regenerist,精华,小白瓶,紧致+抗老+提亮,¥100/50ml,美国,
"BOBBI BROWN,Extra Plump 唇精华 - 裸粉色,6毫升",100,BOBBI BROWN Extra Plump Lip Tint - Nude Pink,BOBBI BROWN,Extra Plump,唇彩,Extra Plump唇彩,滋润+丰唇+显色,¥100/6ml,美国,
Sisley 希思黎 面部精华 抗衰老 适合中性肤质 30ml 1件装,100,Sisley抗皱修活御致臻颜霜,Sisley,抗皱修活御致,精华,抗老精华,抗衰老+修护+紧致,¥100/30ml,法国,
"BOBBI BROWN,Extra Plump 唇精华 - 裸粉色,6毫升",100,BOBBI BROWN Extra Plump Lip Tint,BOBBI BROWN,Extra Plump,唇彩,Extra Plump唇彩,滋润+丰唇+显色,¥100/6ml,美国,
My Sun Charisma 精华喷雾 Hidratant 250 毫升 Mujer,100,My Sun Charisma精华喷雾,My Sun,,喷雾,,保湿+防晒,¥100/250ml,,
"眼部滚轮酸透明质酸咖啡因保湿丰盈按摩球减少黑眼圈袋眼下皱纹和细纹不油腻,适合敏感肌肤",100,眼部滚轮精华,The Ordinary,无,精华,咖啡因眼部精华,去浮肿+保湿+淡化黑眼圈,¥100/30ml,加拿大,
"眼部滚轮酸透明质酸咖啡因保湿丰盈按摩球减少黑眼圈袋眼下皱纹和细纹不油腻,适合敏感肌肤",100,眼部滚轮精华,The Ordinary,无,精华,咖啡因眼部精华,去水肿+淡化黑眼圈+保湿,¥100/30ml,加拿大,
My Sun Charisma 精华喷雾 Hidratant 250 毫升 Mujer,100,My Sun Charisma精华喷雾,My Sun,,喷雾,,保湿+防晒,¥100/250ml,,
Down Perm | DPERM 精华浓缩套装,100,Down Perm 精华浓缩套装,Down Perm,DPERM,精华,DPERM精华,护发+修复+滋养,¥100/套,日本,
OLAY Regenerist 超紧致维他命精华，50ml,100,OLAY Regenerist 超紧致维他命精华,OLAY,Regenerist,精华,小白瓶,紧致+抗老+提亮,¥100/50ml,美国,
DR.ORACLE 面部精华 保湿 28g,100,DR.ORACLE 28天奇迹修复精华,DR.ORACLE,28天奇迹修复,精华,奇迹精华,保湿+修复+抗敏,¥100/28g,韩国,
Neostrata 芯丝翠 面部精华 独特面部精华 含抗氧化剂和多羟基酸 适合所有肤质 维生素C 15ml 1件装,100,Neostrata Active C15 面部精华,Neostrata,Active C,精华,芯丝翠C15精华,抗氧化+焕亮+修护,¥100/15ml,美国,
Elizabeth Arden 伊丽莎白雅顿 透明质酸神经酰胺胶囊保湿精华 60粒 | 28 ml,100,Elizabeth Arden透明质酸神经酰胺胶囊保湿精华,Elizabeth Arden,时空胶囊,精华,金胶,保湿+修护+抗老,¥100/28ml,美国,
Shiseido 资生堂 面部精华 40 mL,100,资生堂红妍肌活精华露,资生堂,红妍,精华,红腰子,修护+保湿+强韧,¥100/40ml,日本,
Elizabeth Arden 伊丽莎白雅顿 透明质酸神经酰胺胶囊保湿精华 60粒 | 28 ml,100,Elizabeth Arden透明质酸神经酰胺胶囊保湿精华,Elizabeth Arden,时空胶囊,精华,金胶,保湿+修护+抗老,¥100/28ml,美国,
Olaplex Lashbond 塑身精华 4.5ml,100,Olaplex Lashbond Strengthening Serum,Olaplex,Lashbond,精华,睫毛精华,强韧+滋养+增长,¥100/4.5ml,美国,
Olaplex Lashbond 塑身精华 4.5ml,100,Olaplex Lashbond 睫毛精华,Olaplex,Lashbond,精华液,睫毛精华,滋养+强韧+增长,¥100/4.5ml,美国,
Grow Gorgeous Density 精华 60 毫升,100,Grow Gorgeous Density Serum,Grow Gorgeous,Density,精华,生发精华,生发+增密+强韧,¥100/60ml,英国,
"Azeze 眉毛生长精华,适用于浓密眉毛 - 无油眉毛精华,6 周内,3ml",100,Azeze眉毛生长精华,Azeze,,精华,眉毛精华,浓密+滋养+无油,¥100/3ml,,
Shiseido 资生堂 面部精华 40 mL,100,资生堂红妍肌活精华露,资生堂,红妍,精华,红腰子,修护+保湿+强韧,¥100/40ml,日本,
"高级眉毛生长精华,眉毛浓密 – 眉毛生长精华,4 周至 60 天(5 毫升)",100,,,,,,,,,返回数据列数不正确
"高级眉毛生长精华,眉毛浓密 – 眉毛生长精华,4 周至 60 天(5 毫升)",100,,,,,,,,,返回数据列数不正确
Grow Gorgeous Density 精华 60 毫升,100,Grow Gorgeous Density精华,Grow Gorgeous,Density,精华,生发精华,生发+增密+强韧,¥100/60ml,英国,
OLAY 玉兰油 *精华迷你礼品套装 14ml,100,OLAY超A瓶精华,OLAY,超A瓶,精华,超A瓶,A醇抗老+淡纹+提亮,¥100/14ml,美国,
Pacifica 护发精华 防毛躁 118ml 干性,100,Pacifica护发精华,Pacifica,,护发精华,,防毛躁+滋养+修复,¥100/118ml,美国,
Pacifica 护发精华 防毛躁 118ml 干性,100,Pacifica护发精华,Pacifica,,护发精华,,防毛躁+滋养+修复,¥100/118ml,美国,
"e.l.f. Cosmetics 矿物精华,小号 14ml",100,e.l.f. Cosmetics 矿物精华,e.l.f. Cosmetics,,精华,矿物精华,保湿+提亮+修护,¥100/14ml,美国,
"StriVectin Super-C 320755 视黄醇亮白修正维生素C精华,多功能动作。 | 30 ml",100,StriVectin Super-C Retinol Brightening Serum,StriVectin,Super-C,精华,Super-C精华,亮白+抗老+修护,¥100/30ml,美国,
"e.l.f. Cosmetics 矿物精华,小号 14ml",100,e.l.f. Cosmetics 矿物精华,e.l.f. Cosmetics,矿物,精华,矿物精华,保湿+提亮+修护,¥100/14ml,美国,
"StriVectin Super-C 320755 视黄醇亮白修正维生素C精华,多功能动作。 | 30 ml",100,StriVectin Super-C Retinol Brightening Vitamin C Serum,StriVectin,Super-C,精华,Super-C精华,亮白+抗老+抗氧化,¥100/30ml,美国,
Dior 迪奥 面部精华 1件装 48ml,100,迪奥小A瓶精华,迪奥,小A瓶,精华,小A瓶精华,抗老+修护+提亮,¥100/48ml,法国,
"人参*精华,人参抗皱精华,人参多肽*精华,金参面部精华,每瓶一人参,人参精油减少细纹 50ml*2",100,,,,,,,,,返回数据列数不正确
"Poppy Austin 60 毫升面部精华 - 纯透明质酸面部精华 - 无刺激性保湿精华,含维生素 C - 抗皱*精华保湿霜,减少干性皮肤、细纹和皱纹",100,,,,,,,,,返回数据列数不正确
"人参*精华,人参抗皱精华,人参多肽*精华,金参面部精华,每瓶一人参,人参精油减少细纹 50ml*2",100,,,,,,,,,返回数据列数不正确
GUERLAIN 娇兰 面部精华 50ml 1件装,100,娇兰帝皇蜂姿双效修护精华露,娇兰,帝皇蜂姿,精华,双效精华,修护+紧致+焕亮,¥100/50ml,法国,
REN Clean Skincare Evercalm™ 精华 30 毫升,100,REN Evercalm™ Global Protection Day Cream,REN Clean Skincare,Evercalm™,精华,小蓝瓶,舒缓+修护+保湿,¥100/30ml,英国,
Dior 迪奥 面部精华 1件装 48ml,100,迪奥小A瓶精华液,Dior,未来新肌,精华,小A瓶,修护+抗老+提亮,¥100/48ml,法国,
REN Clean Skincare Evercalm™ 精华 30 毫升,100,REN Clean Skincare Evercalm™ 精华,REN Clean Skincare,Evercalm,精华,无,舒缓+修护+保湿,¥100/30ml,英国,
Dermaroller 面部精华 适合油性肌肤 乳酸,100,Dermaroller玻尿酸面部精华,Dermaroller,,精华,玻尿酸精华,控油+保湿+焕肤,¥100/30ml,德国,
GUERLAIN 娇兰 Abeille Royale Daily Repair 帝皇蜂姿修复精华，1.6盎司（约47.31毫升）,100,GUERLAIN 娇兰 Abeille Royale Daily Repair 帝皇蜂姿修复精华,娇兰,帝皇蜂姿,精华,复原蜜,修护+抗老+滋养,¥100/47.31ml,法国,
Dermaroller 面部精华 适合油性肌肤 乳酸,100,Dermaroller玻尿酸精华,Dermaroller,,精华,玻尿酸精华,保湿+控油+修护,¥100/30ml,德国,
No7 Future Renew *逆转精华 25 毫升,100,No7 Future Renew逆转精华,No7,Future Renew,精华,逆转精华,抗老+修护+提亮,¥100/25ml,英国,
GUERLAIN 娇兰 Abeille Royale Daily Repair 帝皇蜂姿修复精华，1.6盎司（约47.31毫升）,100,GUERLAIN帝皇蜂姿修护精华,娇兰,帝皇蜂姿,精华,复原蜜,修护+抗老+滋润,¥100/47.31ml,法国,
StriVectin 面部精华 可显著改善颈部轮廓不清 适合各种肤质 50ml,100,StriVectin TL Advanced Tightening Neck Cream Plus,StriVectin,TL Advanced,精华,颈霜,紧致+提拉+抗皱,¥100/50ml,美国,
"虾青素精华,肌肽虾青素精华,面部皮肤美白精华,保湿,收缩毛孔面部皮肤美白精华,适合所有肤质 2ml*30",100,,,,,,,,,返回数据列数不正确
No7 Future Renew *逆转精华 25 毫升,100,No7 Future Renew逆转精华,No7,Future Renew,精华,逆转精华,抗老+修护+提亮,¥100/25ml,英国,
"虾青素精华,肌肽虾青素精华,面部皮肤美白精华,保湿,收缩毛孔面部皮肤美白精华,适合所有肤质 2ml*30",100,,,,,,,,,返回数据列数不正确
"THANKYOU FARMER 纯净精华爽肤水 | 韩国大米精华 100,000ppm | 7.03液量盎司（200ml）",100,THANKYOU FARMER 纯净精华爽肤水,THANKYOU FARMER,纯净精华,爽肤水,大米水,保湿+舒缓+修护,¥100/200ml,韩国,
Revolution Rehab 夜间唇部精华 4.6ml,100,Revolution Rehab 夜间唇部精华,Revolution,Rehab,唇部精华,Rehab唇精华,修护+保湿+夜间护理,¥100/4.6ml,英国,
StriVectin 面部精华 可显著改善颈部轮廓不清 适合各种肤质 50ml,100,StriVectin颈纹霜,StriVectin,无,精华,颈纹小熨斗,紧致+淡纹+抗皱,¥100/50ml,美国,
Rossano Ferretti Velluto 平滑精华 3.4 盎司,100,Rossano Ferretti Velluto Smoothing Serum精华,Rossano Ferretti,Velluto,精华,Velluto精华,平滑+滋养+修护,¥100/3.4oz,意大利,
OLAY 面部精华 抗衰老 适合干性肌肤 肽类 40ml,100,OLAY超红瓶精华,OLAY,超红瓶,精华,抗老小红瓶,抗老+修护+保湿,¥100/40ml,美国,
Neostrata 芯丝翠 面部精华 配方帮助修复光老化肌肤 30ml 1件装,100,Neostrata活性面部精华,Neostrata,活性,精华,芯丝翠精华,修复+抗老+光老化,¥100/30ml,美国,
GUERLAIN 娇兰 Orchidée Impériale L'Emulsion 御廷兰花精华乳液 30 毫升,100,娇兰御廷兰花精华乳液,娇兰,御廷兰花,乳液,兰花乳液,抗老+修护+滋养,¥100/30ml,法国,
Neostrata 芯丝翠 面部精华 配方帮助修复光老化肌肤 30ml 1件装,100,Neostrata Active FX精华,Neostrata,Active FX,精华,芯丝翠FX精华,修复+抗老+光老化,¥100/30ml,美国,
Revolution Rehab 夜间唇部精华 4.6ml,100,Revolution Rehab 夜间唇部精华,Revolution,Rehab,唇部精华,Rehab唇精华,修护+滋润+夜间护理,¥100/4.6ml,英国,
"THANKYOU FARMER 纯净精华爽肤水 | 韩国大米精华 100,000ppm | 7.03液量盎司（200ml）",100,THANKYOU FARMER 纯净精华爽肤水,THANKYOU FARMER,纯净精华,爽肤水,大米水,保湿+舒缓+修护,¥100/200ml,韩国,
GUERLAIN 娇兰 Orchidée Impériale L'Emulsion 御廷兰花精华乳液 30 毫升,100,娇兰御廷兰花精华乳液,娇兰,御廷兰花,乳液,兰花乳液,抗老+修护+滋养,¥100/30ml,法国,
OLAY 面部精华 抗衰老 适合干性肌肤 肽类 40ml,100,OLAY超红瓶精华,OLAY,超红瓶,精华,超红瓶精华,抗老+修护+保湿,¥100/40ml,美国,
Rossano Ferretti Velluto 平滑精华 3.4 盎司,100,Rossano Ferretti Velluto Smoothing Serum, Rossano Ferretti, Velluto, 精华, Velluto精华, 平滑+滋养, ¥100/3.4oz, 意大利,
"Mesoderm RX 高级身体精华,150ml",100,Mesoderm RX 高级身体精华,Mesoderm,RX,精华,,保湿+紧致,¥100/150ml,,
SkinMedica 面部精华 去角质 29.57ml 适合成人使用 视黄醇 适合所有肤质 1件装,100,SkinMedica AHA/BHA去角质精华, SkinMedica,, 精华,, 去角质+焕肤+视黄醇, ¥100/29.57ml, 美国,
Timeless Skin Care 面部精华 美白 泛酚 维生素C 维生素E 4盎司(约113.4克),100,Timeless CEF抗氧化精华,Timeless Skin Care,CEF,精华,CEF精华,美白+抗氧化+修护,¥100/113.4g,美国,
Ogee 维C THDA 20% Elixir-经认证的有机维生素 C 面部精华-提亮面部维生素 C 精华 15ml,100,Ogee 维C THDA 20% Elixir面部精华,Ogee,,精华,维C精华,提亮+抗氧化+保湿,¥100/15ml,美国,
Jurlique 茱莉蔻 Nutri Define Ritual 套装（洁面 100ml 面霜 50ml 精华 5ml 眼霜 5ml）,100,Jurlique茱莉蔻Nutri Define Ritual套装,Jurlique,Nutri Define,套装,茱莉蔻营养套装,滋养+修护+保湿,¥100/套,澳大利亚,
"Redken 滋养粘合精华,再生和保护免受日常损伤,深层有效修复更强头发,纯素,酸性粘合浓缩液 24/7 夜间和日间精华,1 x 100 毫升",100,Redken Acidic Bonding Concentrate 24/7 Night & Day Serum,Redken,Acidic Bonding Concentrate,精华,粘合精华,修复+保护+滋养,¥100/100ml,美国,
Timeless Skin Care 面部精华 美白 泛酚 维生素C 维生素E 4盎司(约113.4克),100,Timeless Skin Care 20%维C+维E+泛醇精华,Timeless Skin Care,,精华,CEF精华,美白+抗氧化+提亮,¥100/113.4g,美国,
"Redken 滋养粘合精华,再生和保护免受日常损伤,深层有效修复更强头发,纯素,酸性粘合浓缩液 24/7 夜间和日间精华,1 x 100 毫升",100,Redken Acidic Bonding Concentrate 24/7 Night & Day Serum,Redken,Acidic Bonding Concentrate,精华,粘合精华,修复+保护+滋养,¥100/100ml,美国,
Gillette Venus Intimate Grooming 日常舒缓精华 减少阴毛和皮肤向内生长的毛发，比基尼剃须后精华 50ml,100,Gillette Venus Intimate Grooming精华,吉列,Venus,精华,比基尼精华,舒缓+减少毛发生长,¥100/50ml,美国,
Jurlique 茱莉蔻 Nutri Define Ritual 套装（洁面 100ml 面霜 50ml 精华 5ml 眼霜 5ml）,100,Jurlique茱莉蔻Nutri Define Ritual套装,Jurlique,Nutri Define,套装,茱莉蔻营养套装,滋养+修护+保湿,¥100/套,澳大利亚,
Ogee 维C THDA 20% Elixir-经认证的有机维生素 C 面部精华-提亮面部维生素 C 精华 15ml,100,Ogee Certified Organic Vitamin C THDA 20% Elixir,Ogee,,精华,维C精华,提亮+抗氧化+有机,¥100/15ml,美国,
"ElizabethArden 伊丽莎白雅顿 粉胶 夜间多效修护胶囊精华 视黄醇 神经酰胺，14ml,30粒",100,ElizabethArden伊丽莎白雅顿夜间多效修护胶囊精华,ElizabethArden,夜间多效修护,精华,粉胶,抗老+修护+保湿,¥100/14ml,美国,
GUERLAIN 娇兰 帝皇蜂修复精华 50 毫升,100,娇兰帝皇蜂姿双效修护精华露,娇兰,帝皇蜂姿,精华,双管精华,修护+抗老+紧致,¥100/50ml,法国,
GUERLAIN 娇兰 面部精华 抗衰老 30ml 1件装,100,娇兰帝皇蜂姿双效修护精华露,娇兰,帝皇蜂姿,精华,双管精华,抗老+修护+紧致,¥100/30ml,法国,
GUERLAIN 娇兰 面部精华 抗衰老 30ml 1件装,100,娇兰帝皇蜂姿双效修护精华露,娇兰,帝皇蜂姿,精华,双效精华,抗老+修护+紧致,¥100/30ml,法国,
妮维雅 Vital 大豆抗衰精华（40毫升） 专为成熟肌肤，含天然大豆精华的保湿霜，含透明质酸的紧致精华。,100,妮维雅Vital大豆抗衰精华,妮维雅,Vital,精华,大豆精华,抗衰+保湿+紧致,¥100/40ml,德国,
"ElizabethArden 伊丽莎白雅顿 粉胶 夜间多效修护胶囊精华 视黄醇 神经酰胺，14ml,30粒",100,伊丽莎白雅顿时空焕活夜间多效胶囊精华液,伊丽莎白雅顿,时空焕活,精华,粉胶,修护+抗老+保湿,¥100/14ml,美国,
L'OCCITANE 欧舒丹 蜡菊赋颜精华霜，焕发年轻光彩，抵御衰老，1.7盎司，50毫升,100,L'OCCITANE蜡菊赋颜精华霜,欧舒丹,蜡菊赋颜,面霜,蜡菊面霜,抗老+焕肤+紧致,¥100/50ml,法国,
L'OCCITANE 欧舒丹 蜡菊赋颜精华霜，焕发年轻光彩，抵御衰老，1.7盎司，50毫升,100,L'OCCITANE蜡菊赋颜精华霜,欧舒丹,蜡菊赋颜,面霜,蜡菊面霜,抗老+焕肤+紧致,¥100/50ml,法国,
"Eva Naturals 面部透明质酸精华,含维生素 B5 - *面部精华和抗皱保湿精华-透明质酸面部精华,丰盈干燥皮肤-2.0 液体盎司(1 件装)",100,Eva Naturals透明质酸维生素B5精华,Eva Naturals,,精华,透明质酸精华,保湿+抗皱+修复,¥100/59ml,美国,
Fresh Rose 深层补水面霜(全尺寸)和注入油精华(全尺寸)礼品套装 洗面奶50ml+面霜30ml+精华7ml,100,,,,,,,,,返回数据列数不正确
妮维雅 Vital 大豆抗衰精华（40毫升） 专为成熟肌肤，含天然大豆精华的保湿霜，含透明质酸的紧致精华。,100,妮维雅Vital大豆抗衰精华,妮维雅,Vital,精华,大豆精华,抗衰+保湿+紧致,¥100/40ml,德国,
"LilyAna Naturals 视黄醇精华 - 面部视黄醇精华含有纯视黄醇(2.5%),有效*黑斑和**痕 - 面部维生素 C 精华 - 护肤产品 - 1 盎司",100,LilyAna Naturals Retinol Cream for Face,LilyAna Naturals,,精华,视黄醇精华,抗老+淡斑+提亮,¥100/30ml,美国,
"Bielenda Skin Clinic - 面部精华 - 减少皱纹改善紧致、弹性、平滑和恢复皮肤* - Skin Clinic 专业面部精华,含视黄醇和 Q10 - 30毫升",100,Bielenda Skin Clinic专业面部精华,Bielenda,Skin Clinic,精华,视黄醇Q10精华,抗皱+紧致+修复,¥100/30ml,波兰,
"Bielenda Skin Clinic - 面部精华 - 减少皱纹改善紧致、弹性、平滑和恢复皮肤* - Skin Clinic 专业面部精华,含视黄醇和 Q10 - 30毫升",100,Bielenda Skin Clinic专业面部精华,Bielenda,Skin Clinic,精华,视黄醇Q10精华,抗皱+紧致+修复,¥100/30ml,波兰,
Curlsmith - *护理精华 - 适合卷曲和卷曲*的纯素护发油(4 盎司),100,Curlsmith卷曲护理精华,Curlsmith,卷曲护理,护发油,卷发精油,滋养+定型+柔顺,¥100/118ml,美国,
"Malin + Goetz 面部精华 这款面部精华使用维生素A、C、E和超氧化物,让肌肤更清澈、更光滑。适合各种肤质使用。 适合各种肤质,适合敏感肌肤 维生素A,维生素C,维生素E 30ml",100,Malin+Goetz维他命面部精华,Malin+Goetz,维他命,精华,维他命精华,抗氧化+提亮+修护,¥100/30ml,美国,
"Malin + Goetz 面部精华 这款面部精华使用维生素A、C、E和超氧化物,让肌肤更清澈、更光滑。适合各种肤质使用。 适合各种肤质,适合敏感肌肤 维生素A,维生素C,维生素E 30ml",100,Malin+Goetz维他命面部精华,Malin+Goetz,,精华,维他命精华,提亮+抗氧化+修护,¥100/30ml,美国,
ISDIN Isdinceutics Flavo-C 褪黑素夜间修复精华(30 安瓶)| 刺激皮肤的*防御 | 60 ml,100,ISDIN Isdinceutics Flavo-C 褪黑素夜间修复精华,ISDIN,Isdinceutics,精华,Flavo-C精华,夜间修复+抗氧化+舒缓,¥100/60ml,西班牙,
"LilyAna Naturals 视黄醇精华 - 面部视黄醇精华含有纯视黄醇(2.5%),有效*黑斑和**痕 - 面部维生素 C 精华 - 护肤产品 - 1 盎司",100,LilyAna Naturals Retinol Cream for Face,LilyAna Naturals,,精华,视黄醇精华,抗老+淡斑+提亮,¥100/30ml,美国,
Revision Skincare 面部精华 提亮滋润肌肤 适合所有肤质 视黄醇 30ml 1件装,100,Revision Skincare Revox7精华,Revision Skincare,Revox7,精华,Revox7精华,提亮+滋润+抗老,¥100/30ml,美国,
"ELEMIS Pro-Collagen 海洋保湿精华,100 ml (Pack of 1)",100,ELEMIS Pro-Collagen海洋保湿精华,ELEMIS,Pro-Collagen,精华,海洋精华,保湿+抗老+修护,¥100/100ml,英国,
"KAHI Wrinkle Bounce 多重唇膏:即时抗皱护理,面部精华棒,非凡面部精华棒,非凡面部多香膏(9 克 0.3 盎司)",100,,,,,,,,,返回数据列数不正确
ISDIN Isdinceutics Flavo-C 褪黑素夜间修复精华(30 安瓶)| 刺激皮肤的*防御 | 60 ml,100,ISDIN Isdinceutics Flavo-C 褪黑素夜间修复精华,ISDIN,Isdinceutics,精华,Flavo-C精华,抗氧化+修复+夜间修护,¥100/60ml,西班牙,
"KAHI Wrinkle Bounce 多重唇膏:即时抗皱护理,面部精华棒,非凡面部精华棒,非凡面部多香膏(9 克 0.3 盎司)",100,,,,,,,,,返回数据列数不正确
"ELEMIS Pro-Collagen 海洋保湿精华,100 ml (Pack of 1)",100,ELEMIS Pro-Collagen海洋保湿精华,ELEMIS,Pro-Collagen,精华,海洋精华,保湿+抗老+修护,¥100/100ml,英国,
Elizabeth Arden 伊丽莎白雅顿 Prevage Clinical 睫毛和眉毛增强精华，0.13液体盎司 约3.84毫升,100,Elizabeth Arden Prevage Clinical 睫毛和眉毛增强精华,Elizabeth Arden,Prevage Clinical,精华,Prevage睫毛精华,滋养+强韧+增长,¥100/3.84ml,美国,
philosophy 面部精华 收缩毛孔 适合所有肤质 水杨酸 29ml 1件装,100,philosophy微修护焕肤精华,philosophy,微修护焕肤,精华,毛孔精华,收缩毛孔+焕肤+温和,¥100/29ml,美国,
Elizabeth Arden 伊丽莎白雅顿 Prevage Clinical 睫毛和眉毛增强精华，0.13液体盎司 约3.84毫升,100,Elizabeth Arden Prevage Clinical 睫毛和眉毛增强精华,Elizabeth Arden,Prevage Clinical,精华,Prevage睫毛精华,滋养+强韧+增长,¥100/3.84ml,美国,
"Nanolash 睫毛生长精华护发素,用于增强长甜美的睫毛和眉毛 – 3毫升",100,Nanolash睫毛生长精华,Nanolash,,精华液,睫毛增长液,滋养+增长+强韧,¥100/3ml,德国,
philosophy 面部精华 收缩毛孔 适合所有肤质 水杨酸 29ml 1件装,100,philosophy微晶焕肤精华液,philosophy,微晶焕肤,精华液,毛孔精华,收缩毛孔+焕肤+控油,¥100/29ml,美国,
"Nanolash 睫毛生长精华护发素,用于增强长甜美的睫毛和眉毛 – 3毫升",100,Nanolash睫毛生长精华,Nanolash,,精华液,睫毛增长液,滋养+浓密+增长,¥100/3ml,德国,
"Summer's Eve Spa 日常私密*,奢华皮肤精华,剃须后无香料女士保湿精华,1 盎司管装",100,,,,,,,,,返回数据列数不正确
Italwax 薄膜硬蜡精华 1kg / 35.27oz,100,Italwax 薄膜硬蜡精华,Italwax,薄膜硬蜡,精华,,脱毛+滋养+舒缓,¥100/1kg,意大利,
"2022 新款姜黄黑斑精华油,姜黄面部精华油,亮肤黑斑修复面部精华(3 件*30 毫升)",100,,,,,,,,,返回数据列数不正确
"Summer's Eve Spa 日常私密*,奢华皮肤精华,剃须后无香料女士保湿精华,1 盎司管装",100,,,,,,,,,返回数据列数不正确
"2022 新款姜黄黑斑精华油,姜黄面部精华油,亮肤黑斑修复面部精华(3 件*30 毫升)",100,,,,,,,,,返回数据列数不正确
Health & Beauty Martiderm Platinum Photo-Age 安瓶精华 30ampx2ml,100,Martiderm Platinum Photo-Age安瓶精华,Martiderm,Platinum Photo-Age,精华,安瓶精华,抗氧化+光防护+抗老,¥100/60ml,西班牙,
Perricone MD No Makeup 精华粉底，SPF 20，1 盎司（30ml）,100,裴礼康MD无妆感精华粉底,裴礼康MD,No Makeup,粉底,无妆感粉底,保湿+防晒+遮瑕,¥100/30ml,美国,
Health & Beauty Martiderm Platinum Photo-Age 安瓶精华 30ampx2ml,100,Martiderm Platinum Photo-Age 安瓶精华,Martiderm,Platinum Photo-Age,精华,安瓶精华,抗氧化+光防护+抗老,¥100/60ml,西班牙,
SenAllis Cosmetics 护肤精华液 面部精华液 保湿 滋润 减少皱纹 干性肌肤 含透明质酸 保湿精华473ml+保湿精华60ml,100,SenAllis Cosmetics 保湿精华液,SenAllis Cosmetics,,精华液,保湿精华,保湿+滋润+抗皱,¥100/473ml+60ml,,
Perricone MD No Makeup 精华粉底，SPF 20，1 盎司（30ml）,100,裴礼康MD No Makeup精华粉底,裴礼康MD,No Makeup,粉底,素颜粉底,遮瑕+防晒+保湿,¥100/30ml,美国,
"numbuzin No.5 维生素浓缩精华 | 谷胱甘肽和维生素精华,黑斑,韩国护肤 1.01 液体盎司/30 毫升",100,numbuzin No.5维生素浓缩精华,numbuzin,No.5,精华,维生素精华,美白+抗氧化+淡斑,¥100/30ml,韩国,
"铜肽 + Matrixyl 3000,胶原蛋白,透明质酸面部精华液,多肽紧致丰盈精华,抗皱,*面部精华 - 240ml",100,,,,,,,,,返回数据列数不正确
Natasha Denona Hy-Gen Skinglass 活力保湿底霜精华,100,Natasha Denona Hy-Gen Skinglass 活力保湿底霜精华,Natasha Denona,Hy-Gen,精华,活力保湿底霜精华,保湿+提亮+妆前打底,¥100/30ml,以色列,
Moist Diane 黛丝恩 Perfect Beauty 完美保湿精华 100g,100,Moist Diane Perfect Beauty精华,Moist Diane,Perfect Beauty,精华,黛丝恩精华,保湿+修护+滋养,¥100/100g,日本,
Le Revital 98% 浓缩纳米提取物、Umbilical 提取物和透明质酸钠精华 – 皮肤恢复精华 – 减少皱纹、黑斑 + 保湿 – 不油腻 24ml*4,100,Le Revital 98% 浓缩纳米提取物精华,Le Revital,,精华,,修复+淡纹+保湿,¥100/24ml*4,,
Bioderma 面部精华 减少皱纹和细纹 适合各种肤质 玻尿酸,100,Bioderma玻尿酸抗皱精华,Bioderma,,精华,玻尿酸精华,抗皱+保湿+修护,¥100/30ml,法国,
Moist Diane 黛丝恩 Perfect Beauty 完美保湿精华 100g,100,Moist Diane Perfect Beauty 完美保湿精华,黛丝恩,Perfect Beauty,精华,完美保湿精华,保湿+修护+滋养,¥100/100g,日本,
Natasha Denona Hy-Gen Skinglass 活力保湿底霜精华,100,Natasha Denona Hy-Gen Skinglass 活力保湿底霜精华,Natasha Denona,Hy-Gen,精华,活力保湿底霜,保湿+提亮+妆前打底,¥100/30ml,以色列,
"numbuzin No.5 维生素浓缩精华 | 谷胱甘肽和维生素精华,黑斑,韩国护肤 1.01 液体盎司/30 毫升",100,numbuzin No.5维生素浓缩精华,numbuzin,No.5,精华,维生素精华,提亮+淡斑+抗氧化,¥100/30ml,韩国,
"铜肽 + Matrixyl 3000,胶原蛋白,透明质酸面部精华液,多肽紧致丰盈精华,抗皱,*面部精华 - 240ml",100,,,,,,,,,返回数据列数不正确
"头发生长精华,适用于稀疏头发,30 毫升纯素头发精华,适用于头发生长,天然毛躁头发精华,男女皆宜。",100,GROW生发精华,GROW,无,精华,GROW小绿瓶,生发+滋养+修护,¥100/30ml,美国,
KORRES 面部精华 有效的抗衰老精华 提拉紧致 减少皱纹的出现 适合各种肤质 1液体盎司(约29.6毫升),100,KORRES抗衰老面部精华,KORRES,,精华,希腊酸奶精华,抗老+紧致+淡纹,¥100/29.6ml,希腊,
"VieBeauti 高级睫毛生长精华:睫毛增强精华,高级配方,提升更长、更浓密的甜美睫毛 3ml,紫色",100,VieBeauti高级睫毛生长精华,VieBeauti,,精华,睫毛精华,增长+浓密+滋养,¥100/3ml,,
PerfeECTLY CLEAN INFUSION 平衡精华乳液 400 毫升,100,PerfeECTLY CLEAN INFUSION 平衡精华乳液,无,无,精华乳液,无,平衡+保湿,¥100/400ml,无,
PerfeECTLY CLEAN INFUSION 平衡精华乳液 400 毫升,100,PERFECTLY CLEAN INFUSION 平衡精华乳液,PERFECTLY CLEAN,,精华乳液,,保湿+平衡,¥100/400ml,,
"VieBeauti 高级睫毛生长精华:睫毛增强精华,高级配方,提升更长、更浓密的甜美睫毛 3ml,紫色",100,VieBeauti高级睫毛生长精华,VieBeauti,高级,睫毛精华,睫毛增长液,滋养+浓密+纤长,¥100/3ml,,
"VieBeauti 高级睫毛生长精华:睫毛增强精华,高级配方,提升更长、更浓密的甜美睫毛 3ml",100,VieBeauti高级睫毛生长精华,VieBeauti,,精华,睫毛增长液,滋养+浓密+纤长,¥100/3ml,,
KORRES 面部精华 有效的抗衰老精华 提拉紧致 减少皱纹的出现 适合各种肤质 1液体盎司(约29.6毫升),100,KORRES黑松3D塑颜精华,KORRES,黑松,精华,黑松精华,抗老+紧致+淡纹,¥100/29.6ml,希腊,
"头发生长精华,适用于稀疏头发,30 毫升纯素头发精华,适用于头发生长,天然毛躁头发精华,男女皆宜。",100,,,,,,,,,返回数据列数不正确
