﻿原始产品名,原始价格,产品全称,品牌,产品线,品类,昵称,功效,参考价格,品牌产地,error
【希希野子官方正品福利】苗圃赵雅芝同款推荐美白祛斑睡眠面膜身体,69.0,睡眠面膜,苗圃,,面膜,,美白+祛斑,¥69/瓶,中国,
【官方正品】白云山壬二酸清洁泥膜棒清洁黑头闭口粉刺痘痘男女通用,79.9,白云山壬二酸清洁泥膜棒,白云山,壬二酸,泥膜,壬二酸泥膜,清洁+控油+祛痘,¥79.9/支,中国,
徐璐小鱼海棠同款eiio水光面膜补水保湿紧致祛黄改善暗沉嫩肤淡纹,99.0,eiio水光面膜,eiio,,面膜,水光面膜,补水+保湿+紧致,¥99/盒,韩国,
【院线款】徐楠楠楠姐蔻辰紧致浓缩精华面膜,19.0,蔻辰紧致浓缩精华面膜,蔻辰,院线款,面膜,楠姐面膜,紧致+浓缩+精华,¥19/片,中国,
英国HERBMODA赫珀德胶原炮灌注水光面膜轮廓固定,33.89,英国HERBMODA赫珀德胶原炮灌注水光面膜轮廓固定,HERBMODA,胶原炮,面膜,胶原炮面膜,补水+提亮+紧致,¥33.89/片,英国,
【38返场特惠】GIK胶原修护玻尿酸面膜熬夜修护水光肌男女补水保湿,39.0,GIK胶原修护玻尿酸面膜,GIK,,面膜,胶原面膜,修护+补水+保湿,¥39/盒,韩国,
睡眠面膜（随机发货）,19.9,睡眠面膜,,,,,,¥19.9/,,
（多拍多送）玻尿酸冻干粉亮肤补水保湿面膜男女通用舒缓安肤,0.94,玻尿酸冻干粉亮肤补水保湿面膜,,,面膜,,补水+保湿+舒缓,¥0.94/片,,
[多拍多送]V玻尿酸冻干粉亮肤面膜清爽滋润男女通用保湿肌肤护肤,0.67,V玻尿酸冻干粉亮肤面膜,V,无,面膜,V面膜,保湿+亮肤+滋润,¥0.67/片,中国,
【徐艺洋推荐】rnw双色泥膜 深层清洁 去黑头清洁泥膜舒缓温和补水,69.0,RNW双色泥膜,RNW,双色泥膜,面膜,双色泥膜,清洁+去黑头+补水,¥69/100g,韩国,
【官方特惠】痞幼/张予曦/陈彦妃eiio清洁泥膜保湿控油去黑头面膜,69.0,eiio清洁泥膜,eiio,,泥膜,小绿泥,清洁+控油+去黑头,¥69/100ml,韩国,
【科技款】徐楠楠蔻辰DNA钠冻干面膜紧致抗皱冻干精华套,29.9,【科技款】徐楠楠蔻辰DNA钠冻干面膜紧致抗皱冻干精华套,蔻辰,DNA钠冻干,面膜,DNA冻干面膜,紧致+抗皱,¥29.9/套,中国,
【升级款】蔻辰贻贝粘蛋白紧致冻干面膜精华组合,29.9,蔻辰贻贝粘蛋白紧致冻干面膜精华组合,蔻辰,贻贝粘蛋白,面膜组合,冻干面膜,紧致+修护+保湿,¥29.9/组,中国,
兰欧莲玫瑰睡眠面膜奢华,9.0,兰欧莲玫瑰睡眠面膜奢华,兰欧莲,玫瑰,睡眠面膜,玫瑰睡眠面膜,保湿+修护+滋养,¥9.0/50ml,中国,
【广东夫妇专属】AHC小安瓶B5面膜*9盒赠玫瑰金面膜1盒到手共50片GD,106.1,AHC B5玻尿酸安瓶面膜,AHC,B5玻尿酸,面膜,B5小安瓶面膜,补水+修护+保湿,¥106.1/50片,韩国,
OGANACELL奥嘉娜超光子光盾焕颜PDRN美白抗皱胶原蛋白水光VC面膜,99.67,OGANACELL超光子光盾焕颜面膜,OGANACELL,超光子光盾,面膜,光盾面膜,美白+抗皱+补水,¥99.67/盒,韩国,
露丝年华焕颜膜布抗皱面膜补水保湿,30.23,露丝年华焕颜抗皱面膜,露丝年华,焕颜,面膜,焕颜面膜,抗皱+补水+保湿,¥30.23/片,中国,
【淡红修护】达肤妍B5面膜Pro补水保湿修护屏障舒缓泛红温和护肤,99.37,达肤妍B5修护面膜Pro,达肤妍,B5,面膜,B5面膜,修护+补水+舒缓,¥99/盒,中国,
【多拍多送】玻尿酸冻干粉亮肤补水保湿面膜男女通用舒缓,0.95,玻尿酸冻干粉亮肤补水保湿面膜,,,面膜,,补水+保湿+舒缓,¥0.95/片,,
SEOMOU施逅海藻胶原蛋白水晶面膜保湿补水提拉紧致修护抗皱抗纹,19.9,SEOMOU施逅海藻胶原蛋白水晶面膜,SEOMOU,海藻胶原蛋白,面膜,水晶面膜,保湿+提拉+抗皱,¥19.9/片,中国,
视黄醇蛇毒肽黄金面膜【到手2袋】,19.9,视黄醇蛇毒肽黄金面膜,未知,未知,面膜,蛇毒面膜,抗老+紧致+提亮,¥19.9/2袋,未知,
【新品发售】徐楠楠蔻辰亮颜水光面膜,99.0,蔻辰亮颜水光面膜,蔻辰,亮颜,面膜,水光面膜,补水+提亮+舒缓,¥99/盒,中国,
【宠粉体验】徐楠楠胶原蛋白紧致嫩肤补水面膜,9.9,胶原蛋白补水面膜,,,面膜,,补水+紧致,¥9.9/,,
【直播间同机制】肌司研乐享水解胶原面膜韩国补水紧致抗皱紧致c,268.0,肌司研乐享水解胶原面膜,肌司研,乐享,面膜,胶原面膜,补水+紧致+抗皱,¥268/盒,韩国,
【先涂后敷 二合一】徐海莉抗皱紧致玻色因面膜紧致塑颜面霜,59.0,徐海莉抗皱紧致玻色因面膜紧致塑颜面霜,徐海莉,抗皱紧致玻色因,面霜,二合一面霜,抗皱+紧致+保湿,¥59/50ml,中国,
【婚礼福利Y】多拍多送玻尿酸冻干粉亮肤补水保湿面膜男女通用舒缓,1.0,玻尿酸冻干粉亮肤补水保湿面膜,,,,面膜,,¥1.0/,,
【老牌国货】美白淡斑水嫩光滑补水修护面膜植物提取温和不刺激,59.9,美白淡斑水嫩光滑补水修护面膜,百雀羚,草本精萃,面膜,百雀羚草本面膜,美白+补水+修护,¥59.9/片,中国,
【宋潇正品】美诗补水保湿面贴膜熬夜提亮肤色全能舒缓面膜抗皱紧致,99.0,美诗补水保湿面贴膜,美诗,,面膜,全能面膜,补水+提亮+舒缓,¥99/盒,中国,
【希希野子官方正品福利】苗圃赵雅芝同款推荐美白祛斑睡眠面膜身体,69.0,苗圃美白祛斑睡眠面膜,苗圃,,睡眠面膜,赵雅芝同款面膜,美白+祛斑+保湿,¥69/100g,中国,
佰草集3.0升级新七白美白透亮白泥面膜 清洁 保湿 祛斑 去角质 LY,218.71,佰草集新七白美白透亮白泥面膜,佰草集,新七白,面膜,白泥面膜,美白+清洁+保湿,¥218.71/100g,中国,
COGI高姿蜂巢水库面膜修护补水保湿酵母虾青素清洁急救熬夜暗沉,99.0,高姿蜂巢水库面膜,高姿,蜂巢水库,面膜,水库面膜,修护+补水+保湿,¥99/盒,中国,
【仁汇优品Z】JOVISSE/洁薇丝玻色因角鲨烷抗皱淡纹水光面膜,199.0,JOVISSE玻色因角鲨烷抗皱淡纹水光面膜,JOVISSE,洁薇丝,面膜,玻色因面膜,抗皱+淡纹+保湿,¥199/盒,中国,
【韦雪推荐】SkinLane肌侣大师面膜紧致提拉淡化贵妇油乳灌肤预售b,93.65,SkinLane肌侣大师面膜,SkinLane,肌侣大师,面膜,贵妇油乳面膜,紧致+提拉+淡化,¥93.65/1片,中国,
【韦雪推荐】SkinLane肌侣大师面膜紧致提拉淡化贵妇油乳灌肤膜,98.56,SkinLane肌侣大师面膜,SkinLane,肌侣大师,面膜,贵妇油乳灌肤膜,紧致+提拉+淡化,¥98.56/片,中国,
（多拍多送）玻尿酸冻干粉亮肤补水保湿面膜男女通用舒缓安肤,0.58,玻尿酸冻干粉亮肤补水保湿面膜,,,面膜,,补水+保湿+舒缓,¥0.58/片,,
【温峥嵘专享】韩国lefilleo丽菲欧胶原蛋白灌注面膜65g,199.0,丽菲欧胶原蛋白灌注面膜,丽菲欧,胶原蛋白,面膜,胶原面膜,补水+紧致+修复,¥199/65g,韩国,
【十个勤天专属】瑷尔博士益生菌面膜2.0香蕉积雪草面膜修护,128.0,瑷尔博士益生菌香蕉积雪草修护面膜2.0,瑷尔博士,益生菌,面膜,香蕉面膜,修护+舒缓,¥128/盒,中国,
碧春青纯珍珠粉清洁毛孔美容养颜,29.0,碧春青纯珍珠粉清洁面膜,碧春,青纯,面膜,珍珠粉面膜,清洁+养颜,¥29/50g,中国,
RNW面膜补水保湿修护舒缓玻尿酸紧致熬夜改善暗沉如薇官方旗舰店,97.0,RNW如薇玻尿酸补水面膜,RNW,如薇,面膜,RNW面膜,补水+修护+舒缓,¥97/10片,韩国,
汀姿海生素胶原蛋白焕肤面膜,128.0,汀姿海生素胶原蛋白焕肤面膜,汀姿,海生素,面膜,胶原蛋白面膜,焕肤+补水+紧致,¥128/片,中国,
【粉丝福利， 五盒十盒囤】KISSMWAH微分子蛋白补水透亮面膜提亮肤色,2.99,KISSMWAH微分子蛋白补水透亮面膜,KISSMWAH,微分子蛋白,面膜,补水透亮面膜,补水+提亮+透亮,¥2.99/片,中国,
【拍下发20片】PMPM白松露/玫瑰面膜干皮补水保湿清透爆款熬夜,59.9,PMPM白松露玫瑰面膜,PMPM,白松露/玫瑰,面膜,白松露面膜,补水+保湿+提亮,¥59.9/20片,中国,
【三盒五盒囤货 优先发货】Disren羊胎素抚纹紧致时光定格贴,2.99,Disren羊胎素抚纹紧致时光定格贴,Disren,羊胎素,面膜,时光定格贴,抚纹+紧致+抗老,¥2.99/盒,中国,
【春日护肤】WIS隐形水润补水面膜持久保湿舒缓护肤轻薄面膜贴正品,99.74,WIS隐形水润补水面膜,WIS,隐形水润,面膜,隐形面膜,补水+保湿+舒缓,¥99.74/盒,中国,
可复美胶原棒到手共56支+水润贴5片/盒*3+小金膜5片/盒 保湿修护,495.0,可复美胶原蛋白次抛精华液,可复美,胶原蛋白,精华液,胶原棒,修护+保湿+舒缓,¥495/56支,中国,
YUYING/御影保湿复合肽补水提拉紧致面膜嫩肤温和滋养水嫩水润,9.0,YUYING御影保湿复合肽面膜,YUYING,御影,面膜,复合肽面膜,补水+提拉+滋养,¥9.0/片,中国,
【官方直售】Flyode弗莱菲美国FD面膜胶原精雕灌肤补水护肤保湿抗皱,99.09,Flyode胶原精雕灌肤面膜,Flyode,胶原精雕,面膜,FD面膜,补水+保湿+抗皱,¥99.09/盒,美国,
【金爱罗专属】肌司研乐享C9水解胶原面膜韩国进口补水紧致抗皱紧致,268.0,肌司研乐享C9水解胶原面膜,肌司研,乐享C9,面膜,胶原面膜,补水+紧致+抗皱,¥268/盒,韩国,
【报恩好物】OSM/欧诗漫珍珠透明质酸钠水光补水面膜玻尿酸保湿亮肤,9.8,欧诗漫珍珠透明质酸钠水光补水面膜,欧诗漫,珍珠,面膜,水光面膜,补水+保湿+亮肤,¥9.8/片,中国,
KANS/韩束情绪小胶囊涂抹式面膜清洁净透弹润提亮紧致补水保湿,19.9,KANS情绪小胶囊涂抹式面膜,KANS,情绪小胶囊,面膜,小胶囊面膜,清洁+补水+提亮,¥19.9/盒,中国,
【活动伴手礼】玻尿酸冻干粉面膜补水保湿提亮肤色收缩毛孔学生党,1.0,玻尿酸冻干粉面膜,,,面膜,,补水+保湿+提亮,¥1.0/片,,
【品牌狂补】LACUES露可莳 胶原灌注多肽紧致面膜2盒赠送1+3片（y）,223.17,LACUES胶原灌注多肽紧致面膜,LACUES,胶原灌注,面膜,胶原面膜,紧致+补水+抗皱,¥223/2盒,澳大利亚,
【王一博同款】C咖美白罐面膜熬夜补水祛黄提亮紧致护肤品小鱼推荐,96.9,C咖美白精华面膜,C咖,,面膜,美白罐,美白+补水+提亮,¥96.9/50ml,中国,
锦小妹补水保湿紧致抗皱面膜（拍一发十盒）50贴,69.9,锦小妹补水保湿紧致抗皱面膜,锦小妹,,面膜,补水抗皱面膜,补水+保湿+抗皱,¥69.9/50贴,中国,
【女神节提前购】到手21片面膜青瓜补水保湿舒缓透气植物医生,38.0,植物医生青瓜舒缓保湿面膜,植物医生,,面膜,青瓜面膜,补水+保湿+舒缓,¥38/21片,中国,
【韦雪专属】Yestar/艺星水光沁润功效型面膜K皱紧致5片/盒,99.6,艺星水光沁润功效型面膜,艺星,水光沁润,面膜,水光面膜,K皱+紧致+补水,¥99.6/5片,中国,
【达人专属】LAN兰时光油蜜面膜修护舒缓保湿油敷弹嫩补水欧若风,29.9,LAN兰时光油蜜面膜,LAN,时光油蜜,面膜,油敷面膜,修护+舒缓+保湿,¥29.9/片,中国,
【三盒五盒囤】微分子蛋白补水透亮面膜防水保湿,2.99,微分子蛋白补水透亮面膜,,,面膜,,补水+透亮+保湿,¥2.99/片,,
【多拍多送一元一片】玻尿酸冻干粉提亮面膜提亮补水保湿面膜贴女,1.0,玻尿酸冻干粉提亮面膜,,,面膜,,提亮+补水+保湿,¥1.0/片,,
希苏海生素胶原蛋白焕肤面膜,13.0,海蓝之谜浓缩修护精华面膜,海蓝之谜,浓缩修护,面膜,修护面膜,修护+保湿+抗老,¥2200/50ml,法国,
【明星同款】WIS面膜隐形水润保湿补水面膜深层补水修护官方正品,94.63,WIS隐形水润保湿补水面膜,WIS,隐形水润,面膜,明星同款面膜,保湿+补水+修护,¥94.63/盒,中国,
【官方正品 正装试用】视黄醇蛇毒肽黄金膜-专抹皱纹大眼袋深泪沟,19.0,视黄醇蛇毒肽黄金膜,,,面膜,蛇毒肽黄金膜,抗皱+紧致+淡纹,¥19/片,,
【新品发售】徐楠楠蔻辰微分子抗皱紧致乳霜面膜,29.0,蔻辰微分子抗皱紧致乳霜面膜,蔻辰,微分子,面膜,抗皱面膜,抗皱+紧致+保湿,¥29/50ml,中国,
童颜纪厚脸皮修护面膜维稳舒缓敏感肌可用 实发20片+1片到手21片,39.9,童颜纪厚脸皮修护面膜,童颜纪,厚脸皮,面膜,厚脸皮面膜,修护+舒缓+维稳,¥39.9/21片,中国,
【新品发售】徐楠楠蔻辰亮颜水光面膜,9.0,蔻辰亮颜水光面膜,蔻辰,亮颜,面膜,水光面膜,补水+提亮+保湿,¥9.0/片,中国,
荟悉雪绒花紧致焕肤面膜抗衰提亮保湿舒缓贴片,69.9,荟悉雪绒花紧致焕肤面膜,荟悉,雪绒花,面膜,雪绒花面膜,紧致+焕肤+保湿,¥69.9/盒,中国,
凯膜今日福利【多拍多送一元一片】玻尿酸冻干粉亮肤面膜保湿面膜贴,1.0,玻尿酸冻干粉亮肤面膜,,,面膜,,保湿+亮肤,¥1.0/片,,
【香香专属】朵澜400道尔顿透明质酸钠面膜,29.0,朵澜400道尔顿透明质酸钠面膜,朵澜,400道尔顿,面膜,香香专属,补水+保湿+修护,¥29.0/片,中国,
LiLiA 8D玻尿酸水光嫩肤面膜 到手30片 深层补水 靓颜保湿 25ml,59.0,LiLiA 8D玻尿酸水光嫩肤面膜,LiLiA,8D,面膜,8D面膜,补水+保湿+嫩肤,¥59/30片,中国,
英国HERBMODA赫珀德水晶番茄2.0熬夜提亮K氧K糖面膜,43.59,英国HERBMODA赫珀德水晶番茄2.0熬夜提亮K氧K糖面膜,HERBMODA,水晶番茄2.0,面膜,水晶番茄面膜,提亮+抗氧化+抗糖,¥43.59/片,英国,
LILIA焕颜美白祛斑面膜 拍一发五 补水提亮 美白淡斑,79.0,LILIA焕颜美白祛斑面膜,LILIA,焕颜,面膜,美白面膜,美白+淡斑+补水,¥79/5片,中国,
【拍10瓶包邮】怡丽丝尔睡眠面膜小样5g水润补水保湿,4.93,怡丽丝尔优悦活颜弹润睡眠面膜,怡丽丝尔,优悦活颜,面膜,睡眠面膜,补水+保湿+弹润,¥4.93/5g,日本,
锦小妹补水保湿紧致抗皱面膜（拍一发十盒）50贴,69.9,锦小妹补水保湿紧致抗皱面膜,锦小妹,,面膜,补水抗皱面膜,补水+紧致+抗皱,¥69.9/50贴,中国,
YUYING/御影保湿复合肽补水提拉紧致面膜嫩肤温和滋养水嫩水润,9.4,YUYING御影保湿复合肽面膜,YUYING/御影,,面膜,复合肽面膜,补水+提拉紧致+滋养,¥9.4/片,中国,
【孟子义同款】膜法世家黑金二裂酵母抗初老面膜抗皱紧致淡纹焕亮,239.5,膜法世家黑金二裂酵母抗初老面膜,膜法世家,黑金,面膜,黑金面膜,抗初老+紧致+焕亮,¥239.5/盒,中国,
荟悉玻色因紧致抗皱紧致修护保湿舒缓乳霜面膜,89.9,荟悉玻色因紧致抗皱乳霜面膜,荟悉,玻色因,面膜,玻色因面膜,紧致+抗皱+修护,¥89.9/50ml,中国,
澳莱美白达人面膜透亮美白祛斑提亮肤色祛黄滋润补水抗皱紧致温和,9.0,澳莱美白达人面膜,澳莱,,面膜,美白达人面膜,美白+祛斑+补水,¥9.0/片,中国,
胶原蛋白紧致抗皱水感面膜提拉紧致提亮水光肌温和靓肤补水保湿,39.0,胶原蛋白紧致抗皱水感面膜,暂无,暂无,面膜,暂无,紧致+抗皱+补水,¥39/片,暂无,
韩国lefilleo丽菲欧胶原蛋白灌注面膜65g~~,99.0,丽菲欧胶原蛋白灌注面膜,丽菲欧,胶原蛋白,面膜,胶原面膜,补水+紧致+修复,¥99/65g,韩国,
FINDPRETTY法泊缇胶原灌注大师面膜5盒到手28片YX,96.73,FINDPRETTY胶原灌注大师面膜,FINDPRETTY,胶原灌注大师,面膜,胶原面膜,补水+修护+紧致,¥96.73/5盒,中国,
露丝年华十胜肽富勒烯冻干粉修护补水滋养面膜,99.9,露丝年华十胜肽富勒烯冻干粉修护面膜,露丝年华,十胜肽,面膜,十胜肽面膜,修护+补水+滋养,¥99.9/盒,中国,
【金其专属】专属定制12mg专利左旋虾青素红参专利白番茄麦角硫因,2994.0,【金其专属】专属定制12mg专利左旋虾青素红参专利白番茄麦角硫因,,,,,,¥2994/12mg,,
韩国lefilleo丽菲欧色修奶皮肌源修护面膜65g【正品】,49.96,韩国lefilleo丽菲欧色修奶皮肌源修护面膜,丽菲欧,色修奶皮,面膜,奶皮面膜,修护+保湿+舒缓,¥49.96/65g,韩国,
诺维娅 水光胶原蛋白面膜套装  （5片 尝鲜装）,49.0,诺维娅水光胶原蛋白面膜套装,诺维娅,水光胶原蛋白,面膜,水光面膜,补水+提亮+紧致,¥49/5片,中国,
丸美深润细嫩保湿面膜1片装补水精粹护肤mz,0.09,丸美深润细嫩保湿面膜,丸美,深润细嫩,面膜,暂无,补水+保湿+嫩肤,¥0.09/片,中国,
黑钻淡纹紧致抗皱面膜,1.0,HR赫莲娜黑钻淡纹紧致抗皱面膜,HR赫莲娜,黑钻,面膜,黑钻面膜,淡纹+紧致+抗皱,¥1000/50ml,法国,
活碧泉紧致抗皱水润面膜  补水保湿滋润轻盈膜布,99.0,活碧泉紧致抗皱水润面膜,活碧泉,紧致抗皱,面膜,水润面膜,紧致+抗皱+补水,¥99/盒,中国,
【徐璐同款】COGI高姿净透控油清洁泥膜 改善黑头控油涂抹面膜[ZB],59.0,COGI高姿净透控油清洁泥膜,COGI,净透,面膜,高姿泥膜,清洁+控油+去黑头,¥59/100ml,中国,
【专攻黑头 细腻毛孔】柏兰妍壬二酸清洁泥膜控油清洁黑头闭口粉刺,39.9,柏兰妍壬二酸清洁泥膜,柏兰妍,无,清洁泥膜,无,控油+清洁+去黑头,¥39.9/50g,中国,
Whsa凝时鎏金抗皱保湿淡纹面膜-YC,6.99,Whsa凝时鎏金抗皱保湿淡纹面膜,Whsa,凝时鎏金,面膜,鎏金面膜,抗皱+保湿+淡纹,¥6.99/片,中国,
【拍1发3多重玻尿酸深度补水保湿面膜】补水保湿 深层锁水提亮,58.0,多重玻尿酸深度补水保湿面膜,未知,,面膜,玻尿酸面膜,补水+保湿+提亮,¥58/片,,
希苏海生素胶原蛋白焕肤面膜,13.0,海蓝之谜浓缩修护精华面膜,海蓝之谜,浓缩修护,面膜,修护面膜,修护+保湿+抗老,¥2200/50ml,法国,
【广东夫妇专属】AHC小安瓶B5面膜*9盒+B5pro面膜5片到手共50片GD,237.44,AHC B5玻尿酸安瓶面膜,AHC,B5,面膜,B5小安瓶,补水+修护+保湿,¥237.44/50片,韩国,
泰国原装进口TSI石墨烯烟酰胺提亮赋活水光一周面膜一片装T,9.0,TSI石墨烯烟酰胺提亮赋活水光一周面膜,TSI,石墨烯,面膜,水光面膜,提亮+补水+赋活,¥9.0/片,泰国,
UIR复活草祛痘修护面膜淡化痘印保湿男女修护推荐官方店舒缓,49.9,UIR复活草祛痘修护面膜,UIR,复活草,面膜,复活草面膜,祛痘+修护+保湿,¥49.9/盒,中国,
英国HERBMODA赫珀德水晶番茄2.0熬夜提亮K氧K糖面膜,1.0,英国HERBMODA赫珀德水晶番茄2.0熬夜提亮K氧K糖面膜,HERBMODA,水晶番茄2.0,面膜,水晶番茄面膜,提亮+抗氧化+抗糖化,¥1.0/片,英国,
【五片十片囤】致朵玻色因御颜抗皱面膜-一片装-YC,0.8,致朵玻色因御颜抗皱面膜,致朵,御颜,面膜,玻色因面膜,抗皱+紧致+修护,¥0.8/片,中国,
FLAPPER翡拉帕丽一枝梅白细胞胶原面膜补水保湿紧致舒缓,60.83,FLAPPER翡拉帕丽一枝梅白细胞胶原面膜,FLAPPER,一枝梅,面膜,白细胞面膜,补水+保湿+紧致,¥60.83/片,中国,
茗希芝【到手二十片】玻尿酸保湿面膜轻薄补水清爽润肤水嫩肌肤女,9.8,茗希芝玻尿酸保湿面膜,茗希芝,,面膜,玻尿酸面膜,保湿+补水+清爽,¥9.8/20片,中国,
汀姿海生素胶原蛋白焕肤面膜,200.0,汀姿海生素胶原蛋白焕肤面膜,汀姿,海生素,面膜,胶原蛋白面膜,焕肤+补水+紧致,¥200/盒,中国,
川修小颗粒海藻水解胶原面膜美容护肤补水保湿250克/瓶,26.9,川修小颗粒海藻水解胶原面膜,川修,,面膜,海藻面膜,补水+保湿+修护,¥26.9/250g,中国,
发光胶原蛋白面膜 H0595,29.0,发光胶原蛋白面膜H0595,,,,面膜,,¥29/盒,,
eiio水光弹润面膜快充补水面膜弹润紧致补水保湿修护贴片面膜护肤,99.0,eiio水光弹润面膜,eiio,水光弹润,面膜,水光面膜,补水+弹润+修护,¥99/盒,韩国,
膜术世家 玻色因提拉紧致胶原膜,9.9,膜术世家玻色因提拉紧致胶原膜,膜术世家,玻色因,面膜,胶原膜,提拉+紧致+抗老,¥9.9/片,中国,
泰国原装进口TSI一周面膜石墨烯烟酰胺提亮赋活面膜一片装RDHH007,9.0,泰国原装进口TSI一周面膜石墨烯烟酰胺提亮赋活面膜一片装,TSI,一周面膜,面膜,石墨烯面膜,提亮+补水+修护,¥9/片,泰国,
仙蒂奈儿二裂酵母奢护滋润面膜-QQ,1.0,仙蒂奈儿二裂酵母奢护滋润面膜,仙蒂奈儿,二裂酵母奢护,面膜,QQ面膜,滋润+修护,¥1.0/片,中国,
梦希蓝冻干粉水光透亮免洗睡眠面膜保湿紧致抗皱【拍一发三盒 】,19.9,梦希蓝冻干粉水光透亮免洗睡眠面膜,梦希蓝,冻干粉,睡眠面膜,水光面膜,保湿+紧致+抗皱,¥19.9/盒,中国,
法国【数量有限 三盒五盒囤货】Disren白细胞菁纯多抗发光面膜补水A,2.0,Disren白细胞菁纯多抗发光面膜,Disren,白细胞菁纯,面膜,发光面膜,补水+抗老+提亮,¥2.0/片,法国,
COCOCHI AG抗糖修护贴片面膜爆款组合试用保湿补水祛黄提亮 cby,19.72,COCOCHI AG抗糖面膜,COCOCHI,AG,面膜,AG抗糖面膜,抗糖+修护+保湿,¥19.72/片,日本,
韩韵朵植物小颗粒海藻面膜250g 清洁保湿,26.9,韩韵朵植物小颗粒海藻面膜,韩韵朵,植物小颗粒,面膜,海藻面膜,清洁+保湿,¥26.9/250g,中国,
【三盒五盒囤优先发货】Disren羊胎素抚纹紧致时光定格面膜贴,2.99,Disren羊胎素抚纹紧致时光定格面膜,Disren,羊胎素,面膜,时光定格面膜,抚纹+紧致+抗老,¥2.99/片,中国,
原生密码面膜 微分子抗衰精华胶原炮面膜 抗皱紧致淡纹面部护肤品,1663.0,,,,,,,,,返回数据列数不正确
【3单5单囤】雅逸兰虾青素黄金抗皱保湿面膜 TY BT PXX,20.0,雅诗兰黛特润修护肌透精华面膜,雅诗兰黛,特润修护,面膜,小棕瓶面膜,修护+保湿+抗皱,¥680/4片,美国,
【最早日期到2027年8月】o.metoo魔女冰美式面膜*30片,51.62,o.metoo魔女冰美式面膜,o.metoo,,面膜,冰美式面膜,补水+提亮+舒缓,¥51.62/30片,韩国,
【预售】可丽金胶原大膜王20杯+可丽金嘭嘭次抛30支面面抗皱套组 SJ,113.31,可丽金胶原大膜王20杯+可丽金嘭嘭次抛30支面面抗皱套组,可丽金,胶原大膜王+嘭嘭次抛,面膜+精华,胶原大膜王套组,抗皱+保湿+修护,¥113.31/套,中国,
【三盒五盒的囤】致朵玻色因御颜抗皱面膜补水保湿舒爽嫩滑男女通用,2.33,致朵玻色因御颜抗皱面膜,致朵,玻色因御颜,面膜,抗皱面膜,抗皱+补水+保湿,¥2.33/片,中国,
黛莱皙国际研发臻颜紧致抗皱面膜D896,10.0,黛莱皙国际研发臻颜紧致抗皱面膜D896,黛莱皙,臻颜,面膜,臻颜面膜,紧致+抗皱+保湿,¥10.0/片,中国,
活碧泉蓝铜肽富勒烯胶原蛋白修护面膜  保湿紧致水润补水嫩肤滋养,99.0,活碧泉蓝铜肽富勒烯胶原蛋白修护面膜,活碧泉,蓝铜肽,面膜,蓝铜肽面膜,修护+保湿+紧致,¥99/盒,中国,
【五片十片囤】致朵玻色因御颜抗皱面膜【一片装】,0.99,致朵玻色因御颜抗皱面膜,致朵,御颜,面膜,抗皱面膜,抗皱+紧致+保湿,¥0.99/片,中国,
【粉丝低价福利】【五片十片抢】致朵蓝铜胜肽紧致亮颜面膜,1.75,致朵蓝铜胜肽紧致亮颜面膜,致朵,,面膜,蓝铜胜肽面膜,紧致+亮颜,¥1.75/片,中国,
法国【五盒十盒囤】Disren精粹黑白松露精油焕肤面膜LT,1.82,Disren精粹黑白松露精油焕肤面膜,Disren,精粹,面膜,松露面膜,焕肤+滋养,¥1.82/盒,法国,
膜法世家紫草泥清洁面膜敏感肌专研改善黑头清洁控油国货小紫泥LJ,9.9,膜法世家紫草泥清洁面膜,膜法世家,紫草泥,面膜,小紫泥,清洁+控油+改善黑头,¥9.9/瓶,中国,
绿色农场七子草本面膜粉500g 抗皱舒缓补水保湿提亮涂抹面膜控油,69.0,绿色农场七子草本面膜粉,绿色农场,七子草本,面膜,七子面膜,抗皱+舒缓+补水,¥69/500g,中国,
【会员试用】韩束白蛮腰嫩白透亮面膜3片试用体验装补水保湿,79.0,韩束白蛮腰嫩白透亮面膜,韩束,白蛮腰,面膜,白蛮腰面膜,嫩白+透亮+保湿,¥79/3片,中国,
珀莱雅双抗精华面膜2.0补水保湿抗氧抗皱紧致肌肤,272.25,珀莱雅双抗精华面膜2.0,珀莱雅,双抗,面膜,双抗面膜,抗氧+抗皱+补水,¥272/30ml,中国,
【全新升级】造物者胶原蛋白凝时软膜套装紧致抗皱抗衰淡纹修护面膜,239.0,胶原蛋白凝时软膜套装,未知,造物者,面膜,胶原软膜,紧致+抗皱+修护,¥239/套,未知,
欧诗漫美白淡斑面膜熬夜暗黄亮祛斑补水保湿官方备,99.0,欧诗漫珍珠美白淡斑面膜,欧诗漫,珍珠美白,面膜,小白灯面膜,美白+淡斑+补水,¥99/5片,中国,
DMCK白番茄美白抛光面膜面部美白提亮肤色抗皱改善细纹精华面膜贴,99.88,DMCK白番茄美白抛光面膜,DMCK,白番茄,面膜,白番茄面膜,美白+提亮+抗皱,¥99.88/片,中国,
黛安蒂-V脸面膜 胶原紧致面膜 S0493,9.9,黛安蒂V脸胶原紧致面膜,黛安蒂,V脸,面膜,V脸面膜,紧致+提拉+胶原,¥9.9/片,中国,
（拍一发三30片）罗美诗富勒烯冻干粉保湿补水紧致水润冻干粉冰膜,29.9,罗美诗富勒烯冻干粉冰膜,罗美诗,富勒烯,面膜,冻干粉冰膜,保湿+补水+紧致,¥29.9/30片,中国,
汀姿海生素胶原蛋白焕肤面膜,13.0,汀姿海生素胶原蛋白焕肤面膜,汀姿,海生素,面膜,胶原蛋白面膜,补水+焕肤+紧致,¥13.0/片,中国,
韩韵朵植物小颗粒海藻面膜250g 清洁保湿,26.0,韩韵朵植物小颗粒海藻面膜,韩韵朵,植物小颗粒,面膜,海藻面膜,清洁+保湿,¥26/250g,中国,
377美白祛斑面膜淡斑提亮肤色补水保湿滋润改善暗沉正品国妆特字,16.9,377美白祛斑面膜,城野医生,377,面膜,377面膜,美白+祛斑+提亮,¥16.9/片,日本,
锦小妹补水保湿美白淡斑面膜 （拍一发十盒）50贴,69.9,锦小妹补水保湿美白淡斑面膜,锦小妹,,面膜,补水美白面膜,补水+美白+淡斑,¥69.9/50贴,中国,
【送工具半斤装】小粒海藻补水控油清洁水解胶原膜水光肌海藻泥面膜,29.0,水解胶原海藻泥面膜,,,面膜,海藻泥面膜,补水+控油+清洁,¥29/250g,中国,
兰嘉斯美白祛斑面膜去黄暗沉亮肤烟酰胺熬夜干皮功效型官方正品,99.0,兰嘉丝汀美白祛斑面膜,兰嘉丝汀,美白祛斑,面膜,美白面膜,美白+祛斑+提亮,¥99/75ml,摩纳哥,
希星臣补水保湿抗皱面膜（拍一发十盒）50贴,29.9,希星臣补水保湿抗皱面膜,希星臣,,面膜,,补水+保湿+抗皱,¥29.9/50贴,中国,
【油光毛孔通通闪开！】敷尔佳乳糖酸控油敛肤面膜收缩毛孔,319.0,敷尔佳乳糖酸控油敛肤面膜,敷尔佳,乳糖酸,面膜,毛孔吸尘器,控油+收缩毛孔+清洁,¥319/盒,中国,
【温峥嵘专享】 韩国lefilleo丽菲欧色修奶皮肌源修护面膜65g,299.0,丽菲欧色修奶皮肌源修护面膜,丽菲欧,色修奶皮,面膜,色修面膜,修护+保湿+舒缓,¥299/65g,韩国,
【焕变“水光肌】朵澜400道尔顿透明质酸钠面膜补水保湿舒缓肌肤保湿,29.0,朵澜400道尔顿透明质酸钠面膜,朵澜,400道尔顿,面膜,水光肌面膜,补水+保湿+舒缓,¥29/片,中国,
【奢婷】 (去黄亮肤) 红茶玫瑰焕颜冻膜4瓶,98.12,奢婷红茶玫瑰焕颜冻膜,奢婷,红茶玫瑰,冻膜,红茶冻膜,去黄+亮肤+焕颜,¥98/4瓶,中国,
童颜纪厚脸皮VC高光提亮面膜温和敏感肌可用实发20片1片到手21片H,39.9,童颜纪VC高光提亮面膜,童颜纪,VC高光,面膜,厚脸皮面膜,提亮+温和+保湿,¥39.9/20片,中国,
致朵鹿茸灵芝养肤面膜,79.0,致朵鹿茸灵芝养肤面膜,致朵,鹿茸灵芝,面膜,灵芝面膜,滋养+修护+保湿,¥79/盒,中国,
【拍5发6盒   五盒囤更划算】KISSMWAH玻色因胶原蛋白多效睡眠面膜D,1.91,KISSMWAH玻色因胶原蛋白多效睡眠面膜,KISSMWAH,,睡眠面膜,,补水+修护+紧致,¥1.91/盒,中国,
QIANMAN谦曼珍珠粉,49.0,QIANMAN谦曼珍珠粉,谦曼,,粉底,珍珠粉,美白+遮瑕+控油,¥49/30g,中国,
凯膜今日福利【多拍多送一元一片】玻尿酸水光透亮面膜面膜贴女BB,1.0,玻尿酸水光透亮面膜,,,面膜,,补水+透亮,¥1.0/片,,
魅弋·灵芝多肽补水保湿紧致抗皱面膜滋润易吸收到手10盒共52片,69.9,魅弋灵芝多肽面膜,魅弋,灵芝多肽,面膜,灵芝面膜,补水+紧致+抗皱,¥69.9/52片,中国,
CANDORLOV彩多乐焕亮水煮蛋面膜保湿温和无刺激 70ml/支*3,1.0,彩多乐焕亮水煮蛋面膜,彩多乐,焕亮,面膜,水煮蛋面膜,保湿+焕亮+温和,¥1.0/70ml,中国,
【腾哥专属】AGLAIWISH鱼子酱灵芝双萃抗皱冻龄面膜,9.0,AGLAIWISH鱼子酱灵芝双萃抗皱冻龄面膜,AGLAIWISH,,面膜,冻龄面膜,抗皱+滋养+修护,¥9.0/片,中国,
TIMEE鲜花面膜10片/袋玫瑰VC洋甘菊B5以花养肤焕颜保湿,19.9,TIMEE小粉膜鲜花面膜,TIMEE,鲜花面膜,面膜,小粉膜,保湿+焕颜+修护,¥19.9/10片,中国,
Gik胶原炮PRP面膜抗皱补水三明治乳霜灌注100ml紧致复活草,89.0,Gik胶原炮PRP面膜抗皱补水三明治乳霜灌注,Gik,胶原炮,面膜,PRP面膜,抗皱+补水+紧致,¥89/100ml,中国,
【赠品】B5面膜升级版积雪草补水保湿修护舒缓祛黄提亮熬夜救急正品,59.0,B5积雪草修护面膜,理肤泉,B5,面膜,B5面膜,修护+补水+舒缓,¥59/5片,法国,
[多拍多送]玻尿酸冻干粉亮肤面膜男女通用保湿肌肤,20.0,玻尿酸冻干粉亮肤面膜,,,,,保湿+亮肤,¥20/片,,
【三歲专属】芮度鲜茶花萃水嫩紧致面膜深层补水透亮面膜亮肤水润,99.45,芮度鲜茶花萃水嫩紧致面膜,芮度,鲜茶花萃,面膜,茶花面膜,补水+紧致+亮肤,¥99.45/片,中国,
【一盒10片】胶原淡纹紧致精华抗皱额头贴淡化川字纹抬头纹悬针纹贴,12.0,【一盒10片】胶原淡纹紧致精华抗皱额头贴,无品牌,,额头贴,抗皱贴,淡纹+紧致+抗皱,¥12/10片,,
【林蝶】玫瑰花瓣面膜130g*2瓶+云南玫瑰精油皂100g*1盒,99.72,林蝶玫瑰花瓣面膜,林蝶,,面膜,,保湿+舒缓,¥99.72/130g*2,中国,
【美白淡斑3.0】欧诗漫美白淡斑面膜熬夜暗黄亮祛斑补水,99.0,欧诗漫珍珠美白淡斑面膜,欧诗漫,珍珠美白,面膜,小白灯面膜,美白+淡斑+补水,¥99/5片,中国,
玻尿酸冻干粉面膜补水保湿舒缓肌肤提亮水润修护水光清爽滋润嫩滑,1.0,玻尿酸冻干粉面膜,,,面膜,,补水+保湿+舒缓,¥1.0/片,,
【3.8妇女节】MEICHIC美诗羊胎素细胞黄金软膜-B,374.7,美诗羊胎素细胞黄金软膜,MEICHIC,羊胎素,软膜,黄金软膜,滋养+修护+紧致,¥374.7/盒,中国,
FLAPPER翡拉帕丽一枝梅白细胞胶原面膜补水保湿紧致舒缓,99.82,FLAPPER翡拉帕丽一枝梅白细胞胶原面膜,FLAPPER,一枝梅,面膜,白细胞面膜,补水+保湿+紧致,¥99.82/盒,中国,
悦尔蜜二裂酵母蓝铜肽玻颜精华面膜30ml*1片---单片装,159.0,悦尔蜜二裂酵母蓝铜肽玻颜精华面膜,悦尔蜜,玻颜,面膜,蓝铜肽面膜,修护+保湿+抗老,¥159/30ml,中国,
【颐莲】颐莲面膜补水保湿玻尿酸精华面膜贴片保湿水光学生推荐温和,98.23,颐莲玻尿酸精华面膜,颐莲,,面膜,玻尿酸面膜,补水+保湿+修护,¥98.23/盒,中国,
【多拍多送】凯膜玻尿酸冻干粉亮肤补水面膜保湿舒缓面膜男女通用Y,1.0,凯膜玻尿酸冻干粉亮肤补水面膜,凯膜,,面膜,玻尿酸面膜,亮肤+补水+保湿,¥1.0/片,中国,
兰嘉斯美白祛斑面膜去黄暗沉亮肤烟酰胺熬夜干皮功效型官方正品,99.0,兰嘉丝汀美白祛斑面膜,兰嘉丝汀,美白祛斑,面膜,美白面膜,美白+祛斑+提亮,¥99/50ml,摩纳哥,
可复美焕能肌底修护面膜165g/盒 冰淇淋面膜 保湿修护 ZS,98.57,可复美焕能肌底修护面膜,可复美,焕能,面膜,冰淇淋面膜,保湿+修护,¥98.57/165g,中国,
达肤妍B5保湿面膜Pro臻研修护积雪草舒缓强韧屏障补水护肤,99.87,达肤妍B5保湿面膜Pro臻研修护积雪草舒缓强韧屏障补水护肤,达肤妍,臻研修护,面膜,B5面膜,保湿+舒缓+修护,¥99.87/盒,中国,
【现货】韩国进口Dr.alla白绷带三型重组胶原蛋白抗皱淡纹修护面膜,129.0,Dr.alla白绷带三型重组胶原蛋白抗皱淡纹修护面膜,Dr.alla,白绷带,面膜,白绷带面膜,抗皱+淡纹+修护,¥129/盒,韩国,
【去黄提亮】【抗皱紧致】【补水保湿】博雅兰迪生物发酵面膜 欧若风,9.0,博雅兰迪生物发酵面膜,博雅兰迪,生物发酵,面膜,发酵面膜,去黄提亮+抗皱紧致+补水保湿,¥9.0/片,中国,
【品牌狂补】LACUES露可莳 胶原灌注多肽紧致面膜2盒赠送4片（YS）,199.0,LACUES胶原灌注多肽紧致面膜,LACUES露可莳,胶原灌注,面膜,胶原面膜,紧致+补水+抗皱,¥199/2盒,澳大利亚,
淡水珍珠粉嫩肤润滑提亮肤色滋养细腻清洁毛孔,48.0,珍珠粉嫩肤润滑霜,,,面霜,珍珠霜,嫩肤+提亮+滋养,¥48/50g,中国,
【仁汇优品Z】欧诗漫美白淡斑珍珠双膜组面膜3.0升级版DSP-2月TZ,99.76,欧诗漫珍珠美白淡斑双膜组面膜,欧诗漫,珍珠美白,面膜,珍珠双膜,美白+淡斑,¥99.76/组,中国,
【颖儿推荐】禾真樱花面膜深层补水保湿灯泡肌舒缓熬夜干燥肌嫩肤,89.0,禾真樱花补水面膜,禾真,樱花,面膜,灯泡面膜,补水+保湿+舒缓,¥89/盒,中国,
【湿敷棉片】WGD原B5湿敷棉片舒缓护理补水保湿妆前棉片DB,69.9,WGD B5湿敷棉片,WGD,B5,湿敷棉片,B5棉片,舒缓+补水+保湿,¥69.9/盒,中国,
兰小肤珍珠粉微米级提亮肤色润肤养颜正品保障,48.0,兰蔻微米级珍珠粉精华,兰蔻,微米级,精华,珍珠粉精华,提亮+滋润+养颜,¥48/30ml,法国,
柒树茶粹蕴能水嫩六胜肽面膜（5片装）,19.9,柒树茶粹蕴能水嫩六胜肽面膜,柒树,茶粹蕴能,面膜,六胜肽面膜,补水+修护+紧致,¥19.9/5片,中国,
【6周年店庆专享】Gik美肌精华面膜韩国童颜抛光紧致抗皱保湿自播,99.0,Gik美肌精华面膜,Gik,,面膜,抛光面膜,紧致+抗皱+保湿,¥99/盒,韩国,
【3单5单囤】雅逸兰虾青素黄金抗皱保湿面膜 TY BT PXX,20.0,雅诗兰黛特润修护肌透精华面膜,雅诗兰黛,特润修护,面膜,小棕瓶面膜,修护+保湿+抗皱,¥680/4片,美国,
【一盒共100袋】施奈芙美白淡斑面膜 改善暗沉 润肤养颜,9.0,施奈芙美白淡斑面膜,施奈芙,,面膜,美白面膜,美白+淡斑+提亮,¥9/100袋,中国,
OSND羊胎素胶原蛋白抗皱补水面膜霜,99.0,OSND羊胎素胶原蛋白抗水面膜霜,OSND,,面膜霜,羊胎素面膜霜,抗皱+补水+紧致,¥99/50ml,中国,
【拍一发三】冰巧熬夜逆龄冻干粉睡眠面膜烟酰胺保湿滋润锁水补水,39.9,冰巧熬夜逆龄冻干粉睡眠面膜,冰巧,,睡眠面膜,熬夜面膜,保湿+锁水+补水,¥39.9/瓶,中国,
【韩国原料 送面膜刷】KMKO光感胶原面膜补水提亮清洁熬夜抗皱紧致,29.9,KMKO光感胶原面膜,KMKO,光感胶原,面膜,胶原面膜,补水+提亮+抗皱,¥29.9/片,韩国,
厂家直销100%纯珍珠粉300g面膜粉软膜粉非内服外敷美斑正品白海藻,31.8,,,,,,,,,返回数据列数不正确
【达人专属】Sudee韩国院线原装进口黑绷带金标版美白淡斑面膜,99.79,Sudee黑绷带金标版美白淡斑面膜,Sudee,黑绷带,面膜,黑绷带面膜,美白+淡斑,¥99.79/盒,韩国,
Sudee素玳韩国原装进口净颜水润睡眠面膜保湿,20.1,Sudee素玳净颜水润睡眠面膜,Sudee素玳,净颜水润,睡眠面膜,素玳睡眠面膜,保湿+补水+修护,¥20.1/瓶,韩国,
活碧泉蓝铜肽富勒烯胶原蛋白修护面膜补水保湿舒缓温和 滋养 护肤,99.9,活碧泉蓝铜肽富勒烯胶原蛋白修护面膜,活碧泉,蓝铜肽,面膜,蓝铜肽面膜,修护+补水+保湿,¥99.9/盒,中国,
【达播专属】植物医生山茶花盈润补水保湿深层滋润面膜20片,36.0,植物医生山茶花盈润补水保湿面膜,植物医生,山茶花,面膜,山茶花面膜,补水+保湿+滋润,¥36/20片,中国,
【三盒装】RNW面膜8D玻尿酸补水保湿面膜舒缓急救护肤品面膜,97.0,RNW 8D玻尿酸补水面膜,RNW,8D,面膜,RNW玻尿酸面膜,补水+保湿+舒缓,¥97/3盒,韩国,
【漫漫专属】欧诗漫珍珠美白淡斑面膜3.0版熬夜护肤-CQ,143.5,欧诗漫珍珠美白淡斑面膜3.0,欧诗漫,珍珠美白,面膜,小白灯面膜,美白+淡斑+熬夜修护,¥143.5/盒,中国,
DMCK白番茄美白抛光面膜面部美白提亮肤色抗皱改善细纹精华面膜贴,196.46,DMCK白番茄美白抛光面膜,DMCK,白番茄,面膜,白番茄面膜,美白+提亮+抗皱,¥196.46/片,中国台湾,
MISTINE蜜丝婷晶润沁透面膜锁水保湿透亮烟酰胺-j,9.89,MISTINE晶润沁透面膜,MISTINE,晶润沁透,面膜,蜜丝婷面膜,保湿+透亮+烟酰胺,¥9.89/片,泰国,
韩国lefilleo丽菲欧胶原蛋白灌注面膜65g~~,153.3,丽菲欧胶原蛋白灌注面膜,丽菲欧,胶原蛋白,面膜,胶原面膜,补水+紧致+修复,¥153/65g,韩国,
【燕姿推荐】达肤妍B5面膜pro保湿舒缓修护强韧肌肤护肤,95.4,达肤妍B5舒缓修护面膜PRO,达肤妍,B5,面膜,B5面膜,保湿+舒缓+修护,¥95.4/盒,中国,
短视频【拍1发8】林清轩爆款面膜福利套组,39.9,林清轩山茶花修护面膜套组,林清轩,山茶花,面膜,山茶花面膜,修护+保湿,¥39.9/套,中国,
NUOWEIYA/诺维娅胶原蛋白多肽水晶发光面膜抗皱紧致提拉,9.9,诺维娅胶原蛋白多肽水晶发光面膜,诺维娅,胶原蛋白多肽,面膜,发光面膜,抗皱+紧致+提拉,¥9.9/片,中国,
韩国lefilleo丽菲欧色修奶皮肌源修护面膜65g~【正品】,99.0,丽菲欧肌源修护奶皮面膜,丽菲欧,肌源修护,面膜,色修奶皮面膜,修护+保湿+舒缓,¥99/65g,韩国,
丸美雪绒花纯净植萃面膜保湿水光补水mz,0.43,丸美雪绒花纯净植萃面膜,丸美,雪绒花纯净植萃,面膜,雪绒花面膜,保湿+补水+水光,¥0.43/片,中国,
【拍下到手20片/35片】PMPM白松露/玫瑰精华面膜补水补光水润清透,59.9,,,,,,,,,返回数据列数不正确
VEIRFOO DNA钠白番茄维生素C焕亮精华面膜套装YS2,217.48,VEIRFOO DNA钠白番茄维生素C焕亮精华面膜套装,VEIRFOO,DNA钠白番茄,面膜套装,番茄VC面膜,焕亮+抗氧化+补水,¥217.48/套,中国,
【三盒五盒囤】KISSMWAH维稳修护淡纹紧致滋养嫩肤面膜-30ml×5片,2.99,KISSMWAH维稳修护淡纹紧致滋养嫩肤面膜,KISSMWAH,,面膜,维稳面膜,修护+淡纹+紧致,¥2.99/5片,中国,
【官方直售】珀莱雅安肌透润睡眠面膜涂抹面膜补水面膜滋润保湿女,9.9,珀莱雅安肌透润睡眠面膜,珀莱雅,安肌透润,面膜,安肌面膜,补水+滋润+修护,¥9.9/50g,中国,
可复美焕能肌底修护面膜165g/盒  冰淇淋面膜 保湿修护  ZS,125.0,可复美焕能肌底修护面膜,可复美,焕能,面膜,冰淇淋面膜,保湿+修护,¥125/165g,中国,
【订婚宴伴手礼】（多拍多送）玻尿酸冻干粉亮肤补水保湿面膜男女养肤,1.0,,,,面膜,,补水+保湿,¥1.0/,,
米蓓尔第三代蓝绷带套组 焕颜修护保湿滋养涂抹面膜[DR],206.0,米蓓尔蓝绷带涂抹面膜,米蓓尔,蓝绷带,面膜,蓝绷带面膜,修护+保湿+滋养,¥206/110g,中国,
FSFA童颜胶原灌注面膜保湿深层补水细腻水润肌肤面膜,62.19,FSFA童颜胶原灌注面膜,FSFA,童颜胶原,面膜,胶原面膜,保湿+补水+细腻,¥62.19/片,中国,
迪丽梦露植物小颗粒海藻面膜250g清洁保湿提亮肤色温和补水,29.0,迪丽梦露植物小颗粒海藻面膜,迪丽梦露,植物小颗粒,面膜,海藻面膜,清洁+保湿+提亮,¥29/250g,中国,
【国妆美白 三盒五盒抢】肤研美白祛斑面膜（白天鹅）-01,1.83,肤研美白祛斑面膜,肤研,美白祛斑,面膜,白天鹅面膜,美白+祛斑+提亮,¥1.83/片,中国,
珍珠粉面膜超细微米级亮肤皙白,48.0,珍珠粉面膜超细微米级亮肤皙白,,,面膜,,亮肤+皙白,¥48/50ml,,
【会员试用】韩束红蛮腰细腻保湿柔嫩面膜3片试用体验装补水,79.0,韩束红蛮腰细腻保湿柔嫩面膜,韩束,红蛮腰,面膜,红蛮腰面膜,保湿+补水+柔嫩,¥79/3片,中国,
【数量有限 三盒五盒抓紧囤】Whsa玫瑰焕颜抗皱滋养精油面膜-HX,1.99,玫瑰焕颜抗皱滋养精油面膜,Whsa,,面膜,玫瑰面膜,焕颜+抗皱+滋养,¥1.99/片,中国,
森特莲马达加美白祛斑精华面膜10片x5盒 (赠1片) 提亮肤色淡斑,255.0,森特莲马达加美白祛斑精华面膜,森特莲,马达加,面膜,美白面膜,美白+祛斑+提亮,¥255/10片,韩国,
【粉丝福利三盒五盒囤】法国Disren抗皱提拉紧致黑白松露精油面膜LT,1.99,法国Disren抗皱提拉紧致黑白松露精油面膜,Disren,抗皱提拉紧致,面膜,黑白松露面膜,抗皱+提拉+紧致,¥1.99/片,法国,
可丽金胶原大膜王重组胶原蛋白 抗皱紧致 涂抹面膜,435.0,可丽金胶原大膜王重组胶原蛋白涂抹面膜,可丽金,胶原大膜王,面膜,胶原大膜王,抗皱+紧致+修护,¥435/50g,中国,
【到手4盒】阿古丽娅红茶酵母润泽面膜修护提亮去黄CQ,59.0,阿古丽娅红茶酵母润泽面膜,阿古丽娅,红茶酵母,面膜,红茶面膜,修护+提亮+去黄,¥59/4盒,中国,
（粉丝专享）玻尿酸冻干粉亮肤修护补水保湿面膜学生舒缓安肤,0.94,玻尿酸冻干粉亮肤修护补水保湿面膜,,,面膜,,补水+保湿+修护,¥0.94/片,,
【外秘体水光】熊宝院线外秘体细胞水光 嫩 紧 亮 打造透皮水光肌,266.04,熊宝院线外秘体细胞水光,熊宝,院线外秘体,精华,外秘体水光,嫩肤+紧致+提亮,¥266/50ml,中国,
欧诗漫发光面膜清洁美白保湿净透焕亮泥膜官方,69.0,欧诗漫珍珠净透焕亮泥膜,欧诗漫,珍珠,面膜,发光面膜,清洁+美白+保湿,¥69/100g,中国,
【徐艺洋推荐】rnw双色泥膜 深层清洁 去黑头清洁泥膜舒缓温和补水,69.0,RNW双色泥膜,RNW,,泥膜,双色泥膜,清洁+去黑头+补水,¥69/100g,韩国,
可复美焕能舒润柔肤水500ml/瓶+同款水50ml*2+水润贴5片/盒 保湿,153.0,可复美焕能舒润柔肤水,可复美,焕能,柔肤水,可复美大喷,舒缓+保湿+修护,¥153/500ml,中国,
【秒杀】三式油霜精华面膜植萃修护面膜解忧焕能面膜,99.0,三式解忧焕能面膜,三式,解忧焕能,面膜,油霜面膜,修护+焕能+植萃,¥99/片,中国,
【昕昕专属】DMCK白番茄美白抛光面膜面部美白提亮肤色抗皱改善细纹,198.0,DMCK白番茄美白抛光面膜,DMCK,白番茄,面膜,白番茄面膜,美白+提亮+抗皱,¥198/50ml,中国,
童颜纪VC高光提亮面膜温和敏感肌可用 实发20片+1片到手21片,39.9,童颜纪VC高光提亮面膜,童颜纪,VC高光,面膜,VC面膜,提亮+温和+补水,¥39.9/21片,中国,
【白细胞面膜】非凡颜皙颜紧致抚纹面膜D,34.97,非凡颜皙颜紧致抚纹面膜D,非凡颜,皙颜,面膜,白细胞面膜,紧致+抚纹+保湿,¥34.97/片,中国,
女神节福利（3片面膜+2袋次抛）,8.0,,,,,,,,,返回数据列数不正确
Tondi韩国免洗睡眠面膜补水舒缓夜间保湿亮白提亮熬夜涂抹冻膜,39.9,Tondi韩国免洗睡眠面膜,Tondi,,睡眠面膜,熬夜冻膜,补水+舒缓+亮白,¥39.9/100ml,韩国,
【高姿】水光保湿修护面膜28ml/片*10片*5盒,99.68,高姿水光保湿修护面膜,高姿,水光,面膜,高姿水光面膜,保湿+修护,¥99.68/280ml,中国,
【明星同款】胶原蛋白灌注发光面膜提亮肤色去黄抗氧化皱旗舰店正品,99.9,胶原蛋白灌注发光面膜,未知,,面膜,发光面膜,提亮+去黄+抗氧化,¥99.9/未知,未知,
【五片十片囤】致朵肤研美白祛斑面膜(田字款)-片装hy,1.0,致朵肤研美白祛斑面膜,致朵,肤研,面膜,田字款面膜,美白+祛斑,¥1/片,中国,
新芙尔佳祛痘修护-清痘补水保湿韦清洁雪熬夜熊果苷痘印修护面膜,49.9,新芙尔佳祛痘修护面膜,芙尔佳,祛痘修护,面膜,清痘面膜,祛痘+修护+补水,¥49.9/盒,中国,
【拍五发六 多屯多优惠】KISSMWAH玻色因胶原蛋白多效睡眠面膜,1.95,KISSMWAH玻色因胶原蛋白多效睡眠面膜,KISSMWAH,,睡眠面膜,玻色因面膜,补水+修护+紧致,¥1.95/瓶,中国,
【宠新款】徐楠楠蔻辰白细胞提拉保湿紧致面膜,9.9,蔻辰白细胞提拉保湿紧致面膜,蔻辰,白细胞,面膜,白细胞面膜,保湿+紧致+提拉,¥9.9/片,中国,
芮度麦角硫因紧致淡纹胶原灌注面膜RDHH020,97.41,芮度麦角硫因紧致淡纹胶原灌注面膜,芮度,RDHH020,面膜,麦角硫因面膜,紧致+淡纹+补水,¥97.41/片,中国,
【高端奢养】三重胶原 紧致弹润面膜100g,98.78,【高端奢养】三重胶原 紧致弹润面膜100g,未知,高端奢养,面膜,胶原面膜,紧致+弹润+补水,¥98.78/100g,未知,
可复美焕能肌底修护面膜165g/盒+水润贴5片/盒 保湿修护舒缓ZS,6.54,可复美焕能肌底修护面膜,可复美,焕能,面膜,可复美面膜,修护+保湿+舒缓,¥6.54/165g+5片,中国,
【3盒-正品】BKE红蜜红绷带v脸双下巴挂耳提拉紧致胶原嫩肤面膜,29.9,BKE红绷带v脸提拉紧致面膜,BKE,红蜜,面膜,红绷带面膜,提拉+紧致+嫩肤,¥29.9/3盒,中国,
佩蜜美白淡斑修护面膜25ml【拍一发十盒】共50片,29.9,佩蜜美白淡斑修护面膜,佩蜜,,面膜,美白面膜,美白+淡斑+修护,¥29.9/25ml,中国,
梵芙尼黑钻淡纹紧致抗皱面膜,1.0,梵芙尼黑钻淡纹紧致抗皱面膜,梵芙尼,黑钻,面膜,黑钻面膜,淡纹+紧致+抗皱,¥1.0/片,中国,
HEXKIN赫诗琴童颜胶原炮灌注面膜活性抗皱紧致保湿面膜（白色）,149.94,HEXKIN赫诗琴童颜胶原炮灌注面膜,HEXKIN赫诗琴,童颜胶原炮,面膜,胶原炮面膜,抗皱+紧致+保湿,¥149.94/片,中国,
英国GIMMOR急救星品双仓三抗蓝绷带刷酶水疗院线面膜提亮肤色HH,99.9,GIMMOR双仓三抗蓝绷带面膜,GIMMOR,急救星品,面膜,蓝绷带面膜,提亮+修护+急救,¥99.9/片,英国,
OSM欧诗漫惊喜盒子美白淡斑面膜组合装 -TYA,89.0,欧诗漫美白淡斑面膜组合装,欧诗漫,惊喜盒子,面膜,美白面膜,美白+淡斑,¥89/盒,中国,
【五大盒】苏小安妮美白祛斑面膜膏 养颜抗衰抗氧排黑抗黑,399.0,苏小安妮美白祛斑面膜膏,苏小安妮,,面膜膏,五大盒,美白+祛斑+抗衰,¥399/盒,中国,
【顺丰包邮】济仁堂积雪草修护补水保湿面膜紧致美颜提拉平替好物,89.9,济仁堂积雪草修护面膜,济仁堂,,面膜,积雪草面膜,修护+补水+保湿,¥89.9/盒,中国,
DMCK人皮胶原撕拉面膜胶原蛋白保湿抗皱紧致软膜 80g,1.0,DMCK人皮胶原撕拉面膜,DMCK,人皮胶原,面膜,胶原蛋白面膜,保湿+抗皱+紧致,¥1.0/80g,中国,
（第2盒0元）DDBSHIY胶原蛋白润肤面膜,49.0,胶原蛋白润肤面膜,DDBSHIY,,面膜,,保湿+滋养,¥49/盒,中国,
CANDORLOV彩多乐焕亮水煮蛋面膜保湿温和无刺激 70ml/支*3预售,189.0,彩多乐焕亮水煮蛋面膜,彩多乐,焕亮,面膜,水煮蛋面膜,保湿+焕亮+温和,¥63/70ml,中国,
款涂抹式睡眠面膜-备注编码,15.0,睡眠面膜,,,,,保湿+修护,¥15/瓶,,
【韦雪推荐】学会爱自己，让年龄成谜！胶原蛋白面膜-8,49.0,胶原蛋白面膜-8,,,面膜,,补水+紧致,¥49/盒,,
【会员试用】达肤妍B5面膜补水保湿修护强韧屏障舒缓护肤体验装2片,9.9,达肤妍B5舒缓修护面膜,达肤妍,B5,面膜,B5面膜,补水+修护+舒缓,¥9.9/2片,中国,
【达现】韩国进口Dr.alla白绷带三型重组胶原蛋白抗皱淡纹修护面膜,129.0,Dr.alla白绷带三型重组胶原蛋白抗皱淡纹修护面膜,Dr.alla,白绷带,面膜,白绷带面膜,抗皱+淡纹+修护,¥129/盒,韩国,
【三盒五盒囤优先发货】EUTURO冰美式紧致逆龄淡纹保湿冰面膜T,2.99,EUTURO冰美式紧致逆龄淡纹保湿冰面膜,EUTURO,冰美式,面膜,冰美式面膜,紧致+淡纹+保湿,¥2.99/片,中国,
【尤黛】K氧清洁白茶玫瑰泥膜面膜,99.9,尤黛K氧清洁白茶玫瑰泥膜,尤黛,K氧清洁,面膜,白茶玫瑰泥膜,清洁+抗氧化+保湿,¥99.9/瓶,中国,
【48小时内发货】Evologie进化论白月光睡眠面膜免洗涂抹式提亮保湿,98.0,进化论白月光睡眠面膜,Evologie,白月光,睡眠面膜,白月光面膜,提亮+保湿,¥98/50ml,中国,
【拍1发10】阿芙精油面膜玫瑰提亮补水保湿积雪草舒缓黑白松露养肤,19.9,阿芙精油面膜玫瑰提亮补水保湿,阿芙,精油面膜,面膜,玫瑰面膜,提亮+补水+保湿,¥19.9/片,中国,
超薄植萃面膜片女冻干粉精华植物面膜补水保湿高端美容院专用舒缓,39.0,超薄植萃冻干面膜,未知,,面膜,植萃面膜,补水+保湿+舒缓,¥39/盒,,
【三盒五盒囤货 优先发货】法国Disren抗皱提拉黑白松露精油面膜,1.99,Disren抗皱提拉黑白松露精油面膜,Disren,黑白松露,面膜,松露面膜,抗皱+提拉+滋养,¥1.99/片,法国,
【五片十片囤】Whsa玫瑰焕颜抗皱滋养精油面膜-片装-hy,0.99,Whsa玫瑰焕颜抗皱滋养精油面膜,Whsa,玫瑰焕颜,面膜,玫瑰面膜,抗皱+滋养+焕颜,¥0.99/片,中国,
【欧诗漫发光面膜】欧诗漫发光面膜清洁泥膜美白保湿控油,69.0,欧诗漫珍珠白净透润白面膜,欧诗漫,珍珠白,面膜,发光面膜,美白+保湿+控油,¥69/100g,中国,
【面膜组合款】徐海莉美白淡斑面膜*舒缓保湿面膜*沙棘果补水面膜,199.0,徐海莉美白淡斑面膜*舒缓保湿面膜*沙棘果补水面膜,徐海莉,,面膜组合,海莉面膜套装,美白+保湿+补水,¥199/套,中国,
【二小姐专属】SOSOLEE白桦树光感面膜+冬虫夏草面膜,99.0,,,,,,,,,返回数据列数不正确
【抗皱紧致】博雅兰迪草本生物发酵水光面膜人参根水提亮保湿舒敏,13.0,博雅兰迪人参生物发酵水光面膜,博雅兰迪,草本生物发酵,面膜,人参面膜,抗皱+紧致+保湿,¥13.0/片,中国,
【3.8妇女节】美颂集团美诗玫瑰童颜紧致淡纹软膜套盒补水保湿面膜,228.37,美诗玫瑰童颜紧致淡纹软膜套盒,美颂集团,玫瑰童颜,面膜,玫瑰软膜,紧致+淡纹+补水,¥228/套盒,中国,
【三盒五盒囤】微分子蛋白补水透亮面膜防水保湿户外,2.0,微分子蛋白补水透亮面膜,,,面膜,,补水+透亮+保湿,¥2.0/片,,
【官方特惠】高姿蜂巢水库面膜 补水保湿锁水水光修护贴片面膜[ZB],99.0,高姿蜂巢水库面膜,高姿,蜂巢水库,面膜,水库面膜,补水+保湿+修护,¥99/盒,中国,
LILIA 焕颜美白祛斑面膜 到手25片 美白补水淡斑,79.0,LILIA焕颜美白祛斑面膜,LILIA,焕颜,面膜,美白面膜,美白+补水+淡斑,¥79/25片,中国,
【升级版】苏小安妮美白祛斑面膜膏 养颜抗衰抗氧排黑抗黑,399.0,苏小安妮美白祛斑面膜膏,苏小安妮,,面膜膏,美白祛斑面膜,美白+祛斑+抗衰,¥399/瓶,中国,
欧诗漫珍珠澎澎焕采睡眠面膜-TYA,89.0,欧诗漫珍珠澎澎焕采睡眠面膜,欧诗漫,珍珠澎澎焕采,睡眠面膜,珍珠澎澎面膜,补水+焕亮+修护,¥89/100g,中国,
【董先生专享】Sudee韩国院线原装进口白绷带紧致修护面膜褪红舒缓,99.0,Sudee白绷带紧致修护面膜,Sudee,白绷带,面膜,白绷带面膜,紧致+修护+褪红,¥99/盒,韩国,
AUSLKA&三丽鸥Hello kitty联名款痘痘贴可爱轻薄轻肤舒缓温和痘贴,34.0,AUSLKA&三丽鸥Hello Kitty联名款痘痘贴,AUSLKA,三丽鸥Hello Kitty联名款,痘痘贴,Hello Kitty痘贴,舒缓+温和+隐形,¥34/盒,中国,
米加极光面膜抗光老化抗糖化抗氧化抗羰基化提亮改善肤色淡化黄气,99.0,米加极光抗光老面膜,米加,极光,面膜,极光面膜,抗光老化+抗氧化+提亮,¥99/片,中国,
荟悉雪绒花舒缓祛痘修护贴面膜补水保湿修护油痘肌敏感肌,59.9,荟悉雪绒花舒缓祛痘修护贴面膜,荟悉,雪绒花,面膜,雪绒花面膜,舒缓+祛痘+修护,¥59.9/盒,中国,
【春日护肤】谷雨面膜新一代奶皮保湿去黄提亮护肤官方正品SC14,64.5,谷雨奶皮面膜,谷雨,,面膜,奶皮面膜,保湿+去黄+提亮,¥64.5/盒,中国,
AMEDEE 白玉瓷娃娃碳酸炮面膜2.0大师款(20g+1片)*3组/盒*2,289.0,AMEDEE白玉瓷娃娃碳酸炮面膜2.0大师款,AMEDEE,白玉瓷娃娃,面膜,瓷娃娃面膜,清洁+亮肤+焕新,¥289/60g,日本,
【拍1发10】阿芙精油面膜玫瑰提亮补水保湿积雪草舒缓黑白松露嫩肤,69.0,阿芙精油面膜玫瑰提亮补水保湿,阿芙,精油面膜,面膜,玫瑰面膜,提亮+补水+保湿,¥69/10片,中国,
【伊能静同款】肌侣大师灌肤面膜紧致淡纹轮廓提升抗皱贵妇面膜预售,139.0,肌侣大师灌肤紧致淡纹面膜,肌侣,大师灌肤,面膜,贵妇面膜,紧致+淡纹+抗皱,¥139/50ml,中国,
韩韵朵罐装珍珠粉100g/瓶 舒缓靓肤正品保障超细珍珠粉微米级,26.9,韩韵朵珍珠舒缓靓肤粉,韩韵朵,,散粉,珍珠粉,舒缓+靓肤,¥26.9/100g,中国,
【会员试用】谷雨新一代奶皮月见仙人掌面膜套组补水保湿ZBSC,9.0,谷雨新一代奶皮月见仙人掌面膜,谷雨,奶皮月见仙人掌,面膜,奶皮面膜,补水+保湿,¥9.0/片,中国,
【小鱼海棠推荐】PMPM松露小白管涂抹面膜补水抗皱紧致提亮熬夜必备,99.9,PMPM松露小白管涂抹面膜,PMPM,松露,面膜,小白管,补水+抗皱+提亮,¥99.9/100g,中国,
【三盒五盒囤】致朵肤研美白祛斑面膜(田字款),2.76,致朵肤研美白祛斑面膜,致朵,肤研,面膜,田字款面膜,美白+祛斑,¥2.76/片,中国,
【娜娜甄选-3盒】BKE红密胶原面膜小V脸保湿补水挂耳式收紧双下巴,29.9,BKE红密胶原面膜,BKE,红密,面膜,小V脸面膜,保湿+补水+紧致,¥29.9/3盒,中国,
青羽萃小粒植物海藻胶原补水面膜清洁保湿润肤滋润海藻泥膜,29.0,青羽萃小粒植物海藻胶原补水面膜,青羽萃,小粒植物,面膜,海藻泥膜,补水+清洁+滋润,¥29/片,中国,
【达人专属】虾青素抛光植萃面膜抗皱紧致提亮肤色抗氧化舒缓,99.1,虾青素抛光植萃面膜,未知,,面膜,虾青素面膜,抗皱+提亮+抗氧化,¥99.1/片,,
【3单5单囤】雅逸兰虾青素黄金抗皱保湿面膜 TY BT PXX,20.0,雅诗兰黛特润修护肌透精华面膜,雅诗兰黛,特润修护,面膜,小棕瓶面膜,修护+保湿+抗皱,¥680/4片,美国,
玫瑰+黄金凝胶软膜保湿提亮紧致抗皱1kg+1kg护肤保湿面膜组合【GY】,169.0,玫瑰黄金凝胶软膜,暂无,暂无,面膜,黄金软膜,保湿+提亮+紧致,¥169/1kg,暂无,
珀莱雅藻睡面膜涂抹式补水免洗睡眠面膜滋润补水,9.94,珀莱雅藻睡面膜,珀莱雅,藻睡,面膜,藻睡面膜,补水+滋润+免洗,¥9.94/80g,中国,
羽素祛痘面膜无酸舒缓淡红控油修护补水大灯泡祛痘面膜囤货装温和,149.0,羽素大灯泡祛痘面膜,羽素,大灯泡,面膜,大灯泡面膜,祛痘+舒缓+控油,¥149/盒,中国,
黛安蒂黄金兰花紧颜焕亮面膜  D0645,95.36,黛珂黄金兰花紧颜焕亮面膜,黛珂,黄金兰花,面膜,兰花面膜,紧致+焕亮+保湿,¥95.36/片,日本,
【三盒五盒屯】仙蒂奈儿玻色因酵母淡纹紧致提拉面膜,2.0,仙蒂奈儿玻色因酵母淡纹紧致提拉面膜,仙蒂奈儿,,面膜,玻色因面膜,淡纹+紧致+提拉,¥2.0/盒,中国,
【KPC】三七抗皱紧致面膜26ml/片*5片/盒*3盒,99.92,KPC三七抗皱紧致面膜,KPC,,面膜,三七面膜,抗皱+紧致+保湿,¥99.92/26ml*15片,中国,
【韦雪推荐】学会爱自己，让年龄成谜！胶原蛋白面膜-8,49.0,胶原蛋白面膜-8,,,面膜,,补水+紧致,¥49/盒,,
VEIRFOO DNA钠白番茄维生素C焕亮精华面膜套装XH,218.43,VEIRFOO DNA钠白番茄维生素C焕亮精华面膜套装,VEIRFOO,DNA钠白番茄,面膜套装,番茄VC面膜,焕亮+抗氧化+补水,¥218/套,中国,
【特惠到手3支】番红花舒护面膜 退红舒缓敏感,10.83,番红花舒护面膜,,,面膜,,舒缓+敏感肌,¥10.83/支,,
【旗舰店专享】自然堂喜马拉雅植物面膜70+10片保湿补水冰川舒缓,153.5,自然堂喜马拉雅植物补水面膜,自然堂,喜马拉雅,面膜,冰川面膜,补水+舒缓+保湿,¥153.5/80片,中国,
韩国GIK水光精华面膜补水保湿熬夜胶原紧致修护21片*2袋 韩国进口,69.0,GIK水光精华面膜,GIK,水光精华,面膜,水光面膜,补水+保湿+修护,¥69/42片,韩国,
【粉丝福利】【5片10片屯的囤货】Whsa玫瑰焕颜抗皱滋养精油面膜,0.89,Whsa玫瑰焕颜抗皱滋养精油面膜,Whsa,玫瑰焕颜,面膜,玫瑰面膜,抗皱+滋养+焕颜,¥0.89/片,,
【颜安同款】悦芙媞多酸泥膜油皮毛孔去黑头面部清洁泥膜控油,84.0,悦芙媞多酸泥膜,悦芙媞,多酸,泥膜,颜安同款泥膜,清洁+控油+去黑头,¥84/50g,中国,
【拍五发六】【三盒五盒囤】Whsa红玫瑰多效抗皱焕肤精油面膜,1.67,红玫瑰多效抗皱焕肤精油面膜,Whsa,,面膜,玫瑰面膜,抗皱+焕肤+保湿,¥1.67/片,,
AOAZ密罗木植萃肌底冻干面膜,10.01,AOAZ密罗木植萃肌底冻干面膜,AOAZ,密罗木植萃,面膜,冻干面膜,修护+保湿+舒缓,¥10.01/片,中国,
【官方旗舰店】泉兮美白祛痘面膜（发二）涂抹式泥膜,29.9,泉兮美白祛痘面膜,泉兮,,面膜,美白泥膜,美白+祛痘+清洁,¥29.9/50g,中国,
尤黛肌底浸润舒缓面膜 维稳深层清洁急救提亮肤色补水保湿嫩肤,99.0,尤黛肌底浸润舒缓面膜,尤黛,肌底浸润,面膜,急救面膜,舒缓+补水+提亮,¥99/盒,中国,
【3单5单囤】KISSMWAH微分子蛋白补水透亮面膜,2.99,KISSMWAH微分子蛋白补水透亮面膜,KISSMWAH,微分子蛋白,面膜,补水透亮面膜,补水+透亮,¥2.99/片,中国,
【多拍多送】一元一片玻尿酸冻干粉亮肤面膜男女通用舒缓t,1.0,玻尿酸冻干粉亮肤面膜,,,面膜,,亮肤+舒缓,¥1/片,,
到手50片eiio水光面膜补水保湿紧致祛黄改善暗沉嫩肤淡纹修护温和,159.0,eiio水光面膜,eiio,,面膜,水光面膜,补水+保湿+修护,¥159/50片,韩国,
【拍五发六  五盒囤更划算】十七型重组胶原白细胞冻龄紧致面膜-M,1.94,重组胶原蛋白冻龄紧致面膜,十七型,,面膜,冻龄面膜,紧致+修护+抗老,¥1.94/片,中国,
【粉丝福利】美密玛小蜗牛精粹面膜-片装QQ,0.49,美密玛小蜗牛精粹面膜,美密玛,小蜗牛,面膜,小蜗牛面膜,保湿+修护,¥0.49/片,中国,
DARANCA/黛兰卡美白抗皱祛斑面膜 熬夜去黄紧致淡斑淡纹改善暗沉1,79.0,DARANCA/黛兰卡美白抗皱祛斑面膜,黛兰卡,,面膜,美白面膜,美白+抗皱+祛斑,¥79/1片,中国,
【院线刷酶】眼袋眼角下垂面部松弛皱纹紧致活性酶组合,658.0,院线刷酶活性酶组合,院线刷酶,,精华,刷酶组合,紧致+抗皱+提拉,¥658/30ml,中国,
YUYIM（急救解渴）小水库新生面膜,26.8,YUYIM急救解渴小水库新生面膜,YUYIM,小水库,面膜,急救面膜,补水+舒缓+修复,¥26.8/片,中国,
可复美焕能肌底修护面膜165g/盒 冰淇淋面膜 涂抹面膜 ZS,125.0,可复美焕能肌底修护面膜,可复美,焕能,面膜,冰淇淋面膜,修护+舒缓+保湿,¥125/165g,中国,
金蛇多效紧致精华类蛇毒肽面膜全脸抗皱紧致补水滋润涂抹免洗冻膜,39.0,金蛇多效紧致精华面膜,金蛇,,面膜,蛇毒面膜,紧致+抗皱+补水,¥39/50ml,中国,
黛莱皙国际研发胶原抗皱精华面膜霜换季美妆D649,99.0,黛莱皙胶原抗皱精华面膜霜,黛莱皙,国际研发,面霜,胶原霜,抗皱+保湿+修护,¥99/50ml,中国,
【五片十片囤】致朵肤研美白祛斑面膜,0.98,致朵肤研美白祛斑面膜,致朵,肤研,面膜,美白面膜,美白+祛斑+补水,¥0.98/片,中国,
【多拍多送】凯膜玻尿酸冻干粉亮肤补水面膜保湿面膜,0.83,凯膜玻尿酸冻干粉亮肤补水面膜,凯膜,,面膜,玻尿酸面膜,亮肤+补水+保湿,¥0.83/片,中国,
【希希野子官方3.8福利】官方正品苗圃赵雅芝美白祛斑睡眠面膜身体,69.0,苗圃美白祛斑睡眠面膜,苗圃,,睡眠面膜,,美白+祛斑,¥69/瓶,中国,
逆妆4.0升级款蚕丝面膜抗皱淡纹补水保湿紧致提亮肤色舒缓,168.0,逆妆4.0升级款蚕丝面膜,,,,,抗皱+补水+舒缓,¥168/盒,,
【院线刷酶】欧蒂莲眼袋眼角下垂面部松弛皱纹紧致活性酶组合,658.0,欧蒂莲活性酶紧致组合,欧蒂莲,院线刷酶,精华套组,刷酶组合,紧致+抗皱+提拉,¥658/套,中国,
视黄醇蛇毒肽黄金膜,99.9,视黄醇蛇毒肽黄金膜,,,面膜,黄金膜,抗皱+紧致+提亮,¥99.9/盒,,
碧春青珍珠粉【拍1发2】【拍2发5】,29.0,碧春青珍珠粉,碧春青,,珍珠粉,,美白+控油,¥29/50g,中国,
蜂蜜面膜熬夜急救涂抹式面膜50g/117g护理spa,89.0,蜂蜜滋养修护面膜,馥蕾诗,玫瑰润泽,面膜,蜂蜜面膜,滋养+修护+急救,¥89/50g,法国,
汀姿海生素胶原蛋白焕肤面膜,200.0,汀姿海生素胶原蛋白焕肤面膜,汀姿,海生素,面膜,胶原蛋白面膜,补水+焕肤+紧致,¥200/片,中国,
绿毛怪怪活性胶原抗皱紧致生物面膜  25g*3片 /盒,59.0,绿毛怪怪活性胶原抗皱紧致生物面膜,绿毛怪怪,,面膜,胶原面膜,抗皱+紧致+保湿,¥59/25g*3片,中国,
【组合】虾青素面膜熬夜急救舒缓修护补水提亮肌肽淡纹紧致,29.9,虾青素肌肽焕亮面膜,,,面膜,熬夜面膜,修护+提亮+紧致,¥29.9/片,,
童颜纪冷静舒缓湿敷棉片温和保湿角质护理面膜贴滋润,39.9,童颜纪冷静舒缓湿敷棉片,童颜纪,冷静舒缓,面膜贴,湿敷棉片,舒缓+保湿+修护,¥39.9/盒,中国,
【三盒包邮】日本幂芭美白祛斑抗皱面膜 实惠装5片轻薄透气浸润精华,19.0,幂芭美白祛斑抗皱面膜,幂芭,,面膜,幂芭面膜,美白+祛斑+抗皱,¥19/5片,日本,
泉意玻色因面膜1片+护肤品惊喜礼盒,99.0,泉意玻色因面膜1片+护肤品惊喜礼盒,泉意,,面膜,玻色因面膜,补水+修护,¥99/1片,中国,
【三八节日好物】FAN BEAUTY 黑云杉睡美人熬夜面膜,99.0,FAN BEAUTY黑云杉睡美人熬夜面膜,FAN BEAUTY,睡美人,面膜,熬夜面膜,修护+补水+提亮,¥99/50ml,中国,
SkinLane肌侣大师灌肤面膜紧致轮廓提升贵妇油乳膜提拉,22.41,SkinLane肌侣大师灌肤面膜,SkinLane,肌侣大师,面膜,贵妇油乳膜,紧致+提拉+轮廓提升,¥22.41/片,中国,
（拍1发3盒） 梦希蓝特护美白抗皱面膜提亮肤色祛斑保湿舒缓紧致,39.9,梦希蓝特护美白抗皱面膜,梦希蓝,特护,面膜,美白面膜,美白+抗皱+保湿,¥39.9/盒,中国,
达肤妍B5面膜Pro臻研保湿泛醇积雪草修护舒缓强韧屏障,178.21,达肤妍B5臻研保湿修护面膜,达肤妍,臻研,面膜,B5面膜,保湿+修护+舒缓,¥178/盒,中国,
【三盒五盒囤】Whsa灵芝孢子多肽赋活焕颜精油面膜-L,0.98,灵芝孢子多肽赋活焕颜精油面膜,Whsa,,面膜,,滋养+修护+焕颜,¥0.98/片,,
【五片十片囤】致朵玻色因御颜抗皱面膜【一片装】-yzb,0.99,致朵玻色因御颜抗皱面膜,致朵,御颜,面膜,抗皱面膜,抗皱+紧致+保湿,¥0.99/片,中国,
【氧化菊专属】潘达水光润泽精华面膜每片面膜都含一颗精华补水保湿,73.57,潘达水光润泽精华面膜,潘达,水光润泽,面膜,水光面膜,补水+保湿+提亮,¥73.57/片,中国,
【三妹专属】韩束蛮腰面膜大礼包,99.0,韩束蛮腰面膜礼盒,韩束,蛮腰,面膜,三妹面膜,补水+提亮+紧致,¥99/盒,中国,
泰国原装进口TSI一周面膜石墨烯烟酰胺提亮赋活面膜一片装RDHH007,9.99,泰国原装进口TSI一周面膜石墨烯烟酰胺提亮赋活面膜一片装,TSI,一周面膜,面膜,石墨烯面膜,提亮+赋活,¥9.99/片,泰国,
微米级珍珠粉提亮肤色养颜美容面膜清洁洁肤纯珍珠粉（绿瓶）,29.0,微米级珍珠粉提亮肤色养颜美容面膜,无,无,面膜,珍珠粉面膜,提亮+清洁+养颜,¥29/瓶,无,
达肤妍海葡萄沁润保湿面膜沁透补水保湿修护,954.0,达肤妍海葡萄沁润保湿面膜,达肤妍,海葡萄,面膜,海葡萄面膜,补水+保湿+修护,¥954/盒,中国,
【科技款】徐楠楠蔻辰DNA钠冻干面膜紧致抗皱冻干精华套,29.0,蔻辰DNA钠冻干面膜,蔻辰,DNA钠,面膜,DNA冻干面膜,紧致+抗皱+修护,¥29/盒,中国,
【仁汇优品Z】JOVISSE/洁薇丝玻色因角鲨烷抗皱淡纹水光面膜,99.0,JOVISSE玻色因角鲨烷抗皱淡纹水光面膜,JOVISSE,洁薇丝,面膜,玻色因面膜,抗皱+淡纹+保湿,¥99/盒,中国,
光感嫩肤焕颜茶膜,133.75,光感嫩肤焕颜茶膜,暂无品牌信息,,面膜,茶膜,焕肤+嫩肤+提亮,¥133.75/片,,
【春日护肤】FAN BEAUTY面膜保湿补水四款热卖组合装海葡萄芍药,292.0,FAN BEAUTY海葡萄凝水保湿面膜,FAN BEAUTY,海葡萄,面膜,海葡萄面膜,保湿+补水+修护,¥292/5片,中国,
人源化胶原蛋白贴 面膜,1.0,可复美人源化胶原蛋白敷料,可复美,人源化胶原蛋白,面膜,胶原蛋白贴,修护+舒缓+保湿,¥100/5片,中国,
绽妍JUYOU重组贻贝粘蛋白速修面膜舒缓,99.52,绽妍重组贻贝粘蛋白速修面膜,绽妍,JUYOU,面膜,贻贝面膜,修护+舒缓+保湿,¥99.52/盒,中国,
芮度麦角硫因紧致淡纹胶原灌注面膜RDHH020,98.72,芮度麦角硫因紧致淡纹胶原灌注面膜,芮度,RDHH020,面膜,麦角硫因面膜,紧致+淡纹+保湿,¥98.72/片,中国,
【拍五发六】Whsa生物发酵复合肽熬夜焕肤面膜,2.05,【拍五发六】Whsa生物发酵复合肽熬夜焕肤面膜,Whsa,,面膜,熬夜面膜,焕肤+修护,¥2.05/片,中国,
【畅快下单】欧诗漫珍珠澎澎焕采睡眠面膜75g-0323,89.0,欧诗漫珍珠澎澎焕采睡眠面膜,欧诗漫,珍珠澎澎,睡眠面膜,珍珠面膜,补水+焕采+修护,¥89/75g,中国,
【五片十片的囤】蜂壳羊胎素玻尿酸嫩颜面膜（新）,1.0,蜂壳羊胎素玻尿酸嫩颜面膜,,,面膜,,补水+嫩肤,¥1.0/片,,
[多拍多送]V玻尿酸冻干粉亮肤面膜男女通用保湿肌肤,1.0,V玻尿酸冻干粉亮肤面膜,,,面膜,,保湿+亮肤,¥1.0/,,
【现货现发】后酷虫草灵芝原浆抗皱睡眠面膜,10.0,酷虫草灵芝原浆抗皱睡眠面膜,后,虫草灵芝,睡眠面膜,虫草面膜,抗皱+滋养+修护,¥10/50ml,韩国,
【五大盒】苏小安妮美白祛斑面膜膏 养颜抗衰抗氧排黑抗黑,399.0,苏小安妮美白祛斑面膜膏,苏小安妮,,面膜膏,五大盒,美白+祛斑+抗衰,¥399/盒,中国,
【十个勤天专属-舒安】瑷尔博士益生菌面膜2.0香蕉积雪草面膜,163.0,瑷尔博士益生菌舒安修护面膜2.0,瑷尔博士,益生菌舒安,面膜,香蕉面膜,修护+舒缓+保湿,¥163/10片,中国,
【活性歧化酶】胶原紧致塑颜组合（保湿/抗皱/紧致）,41.78,活性歧化酶胶原紧致塑颜组合,,,,,保湿+抗皱+紧致,¥41.78,,
韩国lefilleo丽菲欧色修奶皮肌源修护面膜65g~【正品】,99.0,丽菲欧色修奶皮肌源修护面膜,丽菲欧,色修奶皮,面膜,奶皮面膜,修护+保湿+舒缓,¥99/65g,韩国,
英国HERBMODA赫珀德水晶番茄2.0熬夜提亮K氧K糖面膜,289.0,英国HERBMODA赫珀德水晶番茄2.0熬夜提亮K氧K糖面膜,HERBMODA,水晶番茄2.0,面膜,水晶番茄面膜,提亮+K氧+K糖,¥289/50ml,英国,
爆款升级  听研奢幻恒时抗皱乳霜面膜2.0 抗皱紧致 dsp,99.0,听研奢幻恒时抗皱乳霜面膜2.0,听研,奢幻恒时,面膜,抗皱乳霜面膜,抗皱+紧致+修护,¥99/50ml,中国,
【春敏美白首选】敷尔佳烟酰胺美白淡斑面膜淡斑色沉面部修护面膜,253.0,敷尔佳烟酰胺美白淡斑面膜,敷尔佳,烟酰胺,面膜,灯泡膜,美白+淡斑+修护,¥253/5片,中国,
兰嘉斯美白祛斑面膜去黄暗沉亮肤烟酰胺熬夜干皮功效型官方正品,99.17,兰嘉丝汀美白祛斑面膜,兰嘉丝汀,美白祛斑,面膜,美白面膜,美白+祛斑+提亮,¥99.17/50ml,摩纳哥,
【三盒五盒囤】Whsa灵芝孢子多肽赋活焕颜精油面膜-L,1.71,灵芝孢子多肽赋活焕颜精油面膜,Whsa,,面膜,,滋养+修护+焕颜,¥1.71/片,,
致朵鹿茸灵芝养肤面膜,79.0,致朵鹿茸灵芝养肤面膜,致朵,鹿茸灵芝,面膜,灵芝面膜,滋养+修护+保湿,¥79/片,中国,
【 BEYOANE】必扬玫瑰亮肤发酵面膜补水保湿紧致滋养玫瑰面膜,35.26,必扬玫瑰亮肤发酵面膜,BEYOANE,,面膜,玫瑰面膜,补水+保湿+亮肤,¥35.26/片,中国,
卡洛奥山茶植萃涂抹面膜补水保湿舒缓去黄提亮修复屏障,139.12,卡洛奥山茶植萃涂抹面膜,卡洛奥,山茶植萃,面膜,山茶面膜,补水+舒缓+修复,¥139/100ml,中国,
【拍5盒优先发货】【法国】Disren精粹黑白松露精油焕肤面膜T,1.93,Disren精粹黑白松露精油焕肤面膜,Disren,精粹,面膜,黑白松露面膜,焕肤+滋养+修护,¥1.93/片,法国,
无花果系列 - 赫艾迩赋活紧致胶原面膜（甜颜无花果）一盒5片,219.0,赫艾迩赋活紧致胶原面膜,赫艾迩,无花果系列,面膜,甜颜无花果面膜,紧致+赋活+胶原,¥219/5片,中国,
胶原灌注面膜AROCELL阿洛思尔韩国原装进口第三代外泌体熬夜面膜,199.0,胶原灌注面膜AROCELL阿洛思尔韩国原装进口第三代外泌体熬夜面膜,AROCELL阿洛思尔,第三代外泌体,面膜,熬夜面膜,补水+修护+提亮,¥199/盒,韩国,
贝诗佳冻干粉玻尿酸面膜补水保湿护肤水润亮肤水光焕亮滋养爽肤,39.0,贝诗佳冻干粉玻尿酸面膜,贝诗佳,冻干粉,面膜,水光面膜,补水+保湿+亮肤,¥39/盒,中国,
泰国原装进口TSI石墨烯烟酰胺提亮赋活一周水光面膜一片装RDHH007,9.94,TSI石墨烯烟酰胺提亮赋活一周水光面膜,TSI,,面膜,水光面膜,提亮+补水+焕肤,¥9.94/片,泰国,
【呗呗兔推荐】韩国CURENESS丘尔丽思清洁面膜150G+泡泡面膜100G~,198.0,CURENESS丘尔丽思清洁面膜,CURENESS,丘尔丽思,面膜,泡泡面膜,清洁+去角质+保湿,¥198/150g,韩国,
【格莲娜】胶原蛋白炮灌注补水面膜活性抗皱紧致保湿面膜熬夜嫩肤-9,49.0,格莲娜胶原蛋白炮灌注补水面膜,格莲娜,胶原蛋白炮,面膜,胶原蛋白面膜,补水+抗皱+紧致,¥49/盒,中国,
【ally专属】丽菲欧lefilleo白晶番茄外泌体涂抹面膜100g,98.33,lefilleo白晶番茄外泌体涂抹面膜,lefilleo,白晶番茄,面膜,番茄面膜,美白+补水+修护,¥98/100g,日本,
英国HERBMODA赫珀德水晶番茄2.0熬夜提亮K氧K糖面膜,344.0,英国HERBMODA赫珀德水晶番茄2.0熬夜提亮K氧K糖面膜,HERBMODA,水晶番茄2.0,面膜,水晶番茄面膜,提亮+抗氧化+抗糖化,¥344/50ml,英国,
【院线同款】胶原蛋白灌注面膜水光肌发光面膜提拉紧致补水胶原炮,398.0,【院线同款】胶原蛋白灌注面膜,未知,,面膜,胶原炮,提拉紧致+补水+水光肌,¥398/盒,未知,
魅弋·灵芝多肽补水紧致抗皱面膜保湿易吸收抚纹嫩肤透亮面膜细腻,69.0,魅弋灵芝多肽补水紧致抗皱面膜,魅弋,灵芝多肽,面膜,灵芝面膜,补水+紧致+抗皱,¥69/盒,中国,
【姐姐生日专属】雅邦白松露酵母精华面膜保湿养肤滋养,79.0,雅邦白松露酵母精华面膜,雅邦,白松露,面膜,白松露面膜,保湿+滋养+养肤,¥79/盒,中国,
颐莲保湿精华面膜1片,49.0,颐莲玻尿酸保湿精华面膜,颐莲,,面膜,玻尿酸面膜,保湿+补水+修护,¥49/1片,中国,
【韦雪推荐】学会爱自己，让年龄成谜！胶原蛋白面膜-8,89.0,胶原蛋白面膜-8,,,面膜,,补水+紧致,¥89/盒,,
【377美白抗皱】梦希蓝特护美白抗皱保湿面膜 抑制黑色素美白肌肤,39.9,梦希蓝377特护美白抗皱保湿面膜,梦希蓝,377特护,面膜,377面膜,美白+抗皱+保湿,¥39.9/片,中国,
【SensaV】敏飞保湿维稳面膜补水敏感肌熬夜修护屏障贴片面膜+ph乳,69.0,敏飞保湿维稳面膜,敏飞,SensaV,面膜,敏飞面膜,保湿+修护+舒缓,¥69/盒,中国,
耀美补水保湿美白淡斑面膜【拍一发十盒】50贴,29.0,耀美补水保湿美白淡斑面膜,耀美,,面膜,耀美面膜,补水+美白+淡斑,¥29/50贴,中国,
一叶子双修B5面膜20片补水保湿熬夜修护敏感肌舒缓泛红学生正品,39.0,一叶子双修B5面膜,一叶子,双修B5,面膜,B5面膜,补水+修护+舒缓,¥39/20片,中国,
KISSMWAH微分子蛋白补水透亮面膜防水保湿1,3.0,KISSMWAH微分子蛋白补水透亮面膜,KISSMWAH,,面膜,蛋白面膜,补水+保湿+透亮,¥3.0/片,,
【正品】紧致抗皱睡眠纹贴法令纹眼角细纹抬头纹面膜,79.0,抗皱睡眠面膜,空值,空值,面膜,法令纹贴,紧致+抗皱+淡纹,¥79/盒,空值,
【视频同款】羽素祛痘面膜无酸淡红舒缓控油修护油痘肌大灯泡面膜,69.0,羽素祛痘大灯泡面膜,羽素,无酸祛痘,面膜,大灯泡面膜,祛痘+舒缓+控油,¥69/盒,中国,
【新款升级】43片山茶花盈润补水保湿面膜滋润贴肤学生面膜植物医生,59.0,植物医生山茶花盈润补水保湿面膜,植物医生,山茶花,面膜,山茶花面膜,补水+保湿+滋润,¥59/43片,中国,
DMCK白番茄美白抛光面膜面部美白提亮肤色抗皱改善细纹精华面膜贴,99.79,DMCK白番茄美白抛光面膜,DMCK,白番茄,面膜,白番茄面膜,美白+提亮+抗皱,¥99.79/片,中国,
YESTAR艺星水光沁润玻尿酸功效型面膜K皱紧致水光肌5片/盒,8.28,YESTAR艺星水光沁润玻尿酸功效型面膜,YESTAR艺星,水光沁润,面膜,艺星玻尿酸面膜,补水+紧致+K皱,¥8.28/5片,中国,
【国内现货】KIEHL'S/科颜氏正品科颜氏白泥清洁面膜125ml 清洁 【h】,0.96,科颜氏亚马逊白泥净肤面膜,科颜氏,亚马逊白泥,面膜,白泥面膜,清洁+控油+收缩毛孔,¥315/125ml,美国,
【碧春青旗舰店】正品珍珠粉提亮肤色润肤养颜美容涂抹面膜微米级,29.0,珍珠面膜,碧春青,,面膜,珍珠粉面膜,提亮+润肤+养颜,¥29/瓶,中国,
泰国原装进口TSI面膜石墨烯烟酰胺提亮赋活保湿补水抗皱提拉润嫩T,9.9,泰国原装进口TSI面膜石墨烯烟酰胺提亮赋活保湿补水抗皱提拉润嫩T,TSI,,面膜,石墨烯面膜,提亮+保湿+抗皱,¥9.9/片,泰国,
【女神节福利，三盒五盒囤】玫瑰焕颜抗皱滋养精油面膜-BZ,1.9,玫瑰焕颜抗皱滋养精油面膜-BZ,,,,面膜,,¥1.9/片,,
【3单5单囤】雅逸兰虾青素黄金抗皱保湿面膜 TY BT,20.0,雅诗兰黛特润修护肌透精华面膜,雅诗兰黛,特润修护,面膜,小棕瓶面膜,修护+保湿+抗皱,¥680/4片,美国,
【颖儿推荐】佰草集新七白3.0升级美白透亮白泥面膜三明治敷法祛斑,149.0,佰草集新七白美白透亮面膜,佰草集,新七白,面膜,白泥面膜,美白+透亮+祛斑,¥149/100g,中国,
【三盒五盒囤】KISSMWAH冰美式双抗修护熬夜补水面膜,2.76,KISSMWAH冰美式双抗修护熬夜补水面膜,KISSMWAH,冰美式,面膜,冰美式面膜,修护+补水+抗氧化,¥2.76/片,中国,
【Yami专属】稀洛因水光童颜胶原灌注面膜面部美白抗皱水光面膜,199.0,稀洛因水光童颜胶原灌注面膜,Yami,稀洛因,面膜,童颜面膜,美白+抗皱+补水,¥199/盒,中国,
【京润珍珠】珍珠乳木果油润养唇膜8g*2,21.62,京润珍珠乳木果油润养唇膜,京润珍珠,珍珠乳木果油,唇膜,珍珠唇膜,滋润+修护+保湿,¥21.62/16g,中国,
【白瓷娃娃2.0】0毛孔 SZCO丹宜诗碳酸注氧面膜Co2亮肤焕白-预售,259.0,白瓷娃娃碳酸注氧面膜2.0,SZCO丹宜诗,白瓷娃娃,面膜,白瓷娃娃2.0,亮肤+焕白+清洁毛孔,¥259/50ml,中国,
eiio清洁泥膜第三代去黑头控油小鱼痞幼张予曦净肤舒缓收缩毛孔,69.0,eiio清洁泥膜第三代,eiio,,泥膜,小鱼泥膜,清洁+控油+收缩毛孔,¥69/50ml,韩国,
【焕变“水光肌”】朵澜400道尔顿透明质酸钠面膜,29.9,朵澜400道尔顿透明质酸钠面膜,朵澜,400道尔顿,面膜,水光肌面膜,补水+保湿+修护,¥29.9/片,中国,
【五片十片囤】Whsa玫瑰焕颜抗皱滋养精油面膜一片装HL,0.99,Whsa玫瑰焕颜抗皱滋养精油面膜,Whsa,玫瑰焕颜,面膜,玫瑰面膜,焕颜+抗皱+滋养,¥0.99/片,中国,
【拍1发5盒】377美白祛斑面膜密集补水抗皱紧致保湿提亮肤色舒缓,39.9,377美白祛斑面膜,城野医生,377,面膜,377面膜,美白+祛斑+补水,¥39.9/盒,日本,
【马帅专享】理肤泉B5面膜PRO 补水保湿b5修复面膜推荐修护舒缓4盒D,467.71,理肤泉B5修护面膜PRO,理肤泉,B5,面膜,B5面膜,修护+舒缓+保湿,¥467.71/4盒,法国,
CANDORLOV彩多乐焕亮水煮蛋面膜保湿温和无刺激 70ml/支*3,189.0,彩多乐焕亮水煮蛋面膜,CANDORLOV,彩多乐,面膜,水煮蛋面膜,焕亮+保湿+温和,¥63/70ml,中国,
【韦雪推荐】学会爱自己，让年龄成谜！胶原蛋白面膜-8,49.0,胶原蛋白补水面膜,,,面膜,,补水+保湿+紧致,¥49/8片,,
【38返场】珀莱雅双抗精华面膜2.0舒缓抗皱焕亮补水修护换季美妆,32.47,珀莱雅双抗精华面膜2.0,珀莱雅,双抗,面膜,双抗面膜,抗皱+焕亮+补水,¥32.47/片,中国,
【婚礼伴手礼F】 三单五单囤 凯膜玻尿酸冻干粉完肤面膜 水润滋润,1.0,凯膜玻尿酸冻干粉完肤面膜,凯膜,,面膜,冻干粉面膜,补水+修护,¥1.0/片,中国,
【五片十片囤】致朵蓝铜胜肽紧致亮颜面膜单片面膜,0.99,致朵蓝铜胜肽紧致亮颜面膜,致朵,蓝铜胜肽,面膜,蓝铜面膜,紧致+亮颜+修护,¥0.99/片,中国,
AIBI黑云杉ksr涂抹面膜spr小蓝罐arc修护舒缓提亮肤色抗氧化,109.0,AIBI黑云杉涂抹面膜,AIBI,黑云杉,面膜,小蓝罐,修护+舒缓+抗氧化,¥109/50ml,中国,
【白瓷娃娃2.0】 SZCO丹宜诗碳酸注氧面膜Co2亮肤焕白,19.83,SZCO碳酸注氧面膜,SZCO丹宜诗,碳酸注氧,面膜,白瓷娃娃2.0,亮肤+焕白+注氧,¥19.83/1片,中国,
理肤泉B5面膜PRO 补水保湿b5修复面膜推荐修护多效舒缓敏感肌2盒D,0.99,理肤泉B5多效修复面膜PRO,理肤泉,B5,面膜,B5面膜,修复+舒缓+保湿,¥0.99/2盒,法国,
【可哥专属】HEXKIN赫诗琴童颜胶原炮灌注面膜抗皱紧致保湿（白色）,150.92,HEXKIN赫诗琴童颜胶原炮灌注面膜,HEXKIN,童颜胶原炮,面膜,胶原炮面膜,抗皱+紧致+保湿,¥150.92/片,中国,
【多拍多送】一元一片玻尿酸冻干粉亮肤面膜男女通用舒缓t,30.0,玻尿酸冻干粉亮肤面膜,,,面膜,,亮肤+舒缓,¥30/片,,
【春日护肤】谷雨抗老面膜山参奶皮紧致塑颜双敷面膜护肤SC49,78.0,谷雨山参奶皮紧致塑颜双敷面膜,谷雨,山参奶皮,面膜,奶皮面膜,抗老+紧致+塑颜,¥78/盒,中国,
【院线款】徐楠楠楠姐蔻辰紧致浓缩精华面膜,29.0,蔻辰紧致浓缩精华面膜,蔻辰,紧致浓缩,面膜,楠姐面膜,紧致+浓缩+修护,¥29/片,中国,
唯奈斯玫瑰水光酵母面膜,99.85,唯奈斯玫瑰水光酵母面膜,唯奈斯,,面膜,玫瑰面膜,补水+提亮+舒缓,¥99.85/片,中国,
【粉丝福利三盒五盒囤】法国Disren抗皱提拉紧致黑白松露精油面膜,1.95,法国Disren抗皱提拉紧致黑白松露精油面膜,Disren,黑白松露,面膜,松露面膜,抗皱+提拉+紧致,¥1.95/片,法国,
AMEDEE 白玉瓷娃娃碳酸炮面膜+PLLA微球 艾*岚同款童颜水光面膜,199.0,AMEDEE白玉瓷娃娃碳酸炮面膜,AMEDEE,白玉瓷娃娃,面膜,童颜水光面膜,清洁+补水+提亮,¥199/盒,日本,
升级款【鸽子婚礼】多拍多送玻尿酸冻干粉亮肤补水保湿面膜男女通用,1.0,升级款【鸽子婚礼】多拍多送玻尿酸冻干粉亮肤补水保湿面膜男女通用,,,,,,¥1.0/,,
【胶原旗舰店正品】韩国lefilleo丽菲欧胶原蛋白灌注面膜65g,99.0,丽菲欧胶原蛋白灌注面膜,丽菲欧,,面膜,胶原面膜,补水+紧致+提亮,¥99/65g,韩国,
【京润珍珠】珍珠面膜提亮保湿舒缓补水舒缓面膜组合,59.0,京润珍珠珍珠面膜,京润珍珠,,面膜,珍珠面膜,提亮+保湿+舒缓,¥59/组合装,中国,
心动密语冰川凝水赋活心动盒子,59.0,心动密语冰川凝水赋活心动盒子,,,,,,¥59/盒,,
【春日市集】凌博士HA60面膜全分子量玻尿酸补水紧致舒缓面部护肤Z,132.0,凌博士HA60面膜,凌博士,HA60,面膜,HA60面膜,补水+紧致+舒缓,¥132/盒,中国,
【达人专享】毛戈平鱼子酱面膜10g涂抹保湿修护提亮紧致熬夜超值购,150.0,毛戈平鱼子酱面膜,毛戈平,鱼子酱,面膜,鱼子酱面膜,保湿+修护+提亮,¥150/10g,中国,
【旗舰店专属】韩国lefilleo丽菲欧胶原蛋白灌注面膜65g,199.0,丽菲欧胶原蛋白灌注面膜,丽菲欧,,面膜,胶原蛋白面膜,补水+紧致+滋养,¥199/65g,韩国,
【美白淡斑】敷尔佳烟酰胺美白淡斑面膜淡化斑点色沉面部,118.0,敷尔佳烟酰胺美白淡斑面膜,敷尔佳,,面膜,小白膜,美白+淡斑+提亮,¥118/5片,中国,
【立即抢购】科颜氏亚马逊白泥面膜深层清洁泥膜去黑头角质,341.8,科颜氏亚马逊白泥净致面膜,科颜氏,亚马逊白泥,面膜,白泥面膜,清洁+去黑头+控油,¥341/125ml,美国,
RAGRAY麦角硫因紧致淡纹胶原灌注面膜RDHH020,138.0,RAGRAY麦角硫因紧致淡纹胶原灌注面膜,RAGRAY,,面膜,麦角硫因面膜,紧致+淡纹+保湿,¥138/1片,韩国,
【会员派样】敷尔佳积雪草舒缓修护贴2片补水舒暖保湿敏感肌可用,19.8,敷尔佳积雪草舒缓修护贴,敷尔佳,积雪草,面膜,积雪草面膜,舒缓+修护+保湿,¥19.8/2片,中国,
【直播专场】韦雪同款韩国lefilleo丽菲欧胶原蛋白面膜灌注涂抹紧致,1.0,丽菲欧胶原蛋白灌注面膜,丽菲欧,胶原蛋白,面膜,韦雪同款面膜,紧致+保湿+抗老,¥1.0/片,韩国,
绿茶清洁泥膜去黑头深层清洁收缩毛孔控油学生正品学生党自发泡ii,4.99,绿茶清洁泥膜,无,无,泥膜,绿茶泥膜,清洁+控油+去黑头,¥4.99/50ml,无,
译龄水光复盈精华面膜提亮保湿改善暗沉抗皱精华面膜,36.0,译龄水光复盈精华面膜,译龄,水光复盈,面膜,水光面膜,提亮+保湿+抗皱,¥36/片,中国,
【阿纯专属】净芙哲学 积雪草深层修颜精华面膜,99.06,净芙哲学积雪草深层修颜精华面膜,净芙哲学,净芙哲学,面膜,积雪草面膜,修护+舒缓+补水,¥99.06/盒,中国,
【畅快下单】珀莱雅藻睡面膜涂抹式补水免洗睡眠面膜滋润补水sc,9.0,珀莱雅藻睡面膜,珀莱雅,藻睡,面膜,藻睡面膜,补水+滋润+免洗,¥9.0/支,中国,
【第二盒0元】DDBSHIY胶原蛋白润肤面膜补水保湿滋润面膜,59.0,DDBSHIY胶原蛋白润肤面膜,DDBSHIY,,面膜,胶原蛋白面膜,补水+保湿+滋润,¥59/盒,中国,
o.metoo冰美式熬夜紧致抗皱面膜30片装（魔女冰美式面膜）,19.0,o.metoo冰美式熬夜紧致抗皱面膜,o.metoo,,面膜,魔女冰美式面膜,紧致+抗皱+熬夜修护,¥19/30片,中国,
【搭搭专属】微晶精华100*2瓶＋微晶面膜100*2片,299.0,微晶精华,搭搭专属,微晶,精华,微晶精华,保湿+修护,¥299/100ml,中国,
【PMPM松露小白管&海茴香小蓝管&玫瑰小粉管】涂抹面膜控油嫩亮舒缓,59.9,,,,,,,,,返回数据列数不正确
【可丽金】胶原蛋白大膜王赋能紧致驻颜面膜,169.0,可丽金胶原蛋白赋能紧致驻颜面膜,可丽金,赋能紧致,面膜,大膜王,紧致+抗老+保湿,¥169/盒,中国,
【春日焕新】谷雨面膜白千松露清洁泥膜控油男女士护肤SC27,70.0,谷雨白千松露清洁泥膜,谷雨,白千,面膜,白千泥膜,清洁+控油,¥70/100g,中国,
【三盒五盒囤 优先发货】法国Disren抗皱提拉紧致松露精油面膜LT,1.99,法国Disren抗皱提拉紧致松露精油面膜,Disren,抗皱提拉紧致,面膜,松露面膜,抗皱+提拉+紧致,¥1.99/片,法国,
淡水珍珠粉嫩肤润滑提亮肤色滋养细腻清洁毛孔,48.0,珍珠粉嫩肤霜,,,面霜,珍珠霜,嫩肤+提亮+滋养,¥48/50g,中国,
神秘博士酸果酵萃焕颜涂抹泥膜  舒缓 清洁  【JN6】,88.0,神秘博士酸果酵萃焕颜涂抹泥膜,神秘博士,酸果酵萃,泥膜,酸果泥膜,舒缓+清洁,¥88/50ml,中国,
【仁汇优品Z】【到手五盒+8袋体验装】TJE三环肽熬夜柔养面膜,99.14,,,,面膜,,,¥99.14/盒,,
【仁汇优品Z】高姿蜂巢水库面膜补水保湿[DB],150.94,高姿蜂巢水库面膜,高姿,蜂巢水库,面膜,水库面膜,补水+保湿,¥150.94/盒,中国,
【拍八片发十片】两单优先发货 八月海棠鱼子酱深层补水保湿面膜,0.99,八月海棠鱼子酱深层补水保湿面膜,八月海棠,鱼子酱,面膜,鱼子酱面膜,补水+保湿,¥0.99/片,中国,
懒人精简护肤玫瑰红茶免洗面膜熬夜修护抗皱紧致补水保湿涂抹面膜,29.9,玫瑰红茶免洗睡眠面膜,暂无品牌信息,暂无产品线信息,面膜,懒人面膜,修护+抗皱+补水,¥29.9/50ml,暂无产地信息,
NyaKarlek麒麟竭熬夜达人面膜补水保湿,29.0,NyaKarlek麒麟竭熬夜达人面膜,NyaKarlek,麒麟竭,面膜,熬夜达人面膜,补水+保湿+修护,¥29/片,中国,
【升级版】苏小安妮美白祛斑面膜膏 养颜抗衰抗氧排黑抗黑,399.0,苏小安妮美白祛斑面膜膏,苏小安妮,,面膜膏,美白面膜,美白+祛斑+抗衰,¥399/50g,中国,
【院线刷酶】眼袋眼角下垂面部松弛皱纹紧致活性酶组合,658.0,院线刷酶活性酶组合,院线刷酶,,精华,刷酶组合,紧致+抗皱+提拉,¥658/30ml,中国,
【抢先试用】阿芙精油面膜玫瑰积雪草黑松露白松露补水保湿舒缓10片,19.0,阿芙精油面膜玫瑰积雪草黑松露白松露补水保湿舒缓10片,阿芙,,面膜,精油面膜,补水+保湿+舒缓,¥19/10片,中国,
正品微米级纯珍珠粉改善暗黄提亮肤色细腻光滑净化清洁毛孔拍2发6,29.0,,,,,,,,,返回数据列数不正确
【球球优选】EAORON澳容蜂胶面膜10ml*8颗/盒48小时发货,39.0,EAORON蜂胶胶囊面膜,EAORON,,面膜,蜂胶面膜,补水+滋养+修护,¥39/80ml,澳大利亚,
欧诗漫光洁净颜泥膜控油清洁祛痘去角质水杨酸温和面膜泥100g-TY,49.0,欧诗漫光感净透泥膜,欧诗漫,光感净透,面膜,小白泥,清洁+控油+祛痘,¥49/100g,中国,
【冲刺800万粉丝】3盒5盒的囤敷尔斯美白面膜补水保湿-3130,168.0,敷尔斯美白补水面膜,敷尔斯,,面膜,敷尔斯面膜,美白+补水,¥168/盒,中国,
【三盒五盒屯】致朵玻色因御颜抗皱面膜,2.0,致朵玻色因御颜抗皱面膜,致朵,御颜,面膜,抗皱面膜,抗皱+紧致+保湿,¥2.0/盒,中国,
【补水保湿】达肤妍海葡萄面膜补水保湿修护紧致弹嫩舒缓护肤,168.0,达肤妍海葡萄补水面膜,达肤妍,海葡萄,面膜,海葡萄面膜,补水+修护+舒缓,¥168/盒,中国,
【广东夫妇专属】理肤泉新B5多效密集保湿修护面膜 2盒（10片/盒）D,229.19,理肤泉B5多效密集保湿修护面膜,理肤泉,B5,面膜,B5面膜,修护+保湿+舒缓,¥229/20片,法国,
【五单五单囤 多拍优先发货】肤研美白祛斑面膜（白天鹅）,1.0,肤研美白祛斑面膜,肤研,,面膜,白天鹅面膜,美白+祛斑,¥1.0/片,中国,
【三盒五盒屯】肤研美白祛斑面膜（白天鹅）,1.99,肤研美白祛斑面膜,肤研,美白祛斑,面膜,白天鹅面膜,美白+祛斑+提亮,¥1.99/片,中国,
【三盒五盒的囤】水润微分子蛋白补水透亮面膜舒缓干燥保湿修护,2.0,水润微分子蛋白补水透亮面膜,无,无,面膜,无,补水+透亮+修护,¥2.0/片,无,
【全新美白】欧诗漫美白淡斑珍珠双膜组面膜3.0焕亮补水面膜商城SC,36.0,欧诗漫珍珠美白淡斑双膜组面膜3.0,欧诗漫,珍珠美白,面膜,珍珠双膜,美白+淡斑+补水,¥36/组,中国,
【黄子韬专属】Sudee韩国院线原装进口白绷带保湿修护面膜,99.75,Sudee白绷带保湿修护面膜,Sudee,白绷带,面膜,白绷带面膜,保湿+修护,¥99.75/盒,韩国,
唯奈斯玫瑰水光酵母面膜,6.19,唯奈斯玫瑰水光酵母面膜,唯奈斯,,面膜,玫瑰水光面膜,补水+提亮+舒缓,¥6.19/片,中国,
【官方保障】三精制药芍药舒缓精萃保湿面膜,99.8,三精制药芍药舒缓精萃保湿面膜,三精制药,芍药舒缓,面膜,芍药面膜,舒缓+保湿+修护,¥99.8/盒,中国,
【冲刺800万粉丝】3盒5盒的囤敷尔斯美白面膜补水保湿-3154-DB,168.0,敷尔佳美白修护面膜,敷尔佳,美白修护,面膜,敷尔佳白膜,美白+修护+保湿,¥168/盒,中国,
致朵鹿茸灵芝养肤面膜,79.0,致朵鹿茸灵芝养肤面膜,致朵,鹿茸灵芝,面膜,灵芝面膜,滋养+修护+焕亮,¥79/盒,中国,
英国HERBMODA赫珀德胶原炮灌注水光面膜轮廓固定,25.61,英国HERBMODA赫珀德胶原炮灌注水光面膜轮廓固定,HERBMODA,胶原炮,面膜,胶原炮面膜,补水+提亮+紧致,¥25.61/片,英国,
【好物推荐 三盒五盒囤】致朵肤研美白祛斑面膜（彩）,2.0,致朵肤研美白祛斑面膜,致朵,肤研,面膜,美白面膜,美白+祛斑+提亮,¥2.0/片,中国,
【新品上市-臻白肽】敷尔佳亮肤臻白面膜美白祛斑紧致提亮修护保湿,299.0,敷尔佳亮肤臻白面膜,敷尔佳,臻白肽,面膜,美白面膜,美白+祛斑+保湿,¥299/盒,中国,
金蛇逆龄精华水光面膜抗老紧致补水保湿涂抹面膜睡眠面膜熬夜脸Z,39.0,金蛇逆龄精华水光面膜,金蛇,逆龄,面膜,水光面膜,抗老+紧致+补水,¥39/50ml,中国,
【专属】宝玑米脱毛泥膏腋下比基尼不留黑男女舒缓温和香氛泥膜,49.0,宝玑米脱毛泥膏,宝玑米,专属,脱毛膏,脱毛泥膜,脱毛+舒缓+温和,¥49/50g,中国,
20袋 脸上痘痘痤疮医用重组胶原蛋白免洗膜皮炎湿疹痤疮修护清爽不黏腻免洗型凝胶 恒玉佳重组胶原蛋白医用皮肤修复凝胶,28.0,恒玉佳重组胶原蛋白医用皮肤修复凝胶,恒玉佳,重组胶原蛋白,凝胶,胶原蛋白凝胶,修护+祛痘+清爽,¥28/20袋,中国,
【向佐专属】EBG三因多肽抗皱紧致面膜熬夜补水保湿提拉抗衰老,99.0,EBG三因多肽抗皱紧致面膜,EBG,三因,面膜,向佐面膜,抗皱+紧致+补水,¥99/盒,中国,
【限定礼盒】法国佩尔赫乔融雪面膜50ml*2修护焕亮免洗睡眠面膜,878.0,佩尔赫乔融雪睡眠面膜礼盒,佩尔赫乔,,面膜,融雪面膜,修护+焕亮,¥878/50ml*2,法国,
【苏敏专属】珐露胶原蛋白紧肤晚安冻膜（26年2月到期）,39.0,珐露珊胶原蛋白紧肤晚安冻膜,珐露珊,,冻膜,晚安冻膜,紧致+补水+修护,¥39/50ml,中国,
【微米级【拍一发二】碧春青纯珍珠粉提亮肤色润肤养颜【拍二发五,29.0,碧春青纯珍珠粉,碧春,青纯,散粉,珍珠粉,提亮+润肤+养颜,¥29/10g,中国,
【孟子义同款】膜法世家黑金二裂酵母面膜抗皱淡纹弹润紧致焕亮补水,99.0,膜法世家黑金二裂酵母面膜,膜法世家,黑金,面膜,二裂酵母面膜,抗皱+补水+紧致,¥99/盒,中国,
毕生之研水杨酸冻膜5g试用装*2 清洁面膜祛痘去黑头DB,30.0,毕生之研水杨酸冻膜,毕生之研,,冻膜,水杨酸冻膜,清洁+祛痘+去黑头,¥30/5g,中国,
【三盒五盒囤货 优先发货】法国Disren白细胞抗皱紧致控油发光面膜,2.0,Disren白细胞抗皱紧致控油发光面膜,Disren,白细胞,面膜,发光面膜,抗皱+紧致+控油,¥2.0/片,法国,
【五片十片屯】致朵玻色因御颜抗皱面膜,0.99,致朵玻色因御颜抗皱面膜,致朵,御颜,面膜,五片十片屯,抗皱+紧致+保湿,¥0.99/片,中国,
【祛痘淡痘印】芙清祛痘面膜凉茶面膜补水保湿油痘肌控油修护舒缓,3.18,芙清祛痘功能性敷料,芙清,祛痘功能性敷料,面膜,凉茶面膜,祛痘+修护+控油,¥3.18/片,中国,
【董先生专享】肌肤未来八重玻尿酸面膜二代面霜护肤体验组合,2.17,肌肤未来八重玻尿酸面霜,肌肤未来,八重玻尿酸,面霜,玻尿酸面霜,保湿+修护+滋养,¥217/50g,中国,
致朵鹿茸灵芝养肤面膜,79.0,致朵鹿茸灵芝养肤面膜,致朵,鹿茸灵芝,面膜,灵芝面膜,滋养+修护+保湿,¥79/30ml,中国,
SEOMOU胶原抗皱额头纹贴淡化川字纹抬头纹【10片装】紧致提拉凝胶布,12.9,SEOMOU胶原抗皱额头纹贴,SEOMOU,,纹贴,抬头纹贴,抗皱+紧致+淡化细纹,¥12.9/10片,中国,
【女神必备加压提拉神器】红绷带V脸玫瑰紧致挂耳精雕功效面膜,22.9,赫莲娜红绷带V脸玫瑰紧致挂耳精雕面膜,赫莲娜,红绷带,面膜,V脸面膜,紧致+提拉+塑形,¥22.9/片,法国,
【韦雪推荐】学会爱自己，让年龄成谜！胶原蛋白面膜-8,89.0,胶原蛋白面膜-8,,,面膜,,补水+紧致,¥89/盒,,
【拍五发六】【多囤多优惠】Whsa生物发酵复合肽熬夜焕肤面膜,2.03,,,,面膜,,,¥2.03/片,,
【雪儿推荐】胶原蛋白灌注发光面膜提拉紧致抗皱去黄保湿抗氧化正品,19.0,胶原蛋白发光面膜,,,面膜,发光面膜,提拉紧致+抗皱+去黄,¥19/片,,
【婵润官旗】婵润胶原多肽冰膜贴单盒,9.0,婵润胶原多肽冰膜贴,婵润,胶原多肽,面膜贴,冰膜贴,补水+修护+紧致,¥9.0/盒,中国,
高子豪11美 | | 白 | |祛 | | 斑 | 草本精华 | 祛 | 斑 | 霜,69.0,草本祛斑霜,,,面霜,祛斑霜,美白+淡斑+草本,¥69/50ml,,
Disren赋活奢颜抗皱面膜,1.94,Disren赋活奢颜抗皱面膜,Disren,赋活奢颜,面膜,抗皱面膜,抗皱+修护+滋养,¥1.94/片,中国,
【孙怡同款】Liar莱尔水光多肽胶原蛋白面膜提拉紧致提亮水光肌亮肤,291.52,Liar莱尔水光多肽胶原蛋白面膜,Liar莱尔,水光多肽,面膜,水光面膜,提拉紧致+提亮+补水,¥291.52/盒,中国,
露丝年华十胜肽富勒烯冻干粉修护面膜,99.44,露丝年华十胜肽富勒烯冻干粉修护面膜,露丝年华,十胜肽,面膜,十胜肽面膜,修护+抗老+保湿,¥99.44/片,中国,
⭐膜术世家 玻色因提拉紧致胶原膜,9.0,膜术世家玻色因提拉紧致胶原膜,膜术世家,,面膜,玻色因面膜,提拉+紧致+抗老,¥9.0/片,中国,
安牧丹积雪草修复面膜晒后养护熬夜急救冰膜舒缓保湿,99.0,安牧丹积雪草修复面膜,安牧丹,积雪草,面膜,冰膜,修复+舒缓+保湿,¥99/盒,中国,
珀莱雅解渴面膜补水保湿舒缓肌肤干燥出游式轻盈修护学生党面膜,19.0,珀莱雅解渴面膜,珀莱雅,解渴,面膜,解渴面膜,补水+保湿+舒缓,¥19/支,中国,
【粉丝专属】到手30片 8D玻尿酸水光嫩肤面膜  深层补水 25ml,59.0,8D玻尿酸水光嫩肤面膜,,,面膜,水光面膜,补水+嫩肤,¥59/25ml,,
AFU/阿芙玫瑰黑白松露精油面膜焕颜水光保湿补水体验装深层组合款,19.9,阿芙玫瑰黑白松露精油面膜,阿芙,玫瑰黑白松露,面膜,黑白松露面膜,保湿+补水+焕颜,¥19.9/体验装,中国,
【三盒五盒囤】Whsa黑引力注氧抚纹紧致塑颜面膜,2.0,Whsa黑引力注氧抚纹紧致塑颜面膜,Whsa,黑引力,面膜,黑引力面膜,注氧+抚纹+紧致,¥2.0/盒,中国,
Cistto肤见卡粉膏面霜面膜 服帖妆前打底不卡粉70g,254.0,肤见卡粉膏面霜面膜,肤见,Cistto,面霜,卡粉膏,保湿+妆前打底+服帖,¥254/70g,中国,
COCO ELIANA-白松露黄金胶原蛋白晚安冻膜紧致抗皱M2,70.02,COCO ELIANA白松露黄金胶原蛋白晚安冻膜,COCO ELIANA,白松露黄金,冻膜,白松露冻膜,紧致+抗皱+修护,¥70.02/瓶,中国,
【韦雪推荐】学会爱自己，让年龄成谜！胶原蛋白面膜-8,49.0,胶原蛋白面膜-8,,,面膜,,补水+紧致,¥49/盒,,
花肌漾美白淡斑面膜补水提亮美白淡斑,39.0,花肌漾美白淡斑面膜,花肌漾,,面膜,美白面膜,美白+淡斑+补水,¥39/片,中国,
【小乔专属】韩束蛮腰面膜大礼包,11.72,韩束蛮腰面膜,韩束,蛮腰,面膜,小乔面膜,补水+提亮+紧致,¥11.72/片,中国,
【春日护肤】FAN BEAUTY全家福礼遇海葡萄面膜龙血芍药清洁泥膜,599.0,,,,,,,,,返回数据列数不正确
