﻿原始产品名,原始价格,产品全称,品牌,产品线,品类,昵称,功效,参考价格,品牌产地,error
【广电正品专属】377美白次抛精华液提亮改善暗沉肤色痘印补水淡斑,1.69,377美白次抛精华液,暂无,暂无,精华液,377次抛,美白+提亮+淡斑,¥1.69/支,暂无,
【修改中请勿购买】韩束亮白棒白蛮腰次抛精华液美白提亮,99.0,韩束亮白棒白蛮腰次抛精华液,韩束,亮白棒,精华液,白蛮腰,美白+提亮+淡斑,¥99/30ml,中国,
青春痘黑头闭口粉刺丽可植小绿瓶祛痘精华液控油淡化痘印学生男女,69.0,丽可植祛痘精华液,丽可植,小绿瓶,精华液,小绿瓶,祛痘+控油+淡化痘印,¥69/30ml,中国,
黛莱皙瑞士研发玻尿酸紧致次抛精华蜜D715,167.0,黛莱皙瑞士研发玻尿酸紧致次抛精华蜜D715,黛莱皙,瑞士研发,精华,玻尿酸次抛,保湿+紧致+抗皱,¥167/30ml,中国,
【细胞层紧致】细胞紧致  药用层孔菌紧致液（抗皱/紧致/滋润/精粹),80.47,药用层孔菌紧致液,无,无,精华液,细胞紧致液,抗皱+紧致+滋润,¥80/30ml,无,
白云山【母亲节特惠】重组胶原蛋白紧致弹润精华液提拉抗老唤醒肌肤,79.0,白云山重组胶原蛋白紧致弹润精华液,白云山,重组胶原蛋白,精华液,胶原蛋白精华,紧致+抗老+弹润,¥79/30ml,中国,
【美颂生物】宋潇正品活细胞水精粹细胞液补水保湿抗皱紧致精华液,149.84,【美颂生物】宋潇正品活细胞水精粹细胞液补水保湿抗皱紧致精华液,美颂生物,宋潇,精华液,活细胞精华液,补水+保湿+抗皱,¥149.84/30ml,中国,
明星活细胞肌活冻龄液 高阶版（深层抗皱/抗老/紧致）青春支架,42.33,La Prairie活细胞肌活冻龄液高阶版,La Prairie,活细胞,精华,青春支架,抗皱+抗老+紧致,¥42.33/1ml,瑞士,
度赫迪白桦树传明酸光采透靓精华液,399.0,度赫迪白桦树传明酸光采透靓精华液,度赫迪,白桦树,精华液,白桦树精华,美白+提亮+淡斑,¥399/30ml,韩国,
【林涵专属】妮维雅630美白精华+630防晒套装焕白淡斑提亮套装,239.0,妮维雅630美白精华+630防晒套装,妮维雅,630,精华+防晒套装,630美白防晒套装,美白+防晒+淡斑,¥239/套,德国,
BIOHYALUX/润百颜白纱布屏障修护次抛3.0版 舒缓 1.3ml*30支【DB】,246.88,润百颜白纱布屏障修护次抛精华液3.0,润百颜,白纱布,精华液,白纱布次抛,修护+舒缓+屏障,¥246.88/39ml,中国,
梵芙尼拾伍大婚 活细胞胶原精华液,29.0,梵芙尼拾伍大婚活细胞胶原精华液,梵芙尼,拾伍大婚,精华液,活细胞精华,保湿+修护+抗皱,¥29/30ml,中国,
【阿都k专属】EBG377美白安瓶精华液烟酰胺VC淡斑抗氧化提亮去黄,99.79,EBG377美白安瓶精华液,EBG,,精华液,377安瓶,美白+抗氧化+淡斑,¥99.79/30ml,中国,
【细胞加速剂】兰皇后胶原肌活淡纹次抛精华液1(深度抗衰/深度抗老),139.0,兰皇后胶原肌活淡纹次抛精华液,兰皇后,胶原肌活,精华液,细胞加速剂,抗衰+抗老+淡纹,¥139/1ml,中国,
【美颂生物】宋潇正品美诗凝润美白377白金版祛斑精华油润白精华,209.47,美诗凝润美白377白金版精华,美颂生物,美诗凝润美白377,精华,377白金精华,美白+祛斑+提亮,¥209/30ml,中国,
【青春痘闭口粉刺】丽可植小绿瓶祛痘精华液水杨酸控油痘肌淡化红印,69.0,丽可植小绿瓶祛痘精华液,丽可植,小绿瓶,精华液,小绿瓶,祛痘+控油+淡化红印,¥69/30ml,中国,
焕颜精华液美白祛斑焕现肌肤光感,39.0,光感小白瓶焕颜精华液,OLAY,光感小白瓶,精华液,小白瓶,美白+祛斑+提亮,¥39/30ml,美国,
【美白小金珠】美白精华液,9.92,美白小金珠精华液,OLAY,光感小白瓶,精华液,小白瓶,美白+提亮+淡斑,¥9.92/30ml,美国,
【主播补贴】三型胶原蛋白复合营养液抗皱紧致淡纹,99.0,三型胶原蛋白复合营养液,无,无,精华液,胶原蛋白精华,抗皱+紧致+淡纹,¥99/30ml,无,
【十四维紧缩原液】CTAA胶原蛋白膏➕蛋白液,10.0,十四维紧缩原液,CTAA,十四维,原液,紧缩原液,紧致+修护+保湿,¥10.0/瓶,中国,
【绿巨人】珠后羊胎素奢宠细胞浓缩液,25.0,珠后羊胎素奢宠细胞浓缩液,珠后,奢宠,精华液,绿巨人,抗老+修护+滋养,¥25/30ml,中国,
绿色农场富勒烯胎盘素精华液36粒 抗皱紧致补水保湿护肤精华油,38.0,绿色农场富勒烯胎盘素精华液,绿色农场,,精华液,富勒烯精华,抗皱+紧致+保湿,¥38/36粒,中国,
【童颜扎】S级 细胞胶原悬油能量液 （ 淡纹/紧致/原液）,29.78,童颜扎S级细胞胶原悬油能量液,童颜扎,S级,原液,胶原悬油,淡纹+紧致+修护,¥29.78/30ml,中国,
【专柜正品】水光祛斑精华 NTD肤研美白祛斑精华液神器10ml一支,19.9,NTD水光祛斑精华,NTD,水光,精华,祛斑神器,美白+祛斑+提亮,¥19.9/10ml,中国,
B 美白保湿精华液净含量1.5ml*28支到27/9 H4155 C146,39.0,B 美白保湿精华液,The Ordinary,无,精华液,B精华,美白+保湿,¥39/1.5ml*28支,加拿大,
【三单五单囤 顶奢版幼态露】熙雅臻粹精华露饱满弹/补水/淡化细纹,15.0,熙雅臻粹精华露,熙雅,臻粹,精华露,幼态露,饱满弹+补水+淡化细纹,¥15/15ml,中国,
【油中皇后-加速效果】植由美ZHIYOUMEI白细胞特护前导抗皱油,299.0,植由美白细胞特护前导抗皱油,植由美,白细胞特护,精华油,油中皇后,抗皱+修护+滋养,¥299/30ml,中国,
【三单五单囤-还幼精华】SKIT羊胎素提拉支架细胞还幼精华液,17.0,SKIT羊胎素提拉支架细胞还幼精华液,SKIT,还幼,精华,还幼精华,提拉+抗老+修复,¥17.0/50ml,中国,
【豆腐扎】国妆特字   美白祛斑水光乳,27.69,豆腐扎美白祛斑水光乳,豆腐扎,,乳液,美白乳,美白+祛斑+保湿,¥27.69/50ml,中国,
【细胞+缺端胶原】小分子＜1500道尔顿 细胞紧致提拉精粹液,44.4,细胞紧致提拉精粹液,,,精华液,,紧致+提拉+抗老,¥44.4/,,
CHATEAU VERT虾青素VC双抗焕亮次抛精华,199.0,CHATEAU VERT虾青素VC双抗焕亮次抛精华,CHATEAU VERT,双抗,精华,双抗精华,抗氧化+提亮,¥199/30ml,中国,
「夏季推荐」芈茵美精华液,16.93,芈茵美精华液,芈茵美,,精华液,,补水+保湿+提亮,¥16.93/瓶,中国,
次抛30支 秘物集 水感肌美白祛斑抗皱养肤精华液 1.8ml×30支,43.0,秘物集水感肌美白祛斑抗皱养肤精华液,秘物集,水感肌,精华液,次抛精华,美白+祛斑+抗皱,¥43/54ml,中国,
【日用】必扬烟酰胺国妆美白淡斑精华面部精华液亮白保湿精粹,159.44,必扬烟酰胺国妆美白淡斑精华液,必扬,无,精华液,烟酰胺小白瓶,美白+淡斑+保湿,¥159.44/30ml,中国,
【会员试用】二代胶原小金针2支 | 修护淡纹重组胶原次抛精华液#,9.0,可丽金胶原大魔王小金针,可丽金,胶原大魔王,精华液,小金针,修护+淡纹+抗老,¥9/2支,中国,
【点阵激活项目】ZHUHOU珠后胶肽微分子精华液,35.0,珠后胶肽微分子精华液,ZHUHOU珠后,胶肽微分子,精华液,点阵激活精华,修复+抗老+保湿,¥35/30ml,中国,
John Jeff7%维C精华液抗氧化提亮肤色改善暗沉细滑肌肤原型VC姐夫,29.0,John Jeff7%维C精华液,John Jeff,,精华液,姐夫精华,抗氧化+提亮肤色+改善暗沉,¥29/30ml,中国,
577烟酰胺熊果苷美白祛斑液 焕颜补水保湿精华液去黄提亮面部精华,20.0,577烟酰胺熊果苷美白祛斑液,The Ordinary,,精华液,美白精华,美白+祛斑+保湿,¥20/30ml,加拿大,
【新品上市】悦芙媞修红精华2.0舒缓温和控油改善泛红祛痘敏感肌zb,189.0,悦芙媞修红精华2.0,悦芙媞,修红,精华,修红精华,舒缓+修红+控油,¥189/30ml,中国,
【6*8/50粒】富勒烯胎盘素补水保湿抗皱嫩白精华液小鸡腿收缩毛孔润,4.0,富勒烯胎盘素精华液,,,精华液,小鸡腿精华,补水+抗皱+嫩白,¥4.0/50粒,,
活细胞重组胶泡精华原液 拍5发7,9.0,活细胞重组胶泡精华原液,,,,,,¥9.0/,,
8D玻色因抗皱K老双抗次抛精华液 淡化细纹 提拉紧致02,99.0,8D玻色因抗皱K老双抗次抛精华液,8D,,精华液,双抗精华,抗皱+紧致+淡纹,¥99/30ml,中国,
【母亲节礼物】自然堂小紫瓶精华第六代喜默因抗疲老精华紧致爆款,59.57,自然堂小紫瓶精华第六代,自然堂,喜默因,精华,小紫瓶,抗老+紧致+修护,¥59.57/50ml,中国,
【官方正品】温博士B5精华水细毛孔控油提亮维稳屏障换季补水,49.9,温博士B5精华水,温博士,B5,精华水,B5精华水,控油+提亮+维稳,¥49.9/50ml,中国,
【蛇毒】以绿蛇毒肽营养精华液,2400.0,蛇毒肽赋活精华液,Dr.Jart+,Cicapair,精华液,绿蛇毒精华,修护+舒缓+抗老,¥2400/30ml,韩国,
[现货]美白淡斑素颜扎 Medicube美蒂秋芙PDRN微晶安瓶2000+7500_s,59.9,Medicube PDRN微晶安瓶精华,Medicube,PDRN,精华,微晶安瓶,美白+淡斑+修复,¥59.9/30ml,韩国,
【美白】韩束377美白抚纹次抛精华液逆袭冷白皮春夏出游便携,99.0,韩束377美白抚纹次抛精华液,韩束,377,精华液,377次抛,美白+淡纹+提亮,¥99/30ml,中国,
【填充液】KONGBERSI港贝诗紧致抚纹提升套盒,299.0,港贝诗紧致抚纹填充液,KONGBERSI,紧致抚纹,填充液,港贝诗填充液,紧致+抚纹+提升,¥299/套盒,中国,
AOCOSKIN澳珂肤胶原刀精华液驻颜赋活抗皱保湿舒缓修护cc,179.0,澳珂肤胶原刀精华液,澳珂肤,胶原刀,精华液,胶原刀精华,抗皱+保湿+修护,¥179/30ml,中国,
【央妈推荐】虾青素次抛精华液面部抗皱抗氧化紧致去黄男女官方正品,28.8,虾青素次抛精华液,未知,,精华液,虾青素次抛,抗皱+抗氧化+紧致,¥28.8/30ml,中国,
【易烊千玺同款】珀莱雅早C晚A组合美白舒缓抗皱紧致双抗红宝石精华,11.56,珀莱雅双抗精华+红宝石精华组合,珀莱雅,双抗+红宝石,精华,早C晚A,美白+抗皱+舒缓,¥11.56/套,中国,
【水蛭素】水蛭素分子回春液,19.9,水蛭素分子回春液,,,精华液,水蛭素精华,修复+抗老,¥19.9/30ml,,
【幼态肌底油】羊胎素多重细胞抚纹眼脸油,13.0,幼态肌底油,无,无,精华油,羊胎素眼脸油,抚纹+滋养+紧致,¥13.0/瓶,无,
科诗影臻肽维C双抗精华液紧致抗皱抗衰老vc提亮去黄改善暗沉肤色,220.0,科诗影臻肽维C双抗精华液,科诗影,臻肽,精华液,双抗精华,抗老+提亮+紧致,¥220/30ml,中国,
【徐璐同款推荐】LAN兰气泡油出游嫩肤修护舒缓保湿精华油熬夜,70.66,LAN兰气泡油,LAN兰,气泡油,精华油,气泡油,修护+保湿+舒缓,¥70.66/30ml,中国,
577精华液美白祛斑次抛精华补水保湿精华液祛黄提亮改善暗沉肤色,1.99,577精华液美白祛斑次抛精华,暂无,暂无,精华液,577精华,美白+祛斑+补水,¥1.99/支,暂无,
【朴奈恩专属】雅邦熊果苷亮肌美白精华液【新包装】,99.0,雅邦熊果苷亮肌美白精华液,雅邦,熊果苷,精华液,熊果苷精华,美白+提亮+淡斑,¥99/30ml,中国,
【冬雪推荐】蝶丽微雅灵芝冻龄水a,1999.0,蝶丽微雅灵芝冻龄水,蝶丽微雅,灵芝冻龄,化妆水,灵芝水,保湿+抗老+修护,¥1999/150ml,中国,
兰亭LANTERN玻色因玻尿酸奢养精华液保湿通用,39.0,兰亭玻色因玻尿酸奢养精华液,兰亭,玻色因玻尿酸,精华液,玻尿酸精华,保湿+修护+滋养,¥39/30ml,中国,
童颜胶原炮灌注面膜身体精华保湿嫩肤焕亮肌肤活性抗皱紧致,49.9,胶原炮灌注面膜,未知,未知,面膜,胶原炮面膜,保湿+抗皱+焕亮,¥49.9/片,未知,
白白片NMNOR白番茄精华片30片/盒提亮焕白嫩肤换颜透亮净白褪黑,88.0,白白片NMNOR白番茄精华片,,,,,提亮+焕白+嫩肤,¥88/30片,,
【娇润泉】二裂酵母抗皱紧致淡纹次抛精华液润泽肌肤拍1发4到手45支,89.0,娇润泉二裂酵母抗皱紧致淡纹次抛精华液,娇润泉,二裂酵母,精华液,二裂酵母次抛,抗皱+紧致+淡纹,¥89/45支,中国,
【幼态因子】苹果细胞活胶原紧塑抚纹浓缩液,98.0,幼态因子苹果细胞活胶原紧塑抚纹浓缩液,幼态因子,,精华,苹果胶原精华,紧致+抚纹+抗老,¥98/30ml,中国,
【柏兰梦品牌】轮廓液 玻色因胶原蛋白胶原棒紧致淡纹补水精华,9.0,柏兰梦轮廓液精华,柏兰梦,,精华,胶原棒,紧致+淡纹+补水,¥9.0/30ml,中国,
薇诺娜修白瓶1.5ml*30 敏肌边修屏障边美白 DB xh0506,398.0,薇诺娜光透皙白淡斑精华液,薇诺娜,光透皙白,精华,修白瓶,美白+淡斑+修护,¥398/45ml,中国,
玛嘉思缇时光密藏新赋活油珠精华面部抗皱保湿精华液,2.83,玛嘉思缇时光密藏新赋活油珠精华,玛嘉思缇,时光密藏,精华液,油珠精华,抗皱+保湿+修护,¥2.83/30ml,日本,
法国HS美白祛斑抗皱精华液 精华乳组合,69.0,法国HS美白祛斑抗皱精华液,法国HS,,精华液,HS美白精华,美白+祛斑+抗皱,¥69/30ml,法国,
【菜菜子专属】溶斑发光液E,399.0,溶斑发光液E,菜菜子,,精华,发光液,美白+淡斑+提亮,¥399/30ml,中国,
【活动3单5单囤】577+377烟酰胺美白次抛精华祛斑提亮补水精华液,1.99,577+377烟酰胺美白次抛精华,暂无,暂无,精华液,暂无,美白+祛斑+提亮,¥1.99/支,暂无,
【拍一发三（到手3盒）】专研祛痘次抛精华液温和悦卿肌语次抛精华,69.0,悦卿肌语专研祛痘次抛精华液,悦卿肌语,专研祛痘,精华液,祛痘次抛,祛痘+温和,¥69/3盒,中国,
【伍月专属】英菲雅诗贵妇DNA钠妇时空胶囊精华油,59.0,英菲雅诗DNA时空胶囊精华油,英菲雅诗,DNA,精华油,贵妇胶囊,修护+抗老+滋养,¥59/30ml,中国,
【进口原料】577美白抗皱多能精华水五效合一 抗皱·美白·祛斑·紧致,20.0,577美白抗皱多能精华水,,,精华水,,美白+抗皱+祛斑,¥20/瓶,,
西班牙ISSEIMI MADRID伊瑟蜜紧致超提素精华5ml*5,689.0,ISSEIMI MADRID紧致超提素精华,ISSEIMI MADRID,紧致超提素,精华,伊瑟蜜精华,紧致+提拉+抗老,¥689/25ml,西班牙,
普纤娜美白祛斑精华液（黑瓶）,13.0,普纤娜美白祛斑精华液,普纤娜,,精华液,黑瓶,美白+祛斑,¥13.0/30ml,中国,
【胡杏儿同款】丸美小金针超级面膜50g胶原直补抗皱淡纹滋润修护SC#,5.99,丸美小金针胶原蛋白面膜,丸美,小金针,面膜,小金针面膜,抗皱+淡纹+修护,¥5.99/50g,中国,
The Ordinary【控油收毛孔】10%烟酰胺+1%锌提亮肤色淡痘印精华30ml,59.0,The Ordinary 10%烟酰胺+1%锌精华,The Ordinary,Niacinamide,精华,烟酰胺精华,控油+提亮+淡痘印,¥59/30ml,加拿大,
RX维c雪肌凝润精华液,19.0,RX维c雪肌凝润精华液,未知,未知,精华液,未知,美白+抗氧化+保湿,¥19.0/未知,未知,
【视黄醇】 黄金鱼子  雪颜祛斑液（祛斑/美白）,2.99,,,,,,,,,返回数据列数不正确
【宠粉活动】届美氏四维双因抗皱填充次抛精华液紧致提拉淡纹细致,99.0,届美氏四维双因抗皱填充次抛精华液,届美氏,四维双因,精华液,抗皱次抛,抗皱+紧致+淡纹,¥99/30ml,中国,
【尊享版-童颜喷】兰皇后纯胶原蛋白童颜喷雾红,99.0,兰皇后纯胶原蛋白童颜喷雾尊享版,兰皇后,纯胶原蛋白,喷雾,童颜喷,补水+紧致+提亮,¥99/50ml,中国,
Dr.Hemerel合美博士羊胎素氧颜细胞洁颜蜜（真空负压包装）,14.45,Dr.Hemerel合美博士羊胎素氧颜细胞洁颜蜜,Dr.Hemerel合美博士,羊胎素氧颜细胞,洁面,羊胎素洁颜蜜,清洁+滋养+修护,¥14.45/支,中国,
【到手9盒共90支】 敷尔斯次抛精华液补水保湿滋润,29.9,敷尔斯次抛精华液,敷尔斯,,精华液,次抛精华,补水+保湿+滋润,¥29.9/90支,中国,
因士柔酸祛痘补水控油舒缓细腻褪红消印油痘肌精华液祛痘精华g,69.9,因士柔酸祛痘精华液,因士,柔酸,精华液,祛痘精华,祛痘+控油+舒缓,¥69.9/30ml,中国,
【母亲节臻礼】次抛精华液护肤组合 抗皱紧致补水保湿到手180支,49.4,次抛精华液护肤组合,无,无,精华液,次抛精华,抗皱+紧致+保湿,¥49.4/180支,无,
大蔻蔻胶原蛋白补充精华液,19.0,大蔻蔻胶原蛋白补充精华液,大蔻蔻,,精华液,大蔻蔻精华,补水+紧致+修护,¥19/30ml,中国,
【兰总补贴 粉丝专属】美蒂芬五重维C抗皱紧致精华液护肤滋润,13.0,美蒂芬五重维C抗皱紧致精华液,美蒂芬,五重维C,精华液,维C精华,抗皱+紧致+提亮,¥13/30ml,中国,
自然堂小紫瓶第六代喜默因紧致修护精华50ml,2.09,自然堂小紫瓶精华第六代,自然堂,喜默因,精华,小紫瓶,紧致+修护+抗老,¥209/50ml,中国,
CQRZEN 美白祛斑精华液 补水保湿精华液,20.0,CQRZEN美白祛斑精华液,CQRZEN,,精华液,美白精华,美白+祛斑+保湿,¥20.0/30ml,中国,
角鲨烷抗皱注氧发光水光油,49.0,角鲨烷抗皱注氧发光水光油,,,,,抗皱+注氧+发光,¥49/瓶,,
【体验装】珂纯重组Ⅲ型胶原蛋白冻干絮 直补胶原 重现幼态脸,19.0,珂纯重组Ⅲ型胶原蛋白冻干絮体验装,珂纯,,冻干絮,胶原冻干絮,补水+抗老+修护,¥19/1袋,中国,
【昕宝专属】梵科泉重组胶原蛋白次抛精华液弹润紧致抗皱抗衰老7,329.0,梵科泉重组胶原蛋白次抛精华液,梵科泉,重组胶原蛋白,精华液,胶原蛋白次抛,弹润+紧致+抗皱,¥329/7ml,中国,
【母亲节好物】谷雨次抛精华30支美白焕亮淡斑舒缓修护ZBG5,4.87,谷雨光感美白次抛精华,谷雨,光感美白,精华,美白次抛,美白+淡斑+修护,¥4.87/30支,中国,
【央妈力荐】左旋VC精华液维C乳液胶囊补水保湿提亮肤色改善暗沉女,24.0,左旋VC精华液,The Ordinary,The Ordinary,精华液,TO左旋VC,提亮+抗氧化+保湿,¥24/30ml,加拿大,
【金胶小灯泡】韩国美白祛斑精华油,9.0,金胶小灯泡精华油,未知,未知,精华油,金胶小灯泡,美白+祛斑,¥9.0/未知,韩国,
生美时代重组三型胶原蛋白,9.0,生美时代重组三型胶原蛋白,,,精华,,修复+抗老,¥9.0/支,中国,
【唐总专属】俏妃施DNA钠白金鱼子酱赋活胶原精华露,299.0,俏妃施DNA钠白金鱼子酱赋活胶原精华露,俏妃施,DNA钠白金鱼子酱,精华,鱼子酱精华,抗老+修护+滋养,¥299/30ml,中国,
【正品】韩国rejuran丽驻兰水光三文鱼悬油精华-~,3.09,丽驻兰水光三文鱼悬油精华,丽驻兰,水光,精华,三文鱼精华,修护+保湿+提亮,¥309/30ml,韩国,
Lanenmei蓝恩美皇室黑珍珠奢养抗皱紧致舒缓精华液试用一瓶-ab,99.0,蓝恩美皇室黑珍珠奢养抗皱精华液,蓝恩美,皇室黑珍珠,精华液,黑珍珠精华,抗皱+紧致+舒缓,¥99/30ml,中国,
【母亲节礼物】资生堂全新第二代水乳套装盼丽风姿透白淡斑精华护肤,2330.0,资生堂盼丽风姿透白淡斑精华乳,资生堂,盼丽风姿,精华,风姿小白瓶,美白+淡斑+保湿,¥2330/30ml,日本,
【麦角硫因精华】光希麦角硫因光蕴御氧精华露0.2%麦角硫因紧致抗皱,199.0,光希麦角硫因光蕴御氧精华露,光希,光蕴御氧,精华,麦角硫因精华,抗氧+紧致+抗皱,¥199/30ml,中国,
兰植雅富勒烯羊胎素素补水嫩白皱纹抗皱精华液提亮肤色保湿紧致,1.8,兰植雅富勒烯羊胎素精华液,兰植雅,,精华液,富勒烯精华,补水+抗皱+提亮,¥1.8/瓶,中国,
【央妈推荐】B5毛孔收缩精华液修复毛孔粗大淡化痘印去黑头粉刺闭口,28.9,B5毛孔收缩精华液,无品牌,,精华液,B5精华,收缩毛孔+淡化痘印+去黑头,¥28.9/瓶,,
TSUCCEE密集淡纹精华笔 20ml淡化细纹|保湿滋润,88.6,TSUCCEE密集淡纹精华笔,TSUCCEE,密集淡纹,精华,淡纹笔,淡纹+保湿,¥88.6/20ml,中国,
MEYRUEiS超低分子净肤修护次抛敷液控油舒缓收缩毛孔紧致修护次抛,387.59,MEYRUEiS超低分子净肤修护次抛敷液,MEYRUEiS,超低分子,次抛精华,修护次抛,控油+舒缓+修护,¥387.59/盒,中国,
【拽老板】早杞三因三抗御龄精华液,99.0,拽老板早杞三因三抗御龄精华液,拽老板,早杞三因,精华液,三抗精华,抗老+抗氧化+修护,¥99/30ml,中国,
【直补胶原炮】玛蝶妃三重胶原活肽灌肤液(饱满/紧致/抗皱提拉),15.0,玛蝶妃三重胶原活肽灌肤液,玛蝶妃,三重胶原活肽,精华液,直补胶原炮,饱满+紧致+抗皱提拉,¥15/30ml,韩国,
【提拉紧致 淡化细纹 舒缓修护】法国CKEK焕活滋养精华液粉胶X,399.0,法国CKEK焕活滋养精华液粉胶X,CKEK,焕活滋养,精华液,粉胶,提拉紧致+淡化细纹+舒缓修护,¥399/30ml,法国,
【小黑瓶】普纤娜美白祛斑精华液,13.0,小黑瓶,普纤娜,,精华液,小黑瓶,美白+祛斑,¥13.0/30ml,中国,
【注白瓶&注光水乳】欧莱雅臻白晶透美白淡斑精华提亮肤色焕亮水,49.0,,,,,,,,,返回数据列数不正确
【正品官方】左旋vc精华液左旋维c次抛精华乳胶囊真实测评旗舰店,21.9,左旋VC次抛精华液,左旋,次抛,精华液,VC次抛,美白+抗氧化+提亮,¥21.9/30ml,中国,
柏兰梦美白祛斑水光补水保湿精华液,59.0,柏兰梦美白祛斑水光补水保湿精华液,柏兰梦,,精华液,水光精华,美白+祛斑+保湿,¥59/30ml,中国,
德国ISANA唇周黑暗沉vc精华1代VC精华提亮肤色亮白精华乳1.0版,89.0,ISANA VC亮白精华乳,ISANA,VC,精华,唇周精华,提亮+美白,¥89/30ml,德国,
【金小姐】雅后蛋白冻干粉~,169.0,雅后蛋白冻干粉,雅后,,冻干粉,金小姐,修护+焕亮,¥169/1g,中国,
ASTK烟酰胺芦荟甘油化妆打底精油面部补水保湿护肤化妆品官方正品,69.0,ASTK烟酰胺芦荟甘油精华,ASTK,,精华,烟酰胺精华,补水+保湿+修护,¥69/30ml,中国,
【夜皇后黄金胶原水】伊莉贝姿黄金三型胶原塑颜紧致精华水,99.0,伊莉贝姿夜皇后黄金胶原水,伊莉贝姿,黄金三型胶原,精华水,夜皇后水,紧致+塑颜+保湿,¥99/150ml,中国,
梦希蓝  Mercilen 美白577淡斑精华液 抑黑补水精华液 官方正品,39.0,梦希蓝577美白淡斑精华液,Mercilen,美白577,精华液,577精华,美白+淡斑+补水,¥39/30ml,中国,
【水蛭素回春液】MU.Belris水蛭素分子回春液,36.0,MU.Belris水蛭素分子回春液,MU.Belris,水蛭素分子,精华液,水蛭素回春液,抗老+修护+提亮,¥36/30ml,韩国,
韩熙美白祛斑养肤精华油,89.0,韩熙美白祛斑养肤精华油,韩熙,,精华油,美白油,美白+祛斑+养肤,¥89/30ml,中国,
红欧纪轻奢抗皱紧致童颜液,13.0,红欧纪轻奢抗皱紧致童颜液,红欧纪,轻奢,精华,童颜液,抗皱+紧致+提亮,¥13.0/30ml,中国,
【院线溶斑术 第九代升级点斑精华】美白祛斑精华液,69.0,第九代升级点斑精华,院线溶斑术,第九代升级,精华液,点斑精华,美白+祛斑,¥69/30ml,中国,
【一瓶正装试用三十天】梵蔻泉焕活复原蜜皱紧致舒缓补水小金瓶,99.0,梵蔻泉焕活复原蜜皱紧致舒缓补水小金瓶,梵蔻泉,焕活复原蜜,精华,小金瓶,紧致+舒缓+补水,¥99/30ml,中国,
【官方正品】小橘灯虾青素VC次抛精华液备抗氧去黄提亮补水精华液素,3.6,小橘灯虾青素VC次抛精华液,珀莱雅,小橘灯,精华液,小橘灯精华,抗氧+提亮+补水,¥360/30ml,中国,
【母亲节礼物】全新第5代OLAY水光小白瓶美白精华液祛斑保湿紧致sc,110.38,OLAY第5代水光小白瓶美白精华液,OLAY,水光小白瓶,精华液,小白瓶,美白+保湿+紧致,¥110/30ml,美国,
【母亲节礼物】OLAY玉兰油淡斑小白瓶精华祛斑美白控油舒缓护肤品sc,108.66,OLAY淡斑小白瓶精华,OLAY,淡斑小白瓶,精华,小白瓶,淡斑+美白+控油,¥109/40ml,美国,
【菩小提专享】AORE光感焕颜提亮胶囊精华液 夏日清爽不粘腻,759.0,AORE光感焕颜提亮胶囊精华液,AORE,光感焕颜,精华液,光感胶囊,提亮+焕颜+清爽,¥759/30ml,中国,
院线小分子蓝铜肽肌底液,13.14,院线小分子蓝铜肽肌底液,,,肌底液,蓝铜肽肌底液,修护+抗老+保湿,¥13.14/30ml,,
AI实体流量营销内训班-小王老师,39.0,,,,,,,,,返回数据列数不正确
【出游季】丸美胶原美白小金针次抛精华双盒淡纹保湿紧致修护SC#,39.54,丸美胶原蛋白次抛精华液,丸美,胶原蛋白,精华,小金针,美白+淡纹+保湿,¥39.54/1ml,中国,
韩熙美白精华液-,19.0,韩熙美白精华液,韩熙,,精华液,美白精华,美白+提亮+淡斑,¥19/30ml,中国,
【冷总直播专属】MZskin 重组蛋白精华 30ml加赠同款精华滋润,115.91,MZskin黄金重组蛋白精华,MZskin,黄金重组,精华,黄金精华,抗老+修复+紧致,¥115.91/30ml,英国,
薇诺娜修白瓶美白祛斑淡斑精华液保湿舒缓修护改善暗沉,40.63,薇诺娜舒敏保湿修护精华液,薇诺娜,舒敏保湿,精华液,修白瓶,美白+祛斑+保湿,¥40.63/30ml,中国,
（香香专属）娇韵诗青春赋活透亮精华水10ml,19.0,娇韵诗青春赋活精华水,娇韵诗,青春赋活,精华水,少女精华水,保湿+透亮+修护,¥19/10ml,法国,
John Jeff12%维C精华液抗氧化提亮肤色紧致细滑肌肤原型VC姐夫,74.0,John Jeff12%维C精华液,John Jeff,,精华液,姐夫精华,抗氧化+提亮+紧致,¥74/30ml,中国,
【美白抗皱】LAN时光油凤凰油修护淡纹美白淡斑保湿滋润面部精华油,7.18,LAN时光油凤凰油修护淡纹美白淡斑保湿滋润面部精华油,LAN,时光油,精华油,凤凰油,美白+抗皱+修护,¥7.18/30ml,中国,
Guerlain/娇兰帝皇蜂姿复原蜜精华30ml紧致修护第四代复原蜜,41.33,娇兰帝皇蜂姿修护复原蜜,娇兰,帝皇蜂姿,精华,复原蜜,修护+紧致+滋润,¥41.33/30ml,法国,
【专柜直发】柏兰梦美白祛斑水光精华液国妆,20.0,柏兰梦美白祛斑水光精华液,柏兰梦,,精华液,水光精华,美白+祛斑+保湿,¥20.0/瓶,中国,
【甄奢级】麦角硫因熊果叶精华饮茶膏不含茶（燃美搭档）,108.0,【甄奢级】麦角硫因熊果叶精华饮茶膏不含茶（燃美搭档）,燃美,,精华饮茶膏,燃美搭档,美白+抗氧化,¥108/瓶,中国,
【贴骨抚纹次抛】万物秀八肽引力提拉次抛精华液1.5ml*15支,299.0,万物秀八肽引力提拉次抛精华液,万物秀,八肽引力提拉,精华液,贴骨抚纹次抛,提拉+抗皱+紧致,¥299/22.5ml,中国,
BROLAMEN柏兰梦脐带血羊胎素填充童颜液,19.0,BROLAMEN柏兰梦脐带血羊胎素填充童颜液,BROLAMEN柏兰梦,脐带血羊胎素,精华,童颜液,抗老+填充+提亮,¥19/30ml,中国,
TSUCCEE密集淡纹精华笔 20ml淡化细纹|保湿滋润,109.5,TSUCCEE密集淡纹精华笔,TSUCCEE,密集淡纹,精华,淡纹笔,淡纹+保湿+滋润,¥109.5/20ml,中国,
【贻贝小蓝瓶】特护液 SSS级  贻贝蛋白舒缓特护液（抗皱/紧致/舒缓）,44.47,贻贝小蓝瓶特护液,无,无,特护液,贻贝小蓝瓶,抗皱+紧致+舒缓,¥44.47/无,无,
【ddg511特护精华清爽版-推荐全肤质】B5精华补水保湿舒缓修护泛红,79.0,DDG511特护精华,DDG,511特护,精华,B5精华,补水+保湿+舒缓,¥79/30ml,美国,
【买1送1】青蒿舒稳厚脸皮精华水120ml强韧维稳,98.72,青蒿舒稳厚脸皮精华水,未知,,精华水,厚脸皮精华水,强韧+维稳,¥98.72/120ml,,
欧蜜源红豆杉菌菇多效修护精华液嫩肤舒缓次抛精华补水保湿原液,68.69,欧蜜源红豆杉菌菇多效修护精华液,欧蜜源,红豆杉菌菇,精华液,菌菇精华,修护+舒缓+保湿,¥68.69/30ml,中国,
【草帽姐专属拍一发二】悠妆颜羊胎素玻色因奢润浓缩水+乳紧致抗皱,39.0,悠妆颜羊胎素玻色因奢润浓缩水+乳,悠妆颜,羊胎素玻色因,水乳套装,,紧致+抗皱,¥39/套,中国,
【纪梵丽品牌】帝皇蜂姿多效复原蜜.,69.0,纪梵希帝皇蜂姿多效复原蜜,纪梵希,帝皇蜂姿,精华,复原蜜,修护+滋养+抗老,¥69/30ml,法国,
美迪惠尔积雪草净透修护精华1瓶+维他精华小样2ml*1片DX,95.0,美迪惠尔积雪草净透修护精华,美迪惠尔,积雪草,精华,积雪草精华,修护+舒缓+净透,¥95/30ml,韩国,
【徐天专属】小白灯即尚美白祛斑精华水,13.0,小白灯即尚美白祛斑精华水,即尚,,精华水,小白灯,美白+祛斑+提亮,¥13/30ml,中国,
GuSHiYutA故事与她脐带血羊胎素童颜浓缩液,19.0,故事与她脐带血羊胎素童颜浓缩液,GuSHiYutA,脐带血羊胎素,精华,童颜液,抗老+修复+提亮,¥19/30ml,中国,
绿毛怪怪氨甲环酸精华液 30ml,99.0,绿毛怪怪氨甲环酸精华液,绿毛怪怪,,精华液,绿毛怪怪精华,美白+淡斑+提亮,¥99/30ml,中国,
【填充液】KONGBERSI港贝诗紧致抚纹提升套盒,93.94,港贝诗紧致抚纹填充液,KONGBERSI,紧致抚纹,填充液,港贝诗填充液,紧致+抚纹+提升,¥93.94/套盒,中国,
【白胶囊】EMYA-美白祛斑精华液,99.0,EMYA美白祛斑精华液,EMYA,,精华液,白胶囊,美白+祛斑+淡斑,¥99/30ml,中国,
【青春痘黑头闭口粉刺】阿文推荐植祛小绿瓶祛痘精华液水杨酸护肤,49.9,植祛小绿瓶祛痘精华液,植祛,小绿瓶,精华液,小绿瓶,祛痘+控油+收缩毛孔,¥49.9/30ml,中国,
细步樱花二裂酵母精华液烟酰胺熬夜肌温和补水保湿,49.0,细步樱花二裂酵母精华液,细步,,精华液,樱花精华,补水+保湿+修护,¥49/30ml,中国,
时光凝萃兰花油精华油保湿精油补水精华液,19.9,时光凝萃兰花油精华油,时光凝萃,,精华油,兰花油,保湿+补水+滋养,¥19.9/30ml,中国,
梵科泉双抗次抛虾青素精华液紧提亮肤色抗氧抗老【组合】S2,99.0,梵科泉双抗次抛虾青素精华液,梵科泉,双抗,精华液,双抗精华,抗氧+抗老+提亮,¥99/30ml,中国,
hfp果酸精粹水美白次抛精华粉刺闭口湿敷提亮爽肤祛斑色斑淡痘印d,19.93,HFP果酸焕亮精华液,HomeFacialPro,果酸焕亮,精华液,果酸次抛,焕亮+淡印+控油,¥19.93/支,中国,
爱思露吊瓶精华玻尿酸+维他命+甘草+黄金精华,398.0,爱思露吊瓶精华玻尿酸+维他命+甘草+黄金精华,爱思露,吊瓶精华,精华,吊瓶精华,保湿+修护+提亮,¥398/30ml,韩国,
【专柜正品】DaMonAe黛曼尼羊胎素DNA钠抗皱胶原水光精华乳,19.0,DaMonAe黛曼尼羊胎素DNA钠抗皱胶原水光精华乳,DaMonAe黛曼尼,羊胎素DNA钠,精华乳,水光精华乳,抗皱+胶原+水光,¥19/50ml,中国,
【直播专属】欧玛PHYTO-C色修精华30ml 套组淡印提亮肤色褪黑黄暗,369.0,欧玛PHYTO-C色修精华,欧玛,PHYTO-C,精华,色修精华,淡印+提亮+褪黑,¥369/30ml,美国,
美白祛斑精华液提亮肤色保湿焕活嫩肤紧致焕彩活肌黑绷带原液护肤,9.9,赫莲娜焕彩活肌黑绷带精华液,赫莲娜,黑绷带,精华液,黑绷带精华,抗老+修护+紧致,¥9.9/30ml,法国,
平替好物谢杭峰复合酸水光精华液25年7月14日到期,72.0,谢杭峰复合酸水光精华液,谢杭峰,,精华液,复合酸精华,保湿+提亮+修护,¥72/25ml,中国,
【院线水光动能素】MENGZINI梦姿妮三文鱼DNA钠水光动能精华液--,994.0,MENGZINI梦姿妮三文鱼DNA钠水光动能精华液,MENGZINI梦姿妮,,精华液,水光动能素,补水+修复+提亮,¥994/30ml,中国,
【出游季】丸美二代胶原小金针次抛精华保湿紧致修护补水精华液SC#,4.61,丸美二代胶原小金针次抛精华,丸美,胶原小金针,精华,小金针,保湿+紧致+修护,¥4.61/1ml,中国,
梦希蓝三型胶原白细胞抗衰冻龄液,39.9,梦希蓝三型胶原白细胞抗衰冻龄液,梦希蓝,三型胶原,精华液,抗衰冻龄液,抗衰+修护+提亮,¥39.9/30ml,中国,
【王安宇同款】谷雨光感美白精华液补水淡斑美白官方正品SC02,13.39,谷雨光感美白精华液,谷雨,光感,精华液,光感小白瓶,美白+淡斑+补水,¥13.39/30ml,中国,
《琪琪专属》BEISHJIA 377智研润养净白祛斑以油养肤精华油（黑金版）,62.45,BEISHJIA 377智研润养净白祛斑精华油,BEISHJIA,智研,精华油,黑金精华油,净白+祛斑+以油养肤,¥62.45/30ml,中国,
【重磅升级】可复美胶原棒2.0 到手共45支+吨吨次抛3支+水润贴3盒ZS,382.0,可复美胶原蛋白次抛精华2.0,可复美,胶原蛋白,精华,胶原棒,修护+保湿+抗老,¥382/45支,中国,
【3单5单囤】烟酰胺美白次抛精华祛斑提亮净白补水精华液,1.99,烟酰胺美白次抛精华液,润百颜,,精华液,白纱布次抛,美白+提亮+补水,¥1.99/1ml,中国,
【芭莎年度精华】不老谜语半乳糖酵母焕靓精华抗皱紧致淡纹保湿护肤,189.0,芭莎年度精华半乳糖酵母焕靓精华,芭莎,不老谜语,精华,半乳糖酵母精华,抗皱+紧致+保湿,¥189/30ml,中国,
KISSMWAHDNA钠细胞肽抗皱幼颜溶纹油补水护肤,20.0,KISSMWAHDNA钠细胞肽抗皱幼颜溶纹油,,,护肤油,,抗皱+补水,¥20.0,,
【魏老板专属】贝伊丝新版小蓝珠面部保湿补水胶囊精华贵妇礼盒,920.0,贝伊丝保湿精华胶囊,贝伊丝,小蓝珠,精华,小蓝珠,保湿+修护+抗老,¥920/30粒,法国,
NTD肤研美白祛斑精华液.补水保湿嫩肤紧致，,29.0,NTD肤研美白祛斑精华液,NTD,肤研,精华液,美白精华,美白+祛斑+保湿,¥29/30ml,中国,
海璞诺黑金精华抗皱紧致密补胶原精华露黑金精华抗皱,388.0,海璞诺黑金精华抗皱紧致密补胶原精华露,海璞诺,黑金,精华,黑金精华,抗皱+紧致+补胶原,¥388/30ml,中国,
王妃玛丽脐带血胎盘素双因还原启动液,25.0,王妃玛丽脐带血胎盘素双因还原启动液,王妃玛丽,脐带血胎盘素,精华,脐带血精华,抗老+修复+保湿,¥25/瓶,日本,
【娇润泉】次抛精华液护肤套装抗皱紧致保湿修护到手90支 修护精华,99.99,娇润泉次抛精华液护肤套装,娇润泉,,精华液,次抛精华,抗皱+紧致+修护,¥99.99/90支,中国,
【透亮】ZMbeauty377精华美白光感亮肤透亮淡化斑点补水焕白30ml,39.5,ZMbeauty377光感透亮精华,ZMbeauty,377,精华,377小白瓶,美白+淡斑+补水,¥39.5/30ml,中国,
【踏青季】林清轩山茶花修护屏障次抛精华液,12.0,林清轩山茶花修护屏障次抛精华液,林清轩,山茶花,精华液,山茶花次抛,修护+保湿+屏障,¥12.0/1.5ml,中国,
【官方】惜玥VC美白追光精华去黄提亮肤色抗皱抗氧美白祛斑光感,49.0,惜玥VC美白追光精华,惜玥,VC美白追光,精华,追光精华,美白+抗氧+祛斑,¥49/30ml,中国,
焕亮退黄精华胶囊！小分子吸收嗷嗷快！,19.0,焕亮退黄精华胶囊,未知,未知,精华,小黄胶囊,焕亮+退黄+吸收,¥19/1粒,未知,
柏兰梦水光精华液身体精华提亮补水精华液1,20.0,柏莱雅水光精华液,柏莱雅,水光,精华液,水光瓶,提亮+补水,¥20/30ml,中国,
【唐总专属】美白溶斑液,299.0,美白溶斑液,,,精华液,,美白+淡斑,¥299/30ml,,
⭐慕诗贝拉美白祛斑肌底抗皱精华液白月光,59.0,慕诗贝拉美白祛斑肌底抗皱精华液,慕诗贝拉,,精华液,白月光精华,美白+祛斑+抗皱,¥59/30ml,中国,
【林涵专属】妮维雅630双能瓶抑黑抗糖去暗沉焕白淡斑精华,279.0,妮维雅630淡斑焕白精华,妮维雅,630,精华,630双能瓶,抑黑+抗糖+焕白,¥279/30ml,德国,
【超玛吉】奢金臻宠黄金鱼子酱抗皱舒缓精华液,35.0,超玛吉奢金臻宠黄金鱼子酱抗皱舒缓精华液,超玛吉,奢金臻宠,精华液,黄金鱼子酱精华,抗皱+舒缓,¥35.0/30ml,中国,
春日来信滤镜联名3.0VC次抛精华液 保湿抗皱紧致,79.0,春日来信滤镜联名3.0VC次抛精华液,春日来信,滤镜联名3.0,精华液,VC次抛精华,保湿+抗皱+紧致,¥79/30ml,中国,
【关凌专属】仁和匠心抗皱紧致5件套装保湿紧致提拉抗初老法令纹,88.0,仁和匠心抗皱紧致5件套装,仁和匠心,,套装,抗皱套装,抗皱+紧致+保湿,¥88/套,中国,
格利泽Glorymyth多效童颜喷雾保湿淡纹紧致清透,58.0,格利泽Glorymyth多效童颜喷雾,Glorymyth,多效童颜,喷雾,童颜喷雾,保湿+淡纹+紧致,¥58/100ml,中国,
【谦总补贴】ASKE羊胎素焕活胶原蛋白精华液,1999.0,ASKE羊胎素焕活胶原蛋白精华液,ASKE,羊胎素焕活,精华液,羊胎素精华,抗老+焕活+保湿,¥1999/30ml,中国,
溶斑液美白祛斑水光精华液TZ,20.0,溶斑液美白祛斑水光精华液TZ,,,精华液,,美白+祛斑+水光,¥20.0,,
HANKEY/韩纪 美白淡斑精华套盒,99.0,HANKEY美白淡斑精华套盒,HANKEY/韩纪,,精华套盒,韩纪美白套盒,美白+淡斑,¥99/套,中国,
【药用层孔菌】胶原细胞紧致精华液,79.0,药用层孔菌胶原细胞紧致精华液,The Ordinary,无,精华液,无,紧致+保湿+抗老,¥79/30ml,加拿大,
名芯会奶白烟酰胺美白祛斑精华液,99.0,名芯会奶白烟酰胺美白祛斑精华液,名芯会,奶白,精华液,奶白瓶,美白+祛斑+提亮,¥99/30ml,中国,
【童颜液精油】羊胎素细胞填充童颜液抗皱➕紧致➕真空锁鲜包装,26.0,羊胎素细胞填充童颜液精油,无,无,精油,童颜液,抗皱+紧致+锁鲜,¥26/瓶,无,
柏兰梦眼部细胞抗皱精华液,399.0,柏兰梦眼部细胞抗皱精华液,柏兰梦,细胞抗皱,精华液,抗皱小银瓶,抗皱+紧致+淡纹,¥399/30ml,中国,
【新品抢先试】丸美胶原小金针超级面膜5g抗皱淡纹新品试用GL&,0.99,丸美胶原小金针超级面膜,丸美,胶原小金针,面膜,小金针面膜,抗皱+淡纹+修护,¥0.99/5g,中国,
【汤老师专属】苣薇美白祛斑精华液 小分子蛋白肽 美白如此简单,69.0,苣薇美白祛斑精华液,苣薇,,精华液,汤老师专属精华,美白+祛斑+提亮,¥69/30ml,中国,
【官方正品】科颜萃b5精华保湿修护精华舒缓修护敏感泛红精华液,59.0,科颜氏维生素B5保湿修护精华液,科颜氏,B5,精华,B5精华,保湿+修护+舒缓,¥59/30ml,美国,
【自营】赫莲娜 正品 绿宝瓶精华露100ml/瓶 密集补水 润透肌底【m】,13.93,赫莲娜绿宝瓶精华PRO,赫莲娜,绿宝瓶,精华,绿宝瓶,修护+保湿+抗老,¥1580/50ml,法国,
【香香专属】兰蔻肌底液7ml小黑瓶精华,29.0,兰蔻小黑瓶精华肌底液,兰蔻,小黑瓶,精华,小黑瓶,修护+保湿+抗初老,¥29/7ml,法国,
《琪琪专属》BEISHJIA 377智研润养净白祛斑次抛精华液（黑金版）,39.14,BEISHJIA 377智研润养净白祛斑次抛精华液,BEISHJIA,377智研润养,精华液,377次抛精华,美白+淡斑+提亮,¥39.14/1ml,中国,
【小鱼海棠推荐】纽西之谜去黄提亮精华液抗皱抗糖抗氧修护虾青素,119.0,纽西之谜虾青素抗糖精华液,纽西之谜,虾青素,精华液,抗糖精华,抗氧+抗糖+修护,¥119/30ml,中国,
SWISS LINE BY DERMALAB葡萄水柔丝精粹露精华水限定礼盒,54.76,SWISS LINE BY DERMALAB葡萄水柔丝精粹露精华水限定礼盒,SWISS LINE BY DERMALAB,葡萄水,精华水,葡萄水精华,保湿+修护+抗氧化,¥54.76/瓶,瑞士,
RECORE SERUM 星睿肌 DDS红宝石精华48粒 保湿 紧致 舒缓,24.0,RECORE SERUM 星睿肌 DDS红宝石精华48粒,RECORE SERUM,星睿肌,精华,红宝石精华,保湿+紧致+舒缓,¥24.0/48粒,日本,
JYVI真怡美鱼子酱紧致精粹液,10.98,JYVI真怡美鱼子酱紧致精粹液,JYVI真怡美,,精华液,鱼子酱精华,紧致+修护+滋养,¥10.98/瓶,中国,
（院线）水光+酶疗简单刷一刷即刻亮透细，TYS水光蛋白酶液5ml,45.0,TYS水光蛋白酶液,TYS,,精华液,水光酶,亮肤+细嫩+透亮,¥45/5ml,,
【瑶姐联名款】蓝润清润修护水油次抛精华液1.5ml*100支/盒,999.0,蓝润清润修护水油次抛精华液,蓝润,,精华液,瑶姐联名次抛,修护+保湿+水油平衡,¥999/150ml,中国,
【老客必囤】takami小蓝瓶角质精华去闭口舒缓修护敏感肌收缩毛孔,1254.26,takami角质调理精华液,takami,无,精华,小蓝瓶,去闭口+修护+收缩毛孔,¥1254/30ml,日本,
福利有限【无水配方-纯原料】焕亮肌肤-美白-祛-斑-精华油,69.0,,,,精华油,,焕亮+美白+祛斑,¥69/30ml,,
UMD美白祛斑精华液（溶斑液）w,59.0,UMD美白祛斑精华液,UMD,,精华液,溶斑液,美白+祛斑,¥59/30ml,中国,
【泽曼诗】韩国二裂酵母抗皱精华紧致多肽修护淡纹熬夜50ml—ZG护肤,79.0,泽曼诗二裂酵母抗皱精华,泽曼诗,,精华,熬夜精华,抗皱+修护+紧致,¥79/50ml,韩国,
【原装进口】精华液焕肤版,500.0,原装进口精华液焕肤版,,,精华液,,焕肤+修护,¥500/30ml,,
John Jeff油橄榄精华液(痘皮版)祛痘修红油痘肌肌肤泛红舒缓姐夫,55.0,John Jeff油橄榄精华液(痘皮版),John Jeff,,精华液,姐夫精华,祛痘+修红+舒缓,¥55/30ml,中国,
【干皮修护维稳】LAN时光油琉璃油保湿抗皱舒缓修护保湿面部精萃油,4.12,LAN时光琉璃修护精华油,LAN,时光琉璃,精华油,琉璃油,修护+保湿+抗皱,¥412/30ml,中国,
恩熙·梅蔻三型胶原多肽紧致次抛精华液,99.0,恩熙·梅蔻三型胶原多肽紧致次抛精华液,恩熙·梅蔻,三型胶原,精华液,胶原次抛,紧致+抗皱+修护,¥99/30ml,中国,
【娇娇专属】377智研润养净白祛斑次抛精华液（白金版）,399.0,娇韵诗377智研润养净白祛斑次抛精华液,娇韵诗,智研,精华液,377精华,美白+淡斑+抗氧化,¥399/30ml,法国,
【官方正品】AORE光感焕颜提亮胶囊精华液舒缓保湿焕活肌肤,189.0,AORE光感焕颜提亮胶囊精华液,AORE,光感焕颜,精华液,光感胶囊,提亮+舒缓+保湿,¥189/30ml,中国,
【限量钜惠】LACUES露可莳反重力胶原蛋白精华油填充丸胶囊60粒/瓶,219.0,LACUES露可莳反重力胶原蛋白精华油填充丸胶囊,LACUES,反重力,精华油,胶原蛋白填充丸,抗老+紧致+滋养,¥219/60粒,澳大利亚,
【抗皱加速剂-搭配胶原霜效果翻倍】JYVI真怡美菁纯祛斑双层美白水,66.46,JYVI真怡美菁纯祛斑双层美白水,JYVI,菁纯,化妆水,菁纯美白水,祛斑+美白+保湿,¥66.46/瓶,中国,
白月光水乳！拜拜黄脸婆！持证更靠谱！,16.0,白月光水乳,珀莱雅,白月光,水乳,白月光水乳,美白+提亮+保湿,¥16/100ml,中国,
【尊贵定制】DNA钠活细胞水光精粹原液（极光水＋极光乳）,99.0,DNA钠活细胞水光精粹原液,,,精华液,,补水+提亮,¥99/30ml,,
3盒5盒的囤 377+577烟酰胺美白次抛精华液祛斑提量净白补水精华液,1.89,377+577烟酰胺美白次抛精华液,暂无品牌信息,暂无产品线信息,精华液,暂无昵称信息,美白+祛斑+补水,¥1.89/支,暂无产地信息,
富勒烯胎盘素抗皱精华液抗皱小鸡腿嫩白收缩毛孔补水保湿羊胎素,4.98,富勒烯胎盘素抗皱精华液,,,精华液,小鸡腿精华,抗皱+嫩白+补水,¥4.98/瓶,,
577美白淡斑精华液（拍二发三）,29.9,577美白淡斑精华液,577,,精华液,577小白瓶,美白+淡斑,¥29.9/30ml,中国,
15ml保湿温和舒缓控油修护小绿豆11605,59.0,小绿豆面膜,悦诗风吟,无,面膜,小绿豆,保湿+舒缓+修护,¥59/15ml,韩国,
【三盒五盒囤】蓝铜胜肽抗皱抚纹次抛美容液补水精华液-L,1.99,蓝铜胜肽抗皱抚纹次抛美容液,,,精华液,蓝铜次抛,抗皱+补水+抚纹,¥1.99/支,,
【控油精华】比度克控油精华油皮混油皮清爽保湿不刺激48ml,89.0,比度克控油精华,比度克,,精华,控油小绿瓶,控油+保湿+清爽,¥89/48ml,中国,
莉梵妮小绿灯祛痘精华液舒缓控油淡印抗氧化提亮改善泛红三效合一,19.8,莉梵妮小绿灯祛痘精华液,莉梵妮,小绿灯,精华液,小绿灯精华,祛痘+控油+抗氧化,¥19.8/30ml,中国,
【启动液】玛蝶妃骨胶原细胞启动发光浓缩液 红,129.0,玛蝶妃骨胶原细胞启动发光浓缩液,玛蝶妃,骨胶原细胞,精华液,发光小红瓶,提亮+保湿+修护,¥129/30ml,日本,
【小小米】Anpol -酵母胶原次抛30支！,16.0,Anpol酵母胶原次抛精华液,Anpol,,精华液,小小米,保湿+修护+抗初老,¥16/30支,中国,
【商城派样】蓝铜胜肽修护精华液1.5ml*7支有效期至25年10月 TZ310,32.0,蓝铜胜肽修护精华液,未知,未知,精华液,蓝铜精华,修护+保湿+抗老,¥32/10.5ml,未知,
b5肌底液-素秀臣氏维生素b5肌底精华液  拍五发六,99.0,素秀臣氏维生素B5肌底精华液,素秀臣氏,维生素B5,精华液,B5肌底液,修护+保湿+维稳,¥99/30ml,中国,
【青春痘黑头闭口粉刺】阿文植祛小绿瓶祛痘精华液水杨酸温和改善,49.9,阿文植祛小绿瓶祛痘精华液,阿文植祛,,精华液,小绿瓶,祛痘+控油+温和,¥49.9/30ml,中国,
【官方旗舰-白金】梵科泉双抗次抛虾青素精华液紧致抗皱熬夜便携C1,99.0,梵科泉双抗次抛虾青素精华液,梵科泉,双抗次抛,精华液,双抗精华,抗皱+紧致+抗氧化,¥99/30ml,中国,
【拍一发二】年轻力小金瓶悬浮双萃精华油面部养肤精油,131.4,娇韵诗黄金双萃精华,娇韵诗,黄金双萃,精华,小金瓶,抗老+修护+滋养,¥131.4/30ml,法国,
绿色农场三层寡肽抗皱冻干粉套 改善皱纹紧致保湿护肤精华液,69.0,绿色农场三层寡肽抗皱冻干粉套,绿色农场,三层寡肽,精华液,寡肽冻干粉,抗皱+紧致+保湿,¥69/套,中国,
【37周年庆】神琦多肽抗皱紧致修护次抛精华液 专抹皱纹 松弛下垂,299.0,神琦多肽抗皱紧致修护次抛精华液,神琦,多肽抗皱紧致修护,精华液,神琦次抛精华,抗皱+紧致+修护,¥299/30ml,中国,
《尊贵定制》维生素原B5--水杨酸净颜面膜（院线款）,49.0,尊贵定制维生素原B5水杨酸净颜面膜,,,面膜,,清洁+控油+修护,¥49/片,,
《针对皱纹》DNA钠黄金鱼子酱抗皱紧致精华,49.0,DNA钠黄金鱼子酱抗皱紧致精华,La Prairie,鱼子酱,精华,鱼子精华,抗皱+紧致+修复,¥49/30ml,瑞士,
升级版-高浓度蓝铜肽焕肤精华液抗皱紧致精华保湿液,13.0,升级版-高浓度蓝铜肽焕肤精华液抗皱紧致精华保湿液,,,精华液,,抗皱+紧致+保湿,¥13.0/,,
韩国进口安格琪缜密绽放保湿提亮精华液30mlX3小白瓶精华,29.7,安格琪缜密绽放保湿提亮精华液,安格琪,缜密绽放,精华液,小白瓶精华,保湿+提亮,¥29.7/30ml,韩国,
JAYJUN玻尿酸次抛精华液补水精华液,25.0,JAYJUN玻尿酸次抛精华液,JAYJUN,,精华液,次抛精华,补水+保湿+修护,¥25/1.5ml,韩国,
【白月光】玛蝶妃美白祛斑精华液 祛斑/美白/提亮肤色,12.0,玛蝶妃白月光美白祛斑精华液,玛蝶妃,白月光,精华液,白月光精华,美白+祛斑+提亮,¥12/30ml,中国,
【七周年】5瓶特惠 兰花双萃精华油,83.77,娇兰御廷兰花卓能焕活双萃精华油,娇兰,御廷兰花,精华油,兰花双萃,抗老+修护+滋养,¥83.77/30ml,法国,
【注氧水光】凝萃水光精华液（WL8511）,99.0,注氧水光凝萃水光精华液,,,精华液,注氧水光,补水+提亮+抗氧化,¥99/30ml,,
【拍5发6】 雅逸兰胶原蛋白抗皱次抛精华液1盒   TY,59.8,雅逸兰胶原蛋白抗皱次抛精华液,雅逸兰,胶原蛋白,精华液,胶原蛋白次抛,抗皱+保湿+修护,¥59.8/1盒,中国,
【春日宠粉】玫瑰颂玫瑰净澈美白祛斑精华液熊果苷1.5ml7瓶*7盒,10.32,玫瑰颂玫瑰净澈美白祛斑精华液,玫瑰颂,,精华液,玫瑰精华,美白+祛斑+抗氧化,¥10.32/1.5ml,中国,
黑松露G02护肤抗皱紧致温和无刺激补水保湿精华液,99.0,黑松露精华液,,,精华液,,抗皱+紧致+保湿,¥99/30ml,,
Osmocomplex美白淡斑精华露,59.0,Osmocomplex美白淡斑精华露,,,精华露,,美白+淡斑,¥59/30ml,,
【央妈推荐】377美白淡斑精华液去黄提亮肤色抗氧化男女士护肤正品,9.0,城野医生377美白淡斑精华液,城野医生,377,精华液,377精华,美白+淡斑+抗氧化,¥420/18g,日本,
【5D回春液】MU.Belris水蛭素分子回春液(向上提拉/弹嫩/补营养),129.0,MU.Belris水蛭素分子回春液,MU.Belris,Belris,精华,5D回春液,提拉+弹嫩+滋养,¥129/30ml,中国,
【必囤53元/瓶】大水滴3点祛痘精华液2.0 淡印去闭口油痘熬夜肌,159.0,大水滴3点祛痘精华液2.0,大水滴,3点祛痘,精华液,大水滴祛痘精华,祛痘+淡印+控油,¥159/瓶,中国,
【老粉回购无仪器】MENGZINI/梦姿妮三文鱼DNA钠水光动能素精华液,994.0,MENGZINI三文鱼DNA钠水光动能素精华液,MENGZINI,三文鱼DNA钠,精华液,水光动能素,补水+提亮+修护,¥994/30ml,中国,
金秀媛重组胶原蛋白紧致抗皱次抛精华液补水保湿水润紧塑,139.0,金秀媛重组胶原蛋白紧致抗皱次抛精华液,金秀媛,重组胶原蛋白,精华液,胶原蛋白次抛,紧致+抗皱+补水,¥139/30ml,中国,
心动密语多肽睫毛保湿精华液,99.0,心动密语多肽睫毛保湿精华液,心动密语,,睫毛精华液,多肽睫毛精华,滋养+浓密+修护,¥99/10ml,中国,
娇婵蜂王浆黄金鱼子精华液,6.0,娇婵蜂王浆黄金鱼子精华液,娇婵,蜂王浆黄金鱼子,精华液,鱼子精华,滋养+抗老+修护,¥6.0/30ml,中国,
【季卡】英诺皮肤世家小棕瓶-VC抗氧化焕亮去黑紧致莹润精华液,313.47,英诺皮肤世家VC抗氧化精华液,英诺,皮肤世家,精华液,小棕瓶,抗氧化+焕亮+紧致,¥313.47/30ml,西班牙,
【升级款】溶斑素美白祛斑精华液阻黑断黑溶斑祛斑,19.0,升级款溶斑素美白祛斑精华液,,,精华液,溶斑素,美白+祛斑+阻黑,¥19/30ml,,
【莹莹专属】美伯堂三重酵母逆龄御颜抗皱精华液,199.0,美伯堂三重酵母逆龄御颜抗皱精华液,美伯堂,三重酵母,精华液,酵母精华,抗皱+修护+滋养,¥199/30ml,中国,
【官方正品】OPISS雪绒花奢颜逆龄精华液小白瓶紧致抗皱D（正装试用）,899.0,OPISS雪绒花奢颜逆龄精华液,OPISS,雪绒花奢颜,精华液,小白瓶,紧致+抗皱+逆龄,¥899/30ml,中国,
【童颜液】红欧纪紧致抗皱童颜液,299.0,红欧纪紧致抗皱童颜液,红欧纪,紧致抗皱,精华,童颜液,紧致+抗皱+提拉,¥299/30ml,中国,
爆款推荐玫瑰三抗小粉瓶保湿 yw,39.0,珀莱雅双抗精华液2.0,珀莱雅,双抗,精华液,小粉瓶,抗氧+抗糖+保湿,¥39/30ml,中国,
三文鱼水光精华液胶原蛋白动能原提亮肤色补水,39.0,三文鱼水光精华液,无,无,精华液,水光精华,提亮+补水+胶原蛋白,¥39/30ml,无,
以澜VC精华液通用保湿,29.0,以澜VC精华液,以澜,,精华液,VC小灯泡,美白+保湿+抗氧化,¥29/30ml,中国,
院线高定紧致极致提拉，绽媄娅淡纹贴骨胶原精华液30ml（26年1月）,26.0,,,,,,,,,返回数据列数不正确
【主播补贴】届美氏鱼子紧致弹润复原蜜精华液,349.0,届美氏鱼子紧致弹润复原蜜精华液,届美氏,鱼子紧致,精华液,鱼子精华,紧致+弹润+保湿,¥349/30ml,中国,
【官方正品 拍一发二】RUY叶黄素专抹眼袋眼纹眼部精华油紧致抗皱H,19.9,RUY叶黄素眼部精华油,RUY,,眼部精华油,叶黄素眼油,紧致+抗皱,¥19.9/10ml,中国,
赋原升肌紧致悬油次抛精华液11721,99.0,赋原升肌紧致悬油次抛精华液,未知,,精华液,悬油次抛,紧致+修护+滋养,¥99/30ml,,
胶原蛋白水光精华液,149.0,胶原蛋白水光精华液,欧莱雅,复颜玻尿酸,精华液,水光瓶,保湿+提亮+抗初老,¥149/30ml,法国,
【液态黄金 激活因子】FAKOUMAN法蔻蔓冻龄液体重组蛋白抗衰液,299.0,FAKOUMAN法蔻蔓冻龄液体重组蛋白抗衰液,FAKOUMAN,冻龄,精华,液态黄金,抗衰+激活+重组,¥299/30ml,中国,
【效期25.7】科颜氏集焕白均衡亮肤淡斑精华液4ml,19.0,科颜氏集焕白均衡亮肤淡斑精华液,科颜氏,集焕白,精华液,安白瓶,淡斑+提亮+均匀肤色,¥19/4ml,美国,
Guerlain/娇兰帝皇蜂姿双效焕新修护紧塑精华露50ml,38.63,娇兰帝皇蜂姿双效焕新修护紧塑精华露,娇兰,帝皇蜂姿,精华,双管精华,抗老+修护+紧致,¥3863/50ml,法国,
VSH/薇氏赫尔肌透美白精华 V5精华补水保湿淡斑精华20ml【2025.11】,99.0,VSH肌透美白精华,薇氏赫尔,V5,精华,V5精华,美白+补水+淡斑,¥99/20ml,中国,
华工新颜双效微晶祛痘贴痘痘控油消痘隐形痘印可溶痘痘贴直播达人,99.0,华工新颜双效微晶祛痘贴,华工新颜,新颜,祛痘贴,痘痘贴,控油+祛痘+隐形,¥99/盒,中国,
【泰国原装进口】克拉肤美白祛斑臻白紧致抗皱美容精华液,199.0,克拉肤臻白紧致精华液,克拉肤,臻白,精华液,美白小银瓶,美白+紧致+抗皱,¥199/30ml,泰国,
梦希蓝三型胶原白细胞抗衰冻龄液,39.0,梦希蓝三型胶原白细胞抗衰冻龄液,梦希蓝,三型胶原,精华液,抗衰冻龄液,抗衰+修护+紧致,¥39/30ml,中国,
【狐哩哩专属】HEXKIN赫诗琴赋颜水润胶原蛋白胶原炮灌注（VC焕白款）,199.0,HEXKIN赫诗琴赋颜水润胶原蛋白胶原炮灌注（VC焕白款）,HEXKIN赫诗琴,赋颜水润,精华,胶原炮,焕白+补水+抗老,¥199/30ml,中国,
【专柜正品】GuSHiYuTa故事与她·美白祛斑精萃液补水保湿滋润原生液,20.0,故事与她美白祛斑精萃液,GuSHiYuTa,故事与她,精华液,美白精华,美白+祛斑+保湿,¥20/30ml,中国,
DōThallo三文鱼DNA钠水光动能精华液嫩肤紧致补水精华活肌水光,99.0,DōThallo三文鱼DNA钠水光动能精华液,DōThallo,三文鱼DNA钠,精华液,水光动能精华,嫩肤+紧致+补水,¥99/30ml,韩国,
【白胶囊】EMYA-美白祛斑精华液,73.61,EMYA美白祛斑白胶囊精华液,EMYA,,精华液,白胶囊,美白+祛斑+淡斑,¥73.61/30ml,中国,
【央妈推荐】377美白淡斑精华液去黄提亮肤色抗氧化男女士护肤正品,8.0,城野医生377美白淡斑精华,城野医生,377,精华,377精华,美白+淡斑+抗氧化,¥8.0/18g,日本,
【可夫私人订制】四维双因抗皱填充精华液,99.0,可夫私人订制四维双因抗皱填充精华液,可夫,私人订制,精华液,四维精华,抗皱+填充+保湿,¥99/30ml,中国,
【提肌】 愈伤 组织培养物提肌液 强 * 抗皱 深 * 淡纹,36.0,愈伤组织培养物提肌液,,,精华液,,抗皱+淡纹,¥36/30ml,,
JYVI真怡美 377美白透亮淡斑提亮肤色补水保湿精华液,69.0,JYVI真怡美377美白精华液,JYVI真怡美,377,精华液,377小白瓶,美白+淡斑+保湿,¥69/30ml,中国,
377美白祛斑精华液 去黄提亮肤色祛斑精华S6,99.9,城野医生377美白精华液,城野医生,377,精华液,377精华,美白+祛斑+提亮,¥99.9/18g,日本,
（小分子油）100%角鲨烷抗皱水光油【拍一单到手1瓶】【拍二单到手3瓶】,39.0,100%角鲨烷抗皱水光油,The Ordinary,,精华油,角鲨烷油,保湿+抗皱+修护,¥39/30ml,加拿大,
敬花堂（积雪草氨基酸焕彩抗皱保湿脸奴水W,39.0,敬花堂积雪草氨基酸焕彩抗皱保湿脸奴水,敬花堂,,化妆水,积雪草水,保湿+抗皱+焕彩,¥39/100ml,中国,
高纯度烟酰胺B3精华液 小分子高纯度易吸收亮肤去黄精华素拍5发7,99.0,OLAY淡斑小白瓶精华液,OLAY,淡斑小白瓶,精华液,小白瓶,美白+淡斑+提亮,¥390/40ml,美国,
【幼态青春支架】玻色因胶原紧致抗皱（抗皱/紧致/舒缓）,99.0,幼态青春支架玻色因胶原紧致抗皱面霜,,,面霜,幼态支架,抗皱+紧致+舒缓,¥99/50ml,,
Guerlain/娇兰御廷兰花精粹油30ml,37.98,娇兰御廷兰花精粹油,娇兰,御廷兰花,精华油,兰花油,修护+滋养+抗老,¥3798/30ml,法国,
舒缓修护双抗精华液,99.0,珀莱雅双抗精华液2.0,珀莱雅,双抗,精华液,双抗精华,抗氧+抗糖+修护,¥99/30ml,中国,
【牡丹系列】欧莱雅金致臻颜牡丹系列面霜乳液补水精华液持久滋养,99.0,欧莱雅金致臻颜牡丹奢养面霜,欧莱雅,金致臻颜牡丹,面霜,牡丹面霜,滋养+抗老+补水,¥99/50ml,法国,
KANS/韩束雪白肌美白精萃液亮白棒次抛精华液美白提亮补水护肤D,99.0,KANS雪白肌美白精萃液亮白棒次抛精华液,韩束,雪白肌,精华液,亮白棒,美白+提亮+补水,¥99/30ml,中国,
小绿瓶祛痘精华液淡化痘印痘坑青春痘黑头粉刺提亮肤色滋润保湿,2.99,小绿瓶祛痘精华液,The Ordinary,"""""",精华液,小绿瓶,祛痘+淡化痘印+保湿,¥2.99/30ml,加拿大,
【美白修护】LAN兰气泡油凤凰油面部精华油修护调节美白淡斑熬夜,41.11,LAN兰气泡油凤凰油面部精华油,LAN兰,气泡油,精华油,凤凰油,修护+美白+淡斑,¥41.11/30ml,中国,
【黑科技太空舱轮廓微扎】JNMR紧致抗皱童颜扎微晶精华,299.0,JNMR黑科技太空舱轮廓微扎精华,JNMR,太空舱,精华,童颜扎,紧致+抗皱+提拉,¥299/30ml,中国,
【厂家福利】玻尿酸虾青素精华爽肤水500ml抗皱保湿提亮湿敷,19.9,玻尿酸虾青素精华爽肤水,无,无,爽肤水,无,保湿+提亮+抗皱,¥19.9/500ml,无,
EXOXEN小红瓶水光精华（滚滚,228.0,EXOXEN小红瓶水光精华,EXOXEN,小红瓶,精华,滚滚,补水+提亮+修护,¥228/30ml,韩国,
【童颜小金针】特护美白抗皱精华液,199.0,欧莱雅复颜玻尿酸水光充盈小金针精华,欧莱雅,复颜玻尿酸,精华液,童颜小金针,抗皱+美白+保湿,¥199/30ml,法国,
【拍一发三】欧束菲美白祛斑精华液烟酰胺雪莲花提亮焕白护肤保湿TL,39.0,欧束菲美白祛斑精华液,欧束菲,,精华液,小白瓶,美白+祛斑+保湿,¥39/30ml,中国,
【官方正品】377美白精华液烟酰胺次抛淡斑去黄提亮补水保湿收毛孔,28.8,377美白精华液,城野医生,377,精华液,377精华,美白+淡斑+提亮,¥28.8/18ml,日本,
【七周年】【5瓶特惠】青蒿舒稳厚脸皮精华水120ml强韧维稳,82.52,青蒿舒稳厚脸皮精华水,未知,青蒿舒稳,精华水,厚脸皮精华水,强韧+维稳,¥82.52/120ml,中国,
【8:2黄金水油比】熬夜精华油/26年7月效期,19.0,8:2黄金水油比熬夜精华油,,,精华油,黄金水油比精华油,保湿+修护+抗氧化,¥19/30ml,,
红欧纪超微小分子玻尿酸抗皱水光凝露,6.0,红欧纪超微小分子玻尿酸抗皱水光凝露,红欧纪,超微小分子,凝露,水光凝露,抗皱+保湿,¥6.0/瓶,中国,
【持证美白】名美人美白精华液377美白精华液,69.0,名美人377美白精华液,名美人,377美白,精华液,377精华,美白+淡斑+提亮,¥69/30ml,中国,
【叶允专属】伊丽莎白密码胶原臻萃保湿粒子油,49.0,伊丽莎白密码胶原臻萃保湿粒子油,伊丽莎白密码,胶原臻萃,精华油,粒子油,保湿+滋养+修护,¥49/30ml,中国,
【B5小红瓶新品上新】EVM维生素原B5胶原清透舒润修护修红精华液 A,69.0,EVM维生素原B5胶原清透舒润修护修红精华液,EVM,B5胶原,精华液,B5小红瓶,修护+修红+保湿,¥69/30ml,中国,
MIZIYA/谜姿雅小分子虾青素精华液 抗氧化抗糖化 抗皱紧致,95.0,谜姿雅小分子虾青素精华液,MIZIYA/谜姿雅,小分子虾青素,精华液,虾青素精华,抗氧化+抗糖化+抗皱,¥95/30ml,中国,
Guerlain/娇兰帝皇蜂姿双效焕新修护紧塑精华露双管,18.82,娇兰帝皇蜂姿双效焕新修护紧塑精华露,娇兰,帝皇蜂姿,精华,双管精华,修护+紧致+焕新,¥1882/50ml,法国,
【到手51支高渗透次抛】珂谧穿膜胶原蛋白棒次抛灌透抗皱精华zb,419.0,珂谧穿膜胶原蛋白棒次抛精华,珂谧,穿膜,精华,胶原蛋白棒,抗皱+渗透+保湿,¥419/51支,中国,
美白淡斑靓肤次抛377精华烟酰胺熊果苷淡斑去黄提亮改善暗沉肤色,1.99,377次抛精华,润百颜,377,精华,白纱布精华,美白+淡斑+提亮,¥1.99/支,中国,
角鲨烷抗皱水光养肤油分解油【拍二发三】,99.0,角鲨烷抗皱水光养肤油,,,精华油,养肤油,抗皱+保湿+提亮,¥99/30ml,,
【母亲节礼物】珀莱雅ABC组合红宝石源力双抗精华美白紧致抗皱紧致,15.44,珀莱雅红宝石精华+双抗精华+源力精华组合装,珀莱雅,红宝石+双抗+源力,精华组合,ABC精华,抗老+修护+提亮,¥15.44/组合装,中国,
【送周边】微著祛痘精华膜水杨酸壳聚糖凝胶精华面部熬夜必备护肤品,39.0,微著祛痘精华膜,微著,,精华膜,祛痘膜,祛痘+控油+修护,¥39/30ml,中国,
一【精选】兰肌语双层酵母精萃液,69.9,兰肌语双层酵母精萃液,兰肌语,双层酵母,精华液,酵母精萃液,修护+保湿+提亮,¥69.9/30ml,中国,
进阶版美白小灯泡，迪凯瑞美白提亮双重VC安瓶精华液28支,29.9,,,,,,,,,返回数据列数不正确
【官方福利】富勒烯羊胎素精华液抗皱补水保湿提亮肤色淡化细纹精华,2.0,富勒烯羊胎素精华液,无,无,精华液,无,抗皱+补水+提亮,¥2.0/瓶,无,
【热恋狂欢】迪仕艾普霍霍巴油60粒*2瓶 保湿舒缓抗皱,5.18,迪仕艾普热恋狂欢霍霍巴油胶囊,迪仕艾普,热恋狂欢,精华油,霍霍巴油胶囊,保湿+舒缓+抗皱,¥5.18/60粒*2瓶,中国,
【升级3.0左手香】蔻妍草 敏感肌高浓度植物修护精华液,70.0,蔻妍草升级3.0左手香修护精华液,蔻妍草,升级3.0左手香,精华液,左手香精华,修护+舒缓+保湿,¥70/30ml,中国台湾,
【宠粉季】韩束胶原棒重组胶原蛋白修护维稳淡纹紧致次抛精华液,99.0,韩束胶原棒重组胶原蛋白次抛精华液,韩束,胶原棒,精华液,胶原棒精华,修护+淡纹+紧致,¥99/30ml,中国,
【达人推荐】科颜萃虾青素双抗精华抗氧抗糖紧致弹嫩细腻提亮肤色,89.0,科颜萃虾青素双抗精华,科颜萃,,精华,双抗精华,抗氧+抗糖+紧致,¥89/30ml,中国,
抗老驻颜注氧液紧致抗皱补水保湿套盒原液修护提拉舒缓老化淡纹,119.0,抗老驻颜注氧液,无,无,精华液,注氧精华,抗老+补水+紧致,¥119/30ml,无,
【韩总专属】JAOCHAN娇婵愈伤组织培养物提肌液,38.0,JAOCHAN娇婵愈伤组织培养物提肌液,JAOCHAN娇婵,,精华液,愈伤精华,修护+提亮,¥38/30ml,中国,
苏百芮燕麦赋能长效舒缓保湿面部肌肤养肤嫩肤精简紧致精华液,99.0,苏百芮燕麦赋能长效舒缓保湿面部肌肤养肤嫩肤精简紧致精华液,苏百芮,燕麦赋能,精华液,燕麦精华,舒缓+保湿+紧致,¥99/30ml,中国,
柏兰梦眼部细胞抗皱精华液,399.0,柏兰梦细胞抗皱眼部精华液,柏兰梦,细胞抗皱,精华液,抗皱小银瓶,抗皱+紧致+淡纹,¥399/30ml,中国,
【赢姐甄选】英国-溶纹油-多维细胞逆颜抗皱溶纹油淡纹抗皱以油养肤,39.0,多维细胞逆颜抗皱溶纹油,赢姐甄选,多维细胞逆颜,精华油,溶纹油,淡纹+抗皱+滋养,¥39/30ml,英国,
BIOHEAL BOH/百析珀酵萃三维弹润紧致淡纹精华液30ml*2抗皱淡纹,329.0,BIOHEAL BOH酵萃三维弹润紧致淡纹精华液,BIOHEAL BOH,酵萃,精华液,百析珀精华,抗皱+紧致+淡纹,¥329/30ml,韩国,
【美白祛斑证书】HANKEY/韩纪  377+烟酰胺 美白祛斑精华液,59.8,HANKEY韩纪377烟酰胺美白祛斑精华液,HANKEY/韩纪,377+烟酰胺,精华液,377精华,美白+祛斑+提亮,¥59.8/30ml,中国,
sedell诗黛尔美白保湿胶原棒 1.5ml*30支 SDEHH086,99.73,sedell诗黛尔美白保湿胶原棒,sedell诗黛尔,,精华液,胶原棒,美白+保湿+紧致,¥99.73/45ml,中国,
纪梵蝶双萃鱼子酱紧致抗皱精华液-送手镯,39.0,纪梵蝶双萃鱼子酱紧致抗皱精华液,纪梵蝶,双萃,精华液,鱼子酱精华,紧致+抗皱+滋养,¥39/30ml,中国,
心动密语维生素保湿精华液,79.0,心动密语维生素保湿精华液,心动密语,,精华液,,保湿+维生素,¥79/30ml,中国,
【提肌液】娇婵愈伤组织培养物提肌液（提拉紧致，抗皱）,19.0,娇婵愈伤组织培养物提肌液,娇婵,,精华液,提肌液,提拉紧致+抗皱,¥19/30ml,中国,
乳木果精华油袋包1mI*1搭配多功能爽肤水15ml*1瓶/爽肤水150ml*2,19.0,乳木果精华油袋包1ml*1搭配多功能爽肤水15ml*1瓶/爽肤水150ml*2,,,爽肤水,,,¥19/150ml,,
角鲨烷抗皱注氧发光水光油,49.9,角鲨烷抗皱注氧发光水光油,无,无,精华油,发光油,抗皱+保湿+提亮,¥49.9/30ml,无,
JOVISSE/洁薇丝377臻奢雪肌美白次抛精华乳-DY,399.0,JOVISSE 377臻奢雪肌美白次抛精华乳,JOVISSE,377臻奢雪肌,精华乳,377次抛,美白+提亮+淡斑,¥399/30ml,中国,
【高端抗老】OLAY玉兰油淡纹黑管精华液修护抗皱紧致保湿,108.9,OLAY超红瓶淡纹黑管精华液,OLAY,超红瓶,精华液,黑管精华,抗老+修护+紧致,¥108.9/30ml,美国,
兰欧莲玻尿酸肌底液水光焕亮,9.0,兰欧莲玻尿酸肌底液水光焕亮,兰欧莲,,肌底液,水光肌底液,保湿+焕亮+修护,¥9.0/30ml,中国,
Guerlain/娇兰帝皇蜂姿复原蜜精华30ml*2全新第四代黄金复原蜜,34.84,娇兰帝皇蜂姿黄金复原蜜,娇兰,帝皇蜂姿,精华,黄金复原蜜,修护+滋养+抗老,¥34.84/30ml,法国,
美容院线KOFAN蔻芳羊胎素细胞冻存胶原水和乳,199.0,,,,,,,,,返回数据列数不正确
DR.WU达尔肤30ml抛光水+8%杏仁酸精华2ml*2+抛光膜1片（专属福利）,29.0,DR.WU杏仁酸精华液,DR.WU,杏仁酸,精华,杏仁酸精华,焕肤+控油+祛痘,¥29/30ml,中国台湾,
【徐衫推荐】PLANTPARK植方小脸精华芋螺毒素肽紧致抗皱次抛补水,8.04,PLANTPARK植方小脸精华芋螺毒素肽紧致抗皱次抛,PLANTPARK,植方,精华,小脸精华,紧致+抗皱+补水,¥8.04/支,中国,
【希娜专属】绽媄娅舒缓保湿精华喷雾100ml（效期26年7月）,19.0,绽媄娅舒缓保湿精华喷雾,绽媄娅,,喷雾,绽媄娅喷雾,舒缓+保湿,¥19/100ml,中国,
377美白祛斑抗皱舒缓精华液,59.0,城野医生377美白精华,城野医生,377,精华液,377精华,美白+祛斑+抗皱,¥59/18g,日本,
【官方正品】8D*黑绷带美白祛斑*补水保湿精华液*焕颜美白*润而不腻,20.0,8D黑绷带美白精华液,8D,黑绷带,精华液,黑绷带精华,美白+祛斑+保湿,¥20/30ml,中国,
HEXKIN赫诗琴焕颜精华乳保湿抗皱紧致小红管微针精华,278.0,HEXKIN赫诗琴焕颜精华乳,HEXKIN赫诗琴,焕颜,精华乳,小红管精华,保湿+抗皱+紧致,¥278/30ml,中国,
嘉嘉推荐# 377特护美白次抛精华液,19.0,377特护美白次抛精华液,薇诺娜,377特护,精华液,377精华,美白+淡斑+修护,¥19/1ml,中国,
【杨宛联名共创】米加4.0版B5精华液补水修护舒缓高浓度泛醇15ml,29.0,米加B5修护精华液,米加,无,精华液,B5精华,补水+修护+舒缓,¥29/15ml,中国,
【自营】娇韵诗双萃第九代新版精华50ml【b】,47.66,娇韵诗双萃焕活修护精华露,娇韵诗,双萃,精华,双萃精华,抗老+修护+焕亮,¥760/50ml,法国,
【香香专属】海蓝之谜精粹水30ml修护保湿精华液爽肤水滋润f,138.0,海蓝之谜修护精萃水,海蓝之谜,修护精萃,精华水,精粹水,修护+保湿+滋润,¥138/30ml,美国,
【母亲节礼物】娇润泉二裂酵母重组胶原蛋白次抛精华液舒缓保湿紧致,152.0,娇润泉二裂酵母重组胶原蛋白次抛精华液,娇润泉,二裂酵母,精华液,二裂酵母次抛,舒缓+保湿+紧致,¥152/30ml,中国,
富勒西胎盘素精华液小鸡腿紧致保湿抗皱精华液护肤品,16.0,富勒烯胎盘素精华液,无,,精华液,小鸡腿精华,紧致+保湿+抗皱,¥16.0/瓶,,
Cetaphil/丝塔芙自修精华30ml保湿修护舒缓,98.0,丝塔芙自修精华,丝塔芙,自修,精华,自修精华,保湿+修护+舒缓,¥98/30ml,美国,
THE GINZA粉晶按摩菁华露100ml 效期:26/3保湿滋养肌肤,109.39,THE GINZA粉晶按摩菁华露,THE GINZA,粉晶,精华,粉晶精华,保湿+滋养,¥109/100ml,日本,
【明星同款】欧玛PHYTO-C橄榄修护精华15/30ml保湿祛痘修护舒缓控油,318.48,欧玛PHYTO-C橄榄修护精华,欧玛,PHYTO-C,精华,橄榄精华,修护+舒缓+控油,¥318/30ml,美国,
酷格鱼子酱胶原蛋白抗皱精华,9.9,酷格鱼子酱胶原蛋白抗皱精华,酷格,,精华,鱼子酱精华,抗皱+紧致+保湿,¥9.9/30ml,中国,
爱思露依克多因奇迹精华次抛原液紧致精粹保湿,336.0,爱思露依克多因奇迹精华次抛原液,爱思露,依克多因奇迹,精华,次抛精华,紧致+保湿+修护,¥336/30ml,韩国,
【4盒高纯度377】烟酰胺美白淡斑次抛精华液改善肤质暗沉淡化斑点,29.0,4盒高纯度377烟酰胺美白淡斑次抛精华液,未知,未知,精华液,377次抛精华,美白+淡斑+提亮,¥29/盒,未知,
胶原蛋白抗皱精华液-抗皱紧致保湿精华液,29.0,胶原蛋白抗皱精华液,欧莱雅,复颜玻尿酸,精华液,紫熨斗精华,抗皱+紧致+保湿,¥29/30ml,法国,
一叶子美白祛斑精华液100ml提亮肤色大瓶装美白特证护肤品,59.0,一叶子美白祛斑精华液,一叶子,,精华液,美白精华,美白+祛斑+提亮,¥59/100ml,中国,
卡尔曼尼胶原细胞紧纹液,39.0,卡尔曼尼胶原细胞紧纹液,卡尔曼尼,,精华液,胶原紧纹液,紧致+抗皱+保湿,¥39/30ml,中国,
AFU/阿芙肌底液多效精油30ml补水面部提拉紧致小棕瓶舒缓专卖店,59.0,阿芙多效肌底精华油,阿芙,肌底精华,精油,小棕瓶精油,补水+紧致+舒缓,¥59/30ml,中国,
不含一点水浓度更高，TYS六胜肽蓝胶/黑胶/粉胶浓缩精华10粒装,19.0,,,,,,,,,返回数据列数不正确
（微晶肌底浓缩因子）细胞紧致抚纹浓缩液,69.0,微晶肌底浓缩因子细胞紧致抚纹浓缩液,,,精华,,紧致+抚纹+抗老,¥69/30ml,,
千纤草四抗焕亮修护精华液抗皱紧致保湿舒缓抗糖抗氧化,69.0,千纤草四抗焕亮修护精华液,千纤草,四抗焕亮,精华液,四抗精华,抗皱+抗氧化+保湿,¥69/30ml,中国,
Q奇迹钥匙人参奢养御颜精华水,59.0,Q奇迹钥匙人参奢养御颜精华水,Whoo后,秘贴,精华水,秘贴精华水,滋养+修护+抗老,¥59/150ml,韩国,
熬夜肌救星 谷胱甘肽精华液提亮肤色改善暗沉祛黄气面部精华,49.0,熬夜肌救星谷胱甘肽精华液,熬夜肌救星,,精华液,熬夜精华,提亮+改善暗沉+祛黄,¥49/30ml,中国,
【臭臭分享】Yunth美白保湿支VC精华温感祛黄嫩肤抗皱紧致0刺激,210.07,Yunth美白VC精华,Yunth,,精华,臭臭精华,美白+保湿+抗皱,¥210/30ml,中国,
梦希蓝三型胶原蛋白嘭弹次抛精华液 改善脸部松弛提升紧致轮廓线,29.0,梦希蓝三型胶原蛋白嘭弹次抛精华液,梦希蓝,三型胶原蛋白,精华液,胶原嘭弹精华,紧致+提升+抗老,¥29/1ml,中国,
【国内现货】SHISEIDO/资生堂正品 红妍肌活精华露III小样10ml*3【h】,69.0,资生堂红妍肌活精华露,资生堂,红妍肌活,精华,红腰子,修护+保湿+强韧,¥690/30ml,日本,
【调理反复痘】芙清祛痘精华油痘肌清痘去粉刺控油舒缓保湿修护精华,98.0,芙清祛痘调理精华液,芙清,祛痘系列,精华,祛痘小绿瓶,控油+祛痘+修护,¥98/30ml,中国,
【娇润泉】第二代升级透明质酸钠舒缓透润次抛精华液 强保湿强舒缓,89.0,娇润泉第二代升级透明质酸钠舒缓透润次抛精华液,娇润泉,透明质酸钠,精华液,次抛精华,保湿+舒缓,¥89/30ml,中国,
正品伊渼雅维e护肤甘油新款脸部护肤保湿补水妆前补水伊美雅120ml,19.0,正品伊渼雅维e护肤甘油新款脸部护肤保湿补水妆前补水伊美雅120ml,伊渼雅,,护肤甘油,维e甘油,保湿+补水+妆前,¥19/120ml,中国,
AGLAIWISH虾青素双抗复颜抗皱次抛精华液-TG,8.5,AGLAIWISH虾青素双抗复颜抗皱次抛精华液,AGLAIWISH,双抗复颜,精华液,双抗精华,抗皱+抗氧化+修护,¥8.5/支,中国,
（院线）法令八字一填二充三嫩，TYS蓝胖子白细胞填充肌活液精华6支,59.0,TYS蓝胖子白细胞填充肌活液精华,TYS,蓝胖子,精华,蓝胖子精华,填充+嫩肤+修复,¥59/6支,中国,
【提亮】ZMbeauty进口377烟酰胺不易反黑去黄提亮补水修护30ml,36.5,ZMbeauty377烟酰胺精华液,ZMbeauty,377,精华,377小白瓶,提亮+去黄+补水,¥36.5/30ml,进口,
青几修护精华油敏感肌虾青素40%白池花籽油抗老以油养肤紧致抗皱,49.0,青几虾青素修护精华油,青几,,精华油,虾青素油,修护+抗老+紧致,¥49/30ml,中国,
春日来信vc精华提亮肤色3.0维c补水精华液紧致抗皱补水提亮正品,9.0,春日来信VC精华3.0,春日来信,VC精华3.0,精华,VC小橘瓶,提亮+抗皱+补水,¥9.0/30ml,中国,
美颜弹润精华液补水次抛精华,30.0,美颜弹润精华液补水次抛精华,润百颜,润百颜,精华液,次抛精华,补水+弹润+修护,¥30/1ml,中国,
A2449  第七章玻色因恒润次抛精华液,19.0,第七章玻色因恒润次抛精华液,第七章,,精华液,玻色因次抛,保湿+修护+抗初老,¥19/1.5ml,中国,
素颜扎_Medicube美蒂秋芙PDRN三文鱼微晶淡斑安瓶2000ppm+7500ppm,89.9,Medicube PDRN三文鱼微晶淡斑安瓶,Medicube,PDRN三文鱼,安瓶,三文鱼安瓶,淡斑+修复+提亮,¥89.9/瓶,韩国,
【焕白】ZMbeauty泽曼诗进口377烟酰胺去黄提亮肤色精华液 30ml,69.0,泽曼诗377焕白精华液,泽曼诗,377,精华液,377小白瓶,焕白+去黄+提亮,¥69/30ml,进口,
雅丽黛斯蓝铜肽紧致抗皱淡纹精华液,99.0,雅丽黛斯蓝铜肽紧致抗皱淡纹精华液,雅丽黛斯,蓝铜肽,精华液,蓝铜肽精华,紧致+抗皱+淡纹,¥99/30ml,中国,
Rosestheone Vivier罗诗薇儿三型胶原多肽次抛精华,59.0,Rosestheone Vivier罗诗薇儿三型胶原多肽次抛精华,Rosestheone Vivier,三型胶原多肽,精华,胶原次抛,抗皱+紧致+修护,¥59/1ml,中国,
ddg511精华2.0保湿补水维稳修护敏感泛红B5精华,36.29,DDG B5保湿修护精华,DDG,,精华,B5精华,保湿+修护+维稳,¥36.29/30ml,美国,
译龄分龄精华液25紧致淡纹a醇20提亮保湿30抗皱修护精华液保湿10g,29.0,译龄分龄精华液25紧致淡纹,译龄,分龄,精华液,译龄精华,紧致+淡纹+保湿,¥29/10g,中国,
【第二单减5元】Whoo后天气丹精华小样1ml*30片 滋养保湿提亮紧颜,29.0,Whoo后天气丹精华液,Whoo,天气丹,精华,天气丹精华,滋养+保湿+提亮,¥29/30ml,韩国,
John Jeff20%壬二酸霜祛痘杜鹃花酸新生痘红肿痘控油油皮姐夫.,49.0,John Jeff20%壬二酸霜,John Jeff,,面霜,姐夫壬二酸霜,祛痘+控油+淡印,¥49/30ml,中国,
名芯会透亮美白祛斑精华液,99.0,名芯会透亮美白祛斑精华液,名芯会,透亮,精华液,美白精华,美白+祛斑+提亮,¥99/30ml,中国,
【官方正品】NACO虾青素双抗次抛精华液抗氧去黄提亮肤色保湿紧致,86.0,NACO虾青素双抗次抛精华液,NACO,虾青素双抗,精华液,双抗精华,抗氧+去黄+提亮,¥86/30ml,中国,
John Jeff12%维C精华液抗氧化提亮肤色紧致细滑肌肤原型VC姐夫,89.0,John Jeff12%维C精华液,John Jeff,,精华液,姐夫精华,抗氧化+提亮肤色+紧致,¥89/30ml,中国,
【发光精华】植由美空姐滤镜素颜滴精华液LL,45.77,植由美空姐滤镜素颜滴精华液,植由美,空姐滤镜,精华液,发光精华,提亮+保湿+修护,¥45.77/30ml,中国,
【溶斑素】柏兰梦美白祛斑水光精华液,199.0,柏兰梦美白祛斑水光精华液,柏兰梦,美白祛斑,精华液,溶斑素,美白+祛斑+提亮,¥199/30ml,中国,
【达人优选】-NACO玻尿酸水光嫩颜次抛精华2.0新升级精华补水保湿,28.76,NACO玻尿酸水光嫩颜次抛精华2.0,NACO,,精华,次抛精华,补水+保湿+嫩肤,¥28.76/1ml,中国,
外贸大牌-（主打：修护 紧致 皱纹）娇婵重组活性胶原灵芝霜,49.0,娇婵重组活性胶原灵芝霜,娇婵,,面霜,灵芝霜,修护+紧致+抗皱,¥49/50ml,中国,
【仁汇优品Z】CASSIEY卡丝鱼子酱奢护精华液保湿护肤品QP,8.8,卡丝鱼子酱奢护精华液,CASSIEY,卡丝,精华液,鱼子酱精华,保湿+修护,¥8.8/30ml,中国,
KISSMWAH白细胞DNA钠水润赋活次抛精华棒,1.95,KISSMWAH白细胞DNA钠水润赋活次抛精华棒,KISSMWAH,白细胞DNA钠,精华棒,DNA精华棒,补水+修护+抗老,¥1.95/支,中国,
Penellagen海星胶原蛋白精华胶囊粉底液,139.0,Penellagen海星胶原蛋白精华胶囊粉底液,Penellagen,海星胶原蛋白,粉底液,胶囊粉底液,保湿+遮瑕+养肤,¥139/30ml,韩国,
【用精华洗脸】百花萃墨红精华洁颜蜜温和不刺激洗卸护三合一-QD,79.0,百花萃墨红精华洁颜蜜,百花萃,墨红,洁颜蜜,墨红洁颜蜜,清洁+卸妆+温和,¥79/100ml,中国,
【澳大利亚·577】正品577美白抗皱精华液 祛斑·美白·抗皱·紧致·舒缓,20.0,577美白抗皱精华液,577,,精华液,577精华,美白+抗皱+紧致,¥20/30ml,澳大利亚,
【香香专属】兰蔻肌底液5ml小黑瓶精华,22.0,兰蔻小黑瓶精华肌底液,兰蔻,小黑瓶,精华,小黑瓶,修护+保湿+抗老,¥22/5ml,法国,
【抗皱+紧致+淡纹】娇婵二裂酵母抗皱次抛精华液*30支 淡纹补水保湿,19.9,娇婵二裂酵母抗皱次抛精华液,娇婵,二裂酵母,精华液,抗皱次抛,抗皱+紧致+淡纹,¥19.9/30支,中国,
与婵YUCHAN雪绒花凝粹舒缓精华补水保湿水润精华液,139.0,与婵雪绒花凝粹舒缓精华液,与婵,雪绒花凝粹,精华液,雪绒花精华,舒缓+补水+保湿,¥139/30ml,中国,
【意能达百货】肌底液补水精华液,29.0,肌底液补水精华,意能达百货,,精华,补水小蓝瓶,补水+保湿+修护,¥29/30ml,中国,
梵科泉虾青素双抗次抛虾青素精华液紧致提亮肤色抗氧【组合】S3,99.11,梵科泉虾青素双抗次抛精华液,梵科泉,双抗,精华液,双抗精华,抗氧+提亮+紧致,¥99/30ml,中国,
【森碟专属】燕窝精华液滋养抗皱提拉紧致淡化细纹提亮保湿护肤,118.26,燕窝精华液,森碟,,精华液,燕窝精华,滋养+抗皱+提亮,¥118.26/30ml,中国,
【天花板】10000ppm予田麦角硫因多肽精华液Ⅱ,399.0,予田10000ppm麦角硫因多肽精华液Ⅱ,予田,,精华液,天花板精华,抗氧化+修护+抗老,¥399/30ml,中国,
【重磅新品】ddg地基精华舒源修护舒缓精华强韧屏障维稳敏感泛红,21.16,DDG地基精华舒源修护舒缓精华,DDG,地基精华,精华,地基精华,修护+舒缓+强韧屏障,¥21.16/30ml,美国,
【森碟专属】Keruili 反重力扎 液态V雕紧致提升,98.82,Keruili反重力液态V雕精华,Keruili,反重力,精华,V雕精华,紧致+提升,¥98.82/30ml,中国,
【新客专享】夸迪黄金CP：悬油次抛+双仓面膜水油双锁保湿舒缓,39.0,,,,,,,,,返回数据列数不正确
娇韵诗双萃焕活修护精华 100ml,31.12,娇韵诗双萃焕活修护精华露,娇韵诗,双萃,精华,双萃精华,修护+抗老+保湿,¥31.12/100ml,法国,
SP藏金者妍抗皱修护紧颜水乳滋养修护保湿抗皱紧致舒缓控油,39.0,SP藏金奢宠抗皱修护紧颜水乳,SP,藏金奢宠,水乳,藏金水乳,抗皱+修护+保湿,¥39/100ml,中国,
玻色因活酵母无水抗皱精华露,18.0,赫莲娜玻色因活酵母无水抗皱精华露,赫莲娜,玻色因,精华,黑绷带精华,抗皱+修护+紧致,¥18.0/30ml,法国,
John Jeff377美白精华液面部精华祛斑淡化黑色痘印提亮肤色姐夫。,79.0,John Jeff377美白精华液,John Jeff,377,精华液,姐夫精华,美白+祛斑+提亮,¥79/30ml,中国,
【新客试用】凌博士蓝铜肽次抛精华液紧致抗皱舒缓护肤补水保湿H,12.0,凌博士蓝铜肽次抛精华液,凌博士,蓝铜肽,精华液,蓝铜肽次抛,紧致+抗皱+舒缓,¥12/1.5ml,中国,
【法国正品】et双萃赋活多效修护精华露）（微瑕清）,39.0,娇韵诗双萃赋活修护精华露,娇韵诗,双萃,精华,双萃精华,抗老+修护+焕亮,¥960/50ml,法国,
Ⅲ型+Ⅰ型胶原蛋白精华液重组人源胶原,19.0,Ⅲ型+Ⅰ型胶原蛋白精华液,可复美,胶原蛋白,精华液,胶原棒,修护+抗老+保湿,¥19.0/30ml,中国,
花本姿玫瑰面部精华油抗皱紧致淡化纹路保湿补水脸部以油养肤SC,29.0,花本姿玫瑰面部精华油,花本姿,,精华油,玫瑰精华油,抗皱+保湿+紧致,¥29/30ml,中国,
【潘雨润推荐】米加热拉提次抛芋螺肽紧致提拉收缩毛孔抗皱V脸精华,259.0,米加热拉提次抛芋螺肽紧致提拉精华,米加,加热拉提,精华,芋螺肽精华,紧致+提拉+抗皱,¥259/30ml,中国,
【易烊千玺同款】珀莱雅源力精华3.0滋养修护保湿抗皱紧致护肤通用,57.01,珀莱雅源力修护精华3.0,珀莱雅,源力,精华,源力精华,修护+保湿+抗皱,¥57.01/30ml,中国,
【5周年大补贴】妮维雅美白精华630淡斑淡痘印提亮焕白30ml,239.0,妮维雅630美白精华,妮维雅,630,精华,美白小方瓶,美白+淡斑+提亮,¥239/30ml,德国,
老爸评测麦角硫因 次 抛精华液保湿舒缓修护抗皱,199.0,老爸评测麦角硫因次抛精华液,老爸评测,,精华液,麦角硫因次抛,保湿+舒缓+抗皱,¥199/30ml,中国,
韩束白蛮腰次抛精华液美白祛斑改善暗沉紧致提亮保湿滋润易吸收,8.0,韩束白蛮腰次抛精华液,韩束,白蛮腰,精华液,白蛮腰精华,美白+祛斑+保湿,¥8.0/1ml,中国,
【央妈认证】b5精华液收缩毛孔粗大修复淡痘印湿敷水去黑头粉刺闭口,18.0,B5玻尿酸修护精华液,理肤泉,B5,精华液,B5精华,修护+保湿+淡印,¥18/30ml,法国,
KANS/韩束10mlX3聚时光臻奢塑颜精华液,19.0,KANS聚时光臻奢塑颜精华液,KANS,聚时光臻奢,精华液,塑颜精华,抗老+紧致+修护,¥19/30ml,中国,
【辉煌冬冬推荐】兰肌语鲟鱼子多肽靓肤精华液,69.0,兰肌语鲟鱼子多肽靓肤精华液,兰肌语,,精华液,鲟鱼子精华,亮肤+抗老+修护,¥69/30ml,中国,
角鲨烷养肤美容油【1单1瓶】【2单4瓶】,39.0,角鲨烷养肤美容油,HABA,,美容油,鲨烷油,保湿+修护+滋养,¥39/15ml,日本,
靓颜小棕瓶前导液,69.0,雅诗兰黛靓颜小棕瓶前导液,雅诗兰黛,小棕瓶,精华液,小棕瓶前导液,修护+保湿+提亮,¥69/30ml,美国,
SHOYO轻氧太空舱水光泡奢宠安瓶精华液精华保湿精华便携精华液,24.83,SHOYO轻氧太空舱水光泡奢宠安瓶精华液,SHOYO,轻氧太空舱,精华液,太空舱精华,保湿+修护+提亮,¥24.83/支,中国,
美白祛斑精华液保湿,69.0,OLAY淡斑小白瓶精华液,OLAY,淡斑小白瓶,精华液,小白瓶,美白+淡斑+保湿,¥69/30ml,美国,
花月情院线精华乳拍二发4,39.0,花月情院线精华乳,花月情,院线,精华乳,,保湿+修护,¥39/30ml,中国,
John Jeff B5精华液积雪草缓解泛红干痒补水保湿干敏肌敏感肌姐夫,35.0,John Jeff B5精华液,John Jeff,,精华液,姐夫B5精华,舒缓+修护+保湿,¥35/30ml,中国,
兰皙美白祛斑精华液,77.33,兰皙美白祛斑精华液,兰皙,,精华液,美白精华,美白+祛斑+淡斑,¥77.33/30ml,日本,
主播推介：拍1发3盒【填充液】专注皱纹-脐带血羊胎素细胞童颜液,299.0,脐带血羊胎素细胞童颜液,,,精华,童颜液,抗皱+修复,¥299/盒,日本,
KANS/韩束蓝胶囊沁润水活精华液30ml,19.0,KANS蓝胶囊沁润水活精华液,KANS,蓝胶囊,精华液,蓝胶囊精华,补水+保湿+修护,¥19/30ml,中国,
发两瓶 角鲨烷菁纯美容油,39.0,角鲨烷菁纯美容油,未知,菁纯,美容油,菁纯油,保湿+修护,¥39/瓶,未知,
【七七推荐】蜗牛精华紧致提拉紧致精华油,99.0,蜗牛修护精华油,暂无品牌信息,,精华油,蜗牛精华,修护+紧致+提拉,¥99/瓶,,
【婵润官旗】婵润美白精华液,69.0,婵润美白精华液,婵润,,精华液,美白精华,美白+提亮,¥69/30ml,中国,
【活动10支装】577烟酰胺美白次抛精华精华 祛斑提亮净白补水精华液,1.99,577烟酰胺美白次抛精华,577,,精华,美白次抛,美白+提亮+补水,¥1.99/支,中国,
【3.0升级版】ROTISS美白嫩肤祛斑霜焕颜美白*润而不腻*淡斑*净白,199.0,3.0升级版ROTISS美白嫩肤祛斑霜,ROTISS,3.0升级版,面霜,美白祛斑霜,美白+淡斑+嫩肤,¥199/50ml,中国,
金蛇二裂酵母精华水抗皱紧致淡纹小露珠舒缓维稳保湿肌肽爽肤水,79.0,金蛇二裂酵母精华水,金蛇,,精华水,小露珠,抗皱+紧致+保湿,¥79/50ml,中国,
【脸干巴巴女看】富勒烯胎盘素精华液补水保湿抗皱紧致收缩毛孔滋润,4.0,富勒烯胎盘素精华液,无,,精华液,无,补水+抗皱+紧致,¥4.0/瓶,,
Vliland薇俪兰烟酰胺577VC氨甲环酸提亮淡斑美白精华液,59.8,Vliland薇俪兰烟酰胺577VC氨甲环酸提亮淡斑美白精华液,Vliland薇俪兰,烟酰胺577VC,精华液,577VC精华,提亮+淡斑+美白,¥59.8/30ml,中国,
焕颜抗皱精华套盒,39.0,欧莱雅复颜玻尿酸焕颜抗皱精华套盒,欧莱雅,复颜玻尿酸,精华套盒,玻尿酸抗皱套盒,抗皱+保湿+提拉,¥39/套盒,法国,
【童颜小金针】三重黄金肌肽抗皱精华液,299.0,欧莱雅复颜玻尿酸水光充盈小金针精华,欧莱雅,复颜玻尿酸,精华液,童颜小金针,抗皱+保湿+提亮,¥299/30ml,法国,
【官方】小绿瓶痘肌调理精华液水杨酸祛痘闭口黑头控油调理痘肌护肤,59.0,【官方】小绿瓶痘肌调理精华液,【官方】,小绿瓶,精华液,小绿瓶精华,祛痘+控油+去闭口,¥59/30ml,中国,
【官方】惜玥雪肌美白精华液377美白淡斑烟酰胺提亮肤色抗氧化双抗,120.66,惜玥雪肌美白精华液,惜玥,雪肌,精华液,377精华,美白+淡斑+抗氧化,¥120.66/30ml,中国,
【婵润官旗】婵润新品玻色因抗皱套盒（黑）体验装,49.0,婵润玻色因抗皱套盒,婵润,玻色因,套盒,黑绷带套盒,抗皱+紧致+修护,¥49/套,中国,
【国内现货】伊丽莎白雅顿 紧致胶囊粉胶2代小样3.2ml-7粒/瓶*3【h】,89.0,伊丽莎白雅顿粉胶精华,伊丽莎白雅顿,粉胶,精华,粉胶,抗老+紧致+修护,¥89/3.2ml,美国,
【组合装到手164ml】柏芙林B5精华液修护泛红清爽保湿学生平价护肤,118.0,柏芙林B5保湿修护精华液,柏芙林,B5,精华液,B5精华,修护+保湿+舒缓,¥118/164ml,中国,
壬二酸精华液祛痘精华水杨酸淡化痘印黑头粉刺闭口控油祛痘印精华,16.0,The Ordinary 10%壬二酸精华液,The Ordinary,,精华液,壬二酸精华,祛痘+控油+淡化痘印,¥16/30ml,加拿大,
【40支】377烟酰胺美白次抛精华液祛斑提亮肤色精华液,22.9,40支377烟酰胺美白次抛精华液,未知,,精华液,377次抛,美白+祛斑+提亮,¥22.9/40支,未知,
【胖东&央妈力荐】377美白次抛精华液烟酰胺淡斑紧致抗皱提亮护肤品,23.0,377美白次抛精华液,胖东&央妈,,精华液,377次抛,美白+淡斑+抗皱,¥23/1ml,中国,
【5周年大补贴】妮维雅630双能瓶抑黑抗糖去黄去暗沉淡斑精华30ml,289.0,妮维雅630淡斑焕白精华,妮维雅,630,精华,630双能瓶,抑黑+抗糖+去黄,¥289/30ml,德国,
KUGE酷格美白精华液,18.0,KUGE酷格美白精华液,酷格,,精华液,酷格小白瓶,美白+提亮,¥18/30ml,中国,
云锦熙虾青素凝肌水,39.0,云锦熙虾青素凝肌水,云锦熙,,爽肤水,虾青素水,抗氧化+保湿+提亮,¥39/150ml,中国,
EISENBERG/伊诗贝格V脸精华轮廓紧致面部精华液紧致提拉官方正品,4.86,EISENBERG V脸轮廓紧致精华液,EISENBERG,无,精华液,V脸精华,紧致+提拉+塑颜,¥486/30ml,法国,
XL阿玛尼黑钥匙水润充盈精华液  30ml,79.0,阿玛尼黑钥匙水润充盈精华液,阿玛尼,黑钥匙,精华液,黑钥匙精华,保湿+修护+抗老,¥79/30ml,意大利,
【心动肌遇】迪仕艾普 葡萄籽精华液30ml*2瓶 紧致保湿精华液,387.74,迪仕艾普葡萄籽精华液,迪仕艾普,葡萄籽,精华液,心动肌遇,紧致+保湿,¥387.74/60ml,中国,
人参抗皱贵妇精华液,2.0,Whoo后秘贴焕然修护精华液,Whoo,秘贴,精华液,秘贴精华,抗皱+修护+滋养,¥2000/50ml,韩国,
【再生霜】水焕肌鱼子酱青春填充精华,59.0,水焕肌鱼子酱青春填充精华,水焕肌,,精华,鱼子酱精华,抗老+修复+填充,¥59/30ml,中国,
olay玉兰油超抗小白瓶面部精华液烟酰胺抗糖美白保湿抗皱紧致舒缓,45.0,OLAY超抗小白瓶精华液,OLAY,超抗小白瓶,精华液,小白瓶,美白+抗糖+保湿,¥45/30ml,美国,
后 秘贴清颜精华液15ml,19.0,后秘贴清颜顺滑精华液,WHOO,秘贴,精华液,秘贴精华,保湿+修护+提亮,¥19/15ml,韩国,
徐楠楠蔻辰绿宝瓶精华液,49.0,蔻辰绿宝瓶精华液,蔻辰,绿宝瓶,精华液,绿宝瓶精华,保湿+修护,¥49/30ml,中国,
【琦儿专属】MOOKLOOK/茉珂抗皱紧致美容油 紧致淡纹保湿舒缓20ml*2,53.43,MOOKLOOK茉珂抗皱紧致美容油,MOOKLOOK,抗皱紧致,美容油,茉珂美容油,抗皱+紧致+保湿,¥53.43/20ml,中国,
美白精华小样淡斑精华乳577柔嫩亮肤美白祛斑熊果苷光甘草定乳,158.0,美白精华小样淡斑精华乳577,修丽可,发光瓶,精华,发光瓶精华,美白+淡斑+提亮,¥158/30ml,美国,
赫莲娜夜间精华 悦活强韧青春夜间焕新精华 8ml,199.0,赫莲娜悦活强韧青春夜间焕新精华,赫莲娜,悦活,精华,绿宝瓶夜间精华,修护+抗老+焕肤,¥199/8ml,法国,
Ooumeilian/欧美莲美白抗皱精华液补水保湿金黄原液紧致淡化皱纹,39.0,Ooumeilian美白抗皱精华液,Ooumeilian,,精华液,欧美莲精华,美白+抗皱+保湿,¥39/30ml,中国,
【一抹白】美白紧致抗皱祛斑精华液（美白➕抗皱➕祛斑）,28.0,一抹白美白紧致抗皱祛斑精华液,一抹白,,精华液,一抹白精华,美白+抗皱+祛斑,¥28/30ml,中国,
【全新平替】淡斑美白精华液烟酰胺补水面部精华修护保湿精华液四瓶,99.0,淡斑美白精华液,空,空,精华液,小白瓶,美白+淡斑+保湿,¥99/4瓶,空,
【官方直播】【抬头纹-川字纹-法令纹-颈纹】兰亭黄金胶原精华抗皱,79.9,兰亭黄金胶原抗皱精华,兰亭,黄金胶原,精华,黄金精华,抗皱+紧致+淡纹,¥79.9/30ml,中国,
（分解油）天美护肤专属细胞油,79.0,天美护肤专属细胞油,天美护肤,专属细胞,精华油,细胞油,修护+滋养+保湿,¥79/30ml,中国,
熊熊粉嫩如初 美白精华粉又紧精华液植物精华萃取淡化小花园色素,59.0,熊熊粉嫩如初美白精华,熊熊粉嫩如初,,精华液,粉又紧精华,美白+紧致+淡斑,¥59/30ml,中国,
DMCK三文鱼抛光滴修复精华面部美白抗皱紧致精华保湿面霜,299.0,DMCK三文鱼抛光滴修复精华,DMCK,三文鱼抛光滴,精华,三文鱼精华,美白+抗皱+紧致,¥299/30ml,韩国,
【院线刷酶】生美时代生物酶紧致弹润组合,39.0,生美时代院线刷酶生物酶紧致弹润组合,生美时代,院线刷酶,护肤组合,刷酶组合,紧致+弹润,¥39/套,中国,
【冻龄丸】活细胞白细胞冻龄紧致浓缩液冻龄丸(抗皱+紧致+嫩肤),39.0,活细胞白细胞冻龄紧致浓缩液,活细胞,,精华,冻龄丸,抗皱+紧致+嫩肤,¥39/30ml,,
bokin十三籽嘭愈修护悬油次抛精华液（每袋5支，要避光保存）,29.0,bokin十三籽嘭愈修护悬油次抛精华液,bokin,十三籽嘭愈,精华液,十三籽精华,修护+滋养,¥29/5支,中国,
【三盒五盒囤】肤研美白祛斑精华液（排黑）lk,1.87,肤研美白祛斑精华液,肤研,,精华液,排黑精华,美白+祛斑+提亮,¥1.87/支,中国,
【三单五单囤】Whsa维E保湿护肤甘油补水水润,2.0,维E保湿护肤甘油,Whsa,,护肤甘油,三单五单囤,保湿+补水+滋润,¥2.0/瓶,中国,
BDI三文鱼2%海绵骨水光精华 单支,99.0,BDI三文鱼2%海绵骨水光精华,BDI,三文鱼,精华,水光精华,补水+修护+提亮,¥99/支,韩国,
【莉姐专属】三型胶原蛋白次抛精华液紧致抗皱滋润保湿嘭弹,199.0,可丽金胶原蛋白次抛精华,可丽金,胶原蛋白,精华液,三型胶原,紧致+抗皱+保湿,¥199/1.5ml,中国,
【直播专享】CEMOY/澳诗茉21天密集抗皱胶囊精华,139.0,CEMOY21天密集抗皱胶囊精华,CEMOY,21天密集,精华,21天精华,抗皱+修护+提亮,¥139/21粒,澳大利亚,
妳尊雪绒花多肽紧颜抗皱发光水,20.0,妳尊雪绒花多肽紧颜抗皱发光水,妳尊,雪绒花,爽肤水,发光水,紧致+抗皱+提亮,¥20.0/150ml,中国,
【可复美】胶原棒2.0重磅升级 重组胶原蛋白次抛精华液修护舒缓30支,228.94,可复美重组胶原蛋白次抛精华液,可复美,重组胶原蛋白,精华液,胶原棒,修护+舒缓+抗老,¥228.94/30支,中国,
【三盒五盒囤】Whsa毛孔净透次抛精华液,39.9,Whsa毛孔净透次抛精华液,Whsa,,精华液,毛孔次抛,清洁+控油+收缩毛孔,¥39.9/盒,中国,
BIOHYALUX/润百颜水光棒次抛精华液水润次抛4.0版【DB】,265.0,润百颜水光棒次抛精华液4.0,润百颜,BIOHYALUX,精华液,水光棒,补水+提亮+修护,¥265/1.5ml,中国,
【吴千语同款】兰时光精华液维稳修护舒缓肌肤抗皱修护护肤保湿,27.02,兰时光精华液,兰,时光,精华液,兰精华,维稳+修护+抗皱,¥27.02/30ml,中国,
John Jeff积雪草修红大师精华液舒缓肌肤即时退红淡红痘印姐夫.,49.0,John Jeff积雪草修红大师精华液,John Jeff,积雪草修红大师,精华液,姐夫精华,舒缓+修红+淡印,¥49/30ml,中国,
【院线专供】【小灯炮】 美白淡斑精华液,49.0,,,,,,,,,返回数据列数不正确
伯纳赫胶原紧致舒缓次抛精华液1.2ml*30支/盒【效期至26年8月】,129.0,伯纳赫胶原紧致舒缓次抛精华液,伯纳赫,胶原紧致舒缓,精华液,次抛精华,紧致+舒缓+修护,¥129/36ml,中国,
Q精华油-奇迹钥匙红山茶精萃焕活精华油,89.0,Q奇迹钥匙红山茶精萃焕活精华油,Q,奇迹钥匙,精华油,红山茶精华油,修护+焕活+滋养,¥89/30ml,中国,
薇诺娜311屏障次抛精华1.5ml*30支 保湿修护 DB xh0506,348.0,薇诺娜屏障修护精华液,薇诺娜,屏障修护,精华,311次抛精华,修护+保湿+舒缓,¥348/45ml,中国,
红欧纪微分子复活草神经酰胺肌底液,29.0,红欧纪微分子复活草神经酰胺肌底液,红欧纪,微分子,肌底液,复活草肌底液,修护+保湿+强韧屏障,¥29/30ml,中国,
觀山頌· 紧致抗皱焕颜「小山丘」精华液,499.0,觀山頌紧致抗皱焕颜精华液,觀山頌,小山丘,精华液,小山丘精华,紧致+抗皱+焕颜,¥499/30ml,中国,
敷尔佳胶原蛋白抗皱次抛精华母亲节礼盒1.3ml×90支正装面膜送妈妈,486.0,敷尔佳胶原蛋白抗皱次抛精华,敷尔佳,胶原蛋白,精华,次抛精华,抗皱+修护+紧致,¥486/1.3ml×90支,中国,
第五代活胶原【正品保证】发6盒60支,99.0,第五代活胶原精华液,可复美,活胶原,精华液,胶原棒,修护+保湿+抗老,¥99/60支,中国,
Q【活胶原】奇迹钥匙十七型胶原御龄紧致次抛精华液,199.0,Q【活胶原】奇迹钥匙十七型胶原御龄紧致次抛精华液,珀莱雅,奇迹钥匙,精华液,胶原次抛,抗老+紧致+修护,¥199/30ml,中国,
【小红瓶水光液】黎芮恩微分子水光启动液,59.0,黎芮恩微分子水光启动液,黎芮恩,微分子,精华液,小红瓶水光液,补水+提亮+修护,¥59/30ml,中国,
云锦熙虾青素凝肌水,39.0,云锦熙虾青素凝肌水,云锦熙,,爽肤水,虾青素水,抗氧化+保湿+提亮,¥39/150ml,中国,
川智紫雪参奢养调理精华液,298.0,川智紫雪参奢养调理精华液,川智,紫雪参,精华液,紫参精华,滋养+修护+焕亮,¥298/30ml,中国,
美尼姿逆龄抗皱淡纹童颜乳液,29.0,美尼姿逆龄抗皱淡纹童颜乳液,美尼姿,逆龄,乳液,童颜乳液,抗皱+淡纹+保湿,¥29/50ml,中国,
