text,count
99%好评,576
98%好评,497
直播中,336
PLUS到手价,329
京东物流,262
品牌,262
胶原修护,262
果酸,262
配送时效,262
20万+条评价,237
到手价,226
3件单价约,154
2件单价约,153
2万+条评价,148
97%好评,137
5万+条评价,126
10万+条评价,119
1万+条评价,111
2000+条评价,110
100万+条评价,96
5000+条评价,81
100%好评,81
50万+条评价,67
96%好评,54
全网热销100万+,52
1000+条评价,48
500+条评价,31
200+条评价,26
保湿,25
95%好评,25
全网热销70万+,22
全网热销80万+,17
500万+条评价,16
全网热销200万+,15
400万+条评价,14
全网热销20万+,13
试用价,13
27分钟达,12
全网热销60万+,12
好评率97%,10
25分钟达,10
临期清仓专区,10
同款低价,9
全网热销50万+,8
全网热销30万+,8
好评率98%,8
94%好评,7
100+条评价,6
南京同仁堂精选美妆京东自营专区,6
好评率96%,6
进口优选美妆京东自营专区,5
蒂佳婷（Dr.Jart）海外京东自营专区,5
全网热销10万+,5
28分钟达,4
低于同款均价50%,4
屈臣氏-CF松山永业广场,4
91%好评,4
滋润,4
欧莱雅玻色因安瓶面膜,4
 德美乐嘉多维提亮抗初老面膜10ml,4
已入会,4
焕白亮白,4
京东全球购美妆韩国自营专区,4
 【胖东来严选】补水面膜TOP1,3
 雅漾专研修护保湿面膜1片,3
92%好评,3
护肤品京东自营专区,3
 欧诗漫（OSM）珍珠美白淡斑面膜5片/盒*2【到手10片】 补水保湿改善暗沉护肤,3
 科颜氏白泥清洁面膜125ml,3
 屈臣氏燕窝皙白沁润面膜10片装,3
补水保湿,3
 【热销百万】男士去黑头面膜,3
PMPM保湿嫩肤白松露面膜10片,3
 凌博士HA60面膜,3
 谷雨双皮奶面膜,3
美白,3
90%好评,3
低于同款均价30%,3
补水,3
 OM玻色因面膜5片/盒,2
可复美面膜全家桶黄金肌肽凝润抗皱面膜A1 小金膜2片,2
 伊肤泉胶原蛋白修护面膜线下款,2
 胶原炮灌注面膜韦姐推荐,2
梦希蓝 MERCILEN377VC面膜美白补水淡斑提亮肤色抗皱紧实致贴片式女祛斑淡化细纹 4盒【20片】,2
 植物医生【王俊凯同款】石斛兰鲜肌凝时面膜紧致修护补水保湿滋养面膜30片,2
 可复美胶原冻膜10颗/盒补水修护,2
 敷尔佳透明质酸钠修护贴,2
 JMsolution蜂蜜补水保湿面膜10片,2
提亮淡纹免洗熬夜玻尿酸安瓶面膜,2
 紧致抗皱面膜20片,2
 黑春雨面膜泥炭清洁毛孔10片,2
 【珍珠养肤】纯珍珠粉面膜粉50g,2
 敷尔佳【成毅同款】B5舒缓修护贴26g*5贴/盒补水保湿泛红敏肌妇女节礼物,2
 薇诺娜舒敏保湿丝滑面贴膜20毫升X6 1件,2
 芙清水杨酸控油焕肤面膜40g,2
 高姿 海藻补水保湿面膜25ml*30片,2
 敷尔佳【成毅同款】依克多因睡眠面膜 敏感肌夜间滋养保湿修护舒缓 100g,2
SK-II海外京东自营专区,2
 同仁堂 撕拉面膜去黑头粉刺,2
 百雀羚小雀幸滢润保湿面膜,2
