﻿原始产品名,原始价格,产品全称,品牌,产品线,品类,昵称,功效,参考价格,品牌产地,error
丸蔻·珍珠膏素颜霜贵妇膏芳疗师制作面霜适用黑暗黄斑点肤色不均,99.9,丸蔻珍珠膏素颜霜,丸蔻,,面霜,贵妇膏,提亮+均匀肤色,¥99.9/50g,中国,
谷雨 · 【光感美白提亮水乳】光感水乳套组赠美白奶罐面霜美白提亮护肤品,,谷雨光感美白提亮水乳,谷雨,光感美白,水乳,光感水乳,美白+提亮+保湿,¥nan,中国,
Haa · 四宫格小面霜熬夜袪黄保湿修护控油细致提亮护肤小众学生平价宝宝,,Haa四宫格修护面霜,Haa,四宫格,面霜,四宫格面霜,修护+保湿+提亮,¥NaN/50ml,中国,
谷雨·【控油祛痘水乳】白千水乳面霜套装控油祛痘细腻毛孔油痘肌护肤品,,谷雨控油祛痘水乳套装,谷雨,白千,水乳套装,白千水乳,控油+祛痘+收缩毛孔,¥nan,中国,
HONEST·冷酷面霜8ml*5+17ml,,冷酷面霜,HONEST,,面霜,冷酷面霜,保湿+修护+舒缓,¥/8ml*5+17ml,美国,
果达儿·韩国青橘VC补水保湿舒缓面霜眼膜精华面膜棉片提亮肤色淡化痘,,果达儿青橘VC精华面霜,果达儿,青橘VC,面霜,青橘霜,补水+提亮+舒缓,¥/50ml,韩国,
BIOHEAL BOH · 小猴子推荐boh积雪草面霜喷雾保湿补水舒缓妆前保湿有盒,,BIOHEAL BOH积雪草面霜喷雾,BIOHEAL BOH,BOH,面霜喷雾,小猴子喷雾,保湿+舒缓+妆前,¥NaN/50ml,韩国,
黛尔珀·dAlba空姐喷雾保湿补水第四代prime胶原蛋白妆前水精华松露面霜,,黛尔珀空姐喷雾第四代,黛尔珀,空姐喷雾,喷雾,空姐喷雾,保湿+补水+妆前,¥/50ml,韩国,
OUOY · 偶语素颜霜懒人裸妆隔离面霜脸部遮瑕水润自然提靓肤色女,78.0,OUOY素颜霜,OUOY,,素颜霜,懒人霜,提亮+遮瑕+保湿,¥78/50ml,中国,
蜜晓 · 天然植物保湿温和护肤补水细腻嫩滑椰油可可脂面霜（可做眼霜）,19.9,蜜晓天然植物保湿面霜,蜜晓,天然植物,面霜,椰油面霜,保湿+补水+嫩肤,¥19.9/50g,中国,
韩方五谷 · 美白祛斑护肤套装377水乳精华面霜烟酰胺保湿补水提亮肤色去黄,,韩方五谷377美白护肤套装,韩方五谷,377,护肤套装,377套装,美白+祛斑+保湿,¥NaN,韩国,
Biossance·【章小蕙专享】角鲨烷玫瑰VC护肤套组（精华油 30mL+面霜 50mL）,,Biossance角鲨烷玫瑰VC精华油+面霜套组,Biossance,角鲨烷玫瑰VC,护肤套组,玫瑰VC套组,提亮+修护+保湿,¥/80ml,美国,
AFU阿芙·【董洁同款】11籽精华油30ml美白油45粒十一籽面霜50g以油养肤Z2,,,,,,,,,,返回数据列数不正确
pink too · 素颜霜防水防汗遮瑕滋润隔离妆前乳提亮肤色自然裸妆懒人面霜学生,,pink too素颜霜,pink too,,素颜霜,懒人面霜,提亮+遮瑕+隔离,¥nan,中国,
FAN BEAUTY DIARY·巨折！【带防伪码】范冰冰海葡萄水乳面霜补水保湿正品带防伪！,,FAN BEAUTY海葡萄凝水保湿面霜,FAN BEAUTY,海葡萄,面霜,海葡萄面霜,补水+保湿,¥298/50g,中国,
Torriden·韩国桃瑞丹精华玻尿酸补水面膜低分子易吸收面霜精华保湿棉片洁面,86.0,Torriden低分子玻尿酸补水面膜,Torriden,低分子,面膜,桃瑞丹面膜,补水+保湿+修护,¥86/50ml,韩国,
谷雨·【店铺爆款】光感水乳套装+美白面霜奶皮面膜美白提亮护肤品爆款,,,,,,,,,,返回数据列数不正确
理肤天使·韩国积雪草精华液补水保湿修护镇定面霜正品爽肤水55ml skin1004,,理肤天使积雪草修护面霜,理肤天使,,面霜,积雪草面霜,修护+保湿+镇定,¥nan/55ml,韩国,
迪兰可 · 素颜霜提亮遮瑕裸妆滋润持妆懒人妆面霜隔离霜学生DIRUC,,迪兰可素颜霜,迪兰可,,素颜霜,懒人霜,提亮+遮瑕+滋润,¥/50ml,中国,
3D-JP · 日本高端顶货水膜涂抹面膜面霜三合一！30片 25.10到期,,3D-JP水膜涂抹面膜面霜三合一,3D-JP,,面膜,水膜面膜,保湿+修护+提亮,¥/30片,日本,
BIOSME·【章小蕙直播专享】轻盈净化面霜 30mL,,BIOSME轻盈净化面霜,BIOSME,,面霜,章小蕙面霜,轻盈+净化,¥nan/30ml,,
谷雨·【去黄提亮雪肌水乳】雪肌水乳套装美白奶罐面霜奶皮面膜去黄提亮,,谷雨雪肌美白水乳套装,谷雨,雪肌,水乳套装,奶罐水乳,美白+去黄+提亮,¥nan/,中国,
AFU阿芙·11籽精华面霜经典版 保湿抗皱紧致Z1,,AFU阿芙11籽精华面霜,阿芙,11籽,面霜,11籽面霜,保湿+抗皱+紧致,¥/50ml,中国,
CYCY·素颜霜懒人霜面霜自然美颜提亮肤色遮瑕裸妆前隔离遮瑕学生BB霜,,CYCY素颜霜,CYCY,,面霜,懒人霜,提亮+遮瑕+隔离,¥/50ml,中国,
娇韵诗·【星品试用】双能三部曲尝鲜盒双萃精华眼霜弹簧面霜御龄维稳抗老,,娇韵诗双萃精华眼霜弹簧面霜套装,娇韵诗,双萃+弹簧,精华+眼霜+面霜,双能三部曲,抗老+维稳+修护,¥/套,法国,
TiZO·【专享】润色精华霜养肤防晒隔离轻底妆素颜有色面霜50g,,TiZO润色精华防晒霜,TiZO,,防晒霜,有色面霜,防晒+润色+养肤,¥/50g,美国,
klairs蔻徕氏·【直播专属/单支装】素颜霜面霜原装烟酰胺bb霜亮肤素颜霜40g*1,,Klairs素颜霜,Klairs,,面霜,素颜霜,提亮+遮瑕+保湿,¥/40g,韩国,
宝狄妍 · 皮傲宁精华液～维稳舒护面霜！［宋］,,,,,,,,,,返回数据列数不正确
OPOSI · 山茶花酵母组合四件套补水面霜乳液爽肤水洗面奶学生党平价护肤品,,OPOSI山茶花酵母组合四件套,OPOSI,山茶花酵母组合,套装,山茶花四件套,补水+保湿+清洁,¥NaN,中国,
FAN BEAUTY DIARY·白月光四部曲三重瓷白肌密淡斑套组水乳精华面霜礼盒套组,,FAN BEAUTY DIARY白月光四部曲三重瓷白肌密淡斑套组,FAN BEAUTY DIARY,白月光,礼盒套组,白月光套组,美白+淡斑+保湿,¥nan,中国,
NOWNESS娜妮思·娜妮思妆前小分子补水喷雾玻色因水乳精华面霜喷雾保湿护肤爽肤水,,NOWNESS娜妮思玻色因水乳精华面霜,NOWNESS娜妮思,娜妮思,面霜,玻色因面霜,补水+保湿+抗老,¥nan,中国,
SAMU·面霜喷雾妆前保湿舒缓泛红平衡喷雾敏感肌【报团专属】,118.0,SAMU·面霜喷雾,Samu,无,喷雾,面霜喷雾,保湿+舒缓+平衡,¥118/50ml,日本,
谷雨·【抗糖去黄】雪肌水乳套装+美白面霜抗糖抗氧去黄提亮爆款护肤品,,谷雨光感美白水乳套装+美白面霜,谷雨,光感美白,水乳套装+面霜,美白小奶罐,抗糖+去黄+提亮,¥nan,中国,
卡姿兰CARSLAN·素颜霜懒人保湿滋润提亮肤色保湿补水滋润面霜遮瑕裸妆学生,,卡姿兰素颜霜,卡姿兰,无,素颜霜,懒人霜,提亮+保湿+遮瑕,¥99/50g,中国,
巴宝格 · 山茶花水乳推荐油皮提亮补水学生平价酵母洗面奶爽肤水乳液面霜,,巴宝莉山茶花保湿水乳套装,巴宝莉,山茶花,水乳套装,山茶花水乳,保湿+提亮+控油,¥/ml,英国,
薇家·官方|素心腊梅精油珍珠膏，保湿抗皱 代替面霜乳液面膜 50%珍珠粉,65.0,薇诺娜素心腊梅精油珍珠膏,薇诺娜,素心腊梅,面霜,腊梅珍珠膏,保湿+抗皱+修护,¥65/50g,中国,
孔凤春KOPHENIX·双抗精华面霜cp虾青素抗氧化抗皱紧致丰盈熬夜肌必备,,孔凤春双抗精华面霜,孔凤春,双抗,面霜,双抗面霜,抗氧化+抗皱+紧致,¥NaN/50ml,中国,
海得宝·五阶神经酰胺保湿面霜低敏维稳受损敏感肌苹果脸克星,118.0,海得宝五阶神经酰胺保湿面霜,海得宝,五阶神经酰胺,面霜,神经酰胺面霜,保湿+修护+维稳,¥118/50ml,中国,
芙丽芳丝 · 氨基酸系洗面霜温润洁面女士男士保湿洗面奶官方100g官方正品保障,99.0,芙丽芳丝净润洗面霜,芙丽芳丝,净润,洗面奶,氨基酸洗面奶,清洁+保湿+温和,¥99/100g,日本,
HEXKIN · 韩国专柜正品代购赫诗琴韦雪水光面霜光感塑颜霜紧致抗皱补水,,HEXKIN韦雪水光面霜,HEXKIN,韦雪,面霜,水光面霜,紧致+抗皱+补水,¥nan/50ml,韩国,
SAMU·面霜喷雾妆前保湿舒缓泛红平衡补水喷雾,158.0,SAMU至臻保湿舒缓喷雾,SAMU,至臻,喷雾,舒缓喷雾,保湿+舒缓+定妆,¥158/100ml,中国,
宫芙·【徐璐陈彦妃吴昕同款】 第三代水光素颜面霜 养肤隔离遮瑕提亮,79.0,宫芙第三代水光素颜面霜,宫芙,,面霜,素颜霜,遮瑕+提亮+养肤,¥79/50ml,中国,
芯丝翠·【大筠专属】3D逆龄抗老精华30ml*2送D299面霜10g+新颈霜10g,699.0,芯丝翠3D逆龄抗老精华,芯丝翠,3D逆龄,精华,3D精华,抗老+紧致+提拉,¥699/30ml,美国,
年糕妈妈 · 秋冬深层保湿修护舒润精华面霜,,年糕妈妈秋冬深层保湿修护舒润精华面霜,年糕妈妈,,面霜,秋冬舒润面霜,保湿+修护+舒缓,¥NaN/50ml,中国,
薇诺娜·【屏障水乳套装】保湿水面霜舒缓保湿修护敏感肌,,薇诺娜屏障特护水乳套装,薇诺娜,屏障特护,水乳套装,屏障水乳,修护+保湿+舒缓,¥NaN,中国,
Torriden·桃瑞丹大家族！洁面爽肤水积雪草玻尿酸精华补水面霜棉片提亮面膜,,,,,,,,,,返回数据列数不正确
HEXKIN·韦雪同款韩国赫诗琴水光面霜保湿回头霜光感抗皱素颜霜自然妆,,赫诗琴水光焕颜面霜,HEXKIN,水光焕颜,面霜,回头霜,保湿+抗皱+提亮,¥NaN/50ml,韩国,
她叙 · 【新品上市】亲肌无痕有色面霜素颜霜修饰肤色懒人底妆官方,,她叙亲肌无痕有色面霜,她叙,亲肌无痕,面霜,素颜霜,修饰肤色+提亮+懒人底妆,¥NaN/50ml,中国,
MARIA GALLAND·【啾鼠专享】玛丽嘉兰永恒之水30ml+5A号滋养焕活面霜3ml*2,,,,,,,,,,返回数据列数不正确
安美 · 学生裸妆遮瑕保湿补素颜霜提亮隔离乳懒人霜面霜女正品,49.0,安美素颜霜,安美,,面霜,懒人霜,遮瑕+提亮+保湿,¥49/50ml,中国,
SAMU·面霜喷雾妆前保湿舒缓泛红平衡喷雾敏感肌【直播专属】,118.0,SAMU·面霜喷雾,SAMU,,喷雾,面霜喷雾,保湿+舒缓+平衡,¥118/50ml,中国,
beplain·韩国绿豆洗面奶泥膜卸妆油积雪草精华棉片爽肤水面霜西瓜精华放晒,69.0,,,,,,,,,返回数据列数不正确
diary·577美白淡斑精华面霜套组 6倍抑黑 7天去黄14天亮白28天淡斑 大筠,,,,,,,,,,返回数据列数不正确
cleardea·Mucin Collagen面霜安瓶4ml*5+单支4ml*5,399.0,cleardea Mucin Collagen面霜安瓶,cleardea,Mucin Collagen,安瓶,胶原安瓶,保湿+修护+抗老,¥399/40ml,韩国,
Haa·【专属福利】传明酸小面霜熬夜多酸保湿修护控油细致提亮护肤小众,128.0,Haa传明酸修护面霜,Haa,,面霜,传明酸小面霜,修护+控油+提亮,¥128/50ml,中国,
AFU阿芙·【董洁同款】11籽精华油30ml+11籽精华面霜30g以油养肤套组 Z2,,阿芙11籽精华油+11籽精华面霜套组,阿芙,11籽,精华油+面霜,11籽套组,滋养+修护+抗老,¥/30ml+30g,中国,
理肤天使·韩国skin1004益生菌密集补水精华面霜爽肤水紧致活力焕肤积雪草,,理肤天使益生菌密集补水精华面霜,理肤天使,益生菌,面霜,益生菌面霜,补水+修护+紧致,¥nan,韩国,
果达儿·韩国Goodal青柠VC精华保湿舒缓修护爽肤水面霜眼膜面膜棉片提亮,59.0,,,,,,,,,返回数据列数不正确
REJURAN · 丽珠兰 三文鱼 紧致面霜 水乳 面膜补水保湿提亮肤色改善毛孔,,丽珠兰REJURAN三文鱼紧致面霜,丽珠兰,REJURAN,面霜,三文鱼面霜,紧致+补水+保湿,¥NaN/50ml,韩国,
Heaven pink·【小詹同款】面霜喷雾红茶精华多效喷雾滋润补水保湿修护舒缓服帖,,红茶精华多效喷雾,Heaven pink,,喷雾,小詹同款喷雾,补水+保湿+修护,¥nan/,中国,
Carenology 95 · Carenology95/平衡喷雾120ml补水保湿舒缓爽肤水面霜喷,168.0,Carenology95平衡喷雾,Carenology,95,喷雾,平衡喷雾,补水+保湿+舒缓,¥168/120ml,韩国,
SAMU·面霜喷雾ph妆前补水保湿修护舒缓化妆水持妆不脱妆韩国正品,,SAMU·面霜喷雾,SAMU,,喷雾,面霜喷雾,补水+保湿+舒缓,¥nan/,韩国,
欧缇丽·【章小蕙专享】白藜芦醇提拉紧塑精华面霜套装,,欧缇丽白藜芦醇提拉紧塑精华面霜,欧缇丽,白藜芦醇,面霜,皇后面霜,提拉+紧致+抗氧化,¥520/50ml,法国,
孔凤春KOPHENIX·孔凤春祛痘套装茶树控油水乳洁面马齿苋面霜补水保湿舒缓修护精华,,孔凤春祛痘套装茶树控油水乳洁面,孔凤春,KOPHENIX,套装,茶树套装,控油+祛痘+修护,¥nan,中国,
FAN BEAUTY DIARY·白月光四部曲三重瓷白肌密淡斑套组水乳精华面霜水乳组合水乳精华,,FAN BEAUTY DIARY白月光四部曲三重瓷白肌密淡斑套组,FAN BEAUTY DIARY,白月光四部曲,套组,白月光套组,美白+淡斑+保湿,¥nan,中国,
秀肤生·韩国VC M白精华液BB素颜霜面霜放晒烟酰胺面部提亮去黄气晒斑修护,,秀肤生韩国VC美白精华BB霜,秀肤生,韩国VC,素颜霜,BB霜,美白+提亮+修护,¥NaN/50ml,韩国,
W.Lab · 韩国wlab大福懒人素颜霜面霜遮瑕滋润保湿隔离妆前女大学生平价,,W.Lab大福懒人素颜霜,W.Lab,大福,面霜,素颜霜,遮瑕+保湿+隔离,¥89/50ml,韩国,
其他 · 透亮控油系列水乳精华面霜,,透亮控油水乳精华面霜,,,面霜,,控油+保湿+透亮,¥0/50ml,,
VOTARY·【章小蕙直播专享】焕活光采睡眠面膜 50mL 补水保湿修护免洗面霜,999.0,VOTARY焕活光采睡眠面膜,VOTARY,焕活光采,睡眠面膜,光采面膜,补水+保湿+修护,¥999/50ml,英国,
The Ordinary·10%杜鹃花酸壬二酸悬浊乳去闭口改善痘印面霜,115.0,The Ordinary 10%杜鹃花酸壬二酸悬浊乳,The Ordinary,无,面霜,壬二酸面霜,去闭口+改善痘印,¥115/30ml,加拿大,
可复美·【自播专享】重组胶原蛋白冻干面膜7片/盒+焦点面霜50g,566.0,可复美重组胶原蛋白冻干面膜+焦点面霜,可复美,重组胶原蛋白,面膜+面霜,胶原冻干面膜+焦点霜,修护+保湿+抗敏,¥566/7片+50g,中国,
BIOHEAL BOH·BOH三款喷雾！boh面霜喷雾 安瓶精华喷雾 提拉喷雾 妆前保湿,,,,,,,,,,返回数据列数不正确
理肤天使·skin1004积雪草精华焕白提亮肌肤去黄淡化痘印100ml面霜爽肤水,,理肤天使积雪草精华,理肤天使,,精华,积雪草精华,焕白+提亮+去黄,¥NaN/100ml,韩国,
馥珮·馥佩叶绿素洁面乳收缩黑头毛孔深层清洁控油洗面奶洁面霜洁面泥,,馥珮叶绿素洁面乳,馥珮,叶绿素,洁面乳,馥珮洁面乳,控油+清洁+收缩毛孔,¥/100ml,中国,
她叙·【直播专场】亲肌无痕有色面霜素颜霜修饰肤色懒人底妆官方,,她叙亲肌无痕有色面霜,她叙,亲肌无痕,面霜,素颜霜,修饰肤色+提亮+保湿,¥NaN/50ml,中国,
DS DERMASENSA·【张俪专属】德玛森氏维生素K眼霜2.0 15ml+vk5ml*3+F5面霜30ml,398.0,德玛森氏维生素K眼霜2.0,德玛森氏,维生素K系列,眼霜,VK眼霜,淡化黑眼圈+抗皱+保湿,¥398/15ml,美国,
理肤天使·skin1004茶树精华祛痘爽肤水控油舒缓面霜去闭口韩国,,skin1004茶树精华祛痘爽肤水,skin1004,茶树精华,爽肤水,理肤天使,控油+祛痘+舒缓,¥nan/50ml,韩国,
QINGSHIDO·人参珍珠膏去黄懒人素颜霜提亮肤色面霜隔离替代粉底油皮美颜养肤,,QINGSHIDO人参珍珠膏,QINGSHIDO,,面霜,懒人素颜霜,去黄+提亮+养肤,¥0/50ml,中国,
AFU阿芙·极光玫瑰温和洁面霜150g Z1,,阿芙极光玫瑰温和洁面霜,阿芙,极光玫瑰,洁面霜,极光洁面霜,温和+清洁,¥/150g,中国,
珀莱雅·红宝石水乳面霜礼盒淡纹紧致抗皱补水保湿,,珀莱雅红宝石面霜,珀莱雅,红宝石,面霜,红宝石面霜,淡纹+紧致+抗皱,¥NaN,中国,
diary·50%玻色因胶原面霜 送手颈精华 速充胶原分层回填淡法令纹 导航仪,1494.0,Diary 50%玻色因胶原面霜,Diary,,面霜,玻色因面霜,抗老+淡纹+紧致,¥1494/50ml,中国,
理肤天使·韩国skin积雪草精华液centella面霜/棉片/爽肤水/仿晒/洁面敏感肌,59.0,,,,,,,,,返回数据列数不正确
蜜晓 · 人参雪莲珍珠膏代替粉底素颜霜 提亮轻薄修饰日夜可用护肤面霜,,蜜晓人参雪莲珍珠膏,蜜晓,,面霜,素颜霜,提亮+修饰+护肤,¥NaN/,中国,
TRANSINO·【YOYO专属】美白大套组美白水乳+美白精华2支+美白焕颜面霜+赠品,1520.0,TRANSINO美白水乳套装,TRANSINO,,套装,美白大套组,美白+提亮+保湿,¥1520/套,日本,
DR DENNIS GROSS·【预售7天】无极精华30ml+A醇面霜50ml+洁面60ml+眼精华2ml*7套组,499.0,,,,,,,,,返回数据列数不正确
雅琪诺·清爽滋润素颜霜遮瑕隐匿毛隔离妆前乳提亮自然裸妆懒人面霜男女士,,雅诗兰黛沁水光润素颜霜,雅诗兰黛,沁水,素颜霜,水光霜,提亮+保湿+遮瑕,¥480/50ml,美国,
她叙·【直播专属】亲肌无痕有色面霜素颜霜修饰肤色懒人底妆,229.0,她叙亲肌无痕有色面霜,她叙,亲肌无痕,面霜,素颜霜,修饰肤色+提亮+懒人底妆,¥229/50ml,中国,
岂美时·QMS直补胶原蛋白3D系列当下首创生物高科技精华/面霜/面膜,,,,,,,,,,返回数据列数不正确
CLE·保税直发CCC CREAM保湿防晒隔离润色CC有色面霜30ml SPF50 PA+++,,CLE·保税直发CCC CREAM保湿防晒隔离润色CC有色面霜30ml SPF50 PA+++,CLE,保税直发,CC霜,CCC霜,保湿+防晒+润色,¥nan/30ml,韩国,
ELEMIS·【章小蕙专享】玫瑰修护抗老套组（凝珠精华30mL+胶原面霜50mL）,,ELEMIS玫瑰修护抗老套组,ELEMIS,玫瑰修护,套组,玫瑰套组,修护+抗老+滋养,¥/80ml,英国,
美体小铺·高端系列雪绒花精华/面霜/眼霜/面膜/洗面奶  细嫩淡纹 水润 抗氧,,,,,,,,,,返回数据列数不正确
AFU阿芙·11籽精华油套盒+水乳+面霜30g套组 面部护肤品以油养肤抗干老  Z1,,,,,,,,,,返回数据列数不正确
FULLY·绿番茄收缩毛孔护肤 爽肤水安瓶精华液面霜清爽不油,118.0,FULLY绿番茄毛孔紧致爽肤水,FULLY,绿番茄,爽肤水,绿番茄水,收缩毛孔+控油+清爽,¥118/150ml,中国,
海梨之柒·臻颜精华面霜 瑞士进口活性多糖 精华级抗皱 瞬时抚纹长效填充,,海梨之柒臻颜精华面霜,海梨之柒,臻颜,面霜,臻颜面霜,抗皱+填充+滋养,¥nan,瑞士,
可复美·【自播专享】焦点面霜+焦点涂抹+焦点精华+焦点水,1299.0,可复美焦点面霜,可复美,焦点,面霜,焦点面霜,修护+保湿+舒缓,¥1299/50ml,中国,
Torriden·韩国torriden桃瑞丹棉片玻尿酸爽肤水面霜精华积雪草面膜舒缓镇定,86.0,Torriden玻尿酸精华面膜,Torriden,,面膜,桃瑞丹面膜,保湿+舒缓+修护,¥86/片,韩国,
red chamber·【RC妆前面霜意定粉饼礼盒】不卡粉保湿0粉感定妆吸油持久店播db,,RC意定粉饼礼盒,Red Chamber,意定,粉饼,RC粉饼,定妆+控油+保湿,¥NaN,中国,
Omma·【护肤CP三件套】【送面霜小样+20个面膜纸+刮痧板】,,Omma护肤CP三件套,Omma,护肤CP,套装,护肤三件套,保湿+修护+滋养,¥/套,中国,
BIOHEAL BOH·boh热玛吉系列！韩国正品代购3D弹力提拉紧致精华面膜面霜眼霜,,,,,,,,,,返回数据列数不正确
迷莲卡薇 MIRIAMQUEVEDO·迷莲卡薇眼霜面霜精华黑玫瑰鱼子酱洗发水护发素控油抗脱250ml,207.0,,,,,,,,,返回数据列数不正确
REJURAN·韩国丽珠兰全系列！回春面霜逆龄水乳金瓶银瓶精华回春面膜补水,,,,,,,,,,返回数据列数不正确
FULLY·绿番茄收缩毛孔护肤套装 爽肤水安瓶精华液面霜 清爽不油腻,126.0,FULLY·绿番茄收缩毛孔护肤套装,FULLY,绿番茄,护肤套装,,收缩毛孔+清爽+控油,¥126/套,中国,
雅琪诺·素颜霜学生防水防汗遮瑕滋润妆前乳提亮肤色自然裸妆懒人面霜,,雅诗兰黛沁水光润素颜霜,雅诗兰黛,沁水,素颜霜,懒人面霜,提亮+遮瑕+滋润,¥480/50ml,美国,
灵木集·<BOBO专属>灵萃气韵奢润面霜人参山茶姜黄草本植萃抗氧保湿,,灵木集灵萃气韵奢润面霜,灵木集,灵萃,面霜,人参面霜,抗氧+保湿,¥/50ml,中国,
珀莱雅 · 双抗水乳面霜套装提拉紧致补水抗氧抗糖,,珀莱雅双抗精华面霜,珀莱雅,双抗,面霜,双抗面霜,抗氧+抗糖+紧致,¥nan,中国,
DR.C.TUNA FARMASI·Age Reversist浮游系列！浮游精华袋装面霜眼霜面膜眼膜,,DR.C.TUNA FARMASI Age Reversist浮游精华面霜,DR.C.TUNA FARMASI,Age Reversist,面霜,浮游面霜,抗老+保湿+紧致,¥NaN/50ml,土耳其,
奈小白 NYE-WHITE·【喷雾】舒缓面霜喷雾妆前打底滋润补水保湿服帖不卡粉,,奈小白舒缓面霜喷雾,奈小白,NYE-WHITE,喷雾,面霜喷雾,舒缓+补水+保湿,¥NaN/50ml,中国,
Biossance·【子豪&琳琳专属】角鲨烷玫瑰护肤套组（精华油 30mL+面霜 50mL）,,Biossance角鲨烷玫瑰护肤套组,Biossance,角鲨烷玫瑰,护肤套组,玫瑰套组,保湿+修护+抗氧化,¥/80ml,美国,
其他·g面部护肤面霜提亮肤色柿子叶膏 · 1瓶【体验装】怕不够用,,柿子叶亮肤面霜,其他·g,,面霜,柿子叶膏,提亮肤色,¥NaN/1瓶,中国,
她叙·【店播】亲肌无痕有色面霜素颜霜修饰肤色懒人底妆官方正品,,她叙亲肌无痕有色面霜,她叙,亲肌无痕,面霜,素颜霜,修饰肤色+提亮,¥/50ml,中国,
森特莲·韩国centellian24积雪草面霜精华棉片舒缓修护保湿弹力紧致,,森特莲积雪草修护面霜,森特莲,centellian24,面霜,积雪草面霜,修护+保湿+舒缓,¥NaN/50ml,韩国,
diary·50%玻色因胶原面霜 | 速充胶原 分层回填 拒绝流失 全嘻嘻,,50%玻色因胶原面霜,Diary,,面霜,玻色因面霜,抗老+紧致+保湿,¥NaN/50ml,中国,
果达儿·韩国青橘VC补水保湿舒缓面霜眼膜精华面膜棉片提亮肤色淡化痘印,,果达儿青橘VC精华面膜,果达儿,青橘VC,面膜,青橘棉片,补水+提亮+舒缓,¥/片,韩国,
贝臣 · 【超值防晒组合】专业儿童防晒面霜 防晒乳 物理防晒 清爽不假白,,贝臣专业儿童防晒面霜,贝臣,超值防晒组合,面霜,儿童防晒霜,防晒+清爽+物理防晒,¥NaN/50ml,中国,
starwindow星窗 · 妆前保湿面霜喷雾补水保湿爽肤水妆前平衡舒缓泛红控油清爽喷雾女,,星窗妆前保湿喷雾,starwindow,星窗,喷雾,星窗喷雾,保湿+控油+舒缓,¥0/50ml,中国,
Soberbia·【两只小狗六专属】祖母绿面霜单支/双支,,Soberbia祖母绿面霜,Soberbia,,面霜,祖母绿面霜,保湿+修护+抗老,¥/50ml,,
FULLY · 绿番茄收缩毛孔护肤套装 爽肤水安瓶精华液面霜 清爽不油腻,138.0,FULLY绿番茄收缩毛孔护肤套装,FULLY,绿番茄,护肤套装,绿番茄套装,收缩毛孔+清爽+控油,¥138/套,中国,
瑞妍·赋颜活力面霜(6级活性成分浓度）40+适用（效期2604）,,瑞妍赋颜活力面霜,瑞妍,赋颜活力,面霜,活力面霜,抗老+紧致+修护,¥1800/50ml,瑞士,
o.metoo·【偷偷卖！】魔女提亮龙脑水乳面霜套！230ml超大容量！27年日期,,魔女工厂龙脑水乳面霜套装,魔女工厂,,水乳面霜套装,魔女套装,提亮+保湿,¥/230ml,韩国,
NARS·纳斯有色面霜隔离遮瑕防护三合一提亮素颜霜L0/L1.20ml中小样试用,,NARS有色面霜,NARS,,面霜,有色面霜,遮瑕+提亮+防护,¥0/20ml,美国,
透真 · 3577美白水乳套装祛斑淡痘印去黄提亮护肤品补水保湿精华面霜,,透真3577美白水乳套装,透真,3577,水乳套装,3577美白水乳,美白+祛斑+保湿,¥nan,中国,
果达儿 · 韩国VC精华液 补水青橘面霜面膜棉片提亮 维他命修护保湿,,果达儿青橘维他命修护精华,果达儿,青橘维他命,精华,青橘精华,提亮+修护+保湿,¥nan,韩国,
肌肤之研·【淡纹紧致CP】50胜肽精华三型胶原面霜Z-3,,肌肤之研50胜肽精华三型胶原面霜,肌肤之研,50胜肽,面霜,淡纹紧致CP,淡纹+紧致+抗老,¥/50ml,中国,
ishga·苏格兰 有机海藻海草水爽肤水精华面膜面霜保湿舒缓洗面奶,,,,,,,,,,返回数据列数不正确
泉意·八重玻尿酸精研水乳面霜三件套,129.0,泉意·八重玻尿酸精研水乳面霜三件套,泉意,八重玻尿酸,水乳面霜套装,玻尿酸三件套,保湿+修护+滋养,¥129/套,中国,
Ianys·【玻色因抗皱】源259！日本进口兰思面霜！精华滋养补水抗皱紧致!,,兰蔻菁纯面霜,兰蔻,菁纯,面霜,菁纯面霜,抗老+滋润+紧致,¥895/50ml,法国,
Ianys · 兰思素颜霜 懒人裸妆隔离遮瑕亮肤抗皱紧致保湿面霜原装进口,,兰蔻菁纯素颜霜,兰蔻,菁纯,面霜,懒人素颜霜,遮瑕+亮肤+抗皱,¥750/50ml,法国,
diary·根源淡斑 6倍抑黑 577美白淡斑面霜 淡斑不反复 美白不反黑 大筠,,珀莱雅源力淡斑面霜,珀莱雅,源力,面霜,577面霜,淡斑+美白+抑黑,¥NaN/50ml,中国,
欧莱雅·金致臻颜滋润面霜玻色因提拉紧致淡纹保湿修护补水超值套组,,欧莱雅金致臻颜花蜜奢养滋润面霜,欧莱雅,金致臻颜,面霜,花蜜面霜,抗老+滋润+紧致,¥350/50ml,法国,
果达儿·韩国Goodal青橘vc爽肤水精华液面霜补水去黄提亮滋润,,果达儿青橘VC精华爽肤水,果达儿,青橘VC,爽肤水,青橘水,提亮+补水+去黄,¥/ml,韩国,
薇诺娜·【特护霜2.0新升级】敏感肌面霜舒敏保湿修护补水,,薇诺娜特护霜2.0,薇诺娜,特护霜,面霜,特护霜,舒敏+保湿+修护,¥0/50ml,中国,
卡姿兰CARSLAN·素颜霜懒人保湿滋润提亮肤色保湿补水滋润面霜遮瑕裸妆学生,,卡姿兰素颜霜,卡姿兰,无,素颜霜,懒人霜,提亮+保湿+遮瑕,¥/50ml,中国,
Aēsop·伊索 升华滋养面膜昇繁夜晚面膜滋润保湿修复60ml（送面霜刀）,,Aēsop升华滋养夜晚面膜,伊索,昇繁,面膜,升华面膜,滋养+修复+保湿,¥/60ml,澳大利亚,
TWG·V7懒人素颜霜提亮肤打底面霜贵妇膏,,TWG V7懒人素颜霜,TWG,V7,面霜,贵妇膏,提亮+遮瑕+保湿,¥/50ml,新加坡,
JOVISSE · 洁薇丝素颜霜补水懒人霜裸妆隔离遮瑕提亮脸部全身面霜女,,JOVISSE素颜霜,JOVISSE,洁薇丝,面霜,懒人霜,提亮+遮瑕+补水,¥nan/50ml,中国,
玲珑·【达人专属】面霜+精华+眼霜全套护肤套组 紧致抗皱干油皮挚爱,1099.0,玲珑面霜+精华+眼霜护肤套组,,,面霜+精华+眼霜,玲珑套组,紧致+抗皱,¥1099/套,,
欧诱·V7懒人素颜霜50g补水保湿遮瑕滋润裸妆自然面霜高端高级,,欧莱雅V7素颜霜,欧莱雅,V7,面霜,V7素颜霜,遮瑕+保湿+提亮,¥199/50g,法国,
境生之源·【抗皱360】紧致抗皱淡化细纹修护提拉保湿精华面霜水乳套装套组,,境生之源抗皱360紧致抗皱面霜,境生之源,抗皱360,面霜,360面霜,抗皱+紧致+保湿,¥/50ml,中国,
丸蔻 · 珍珠人参多肽素颜霜贵妇膏芳疗师制作面霜适用黑暗黄斑点肤色不均,,丸蔻珍珠人参多肽素颜霜,丸蔻,珍珠人参多肽,面霜,贵妇膏,提亮+均匀肤色+滋养,¥NaN/50ml,中国,
C咖·【美白提亮水乳】胶原白水乳套组淡斑美白罐面霜紧致去黄面膜补水,,C咖美白提亮水乳套组,C咖,胶原白,水乳,美白水乳,美白+提亮+补水,¥nan,中国,
FAN BEAUTY DIARY·【防伪可查】巨折！范冰冰海葡萄系列！水乳套面霜洁颜蜜补水保湿,,FAN BEAUTY海葡萄凝水保湿面膜,FAN BEAUTY,海葡萄,面膜,海葡萄面膜,补水+保湿+修护,¥158/5片,中国,
SVR·【王阿姨】光亮维他命C20美白面霜 VC-IP高浓度 x2,279.0,SVR光亮维他命C20美白面霜,SVR,,面霜,王阿姨VC面霜,美白+提亮+抗氧化,¥279/50ml,法国,
玲珑·【达人专属】面霜+精华+眼霜全套护肤套组 紧致抗皱干油皮挚爱,,玲珑面霜+精华+眼霜护肤套组,,,面霜+精华+眼霜,玲珑套组,紧致+抗皱,¥NaN/,中国,
Soberbia·【两只小狗六专属】环球面霜单支/双支,,Soberbia环球面霜,Soberbia,,面霜,小狗面霜,保湿+修护+抗老,¥/50ml,西班牙,
其他 · 【拍1发5】377美白淡斑次抛精华面霜补水保湿去黄去黑美白提亮肤,,377美白淡斑次抛精华,其他,,精华,377次抛,美白+淡斑+保湿,¥/ml,中国,
SAMU·面霜喷雾妆前保湿舒缓泛红平衡补水喷雾,158.0,SAMU·面霜喷雾妆前保湿舒缓泛红平衡补水喷雾,SAMU,,喷雾,面霜喷雾,保湿+舒缓+补水,¥158/50ml,中国,
幽兰·【尝鲜小美盒】ORLANE B21传奇面霜1.5ml*2+B21全能精华1ml*1淡纹,,幽兰B21传奇面霜,幽兰,B21,面霜,B21面霜,淡纹+抗老+修护,¥/1.5ml,法国,
BIOHEAL BOH·BOH全系列！面霜喷雾提拉精华3D弹力面霜热玛吉面膜眼膜颈膜胶原,,,,,,,,,,返回数据列数不正确
DS DERMASENSA·【大夏天专属】德玛森氏维生素K眼霜2.0 15ml+vk5ml*3+F5面霜30ml,398.0,德玛森氏维生素K眼霜2.0,德玛森氏,维生素K系列,眼霜,VK眼霜,淡化黑眼圈+保湿,¥398/15ml,美国,
The Ordinary·天然保湿因子NMF+透明质酸高保湿面霜补水锁水不油腻,63.0,The Ordinary天然保湿因子NMF+透明质酸高保湿面霜,The Ordinary,天然保湿因子,面霜,NMF面霜,保湿+补水+锁水,¥63/50ml,加拿大,
SAMU·面霜喷雾妆前保湿舒缓泛红平衡补水喷雾,158.0,SAMU·面霜喷雾妆前保湿舒缓泛红平衡补水喷雾,SAMU,,喷雾,面霜喷雾,保湿+舒缓+补水,¥158/50ml,,
绽妍JUYOU·【miamaja专属】绽妍三重蛋白面霜修护霜+贻贝粘蛋白速修精华液,,,,,,,,,,返回数据列数不正确
The Ordinary·长效保湿NMF天然保湿因子+β葡聚糖精粹面霜保湿精华,69.0,The Ordinary NMF天然保湿因子面霜,The Ordinary,NMF,面霜,TO保湿面霜,保湿+修护+舒缓,¥69/30ml,加拿大,
海得宝·皮脂膜霜低敏面霜242黄金配比受损敏感肌苹果脸克星,,海得宝皮脂膜修护霜,海得宝,皮脂膜,面霜,242面霜,修护+舒缓+保湿,¥NaN/50ml,中国,
SAMU·samu莎缪面霜喷雾女ph舒缓补水舒缓棉片保湿滋润妆前爽肤水精华液,,SAMU·samu莎缪舒缓保湿面霜喷雾,SAMU·samu,莎缪,面霜喷雾,莎缪喷雾,舒缓+保湿+补水,¥/50ml,中国,
肌肤之研·【淡纹紧致CP】50胜肽精华+三型胶原面霜淡纹紧致C,,,,,,,,,,返回数据列数不正确
京润珍珠·珍珠人参组合面霜+精华+洁颜蜜【直播专享】0402,888.0,,,,,,,,,返回数据列数不正确
AFU阿芙·美白精华油45粒+11籽精华面霜30g以油养肤 Z2,,,,,,,,,,返回数据列数不正确
SAMU·【舒缓平衡喷雾100ml】面霜喷雾补水保湿全新带盒,,SAMU舒缓平衡喷雾,SAMU,,喷雾,平衡喷雾,舒缓+补水+保湿,¥NaN/100ml,,
MINI CARE · 源价450！周抛面霜套盒8ml*4舒缓修护屏障锁水 效期至2025.10.20,59.0,MINI CARE舒缓修护面霜套盒,MINI CARE,源价,面霜,周抛面霜,舒缓+修护+锁水,¥450/32ml,,
OIU · 男士酷润面霜王者归来秋冬面部正品擦脸护肤霜清爽控油补水保湿,,OIU男士酷润面霜,OIU,男士酷润,面霜,王者面霜,控油+补水+保湿,¥nan/50ml,中国,
芙丽芳丝·【自播专享】氨基酸系洗面霜温润洁面女士男士保湿洗面奶官方100g,190.0,芙丽芳丝氨基酸净润洗面霜,芙丽芳丝,净润,洗面奶,氨基酸洗面奶,清洁+保湿+温和,¥190/100g,日本,
ASOA·生肌精华双支+生肌水+生肌面霜赠卸妆膏,,,,,,,,,,返回数据列数不正确
欧莱雅·金致臻颜重组胶原水面霜正装礼盒套组补水保湿抗皱提拉紧致套组,,欧莱雅金致臻颜花蜜奢养面霜,欧莱雅,金致臻颜,面霜,花蜜面霜,抗皱+紧致+保湿,¥359/50ml,法国,
婕她·瑞士凝时面霜50ml,1980.0,婕她·瑞士凝时面霜,婕她,瑞士凝时,面霜,凝时面霜,抗老+紧致+修护,¥1980/50ml,瑞士,
BIOHEAL BOH·韩国新款紫色3D胶原蛋白精华面霜喷雾保湿补水紧致提拉,,BIOHEAL BOH 3D胶原蛋白精华面霜,BIOHEAL BOH,,面霜喷雾,3D胶原霜,保湿+紧致+提拉,¥NaN/,韩国,
Heaven pink·【达人同款】面霜喷雾红茶精华30ml多效喷雾滋润补水保湿修护,69.0,红茶精华喷雾,Heaven pink,,精华,红茶喷雾,补水+保湿+修护,¥69/30ml,中国,
尧光·恒养隔离有色面霜 裸感免卸妆 奢润光泽,,尧光·恒养隔离有色面霜,尧光,恒养,面霜,裸感面霜,隔离+润色+养肤,¥/30ml,中国,
玉容初·藏红花赋活水油双相精华30ml面霜50g套组【店播】,,,,,,,,,,返回数据列数不正确
MEDATURE·褒曼色修烟酰胺面霜舒缓30ml清爽控油修护油敏皮【小森林专属】,,MEDATURE褒曼色修烟酰胺面霜,MEDATURE,褒曼色修,面霜,小森林面霜,舒缓+控油+修护,¥/30ml,美国,
ISNTREE·韩国叶臻特黎紫色洋葱棉片B5精华微针面霜面膜提亮紧致淡痘印修护,65.0,ISNTREE紫色洋葱棉片B5精华微针面霜,ISNTREE,叶臻特黎,面霜,洋葱面霜,修护+提亮+淡痘印,¥65/50ml,韩国,
薇诺娜·【特护霜2.0】新升级敏感肌面霜舒敏保湿补水直播享赠,,薇诺娜特护霜2.0,薇诺娜,特护霜,面霜,特护霜,舒敏+保湿+修护,¥/50ml,中国,
欧莱雅·金致臻颜重组胶原面霜精粹水正装套组眼霜淡化细纹提拉紧致套组,,,,,,,,,,返回数据列数不正确
养心方 · 养肤素颜霜 汉方H白面霜 嫩肤提亮修 无须卸妆,48.0,养心方养肤素颜霜,,,素颜霜,汉方美白面霜,美白+提亮+养肤,¥48/50ml,中国,
可复美·【自播专享】焦点面霜+焦点贴片面膜+焦点精华,899.0,,,,,,,,,返回数据列数不正确
理肤天使·skin1004喜马拉雅粉盐控油保湿紧致毛孔精华面霜爽肤水,,理肤天使·skin1004喜马拉雅粉盐控油保湿紧致毛孔精华面霜爽肤水,skin1004,喜马拉雅粉盐,面霜,粉盐面霜,控油+保湿+紧致,¥nan/50ml,韩国,
red chamber·【囤货送礼】多用膏多用液多用粉多用棒粉饼面霜套装任选店播db,,red chamber多用膏套装,Red Chamber,,多用膏,,多功能+便携,¥NaN/,中国,
DR DENNIS GROSS·阿魏酸视黄醇抗皱面霜50ml*2+玻尿酸软膜*1盒,399.0,DR DENNIS GROSS阿魏酸视黄醇抗皱面霜,DR DENNIS GROSS,,面霜,阿魏酸面霜,抗皱+抗老+修护,¥399/50ml,美国,
云惜 · 玫瑰焕颜精华油｜不含1滴水·无硅油无香精 紧致抗皱赠维稳面霜5ml,,云惜玫瑰焕颜精华油,云惜,,精华油,玫瑰精华油,紧致+抗皱+维稳,¥NaN/50ml,中国,
AFU阿芙·极光玫瑰温和洁面霜150g Z2,,AFU阿芙极光玫瑰温和洁面霜,阿芙,极光玫瑰,洁面霜,极光洁面霜,温和+清洁+保湿,¥/150g,中国,
REPLENiX·【小明女王节】TOPIX维C精华液20%VC+亮白乳面霜提亮去黄改善暗沉,,TOPIX亮白精华乳,TOPIX,亮白,精华乳,VC精华,提亮+去黄+抗氧化,¥NaN/50ml,美国,
Aēsop·aesop 甘菊去瑕敷面膜60ml（送面霜刀）,,Aēsop甘菊去瑕敷面膜,Aēsop,,面膜,甘菊面膜,清洁+舒缓+祛痘,¥360/60ml,澳大利亚,
尧光·【直播间专属】恒养隔离有色面霜 裸感免卸妆 奢润光泽,,尧光恒养隔离有色面霜,尧光,恒养,面霜,隔离霜,隔离+润色+保湿,¥NaN/50ml,中国,
others·Dr.Hazi H博士奢华美容面霜,,Dr.Hazi H博士奢华美容面霜,Dr.Hazi,H博士,面霜,H博士面霜,滋养+修护+抗老,¥/50ml,日本,
芙丽芳丝·水润洗面霜氨基酸洁面 芙丽方丝洗面奶,85.0,芙丽芳丝净润洗面霜,芙丽芳丝,净润,洁面,氨基酸洗面奶,清洁+温和+保湿,¥85/100g,日本,
润百颜·【骞挑万选】胶原紧塑霜面霜重组胶原蛋白紧致抗皱保湿修护【DB】,399.0,润百颜胶原紧塑霜,润百颜,骞挑万选,面霜,胶原霜,紧致+抗皱+保湿,¥399/50ml,中国,
珀莱雅·【卖的是小样！】双抗水乳面霜（新日期）,22.0,珀莱雅双抗精华水乳面霜,珀莱雅,双抗,面霜,双抗面霜,抗氧+抗糖+保湿,¥22/小样,中国,
SAMU·面霜喷雾妆前保湿舒缓泛红平衡喷雾敏感肌【直播专属】,158.0,SAMU·面霜喷雾,Samu,无,喷雾,面霜喷雾,保湿+舒缓+平衡,¥158/50ml,日本,
BIOHEAL BOH·【增增专属】醇萃积雪草舒缓修护面霜喷雾保湿,,BIOHEAL BOH醇萃积雪草舒缓修护面霜喷雾,BIOHEAL BOH,醇萃,面霜喷雾,积雪草面霜喷雾,舒缓+修护+保湿,¥NaN/50ml,韩国,
SW·瑞士MGY婴儿脸/紧致款涂抹面膜 提亮肤色天花板！可以过夜当面霜,,SW瑞士MGY婴儿脸紧致涂抹面膜,SW·瑞士MGY,婴儿脸,面膜,婴儿脸面膜,紧致+提亮+修护,¥NaN/50ml,瑞士,
ISNTREE·韩国isntree紫色洋葱棉片B5精华微针面霜面膜提亮紧致淡痘印修护,65.0,ISNTREE洋葱B5修护面霜,ISNTREE,,面霜,洋葱面霜,修护+提亮+淡痘印,¥65/50ml,韩国,
BELARME · 黄黑皮去黄提亮淡黑改善色沉传明酸精华液虾青素面膜光甘草定面霜,,,,,,,,,,返回数据列数不正确
可复美·【粉丝福利】焦点精华5ml+焦点面霜1.5g+焦点贴片面膜1片,,可复美焦点精华+焦点面霜+焦点贴片面膜套装,可复美,焦点,精华+面霜+面膜,焦点三件套,修护+舒缓+保湿,¥NaN/5ml+1.5g+1片,中国,
PRIMADERM · sos抗衰老面部精华 去眼圈小蓝胶眼胶  SOS胜肽抗皱面霜 原圣歌兰,35.0,,,,,,,,,返回数据列数不正确
DS DERMASENSA·【柏林君专属】德玛森氏维生素K眼霜2.0 15ml+vk5ml*3+F5面霜30ml,398.0,德玛森氏维生素K眼霜2.0,德玛森氏,维生素K,眼霜,VK眼霜,淡化黑眼圈+抗氧化+保湿,¥398/15ml,美国,
爱怡美·【326瑞士溯源】【先付1888，到货付888】瑞士瞬时面霜 首付款！,1888.0,爱怡美瑞士瞬时面霜,爱怡美,瑞士溯源,面霜,瞬时面霜,抗老+紧致+修护,¥1888/50ml,瑞士,
Carenology 95·【幽幽专享】平衡喷雾120ml补水保湿舒缓爽肤面霜喷雾修护敏感肌,129.0,Carenology 95平衡喷雾,Carenology,95,喷雾,平衡喷雾,补水+保湿+舒缓,¥129/120ml,韩国,
片仔癀·【直播福袋】2025超值面霜福袋,99.0,片仔癀珍珠臻白面霜,片仔癀,珍珠臻白,面霜,片仔癀面霜,美白+保湿,¥99/50g,中国,
pink too · 素颜霜防水防汗遮瑕滋润妆前乳提亮肤色自然裸妆懒人面霜学生女,,pink too素颜霜,pink too,,素颜霜,懒人面霜,提亮+遮瑕+滋润,¥nan,中国,
BIOHEAL BOH·韩国BOH新款紫色3D胶原蛋白精华面霜喷雾保湿补水紧致提拉,99.0,BIOHEAL BOH 3D胶原蛋白精华面霜,BIOHEAL BOH,,面霜喷雾,紫色3D面霜,保湿+补水+紧致,¥99/50ml,韩国,
aspect · 熟龄肌必买active vc精华益生菌面膜白藜芦醇面霜抗氧维C多肽,,,,,,,,,,返回数据列数不正确
可复美·【自播专享】帧域密修精华面霜50g/盒+帧域密修精华眼霜20g/盒,978.0,可复美帧域密修精华面霜,可复美,帧域密修,面霜,密修面霜,修护+保湿+抗老,¥978/50g,中国,
TJE·【Fan小姐专属】云朵霜50g防水防汗自然裸妆水懒人面霜素颜霜,,云朵霜,未知,,面霜,懒人面霜,防水+裸妆+素颜,¥0/50g,未知,
Acaderma·【小森林】焕亮K老套绿洲30ml*2+星光30ml*2+面霜一壳两芯|M07R,1666.0,Acaderma小森林焕亮K老套装,Acaderma,小森林,套装,小森林套装,焕亮+抗老+修护,¥1666/120ml,美国,
VT 薇缔 · 微晶系列焕颜3步曲面膜（微晶300+面膜+面霜）,,VT薇缔微晶系列焕颜3步曲面膜,VT,微晶系列,面膜,微晶3步曲,焕肤+补水+修护,¥NaN,韩国,
绽妍JUYOU·【家佳专属】绽妍三重蛋白面霜修护霜+贻贝粘蛋白速修精华液,,,,,,,,,,返回数据列数不正确
REPLENiX·【晁然专属】10%TOPIX 果酸面霜提亮去黄改善暗沉肤色收缩毛孔,,REPLENiX 10%TOPIX果酸面霜,REPLENiX,TOPIX,面霜,果酸面霜,提亮+去黄+收缩毛孔,¥NaN/50ml,美国,
SK-Ⅱ·SK-II 温和护肤洁面霜120g,,SK-II温和护肤洁面霜,SK-II,护肤,洁面霜,神仙水洁面,清洁+温和,¥460/120g,日本,
肌肤之研·【抗老CP】50胜肽精华三型胶原面霜Z-3,,肌肤之研50胜肽精华三型胶原面霜,肌肤之研,50胜肽,面霜,抗老CP,抗老+紧致+修护,¥/50ml,中国,
量克·LAQUANTITE糖脂叁净澈洁面霜100g【喜宝大叔】,69.0,量克·LAQUANTITE糖脂叁净澈洁面霜,量克·LAQUANTITE,糖脂叁,洁面霜,糖脂洁面霜,清洁+控油+保湿,¥69/100g,中国,
玉容初·藏红花精华油15ml+赋活水油双相精华30ml+面霜50g 提亮【店播】,,,,,,,,,,返回数据列数不正确
片仔癀·晶感系列 美白淡斑紧致补水保湿舒缓爽肤水乳液面霜,,,,,,,,,,返回数据列数不正确
欧莱雅·金致臻颜重组胶原面霜精粹水乳霜套组提拉紧致套组补水保湿,,欧莱雅金致臻颜花蜜奢养滋润面霜,欧莱雅,金致臻颜,面霜,花蜜面霜,抗老+滋润+紧致,¥350/50ml,法国,
Itoguchi·多维度面霜全身霜 60g【日本直邮】,,ItoGuchi多维度修护面霜,ItoGuchi,,面霜,多维面霜,修护+保湿+紧致,¥/60g,日本,
珀莱雅·【38抢先购】能量三件套水乳眼霜面霜精华紧致保湿礼盒套装,,珀莱雅能量三件套,珀莱雅,能量,礼盒套装,能量礼盒,紧致+保湿,¥nan,中国,
OTHER · 素颜霜护肤品面霜补水,,OTHER素颜霜,OTHER,,面霜,素颜霜,提亮+遮瑕+保湿,¥0/50ml,,
Carenology 95·【娜娜专属】平衡喷雾120ml*3瓶保湿舒缓爽肤水面霜喷雾,,Carenology 95·【娜娜专属】平衡喷雾,Carenology,95·【娜娜专属】,喷雾,平衡喷雾,保湿+舒缓,¥nan/120ml,韩国,
自然堂·喜马拉雅冰川水乳面霜男士护肤品套装深层保湿滋润,,自然堂喜马拉雅冰川水乳面霜,自然堂,喜马拉雅,面霜,冰川面霜,保湿+滋润+修护,¥/50ml,中国,
SARAH CHAPMAN·【翰娜Hannah专属】熬夜油30ml+胶原快充面霜30ml+glow精华油30ml,,,,,,,,,,返回数据列数不正确
颐莲·高保湿嘭嘭面霜玻尿酸补水保湿修护舒缓滋润,,颐莲玻尿酸高保湿嘭嘭面霜,颐莲,高保湿嘭嘭,面霜,嘭嘭面霜,保湿+修护+舒缓,¥0/50ml,中国,
欧莱雅·水乳面霜套装便携（日期差！介意WU拍！19批),,欧莱雅复颜玻尿酸水乳面霜套装,欧莱雅,复颜玻尿酸,面霜套装,玻尿酸套装,保湿+抗皱+修护,¥399/50ml,法国,
BIOHEAL BOH · 韩国Boh积雪草面霜喷雾120ml保湿补水,58.0,BIOHEAL BOH积雪草面霜喷雾,BIOHEAL BOH,,喷雾,积雪草喷雾,保湿+补水+舒缓,¥58/120ml,韩国,
HEXKIN·韦雪同款~韩国赫诗琴水光面霜水光肌保湿回头霜光感塑颜霜正品,25.0,赫诗琴水光塑颜面霜,HEXKIN,,面霜,水光回头霜,保湿+塑颜+提亮,¥25/50ml,韩国,
谷雨·小奶罐面霜提亮肤色15g 刮码发货,35.0,谷雨光感美白修护面霜,谷雨,光感,面霜,小奶罐,美白+提亮+修护,¥35/15g,中国,
她叙·【直播专属】亲肌无痕有色面霜素颜霜修饰肤色懒人底妆官方,229.0,她叙亲肌无痕有色面霜,她叙,亲肌无痕,面霜,素颜霜,修饰肤色+提亮+懒人底妆,¥229/50ml,中国,
Kahina·KAHINA精雕塑颜面霜/抗氧化面膜/清洁白泥膜/黄金冻龄眼霜眼精华,,,,,,,,,,返回数据列数不正确
EVENSWISS · 瑞士进口5倍胶原精华大师精华紧致提升面膜/面霜修护胶原蛋白在生,,EVENSWISS 5倍胶原精华大师面霜,EVENSWISS,5倍胶原精华大师,面霜,胶原面霜,紧致+修护+提升,¥/50ml,瑞士,
丽质华堂·紫檀柔肤水100ml+精华液30ml+面霜60g,,,,,,,,,,返回数据列数不正确
其他·· 正宗猪油柿叶膏50g面部护肤面霜提亮肤色柿子叶膏猪油版,,正宗猪油柿叶膏,,,面霜,柿子叶膏,提亮肤色,¥N/A/50g,,
numbuzin·韩国数字系列收缩毛孔3号爽肤水5号提亮小黑瓶精华面霜保湿修护,108.0,,,,,,,,,返回数据列数不正确
听研·少奶奶 爆款推荐 立体塑颜建构系列【精粹水+精华+面霜】抗皱修护,99.0,,,,,,,,,返回数据列数不正确
丽颜世家 · 水光粉嫩霜素颜霜60ML素颜面霜,39.9,丽颜世家水光粉嫩霜素颜霜,丽颜世家,水光粉嫩,面霜,素颜霜,提亮+保湿+遮瑕,¥39.9/60ml,中国,
爱怡美·<旗舰店>女神素颜霜II 抗皱面霜 淡纹素颜霜脸部推荐身体可用,,爱怡美女神素颜霜II,爱怡美,女神素颜霜,面霜,素颜霜,抗皱+淡纹+提亮,¥NaN/50ml,中国,
MamaAndKids · UV儿童防晒霜温和补水保湿面霜SPF23防晒乳液90ml,,MamaAndKids UV儿童防晒霜,MamaAndKids,UV,防晒霜,温和防晒霜,防晒+温和+保湿,¥nan/90ml,日本,
她叙·【直播专属】亲肌无痕有色面霜素颜霜修饰肤色懒人底妆官方,,她叙亲肌无痕有色面霜,她叙,亲肌无痕,面霜,素颜霜,修饰肤色+提亮+懒人底妆,¥/50ml,中国,
瑷丝特兰·【全新二代】干皮安心保湿柔护细喷雾120ml补水修护爽肤水面霜喷,99.0,瑷丝特兰干皮安心保湿柔护细喷雾,瑷丝特兰,干皮安心保湿,喷雾,保湿喷雾,补水+修护+保湿,¥99/120ml,韩国,
SK-Ⅱ·大红瓶面霜80ML＋神仙水230ML(礼盒礼袋）,,SK-Ⅱ赋能焕采精华霜+护肤精华露礼盒,SK-Ⅱ,赋能焕采,面霜+精华,大红瓶+神仙水礼盒,修护+保湿+提亮,¥/80ml+230ml,日本,
BLIFT PRO SC·【王灿专属】八胜肽抗老精华30ml限时买一送一（送面霜精华小样）,,BLIFT PRO SC八胜肽抗老精华,BLIFT PRO SC,,精华,八胜肽精华,抗老+修护+紧致,¥/30ml,,
klairs蔻徕氏·【珍珠首播专属/单支装】素颜霜面霜原装烟酰胺bb霜亮肤素颜霜40g,,Klairs素颜霜,Klairs,,面霜,BB霜,提亮+遮瑕+保湿,¥/40g,韩国,
ESTEE LAUDER · 红石榴套装三件套洗面奶爽肤水面霜护肤亢老滋润补水提亮,,雅诗兰黛红石榴套装,雅诗兰黛,红石榴,套装,红石榴三件套,抗老+补水+提亮,¥/套,美国,
可复美 · 透明质酸钠藻萃盈润保湿精华水乳液面霜深层沁润补水墩墩吨吨水乳,,可复美透明质酸钠藻萃盈润保湿精华水,可复美,藻萃盈润,精华水,墩墩吨吨水,保湿+补水+修护,¥nan,中国,
AIONAYI · 美容院水乳液面霜润肤水洁面乳,,AIONAYI · 美容院水乳液面霜润肤水洁面乳,,,,,,¥0/0ml,,
玉容初 · 藏红花精华油15ml+赋活水油双相精华30ml+面霜50g 提亮抗老修护,,,,,,,,,,返回数据列数不正确
境生之源·【全家福套组】精华面霜水乳颈霜紧致抗皱淡纹修护舒缓保湿套装,,境生之源全家福套组,境生之源,全家福,套装,全家福套组,紧致+抗皱+修护,¥nan,中国,
欧莱雅·金致臻颜滋润面霜玻色因提拉紧致淡纹保湿修护补水超值套组ZB,,欧莱雅金致臻颜花蜜奢养滋润面霜,欧莱雅,金致臻颜,面霜,花蜜面霜,抗老+滋润+紧致,¥350/50ml,法国,
尧光·恒养隔离有色面霜 裸感免卸妆 奢润光泽,,尧光·恒养隔离有色面霜,尧光,恒养,面霜,裸感面霜,隔离+润色+养肤,¥/50ml,中国,
AFU阿芙·水乳面霜适合干皮油皮混油！保湿补水焕亮紧致,,阿芙水润焕活保湿霜,阿芙,水润焕活,面霜,阿芙保湿霜,保湿+补水+焕亮,¥198/50g,中国,
Dalton·【两只小狗六专属】海神三明治套组：海神面霜+海神安瓶,,,,,,,,,,返回数据列数不正确
惜玥·多肽组合（精华30ml+面霜50g）（夏天25.3）,,惜玥多肽精华面霜组合,惜玥,多肽,精华+面霜,多肽组合,抗老+修护+保湿,¥25.3/30ml+50g,中国,
NARS·纳斯有色面霜隔离遮瑕防护三合一提亮素颜霜 L0/L120ml中小样,,NARS有色面霜,NARS,有色面霜,面霜,有色面霜,提亮+遮瑕+防护,¥0/20ml,美国,
SAMU · 官方正品！samu面霜喷雾妆前保湿补水舒缓修护控油湿敷水化妆水女,,SAMU保湿修护喷雾,SAMU,,喷雾,Samu喷雾,保湿+舒缓+修护,¥NaN/,日本,
ELEMIS·【章小蕙直播专享】海洋胶原玫瑰卸妆膏100g赠卸妆膏+面霜+化妆包,,ELEMIS海洋胶原玫瑰卸妆膏,ELEMIS,海洋胶原,卸妆膏,玫瑰卸妆膏,清洁+滋养+舒缓,¥/100g,英国,
欧缇丽·【章小蕙直播专享】白藜芦醇紧致淡纹套组精华30ml面霜50ml,,,,,,,,,,返回数据列数不正确
玲珑·【达人专属】紧致面霜+精华+眼霜精致护肤套组 脸眼抗皱修护,699.0,玲珑紧致护肤套组,,,套盒,玲珑套盒,紧致+抗皱+修护,¥699/套,中国,
她叙·【店播】【早八人套组】亲肌无痕有色面霜+任意唇釉套组,,有色面霜,她叙,,面霜,,润色+遮瑕,¥/30ml,中国,
玫琳凯·【福利】 乳液面霜保湿水 粉妍片眼霜精华安瓶官网正品,,,,,,,,,,返回数据列数不正确
JULIETTE & TOM·【章龄之专属】-法国原装进口-小蜜瓜果冻面霜 儿童保湿舒缓啫喱,429.0,JULIETTE & TOM小蜜瓜果冻面霜,JULIETTE & TOM,,面霜,小蜜瓜面霜,保湿+舒缓,¥429/50ml,法国,
DR DENNIS GROSS·3D多肽面霜  50ml x2,799.0,DR DENNIS GROSS 3D多肽面霜,DR DENNIS GROSS,3D,面霜,3D面霜,抗老+紧致+保湿,¥799/50ml,美国,
PORT BUDDY · 【38女神节礼物】朴笛377面霜精华护肤去黄提亮补水保湿改善暗沉,,朴笛377焕亮面霜,朴笛,377,面霜,377面霜,去黄+提亮+保湿,¥nan/50ml,中国,
尧光·【敏肌养肤】恒养有色面霜替换装 奢润光泽 干皮敏肌养肤免卸妆,,尧光恒养有色面霜,尧光,恒养,面霜,有色面霜,养肤+遮瑕+免卸妆,¥NaN/50ml,中国,
春娟SINCE1980·【ZB】春娟黄芪保湿洁面水乳面霜面部水润护理经典护肤品保湿,,春娟黄芪保湿面霜,春娟,黄芪,面霜,黄芪霜,保湿+滋润+修护,¥89/30g,中国,
美迪惠尔 · 人肉背回 | 水润保湿棉片100片补水滋润湿敷面霜懒人面膜急救补水,,美迪惠尔水润保湿棉片,美迪惠尔,,棉片,懒人面膜,补水+保湿+急救,¥nan/100片,韩国,
绽妍JUYOU·【夏天专属】绽妍三重蛋白面霜修护霜+贻贝粘蛋白速修精华液,,,,,,,,,,返回数据列数不正确
isoi·iSoi玫瑰系列！修护精华水面霜眼膜贴橡皮擦面膜淡斑淡痘印,,,,,,,,,,返回数据列数不正确
SAMU·面霜喷雾妆前保湿舒缓泛红平衡补水喷雾,158.0,SAMU·面霜喷雾妆前保湿舒缓泛红平衡补水喷雾,SAMU,,喷雾,面霜喷雾,保湿+舒缓+补水,¥158/50ml,,
她叙·【直播专场】亲肌无痕有色面霜+任意唇釉套组,,她叙亲肌无痕有色面霜,她叙,亲肌无痕,面霜,有色面霜,遮瑕+提亮+保湿,¥NaN/30ml,中国,
韩束·【明星同款】X肽面霜赋活丰盈紧塑轻润霜美容护肤保湿品牌,279.0,韩束X肽赋活丰盈紧塑轻润霜,韩束,X肽,面霜,X肽面霜,紧致+丰盈+保湿,¥279/50ml,中国,
资生堂 · 新款悦薇智感紧塑焕白霜15ml中小样 清爽型 控糖面霜,,资生堂悦薇智感紧塑焕白霜,资生堂,悦薇,面霜,控糖面霜,焕白+紧致+控糖,¥0/15ml,日本,
欧诗漫·【直播专享】安心面霜安心大白罐舒颜焕亮修护霜次抛精华组合,,欧诗漫安心大白罐舒颜焕亮修护霜,欧诗漫,安心舒颜,面霜,大白罐,修护+焕亮+保湿,¥199/50g,中国,
Carenology 95·Carenology95/平衡喷雾120ml补水保湿舒缓爽肤水面霜喷雾,129.0,Carenology95平衡喷雾,Carenology,95·Carenology95,喷雾,平衡喷雾,补水+保湿+舒缓,¥129/120ml,韩国,
珀莱雅·高端k老！能量水乳/面霜/精华油启时系列紧致抗皱保湿提拉,,,,,,,,,,返回数据列数不正确
奕间实验室 · 黑绷带面霜高端复刻·31%玻色因·御龄紧致实验室自研,198.0,奕间实验室黑绷带面霜,奕间实验室,黑绷带,面霜,黑绷带面霜,抗老+紧致+修复,¥198/50ml,中国,
BOH·面霜喷雾泛醇CICA弱酸性修复舒缓镇静补水韩国积雪草喷雾,,BOH积雪草修复面霜喷雾,BOH,无,面霜喷雾,CICA喷雾,修复+舒缓+补水,¥NaN/50ml,韩国,
尧光·恒养隔离有色面霜 裸感免卸妆 奢润光泽,,尧光·恒养隔离有色面霜,尧光,恒养,面霜,裸感面霜,隔离+润色+养肤,¥/30ml,中国,
MZ SKIN BY DR MARYAM ZAMANI·焕活X细胞精华+胜肽面霜清爽版【双十一专享】,,MZ SKIN焕活X细胞精华+胜肽面霜清爽版,MZ SKIN,焕活X细胞,面霜,X细胞面霜,抗老+紧致+保湿,¥/50ml,英国,
diary·50%玻色因胶原面霜 | 速充胶原 分层回填 拒绝流失 幽幽,,50%玻色因胶原面霜,Diary,,面霜,玻色因面霜,抗老+紧致+保湿,¥/50ml,中国,
芯丝翠·【大筠专属】活颜0.3%A醇夜精华30ml 赠D229面霜 10g*2,618.0,芯丝翠活颜0.3%A醇夜精华,芯丝翠,活颜,精华,A醇夜精华,抗老+修护+焕肤,¥618/30ml,美国,
欧利芙洋·韩国klairs寇徕氏素颜bb霜ins小众品牌！瓷光隔离面霜脸部遮瑕,,Klairs素颜BB霜,Klairs,,BB霜,瓷光BB霜,遮瑕+隔离+提亮,¥/30ml,韩国,
植贝 · 【买一送一】石斛养肤素颜霜自然不假白遮瑕隔离懒人面霜素颜霜,,植贝石斛养肤素颜霜,植贝,石斛养肤,素颜霜,懒人面霜,遮瑕+隔离+养肤,¥nan/50ml,中国,
TUCO·【醒醒专享】（几何版）法老眼霜+法老面霜抗皱淡纹紧致透亮滋润,,,,,,,,,,返回数据列数不正确
Biossance·角鲨烷玫瑰VC面霜 50mL,,Biossance角鲨烷玫瑰VC面霜,Biossance,角鲨烷玫瑰,面霜,玫瑰VC面霜,保湿+提亮+抗氧化,¥/50ml,美国,
MapleBio枫萃·双彩凝萃精华油*1盒+虾青素面霜*1瓶+双萃油体验装*4支,,,,,,,,,,返回数据列数不正确
雅琪诺 · 素颜霜懒人霜面霜自然美颜提亮肤色遮瑕裸装前隔离遮瑕学生BB霜,,雅诗兰黛沁水光润素颜霜,雅诗兰黛,沁水,面霜,懒人霜,提亮+遮瑕+保湿,¥480/50ml,美国,
尧光·恒养隔离有色面霜 裸感免卸妆 奢润光泽,,尧光·恒养隔离有色面霜,尧光,恒养,面霜,裸感面霜,隔离+润色+养肤,¥/50ml,中国,
丝幕 · 芦荟胶维生素E胶囊维e乳玫瑰油三件套补水护肤品套装滋润保湿面霜,,丝幕芦荟胶维生素E胶囊维E乳玫瑰油三件套,丝幕,无,护肤品套装,丝幕三件套,补水+滋润+保湿,¥N/A,中国,
珀莱雅 · 时光流金礼盒·能量两件套水乳面霜眼霜精华油紧致抗皱淡纹保湿,,珀莱雅时光流金礼盒,珀莱雅,时光流金,礼盒,能量两件套,紧致+抗皱+保湿,¥NaN,中国,
Torriden·小猴子同款 韩国桃瑞丹爽肤水面霜精华洗面奶棉片维稳低分子玻尿,,,,,,,,,,返回数据列数不正确
维缇芮生·【柏林君专属】滋养修护抗皱舒缓保湿屏障强韧臻修紧实面霜50ml,259.0,维缇芮生臻修紧实面霜,维缇芮生,臻修,面霜,柏林君面霜,修护+抗皱+保湿,¥259/50ml,中国,
梦丽多日·【番茄专属】防晒全效组合 防晒+晒后急救修复清洁CP棒冰沙面霜,339.0,梦丽多日防晒全效组合,梦丽多日,番茄专属,防晒组合,防晒CP棒,防晒+修复+清洁,¥339/组合,中国,
skin lane·【新年福袋】肌侣大师面膜1盒+大师面霜10g+白月光面膜2片,,skin lane·【新年福袋】肌侣大师面膜1盒+大师面霜10g+白月光面膜2片,skin lane,肌侣大师,面膜+面霜,大师福袋,保湿+修护,¥nan,中国,
雪玲妃·小黑管氨基酸洗面奶套装黑金玻色因面霜紧致抗老护肤品组合,168.0,,,,,,,,,返回数据列数不正确
GETTING·【鱼儿很鱼专属】参润草本有色精华面霜懒人必备妆前隔离素颜霜,,参润草本有色精华面霜,参润,草本有色,面霜,懒人素颜霜,提亮+隔离+保湿,¥NaN/50ml,中国,
她叙·【安吉专属】肌无痕有色面霜+任意唇釉套组,,她叙·【安吉专属】肌无痕有色面霜+任意唇釉套组,,,,,,¥nan/,,
DS DERMASENSA·【家佳专属】德玛森氏维生素K眼霜2.0 15ml+vk5ml*3+F5面霜30ml,398.0,德玛森氏维生素K眼霜2.0,德玛森氏,维生素K系列,眼霜,VK眼霜,淡化黑眼圈+抗皱+保湿,¥398/15ml,美国,
ALYSCAMPS·【张婉婷专属】感官植萃洁颜油50ml+多维女士高定面霜50ml,,,,,,,,,,返回数据列数不正确
pink too · 素颜霜防水防汗遮瑕滋润妆前乳提亮肤色自然裸妆懒人面霜学生女,,pink too素颜霜,pink too,,素颜霜,懒人面霜,提亮+遮瑕+滋润,¥nan,中国,
DS DERMASENSA·【38大促】德玛森氏维生素K眼霜2.0 15ml+vk5ml*3+F5面霜30ml,398.0,德玛森氏维生素K眼霜2.0,德玛森氏,维生素K,眼霜,VK眼霜,淡化黑眼圈+抗氧化+保湿,¥398/15ml,美国,
优时颜·【官方正品】第二代黑引力面霜+微笑精华油保湿提拉六胜肽抗皱,389.0,,,,,,,,,返回数据列数不正确
灵木集·【回购推荐】灵萃气韵奢润面霜2瓶 人参山茶姜黄草本植萃抗氧保湿,,灵萃气韵奢润面霜,灵木集,灵萃,面霜,人参面霜,抗氧+保湿+滋养,¥NaN,中国,
黛尔珀·韩国dAlba全系列 空姐喷雾白松露双层精华面霜水润面膜提亮高保湿,,,,,,,,,,返回数据列数不正确
肌肤之钥·钻光五件套体验装 洗面奶光采赋活精华面霜眼霜保湿,,肌肤之钥钻光五件套体验装,肌肤之钥,钻光,套装,钻光五件套,保湿+赋活+修护,¥0/套,日本,
BIOLOGIQUE RECHERCHE·【章小蕙专享】淡纹修护cp (胶原原液 30ml+倍润强护面霜 50ml),2860.0,,,,,,,,,返回数据列数不正确
她叙·【米修妈专属】亲肌无痕有色面霜素颜霜修饰肤色懒人底妆官方正品,229.0,她叙亲肌无痕有色面霜,她叙,亲肌无痕,面霜,素颜霜,修饰肤色+提亮+保湿,¥229/50ml,中国,
可复美·【粉丝福利】焦点精华5ml+1.5g焦点面霜*2+涂抹面膜1颗+胶原棒1支,,,,,,,,,,返回数据列数不正确
HE · 【直播专享】男士秋冬补水保湿面霜清爽滋润脸部护肤全身可涂,39.9,HE男士补水保湿面霜,HE,,面霜,男士面霜,补水+保湿+清爽,¥39.9/50ml,中国,
BIOHEAL BOH · 韩国紫色3D胶原蛋白弹弹喷雾 保湿补水紧致提拉面霜喷雾,,BIOHEAL BOH紫色3D胶原蛋白弹弹喷雾,BIOHEAL BOH,3D胶原蛋白,面霜喷雾,弹弹喷雾,保湿+紧致+提拉,¥NaN/50ml,韩国,
艾斯诺娜面霜无赠品25.10,168.0,艾斯诺娜焕活修护面霜,艾斯诺娜,焕活修护,面霜,艾斯诺娜面霜,修护+保湿+滋养,¥168/25g,日本,
S.NATURE·韩国善自然角鲨烷面霜补水保湿妆前乳服帖詹詹小猴子爱用,,S.NATURE角鲨烷保湿面霜,S.NATURE,无,面霜,詹詹小猴子爱用,补水+保湿+妆前打底,¥NaN/50ml,韩国,
珀莱雅·【38返场】能量精华油+面霜奢润紧致抗皱礼盒活动专享,828.0,珀莱雅能量精华油+面霜奢润紧致抗皱礼盒,珀莱雅,能量,精华油+面霜,能量礼盒,紧致+抗皱+奢润,¥828/套,中国,
薇诺娜·【38大促】修白瓶日晚霜套装美白祛斑淡斑精华液面霜,,薇诺娜修白瓶日晚霜套装,薇诺娜,修白瓶,面霜,修白霜,美白+淡斑+修护,¥NaN,中国,
瑷尔博士·【达人专属】酵萃洁面霜氨基酸深层清洁平衡水油不紧绷100g,,瑷尔博士酵萃洁面霜,瑷尔博士,酵萃,洁面霜,酵萃洁面霜,清洁+平衡水油+温和,¥/100g,中国,
environe·南非院线environ高端蓝色线a醇胜肽精华面霜洗面奶眼霜,,,,,,,,,,返回数据列数不正确
欧莱雅·金致臻颜重组胶原面霜精粹水乳霜中样套组提拉紧致套组补水保湿,,,,,,,,,,返回数据列数不正确
玲珑·【粉丝专属】紧致面霜+精华+眼霜精致护肤套组 抗皱修护干油皮,,玲珑紧致护肤套组,,,面霜/精华/眼霜,玲珑套组,紧致+抗皱+修护,¥NaN/,中国,
优时颜·【官方正品】黑引力精华水乳面霜洁面胶原保湿紧致抗皱修护,499.0,优时颜黑引力精华面霜,优时颜,黑引力,面霜,黑引力面霜,抗皱+紧致+修护,¥499/50ml,中国,
Carenology 95·Carenology95/平衡喷雾120ml补水保湿舒缓爽肤水面霜喷雾,129.0,Carenology95平衡喷雾,Carenology,95·Carenology95,喷雾,平衡喷雾,补水+保湿+舒缓,¥129/120ml,韩国,
云惜·玫瑰焕颜精华油｜ 紧致抗皱 单品赠维稳面霜5ml【李宝专属】,,云惜玫瑰焕颜精华油,云惜,,精华油,玫瑰油,紧致+抗皱+焕颜,¥/30ml,中国,
兰蔻·菁纯眼霜两个装加菁纯面霜一个装（礼盒礼袋）,,,,,,,,,,返回数据列数不正确
unny club·素颜霜懒人霜保湿面霜遮瑕学生男女平价滋润官方旗舰店,89.0,UNNY CLUB素颜霜,UNNY CLUB,,素颜霜,懒人霜,提亮+保湿+遮瑕,¥89/50ml,韩国,
TWG · V7素颜霜补水保湿提亮肤色打底面霜贵妇膏自然懒人素颜霜水光靓肤,,TWG V7素颜霜,TWG,V7,面霜,贵妇膏,补水+提亮+保湿,¥nan/50g,新加坡,
pink too · 懒人遮瑕素颜霜提亮肤色隔离滋润补水脸部裸妆护肤面霜素颜霜,,pink too懒人遮瑕素颜霜,pink too,,素颜霜,懒人霜,遮瑕+提亮+补水,¥nan/50ml,中国,
Acaderma·【小森林】绿洲CP绿洲精华30ml+绿洲面霜50ml+绿洲面膜50ml|M08,1189.0,,,,,,,,,返回数据列数不正确
BIOHEAL BOH · boh保湿喷雾积雪草舒缓修护面霜喷雾120ml护肤妆前定妆爽肤水,69.0,BIOHEAL BOH积雪草舒缓修护面霜喷雾,BIOHEAL BOH,boh,面霜喷雾,积雪草喷雾,舒缓+修护+保湿,¥69/120ml,韩国,
GETTING·【霸霸不测评专属】参润草本有色精华面霜精致懒人必备妆前融肤,,参润草本有色精华面霜,参润,草本有色,面霜,懒人面霜,提亮+保湿+妆前打底,¥NaN/50ml,中国,
NUNA by Premier Dead Sea·【下单后留意客服信息】以色列香槟金盈润保湿面霜70ml*2瓶,1999.0,NUNA by Premier Dead Sea香槟金盈润保湿面霜,Premier Dead Sea,,面霜,香槟金面霜,保湿+滋润+盈润,¥999/70ml,以色列,
Carenology 95·平衡喷雾120ml补水保湿舒缓维稳敏感肌爽肤水水光面霜喷雾便携,,Carenology 95·平衡喷雾,Carenology,95·平衡,喷雾,平衡喷雾,补水+保湿+舒缓,¥nan/120ml,韩国,
HE·男士润唇膏保湿面霜滋润嘴唇补水防干裂淡化唇纹去死皮护手霜,,HE·男士润唇膏保湿面霜,HE·男士,,润唇膏,,保湿+防干裂+淡化唇纹,¥0/0ml,,
Acaderma·【小森林】焕亮K老套绿洲30ml*2+星光30ml*2+面霜替换芯*2|M07R,1636.0,Acaderma小森林焕亮K老套装,Acaderma,小森林,套装,小森林套装,焕亮+抗老,¥1636/120ml,美国,
Shang Renée赏容·【宝藏niki专属】【Re精华水+蕴能面霜】水面部套装修护保湿抗皱,,,,,,,,,,返回数据列数不正确
肌肤之研·【抗老CP】50胜肽精华三型胶原面霜Z-3,870.0,肌肤之研50胜肽精华三型胶原面霜,肌肤之研,50胜肽,面霜,抗老CP,抗老+紧致+修护,¥870/50ml,中国,
Acaderma·【查理专属】绿洲精华30ml+赋活NAD+绿洲面霜50ml修屏障抗老|C07,948.0,,,,,,,,,返回数据列数不正确
Carenology 95·Carenology95/平衡喷雾120ml补水保湿舒缓爽肤水面霜喷雾,,Carenology95平衡喷雾,Carenology,95,喷雾,平衡喷雾,补水+保湿+舒缓,¥/120ml,韩国,
Klaisy·早八神器！韩国柯莱丝面霜蔻徕氏原装进口烟酰胺bb霜亮肤bb霜遮瑕,104.0,Klaisy烟酰胺亮肤BB霜,Klaisy,无,BB霜,早八神器,亮肤+遮瑕,¥104/30ml,韩国,
其他·西班牙英诺世家光子面霜50g 买一送一,288.0,英诺世家光子面霜,英诺世家,光子,面霜,光子面霜,抗老+提亮+保湿,¥288/50g,西班牙,
VT 薇缔·【啾鼠专属】微晶系列焕颜三步曲面膜（微晶300+面膜+面霜）,,VT微晶系列焕颜三步曲面膜,VT,微晶系列,面膜,啾鼠面膜,焕肤+补水+修护,¥/套,韩国,
Aubu·【女神专享】礼献大礼包15min 线雕V脸面膜超A面霜4周淡纹抗皱,,Aubu·【女神专享】礼献大礼包15min 线雕V脸面膜超A面霜4周淡纹抗皱,Aubu,,面霜,超A面霜,淡纹+抗皱+紧致,¥/50ml,中国,
Monica Queen·莫妮卡抗皱紧致套组·精华油+面霜,,,,,,,,,,返回数据列数不正确
Klaisy·早八神器！韩国klairs面霜蔻徕氏原装进口烟酰胺bb霜亮肤bb霜遮瑕,104.0,Klairs烟酰胺BB霜,Klairs,,BB霜,早八神器,亮肤+遮瑕,¥104/50ml,韩国,
雅琪诺 · 懒人遮瑕素颜霜全身自然提亮肤色不假白面霜伪素颜校园学生党必备,,雅琪诺懒人遮瑕素颜霜,雅琪诺,,面霜,懒人素颜霜,遮瑕+提亮+自然,¥/50ml,中国,
听研·少奶奶 蕴能紧致胶原次抛精华+面霜+洁面+精粹水2.0+红毯面膜,899.0,,,,,,,,,返回数据列数不正确
瑷尔博士·【达人专属】酵萃洁面霜氨基酸深层清洁平衡水油不紧绷100g,138.0,瑷尔博士酵萃洁面霜,瑷尔博士,酵萃,洁面霜,酵萃洁面霜,清洁+平衡水油+温和,¥138/100g,中国,
丸美·小金针面霜补水保湿抗皱淡纹  可查防伪,59.0,丸美小金针胶原紧致面霜,丸美,小金针,面霜,小金针面霜,补水+抗皱+紧致,¥59/50g,中国,
尧光·恒养隔离有色面霜 裸感免卸妆 奢润光泽,,尧光·恒养隔离有色面霜,尧光,恒养,面霜,裸感面霜,隔离+润色+养肤,¥/50ml,中国,
pink too · 素颜霜遮瑕滋润隔离妆前乳提亮肤色自然裸妆懒人面霜学生党,12.9,pink too素颜霜,pink too,,素颜霜,懒人面霜,提亮+遮瑕+滋润,¥12.9/50g,中国,
芙丽芳丝 · 氨基酸洁面净澈控油洗面霜祛痘修护清洁保湿控油洁面奶100g+80g,170.0,芙丽芳丝净润洗面霜,芙丽芳丝,净润,洁面,氨基酸洁面,清洁+保湿+控油,¥170/100g,日本,
左颜右色 · 男士护肤品套装全套微酸洗面奶面霜爽肤水控油补水保湿霜深层清洁,,左颜右色男士微酸护肤套装,左颜右色,男士微酸,护肤套装,男士三件套,控油+补水+清洁,¥nan,中国,
三草两木·双莲柔暂光感套盒水乳精华面霜4件套补水修护提亮肤色,298.0,三草两木双莲柔皙光感套盒,三草两木,双莲柔皙,套装,双莲套盒,补水+修护+提亮,¥298/套,中国,
优时颜·【官方正品】第3代微笑眼霜+黑引力面霜紧致上眼皮强抚纹亮眼周,549.0,,,,,,,,,返回数据列数不正确
瑞波琴·repechage小绿瓶海藻精华面霜褪红舒缓玫瑰脂皮抗火30ml,589.0,瑞波琴海藻精华面霜,瑞波琴,海藻精华,面霜,小绿瓶,褪红+舒缓+抗火,¥589/30ml,美国,
Torriden·韩国桃瑞丹粉色胶原蛋白弹力系列 眼霜 面霜 面膜,,,,,,,,,,返回数据列数不正确
尧光·恒养隔离有色面霜 裸感免卸妆 奢润光泽,,尧光·恒养隔离有色面霜,尧光,恒养,面霜,恒养面霜,隔离+裸感+光泽,¥/50ml,中国,
欧莱雅·第二代金致臻颜重组胶原精粹水乳液面霜正装套组淡化细纹提拉紧致,,欧莱雅第二代金致臻颜重组胶原精粹水乳液面霜套组,欧莱雅,金致臻颜,面霜套组,胶原霜套组,抗老+紧致+淡化细纹,¥/套,法国,
Biossance·【章小蕙专享】角鲨烷玫瑰VC面霜 50mL,,Biossance角鲨烷玫瑰VC面霜,Biossance,无,面霜,玫瑰VC面霜,保湿+提亮+抗氧化,¥/50ml,美国,
伊贝诗·鱼子酱蓝钻霜紧致淡纹抗皱滋润保湿面霜女官方正品,194.0,伊贝诗鱼子酱蓝钻霜,伊贝诗,鱼子酱蓝钻,面霜,蓝钻霜,紧致+淡纹+保湿,¥194/50ml,中国,
environe·ENVIRON新品3D多肽丰盈K皱紧致面霜30ml/面膜50ml/精华/套盒,260.0,Environ 3D多肽丰盈抗皱紧致面霜,Environ,3D多肽,面霜,3D面霜,抗皱+紧致+丰盈,¥260/30ml,南非,
TOCOBO·韩国益生菌乳酸菌精华液 冰激凌面霜 柠檬爽肤水清爽保湿修复屏障,,,,,,,,,,返回数据列数不正确
sakose·凡士林山茶花洁面慕斯泡沫洗面奶男女通用清洁毛孔滋润保湿洁面霜,,sakose凡士林山茶花洁面慕斯,sakose,凡士林山茶花,洁面慕斯,山茶花洁面,清洁+保湿+滋润,¥39/150ml,中国,
果达儿 · 升级款2倍提亮 青橘vc精华30ml 40ml眼霜 棉片面霜,,,,,,,,,,返回数据列数不正确
珀莱雅·【38返场】红宝石两件套水乳精华面霜套装淡纹紧致抗皱直播专享,,珀莱雅红宝石面霜,珀莱雅,红宝石,面霜,红宝石面霜,抗老+淡纹+紧致,¥309/50g,中国,
赫莲娜·黑绷带面霜＋洗面奶＋小露珠精华水（礼盒礼袋）,,,,,,,,,,返回数据列数不正确
Blanc doux · 韩国the lab布朗杜补水保湿舒缓镇静湿敷补水面膜 棉片精华面霜,,Blanc doux微分子玻尿酸平衡保湿面霜,the lab by blanc doux,Blanc doux,面霜,布朗杜面霜,补水+保湿+舒缓,¥NaN/50ml,韩国,
海得宝·（番茄罐头专属）皮脂膜面霜242黄金配比修护受损敏感苹果脸克星,,海得宝242修护面霜,海得宝,242,面霜,242面霜,修护+舒缓+保湿,¥NaN/50ml,中国,
露得清·高阶A醇套组·超A面霜超A精华套组A醇抗皱修护紧致淡纹送礼早C晚A,,,,,,,,,,返回数据列数不正确
丽质华堂·紫檀柔肤水100ml+面霜60g,,,,,,,,,,返回数据列数不正确
名美人 · 【拍一发六样】6件套组合芦荟胶灌肤维生素E补水保湿水润面霜滋润,39.9,名美人6件套组合,名美人,,套装,芦荟胶套装,补水+保湿+滋润,¥39.9/套,中国,
MILA MOURSI·【两只小狗六专属】红毯精华30ml面膜1盒面霜30ml*1果酸精华3ml*2,,,,,,,,,,返回数据列数不正确
三式·春光套组春光万象精华液宝塔面霜抗皱护肤品套装-ZB,,,,,,,,,,返回数据列数不正确
伊菲丹·超级面膜 精华水 rich面霜 三重胶原焕肤面膜 中小样官方授权正品,,,,,,,,,,返回数据列数不正确
MapleBio枫萃·双彩凝萃精华油*1盒+虾青素面霜*1瓶+双萃油体验装*4支,,,,,,,,,,返回数据列数不正确
OBAGI·佳俊老师专享 黑金面霜维C精华组合（黑金面霜50g+C25精华12ml）,,,,,,,,,,返回数据列数不正确
玻·麦·妍·仅三玻麦妍5000+ppm奢华麦角硫因面霜&精华,499.0,玻麦妍三玻麦角硫因面霜,玻麦妍,三玻,面霜,三玻面霜,抗老+修护+保湿,¥499/50ml,中国,
玫琳凯·护肤品套装优萃鲜肌元气爽肤水乳液面霜抗糖补水保湿正品,,,,,,,,,,返回数据列数不正确
DS DERMASENSA·【Grace专属】德玛森氏维生素K眼霜2.0 15ml+vk5ml*3+F5面霜30ml,398.0,德玛森氏维生素K眼霜2.0,德玛森氏,维生素K系列,眼霜,VK眼霜,淡化黑眼圈+抗皱+保湿,¥398/15ml,美国,
diary·50%玻色因胶原炮 | 速充胶原 淡法令纹 精华促渗面霜封层 酒瓶盖,,50%玻色因胶原炮面霜,Diary,,面霜,胶原炮,抗老+淡纹+促渗,¥NaN,中国,
理肤天使·【DIY】售罄补货! 益生菌面膜15片面霜3个精华2个积雪草精华2个,,,,,,,,,,返回数据列数不正确
BIOLOGIQUE RECHERCHE·【章小蕙专享】淡纹修护cp (胶原原液 30ml+倍润强护面霜 50ml),2860.0,BIOLOGIQUE RECHERCHE胶原原液+倍润强护面霜,BIOLOGIQUE RECHERCHE,无,精华+面霜,BR淡纹修护CP,淡纹+修护+保湿,¥2860/80ml,法国,
尧光·【春敏安心妆养套组】直播专属 恒养水光精华棒有色面霜敏肌养肤,,尧光恒养水光精华棒有色面霜,尧光,恒养,面霜,春敏安心霜,保湿+遮瑕+养肤,¥nan,中国,
cleardea·【艾拉Ella专属】Mucin Collagen精华面霜安瓶小绿盒,399.0,cleardea胶原蛋白精华面霜,cleardea,Mucin Collagen,面霜,小绿盒,保湿+修护+抗老,¥399/50ml,中国,
DS DERMASENSA·【大姐夫专属】德玛森氏维生素K眼霜2.0 15ml+vk5ml*3+F5面霜30ml,398.0,德玛森氏维生素K眼霜2.0,德玛森氏,维生素K,眼霜,VK眼霜,淡化黑眼圈+抗皱+保湿,¥398/15ml,美国,
lekarka·01精华+03面霜+微针精华维稳复原淡纹提亮 紧致抗初老暗沉,,,,,,,,,,返回数据列数不正确
芯丝翠·【米娅专属】活颜3D逆龄抗老精华30ml*2 送D229面霜10g+新颈霜10g,699.0,芯丝翠活颜3D逆龄抗老精华,芯丝翠,活颜3D,精华,3D精华,抗老+紧致+提拉,¥699/30ml,美国,
MapleBio枫萃·虾青素多肽面霜 *2,,,,,,,,,,返回数据列数不正确
她叙·【直播专场】亲肌无痕有色面霜素颜霜修饰肤色懒人底妆官方,,她叙亲肌无痕有色面霜,她叙,亲肌无痕,面霜,素颜霜,修饰肤色+提亮+懒人底妆,¥NaN/50ml,中国,
尧光·恒养有色面霜替换装 裸感免卸妆 奢润光泽,,尧光·恒养有色面霜,尧光,恒养,面霜,有色面霜,遮瑕+提亮+养肤,¥/30g,中国,
Heaven pink·【达人同款】面霜喷雾多效喷雾妆前打底滋润补水保湿修护舒缓,,Heaven pink多效喷雾,Heaven pink,,喷雾,达人同款喷雾,补水+保湿+修护,¥nan/,中国,
尧光·恒养隔离有色面霜 裸感免卸妆 奢润光泽,,尧光·恒养隔离有色面霜,尧光,恒养,面霜,恒养面霜,隔离+裸感+光泽,¥/50ml,中国,
SAMU · 韩国面霜喷雾三合一舒缓滋润保湿补水妆前喷雾水油平衡,,SAMU韩国面霜喷雾三合一舒缓喷雾,SAMU,,喷雾,三合一喷雾,舒缓+保湿+水油平衡,¥nan/,韩国,
素秀臣氏·正宗柿叶膏50g面部护肤面霜提亮肤色猪苓柿子叶膏猪油版,29.9,素秀臣氏正宗柿叶膏,素秀臣氏,正宗柿叶,面霜,猪油膏,提亮+保湿,¥29.9/50g,中国,
玫琳凯·经典护肤系列柔性洗面霜,49.0,玫琳凯经典护肤系列柔性洗面霜,玫琳凯,经典护肤系列,洗面霜,柔性洗面霜,清洁+保湿,¥49/120ml,美国,
Maigoole · 377面膜美白提亮淡斑色斑黄褐斑淡化痘印去黄提亮补水保湿面霜,,Maigoole 377美白淡斑面膜,Maigoole,377,面膜,377面膜,美白+淡斑+补水,¥nan,中国,
Carenology 95·【宝藏niki专属】平衡喷雾120ml补水保湿舒缓爽肤水面霜喷雾,,Carenology 95平衡喷雾,Carenology,95,喷雾,平衡喷雾,补水+保湿+舒缓,¥nan/120ml,韩国,
赫莲娜·黑绷带面霜50ml加黑绷带眼霜15ml.配礼盒礼袋,,,,,,,,,,返回数据列数不正确
Kahina·【直播专享】精雕驻颜面霜50ml（赠抗氧化面膜10ml*2）,,Kahina Giving Beauty精雕驻颜面霜,Kahina Giving Beauty,精雕驻颜,面霜,驻颜面霜,抗老+紧致+修护,¥/50ml,美国,
惜玥·1、2组拍这里~多肽组合面霜50g+眼霜22g多选项可选（夏天25.3）,,惜玥多肽组合面霜,惜玥,多肽组合,面霜,多肽面霜,抗皱+紧致+保湿,¥25.3/50g,中国,
兰蔻 · 黑金臻宠面霜15ml5ml 中小样抗皱紧致奢宠护肤霜 玻色因 新版老版,,兰蔻黑金臻宠面霜,兰蔻,黑金臻宠,面霜,黑金面霜,抗皱+紧致+滋养,¥/15ml,法国,
宝狄妍 · 厚脸皮舒缓精华面膜、皮傲宁祛痘维稳舒缓修护精华面霜,,,,,,,,,,返回数据列数不正确
SAMU·现货韩国妆前平衡舒缓护肤面霜喷雾敏感肌可用极简护肤,,SAMU舒缓平衡面霜喷雾,SAMU,,面霜喷雾,平衡喷雾,舒缓+保湿+定妆,¥NaN/,韩国,
赫莲娜·黑白绷带面霜＋hr精华液＋hr洗面奶＋hr新肌水组合（礼盒礼袋）,,,,,,,,,,返回数据列数不正确
云惜·【卉哒哒专属】玫瑰焕颜精华油 30ml 赠舒缓面霜5ml｜紧致抗皱,,云惜玫瑰焕颜精华油,云惜,卉哒哒,精华油,玫瑰油,紧致+抗皱+焕颜,¥NaN/30ml,中国,
欧利芙洋 · UIQ& RIIZE [赠送全员小卡] 面霜喷雾100ml+10ml卸妆膏,165.0,欧利芙洋水润保湿面霜喷雾,欧利芙洋,UIQ&RIIZE,面霜喷雾,水润喷雾,保湿+补水+舒缓,¥165/100ml,韩国,
爱怡美·<田天天专享>女神素颜霜II 抗皱面霜 淡纹素颜霜脸部推荐身体可用,398.0,爱怡美女神素颜霜II,爱怡美,女神素颜霜,面霜,素颜霜,抗皱+淡纹+提亮,¥398/50ml,中国,
SAMU·【白白专属】面霜喷雾妆前保湿舒缓泛红平衡喷雾敏感肌,118.0,SAMU·【白白专属】面霜喷雾,SAMU,,喷雾,白白喷雾,保湿+舒缓+平衡,¥118/50ml,中国,
absolution·【柚子】结构面霜30ml赠奢润赋颜面膜15ml*1+反重力精华0.8ml*2,868.0,Absolution柚子结构面霜,Absolution,,面霜,柚子面霜,保湿+修护+抗老,¥868/30ml,法国,
尧光·恒养有色面霜替换装 裸感免卸妆 奢润光泽,,尧光·恒养有色面霜,尧光,恒养,面霜,有色面霜,遮瑕+提亮+保湿,¥/30ml,中国,
IGUG·面部护肤面霜提亮肤色柿子叶膏．1瓶【体验装】,,IGUG柿子叶提亮面霜,IGUG,,面霜,柿子霜,提亮+保湿,¥/50ml,韩国,
Cheryl·[限量组合] 提亮k糖保湿护肤 阿古屋珍珠樱花素颜霜面霜,268.0,Cheryl阿古屋珍珠樱花素颜霜,Cheryl,,面霜,珍珠素颜霜,提亮+保湿+抗糖,¥268/50ml,日本,
absolution·【张婉婷】结构面霜30ml赠奢润赋颜面膜15ml*1+反重力精华0.8ml*2,868.0,Absolution结构修护面霜,Absolution,结构修护,面霜,结构面霜,修护+抗老+紧致,¥868/30ml,法国,
Zeusee·烟酰胺贵妇膏懒人素颜霜遮瑕滋润补水蜗牛面霜护肤品,,Zeusee烟酰胺贵妇膏,Zeusee,,面霜,贵妇膏,遮瑕+滋润+补水,¥/50ml,中国,
Monica Queen·莫妮卡抗皱紧致套组·精华油+面霜,,,,,,,,,,返回数据列数不正确
谷雨·【老田专属】 促胶原 新升级 山参胶原面霜紧致抗皱抗老淡化细纹,,山参胶原面霜,谷雨,,面霜,老田面霜,紧致+抗老+淡化细纹,¥/50ml,中国,
欧米达HORMETA·【vivian维维安专属】瑞士黄金面霜50ml+黄金精华30ml提拉紧致,5120.0,,,,,,,,,返回数据列数不正确
Yunth·【NIKI专属】原型VC亮白精华液鲜活次抛28支/盒+赠6片面霜【cn】,238.0,Yunth原型VC亮白精华液,Yunth,NIKI专属,精华液,VC次抛,亮白+抗氧化,¥238/28支,中国,
DR.E.VOSS PROFESSIONAL CARE·【雪雪专属】焕白舒肌组合|焕白精华+24K黄金面霜+黄金面膜,,,,,,,,,,返回数据列数不正确
欧莱雅·金致臻颜滋润面霜乳液提拉紧致淡纹保湿修护补水超值套组,,欧莱雅金致臻颜花蜜奢养滋润面霜,欧莱雅,金致臻颜,面霜,花蜜面霜,滋润+紧致+淡纹,¥350/50ml,法国,
DS DERMASENSA·【miamaja专属】德玛森氏VK眼霜2.0 15ml+vk5ml*3+F5面霜30ml,398.0,德玛森氏VK眼霜2.0,德玛森氏,VK,眼霜,VK眼霜,淡化黑眼圈+抗皱+保湿,¥398/15ml,美国,
BIOSME·【章小蕙直播专享】轻盈净化面霜 30mL,,BIOSME轻盈净化面霜,BIOSME,,面霜,章小蕙同款,净化+轻盈,¥/30ml,,
芯丝翠·【38节 配方师专属】3D精华30ml*2 送D229面霜10g+新版颈霜10g,699.0,芯丝翠3D精华,芯丝翠,3D,精华,3D精华,抗皱+紧致+提拉,¥699/30ml,美国,
無妨 · 柔光有色面霜 舒缓蜂蜜洁颜蜜【日常CP套装组合】,198.0,,,,,,,,,返回数据列数不正确
小红盒 · 聚谷氨酸补水保湿水乳霜套装推荐面霜抗皱护肤品男女大学生,188.0,小红盒聚谷氨酸补水保湿水乳霜套装,未知,,面霜套装,小红盒,补水+保湿+抗皱,¥188/套,,
奕间实验室 · 1%高浓度蓝铜胜肽面霜专效修护日夜赋能玻色因胜肽全家桶进阶协同,238.0,奕间实验室1%高浓度蓝铜胜肽面霜,奕间实验室,蓝铜胜肽,面霜,蓝铜面霜,修护+抗老+保湿,¥238/50ml,中国,
珀莱雅·【杏仁】能量三件套水乳面霜紧致抗皱淡纹保湿直播专享,1087.0,珀莱雅杏仁能量水乳面霜套装,珀莱雅,杏仁能量,套装,能量三件套,紧致+抗皱+保湿,¥1087/套,中国,
黑水整角贵妃指面霜眼霜导入面部按摩刮眉框眼框,78.0,,,,,,,,,返回数据列数不正确
酵色·水精华舒缓保湿面霜喷雾长效水嫩妆前锁水褪红温和-官方,129.0,酵色水精华舒缓保湿面霜喷雾,酵色,水精华,喷雾,水精华喷雾,保湿+舒缓+褪红,¥129/50ml,中国,
MT METATRON·【苑宝LY专属】保湿修复大套组（水+乳+精华+面霜+温和洗面奶）,,MT METATRON保湿修复套装,MT METATRON,,套装,苑宝LY套装,保湿+修复,¥/套,日本,
丝塔芙·【耶鲁配方师】自修精华+ 四维面霜液神经酰胺B5积雪草舒缓敏感肌,,,,,,,,,,返回数据列数不正确
听研·【体验装】玫瑰精华油/玫瑰睡美人面霜抗皱紧致修护,,,,,,,,,,返回数据列数不正确
TREECHADA·泰国TR懒人素颜面霜裸妆遮瑕提亮嫩肤清爽不粘腻痘肌黑黄皮持妆,,TREECHADA素颜面霜,TREECHADA,TR,面霜,懒人素颜霜,遮瑕+提亮+嫩肤,¥nan/50ml,泰国,
Monster Code·【达播专属】野兽代码金字塔面霜2.0 抗皱提拉抗老敏感肌维稳nad+,389.0,野兽代码金字塔面霜2.0,野兽代码,金字塔,面霜,金字塔面霜,抗皱+提拉+抗老,¥389/50ml,中国,
HEXKIN · 赫诗琴光感塑颜面霜水光保湿抗皱紧致水光肌面霜,199.0,HEXKIN·赫诗琴光感塑颜面霜,HEXKIN·赫诗琴,光感塑颜,面霜,水光面霜,保湿+抗皱+紧致,¥199/50ml,中国,
玫琳凯·幻时系列洗面爽肤水乳液面霜面膜化妆品正品,68.0,玫琳凯幻时抗皱保湿面霜,玫琳凯,幻时,面霜,幻时面霜,抗皱+保湿,¥68/50ml,美国,
里秘·菁华有色面霜提亮肤色轻薄裸妆保湿隔离舒缓素颜霜妆前,,里秘·菁华有色面霜,里秘,菁华,面霜,素颜霜,提亮+保湿+隔离,¥/50ml,中国,
MBR·德国复春面霜100ml+复春眼霜5ml套装,,MBR复春面霜+复春眼霜套装,MBR,复春,面霜+眼霜套装,复春套装,抗老+修复,¥nan,德国,
DDS·日本冻干絮面霜50g,1480.0,DDS冻干絮修护面霜,DDS,,面霜,冻干絮面霜,修护+保湿+抗老,¥1480/50g,日本,
EVENSWISS·瑞士进口5倍胶原精华大师精华紧致提升面膜/面霜修护胶原蛋白在生,,EVENSWISS 5倍胶原精华大师面霜,EVENSWISS,5倍胶原精华大师,面霜,胶原面霜,紧致+修护+提升,¥/50ml,瑞士,
惜玥·多肽(精华30ml+面霜50g+眼霜22g)组合 多规格选项（夏天25.3）,,惜玥多肽精华面霜眼霜组合,惜玥,多肽,组合装,多肽三件套,抗老+修护+保湿,¥25.3/30ml+50g+22g,中国,
Dr. RIMPLER·慕特博士鱼子酱面霜·50ml  弟弟粉丝享特价~详询客服,1180.0,Dr. RIMPLER鱼子酱面霜,Dr. RIMPLER,,面霜,鱼子酱面霜,抗老+紧致+滋养,¥1180/50ml,德国,
珀莱雅 · 时光流金礼盒·能量全家福水乳精华眼霜面霜紧致淡纹保湿,,珀莱雅时光流金礼盒,珀莱雅,时光流金,礼盒,能量全家福,紧致+淡纹+保湿,¥NaN,中国,
BIOHEAL BOH · 面霜喷雾120ml泛醇CICA弱酸性修复舒缓镇静补水韩国积雪草喷雾,58.0,BIOHEAL BOH积雪草泛醇修复面霜喷雾,BIOHEAL BOH,CICA,喷雾,CICA喷雾,修复+舒缓+补水,¥58/120ml,韩国,
PECHE PEAU·Proforce 弹力保湿面霜 33g【日本直邮】,,PECHE PEAU Proforce弹力保湿面霜,PECHE PEAU,Proforce,面霜,弹力面霜,保湿+弹力+滋润,¥NaN/33g,日本,
NARS·纳斯有色面霜三重保湿隔离滋润遮瑕防护三合一提亮素颜霜中样20ml,,NARS有色面霜,NARS,无,面霜,有色面霜,保湿+遮瑕+提亮,¥0/20ml,美国,
三草两木·黑晶套盒水乳液精华面霜四件套面部护理套装抗老补水修护提亮肤色,,三草两木黑晶奢宠修护套装,三草两木,黑晶,套装,黑晶套盒,抗老+修护+提亮,¥/套,中国,
SKIN HOMEWORK·美国vc紧致提升精华30ml面霜50ml效期26.5,,,,,,,,,,返回数据列数不正确
左颜右色 · 左颜-右色男士氨基酸面霜保湿补水乳液护肤品脸部秋冬润肤乳擦脸,49.9,左颜右色男士氨基酸保湿面霜,左颜右色,左颜-右色,面霜,男士面霜,保湿+补水+润肤,¥49.9/50g,中国,
境生之源·【面颈同龄PRO】精华面霜水乳颈霜紧致抗皱淡纹修护舒缓保湿套装,,,,,,,,,,返回数据列数不正确
珀莱雅 · 【财神庙联名】早C晚A精华+红宝石面霜套装保湿紧致胜肽礼盒,,珀莱雅双抗精华+红宝石面霜套装,珀莱雅,双抗+红宝石,精华+面霜,早C晚A套装,抗氧+抗老+保湿,¥nan,中国,
梦丽多日·【中韩专属】防晒全效组合 防晒+晒后急救修复清洁CP棒冰沙面霜,339.0,梦丽多日防晒全效组合,梦丽多日,,防晒套装,防晒CP棒,防晒+修复+清洁,¥339/组合装,韩国,
Apolifit·智能微生态面霜面膜·益生元信号肽 荷荷巴油·眼部浮肿镇静皮肤,,Apolifit·智能微生态面霜面膜·益生元信号肽 荷荷巴油·眼部浮肿镇静皮肤,,,,,,,,
YSL·悦享青春面霜口红 19批次,,YSL悦享青春面霜,YSL,悦享青春,面霜,青春面霜,保湿+抗老+提亮,¥580/50ml,法国,
DCEXPORT迪仕艾普·积雪草舒安面霜 叶海洋 保湿舒缓肌肤,,迪仕艾普积雪草舒安面霜,迪仕艾普,积雪草舒安,面霜,积雪草面霜,保湿+舒缓,¥0/50ml,中国,
英诺皮肤世家·敏敏修护大咖 inno英诺k乳精华乳30g 改善红丝丝乳液面霜,,英诺皮肤世家敏敏修护精华乳,英诺,皮肤世家,精华乳,K乳精华乳,修护+舒缓+改善泛红,¥NaN/30g,西班牙,
资生堂·日本原装 吾诺uno男士护肤清爽控油补水面霜 清新柑橘护肤  90g,53.0,资生堂吾诺男士控油补水面霜,资生堂,吾诺,面霜,UNO面霜,控油+补水+清爽,¥53/90g,日本,
DR.E.VOSS PROFESSIONAL CARE·【雪雪专属】超能焕活组合|EterCel细胞焕活精华24K黄金御光面霜,,DR.E.VOSS超能焕活组合,DR.E.VOSS,PROFESSIONAL CARE,精华+面霜,24K黄金面霜,焕活+抗老+修护,¥NaN,韩国,
PFEFE·珀法瑞【小p专属】美容冰勺冷敷热敷按摩提拉美容仪搭配精华面霜,,PFEFE美容冰勺按摩仪,PFEFE·珀法瑞,,美容仪,小p冰勺,冷敷+热敷+提拉,¥NaN/,中国,
klairs蔻徕氏·【直播专属/双支装】素颜霜面霜原装烟酰胺bb霜亮肤素颜霜40g,,Klairs蔻徕氏素颜霜,Klairs,,面霜,素颜霜,提亮+遮瑕+保湿,¥/40g,韩国,
肌肤之研·【早B晚A+面霜】维A精华+烟酰胺精华+仿生皮油皮控油祛痘紧致C,,,,,,,,,,返回数据列数不正确
瑞妍·赋颜焕亮套装 赋颜活力面霜50ml+精粹水30ml,,,,,,,,,,返回数据列数不正确
微著·【文了个刀专属】发酵重启精华舒缓保湿皮肤凝胶无油面霜大容量,,发酵重启精华凝胶,微著,发酵重启,面霜,无油面霜,舒缓+保湿,¥NaN/50ml,中国,
芭兰歌林 · 韩国bringgreen茶树舒缓保湿柔肤水 清爽面霜滋润精华爽肤水面霜,,,,,,,,,,返回数据列数不正确
珀莱雅·【杏仁】能量套装水乳眼霜面霜紧致抗皱淡纹保湿直播专享,648.0,珀莱雅能量杏仁套装,珀莱雅,能量杏仁,套装,杏仁能量套装,紧致+抗皱+保湿,¥648/套,中国,
DS DERMASENSA·【汪汪专属】德玛森氏维生素K眼霜2.0 15ml+vk5ml*3+F5面霜30ml,398.0,德玛森氏维生素K眼霜2.0,德玛森氏,无,眼霜,VK眼霜,淡化黑眼圈+保湿,¥398/15ml,美国,
生美博士玻色因博士面霜,59.0,生美博士玻色因面霜,生美博士,玻色因,面霜,博士面霜,抗老+修护+紧致,¥59/50ml,中国,
diary·必买50%玻色因胶原炮 速充胶原淡法令纹 精华促渗面霜封层 大姨夫,,DIOR迪奥50%玻色因胶原炮面霜,DIOR,未知,面霜,胶原炮面霜,抗老+淡纹+促渗,¥未知,法国,
BIOHEAL BOH·欧利芙洋oliveyoungBOH新款3D弹力面霜水乳精华抗皱淡纹紧致,,BIOHEAL BOH 3D弹力面霜,BIOHEAL BOH,3D弹力,面霜,欧利芙洋面霜,抗皱+紧致+淡纹,¥NaN/50ml,韩国,
瑞铂希·【直播专属】奢华焕颜精华油30ml+面霜50ml套组,,瑞铂希奢华焕颜精华油+面霜套组,瑞铂希,奢华焕颜,精华油+面霜套组,铂金套组,抗老+修护+滋养,¥/30ml+50ml,德国,
Kahina·【米修妈专属】精雕驻颜面霜50ml（赠抗氧化面膜10ml*2）,,Kahina精雕驻颜面霜,Kahina,精雕驻颜,面霜,驻颜面霜,抗老+紧致+修护,¥/50ml,美国,
玻·麦·妍·仅三玻麦妍5000+ppm奢华麦角硫因面霜&精华,399.0,,,,,,,,,返回数据列数不正确
Heaven pink·【sisi专属】面霜喷雾多效喷雾妆前打底滋润补水保湿修护舒缓,119.0,Heaven pink多效喷雾,Heaven pink,,喷雾,妆前喷雾,保湿+修护+舒缓,¥119/50ml,中国,
芯丝翠·【汪汪专属】活颜0.3%A醇夜精华30ml赠D229面霜 10g*2,618.0,芯丝翠活颜0.3%A醇夜精华,芯丝翠,活颜,精华,A醇夜精华,抗老+焕肤+修护,¥618/30ml,美国,
SARAH CHAPMAN·【Akiiiko】莎娜普蔓熬夜油30ml+胶原面霜30ml+glow精华油30ml,,,,,,,,,,返回数据列数不正确
优时颜·【官方正品】第二代黑引力面霜+黑引力水保湿提拉六胜肽面部抗皱,380.0,优时颜黑引力面霜,优时颜,黑引力,面霜,黑引力面霜,保湿+提拉+抗皱,¥380/50g,中国,
LIERAC·丽蕾克黑金逆龄眼霜20ml紧致抗皱送面霜30ml【M&Y专属】,,LIERAC黑金逆龄眼霜,LIERAC,黑金逆龄,眼霜,黑金眼霜,紧致+抗皱+淡化细纹,¥/20ml,法国,
植御·（轻肌润泽套组）面霜+素颜霜*1+洁面,388.0,植御轻肌润泽面霜,植御,轻肌润泽,面霜,轻肌面霜,保湿+提亮,¥388/50ml,中国,
梵蒂爱·韩国直邮 Fation 舒缓净痘精华液 安瓶 花籽油舒缓修护面霜,,,,,,,,,,返回数据列数不正确
芙丽芳丝·【自播专享】套组水160mL+乳100ml+100g洁面霜初秋补水保湿滋润,319.0,芙丽芳丝保湿修护水乳洁面套组,芙丽芳丝,,套组,芙丽芳丝三件套,补水+保湿+修护,¥319/套,日本,
玲珑·【达人专属】护肤礼盒装眼霜21g+面霜20g+水乳25ml 抗皱紧致保湿,399.0,玲珑抗皱紧致护肤礼盒,玲珑,,礼盒套装,达人礼盒,抗皱+紧致+保湿,¥399/66g,中国,
trilogy · 萃乐活【锁水套装】玫瑰果油30ml+面霜60g,,萃乐活锁水套装玫瑰果油30ml+面霜60g,Trilogy,锁水套装,套装,萃乐活锁水套装,保湿+修护+滋养,¥NaN,新西兰,
Monica Queen·【30+ 淡法令纹、眼角纹套组】素颜霜+眼霜+面霜+精华油+冰斧,,Monica Queen抗皱修护套组,Monica Queen,抗皱修护,套组,法令纹套组,淡纹+紧致+修护,¥NaN,中国,
芙丽芳丝·【自播专享】氨基酸系洗面霜温润洁面女士男士保湿洗面奶150g*2,249.0,芙丽芳丝氨基酸净润洗面霜,芙丽芳丝,氨基酸净润,洗面奶,芙丽芳丝洗面奶,清洁+保湿+温和,¥124.5/150g,日本,
Monica Queen·【30+ 淡化法令纹 去泪沟眼袋套组】面霜50g+眼霜20g,1190.0,Monica Queen法令纹淡化套组,Monica Queen,30+,面霜+眼霜,法令纹套组,淡纹+紧致+保湿,¥1190/50g+20ml,,
诺妮尔 · 懒人身体素颜霜持久防水提亮肤色不卡粉不假白不脱妆懒人遮瑕面霜,14.8,诺妮尔懒人身体素颜霜,诺妮尔,,素颜霜,懒人素颜霜,提亮+防水+遮瑕,¥14.8/50ml,中国,
兰蔻·菁纯面霜＋菁纯眼霜组合（配礼盒礼袋）,,,,,,,,,,返回数据列数不正确
儒意·男士面霜秋冬季补水保湿护肤脸部润肤乳液擦脸推荐官方旗舰店正品,,儒意男士保湿面霜,儒意,,面霜,,补水+保湿,¥/50ml,中国,
尧光·恒养有色面霜替换装 裸感免卸妆 奢润光泽,,尧光·恒养有色面霜,尧光,恒养,面霜,有色面霜,遮瑕+提亮+保湿,¥/30ml,中国,
芙丽芳丝·【自播专享】净澈控油洗面霜祛痘修护清洁保湿控油洁面80g*3,249.0,芙丽芳丝净润洗面霜,芙丽芳丝,净润,洁面,氨基酸洁面,清洁+保湿+温和,¥249/240g,日本,
玉容初·藏红花精华油+面霜+精华水套组面部抗皱紧致保湿修护【店播】,,,,,,,,,,返回数据列数不正确
温碧泉 · 【新年感谢季】小红芯系列天山雪莲紧致抗皱面霜抗老提亮补水保湿,189.0,温碧泉小红芯天山雪莲紧致抗皱面霜,温碧泉,小红芯,面霜,小红芯面霜,抗老+紧致+保湿,¥189/50ml,中国,
EVENSWISS · 瑞士进口5倍胶原精华大师精华紧致提升面膜/面霜修护胶原蛋白,,EVENSWISS 5倍胶原精华大师面霜,EVENSWISS,5倍胶原精华大师,面霜,胶原霜,紧致+修护+提升,¥/50ml,瑞士,
Skineye·山茶花面霜精油套装！香奶奶平替 天然温和深层滋养高保湿,195.0,Skineye山茶花面霜精油套装,Skineye,,面霜精油套装,香奶奶平替,滋养+保湿,¥195/套,中国,
灵木集·灵萃气韵奢润面霜面膜组合,508.0,灵木集灵萃气韵奢润面霜面膜组合,灵木集,灵萃气韵,面霜面膜组合,,滋养+修护,¥508/套,中国,
SAMU·面霜喷雾套组妆前保湿补水喷雾调节肌肤平衡ph值【达人专享】,158.0,SAMU面霜喷雾套组,SAMU,,面霜喷雾套组,,保湿+补水+调节PH,¥158/套,中国,
尧光·恒养隔离有色面霜 裸感免卸妆 奢润光泽,,尧光·恒养隔离有色面霜,尧光,恒养,面霜,恒养面霜,隔离+裸感+光泽,¥/50ml,中国,
Cosrx·COSRX珂丝艾丝蜂胶爽肤水精华面霜补水保湿化妆水修护肌肤湿敷,,COSRX蜂胶爽肤水精华,COSRX,蜂胶系列,爽肤水,蜂胶水,补水+保湿+修护,¥150/150ml,韩国,
几方田地 · 适用于适乐肤身体乳按压泵头340/454g替换用泵头面霜按压头鸭嘴盖,11.8,,,,泵头,,,¥11.8/,,
SVR·光亮维他命C20美白面霜 VC-IP高浓度 x2,279.0,SVR光亮维他命C20美白面霜,SVR,光亮维他命C,面霜,VC-IP面霜,美白+提亮+抗氧化,¥279/50ml,法国,
迪兰可 · 素颜霜遮瑕懒人裸妆面霜补水隔离霜补水,79.0,迪兰可素颜霜,迪兰可,,面霜,懒人霜,遮瑕+提亮+保湿,¥79/50ml,中国,
DS DERMASENSA·干敏皮挚爱！DS德玛森氏 BF精华乳面霜15ml 增强角质屏障保湿锁水,128.0,DS德玛森氏BF精华乳面霜,DS DERMASENSA,BF,面霜,BF面霜,修护+保湿+增强屏障,¥128/15ml,美国,
东边野兽·【gold萌专属套组】灵芝精华油15ml+蚕丝水+灵芝棒+眼霜+灵芝面霜,,,,,,,,,,返回数据列数不正确
HEXKIN·赫诗琴光感塑颜面霜水光面霜焕活水光肌,,HEXKIN·赫诗琴光感塑颜面霜,HEXKIN·赫诗琴,,面霜,水光面霜,塑颜+焕活+水光肌,¥0/50ml,中国,
自然堂·雪肌追光洁面洗面奶爽肤水乳液面霜套装美白白皙透亮,,,,,,,,,,返回数据列数不正确
彼得罗夫·21胜肽系列 精华/面霜/眼霜 紧至抗绉,,,,,,,,,,返回数据列数不正确
