﻿原始产品名,原始价格,产品全称,品牌,产品线,品类,昵称,功效,参考价格,品牌产地,error
薇诺娜·【直播专属】清透乳液5g(25.4.18),,薇诺娜清透防晒乳,薇诺娜,,防晒乳,薇诺娜防晒,防晒+清爽,¥nan/5g,中国,
pink too · 去黄提亮水乳套装补水保湿山茶花修复屏障敏敏收毛孔平价乳液,,pink too山茶花水乳套装,pink too,,水乳套装,,补水+修复+提亮,¥nan/,中国,
TRANSINO·【君君大人】美白焕颜精华传明酸精华乳液祛斑淡化色斑,298.0,TRANSINO美白焕颜精华,TRANSINO,,精华,传明酸精华,美白+淡斑+焕颜,¥298/30ml,日本,
茗希芝 · 深层清洁卸妆膏卸妆油卸妆水乳液眼唇脸三合一温和不刺激,,茗希芝深层清洁卸妆膏,茗希芝,,卸妆膏,三合一卸妆膏,清洁+温和+卸妆,¥NaN/,中国,
TRANSINO·【Grace推荐】美白焕颜精华传明酸精华乳液祛斑淡化色斑,298.0,TRANSINO美白焕颜精华,TRANSINO,,精华,传明酸精华,美白+淡斑+焕亮,¥298/30ml,日本,
芯丝翠·【啾鼠专属】效期26年1月 5+%倍舒清透净颜果酸乳液 单/双/三支,,芯丝翠倍舒清透净颜果酸乳液,芯丝翠,倍舒,乳液,果酸乳液,去角质+控油+净肤,¥NaN/50ml,美国,
毕生之研·【大促】DS乳 脂平衡特护精华乳液舒缓敏感褪红控油DB,79.0,毕生之研DS乳,毕生之研,DS乳,乳液,DS乳,舒缓+控油+褪红,¥79/50ml,中国,
PECHE PEAU · 全维度三效合一水精华乳液 150ml,,PECHE PEAU全维度三效合一水精华乳液,PECHE PEAU,,乳液,三效乳液,保湿+修护+提亮,¥/150ml,,
FRRLLAM·菲兰10%烟酰胺精华乳液虾青素VC玻尿酸美亮去暗黄白痘印精华乳液,,FRRLLAM·菲兰10%烟酰胺精华乳液,FRRLLAM·菲兰,,精华乳液,烟酰胺精华,美白+提亮+保湿,¥nan/,中国,
AromeManpo馥郁满铺 · 【大金砖水乳CP推荐】晚香玉精粹水乳液组合礼物套装保湿护肤ZY,,馥郁满铺晚香玉精粹水乳套装,AromeManpo,馥郁满铺,水乳套装,大金砖水乳CP,保湿+修护+滋养,¥NaN,中国,
养生堂·白桦弹润焕妍乳液面膜紧致淡纹补水保湿2片,,养生堂白桦弹润焕妍乳液面膜,养生堂,白桦弹润焕妍,面膜,白桦面膜,紧致+淡纹+补水,¥/2片,中国,
毕生之研·【大促】DS乳 脂平衡特护精华乳液舒缓敏感褪红控油DB,99.0,毕生之研DS乳脂平衡特护精华乳液,毕生之研,DS乳,乳液,DS乳,舒缓+控油+褪红,¥99/50ml,中国,
巴宝格 · 山茶花水乳推荐油皮提亮补水学生平价酵母洗面奶爽肤水乳液面霜,,巴宝莉山茶花保湿水乳套装,巴宝莉,山茶花,水乳套装,山茶花水乳,保湿+提亮+补水,¥/ml,英国,
Ongredients·韩国化妆师推荐！肌肤屏障舒缓乳液面膜12片泛红补水强保湿,,Ongredients舒缓乳液面膜,Ongredients,,面膜,屏障面膜,舒缓+补水+保湿,¥nan/12片,韩国,
OPOSI · 山茶花酵母组合四件套补水面霜乳液爽肤水洗面奶学生党平价护肤品,,,,,,,,,,返回数据列数不正确
AromeManpo馥郁满铺 · 【新品推荐】晚香玉光感发酵精华乳乳液85ml保湿去黄退暗    ZY,,馥郁满铺晚香玉光感发酵精华乳,馥郁满铺,晚香玉,乳液,光感乳,保湿+去黄+提亮,¥NaN/85ml,中国,
薇家·官方|素心腊梅精油珍珠膏，保湿抗皱 代替面霜乳液面膜 50%珍珠粉,65.0,薇家素心腊梅精油珍珠膏,薇家,素心,面霜,腊梅珍珠膏,保湿+抗皱+修护,¥65/50g,中国,
芙丽芳丝·卸妆油净润氨基酸系温和卸妆洁肤油卸妆乳液女士男士清洁官方正品,69.0,芙丽芳丝净润卸妆油,芙丽芳丝,净润,卸妆油,氨基酸卸妆油,温和+清洁+保湿,¥69/150ml,日本,
养生堂·星品秒杀-白桦系列乳液面膜*2,,养生堂白桦补水保湿面膜,养生堂,白桦,面膜,白桦面膜,补水+保湿,¥99/5片,中国,
XDG·第三代酵母益生菌修护水乳两件套装精华水乳液油皮痘痘肌学生女,,XDG益生菌修护水乳套装,XDG,益生菌,水乳套装,益生菌水乳,修护+控油+保湿,¥nan,中国,
Ongredients·【月悦专属】ongredients温丽慈肌肤屏障舒缓乳液1瓶+2片面膜B,129.0,Ongredients温丽慈肌肤屏障舒缓乳液,Ongredients,温丽慈,乳液,,舒缓+修护+保湿,¥129/瓶,中国,
Yves珣秘·【紧致抗皱】芋螺肽面膜舒缓贴片乳液面膜女敏肌可用官方正品,299.0,Yves珣秘芋螺肽紧致抗皱面膜,Yves珣秘,芋螺肽,面膜,芋螺肽面膜,紧致+抗皱+舒缓,¥299/盒,中国,
Haa·水乳虾青素神经酰胺多酸水杨酸精华水乳液抗皱补水保湿控油收毛孔,,,,,,,,,,返回数据列数不正确
LANDTREE良萃 · 神经酰胺水乳旅行装水18ml+乳液18ml,,LANDTREE良萃神经酰胺水乳旅行装,良萃,神经酰胺,水乳套装,神经酰胺水乳,保湿+修护+舒缓,¥/36ml,中国,
晚柠 · ELENCE艾丽施水光精华滋润双管手霜香氛滋养乳液精华双重呵护,,ELENCE艾丽施水光精华滋润双管手霜,ELENCE艾丽施,水光精华,手霜,双管手霜,滋润+修护+香氛,¥nan/50ml,中国,
FRRLLAM·菲兰烟酰胺虾青素VC提亮去黄油氧化爽肤水精华乳液套装,,FRRLLAM烟酰胺虾青素VC精华乳液套装,FRRLLAM·菲兰,无,精华乳液套装,无,提亮+抗氧化+去黄,¥/50ml,中国,
素颜桃花·紧致抗皱乳液面膜[春日宠粉],,素颜桃花·紧致抗皱乳液面膜,暂无,暂无,面膜,暂无,紧致+抗皱,nan,暂无,
HBN · 黑盾防shai乳液15ml,22.0,HBN黑盾防护乳,HBN,黑盾,防晒乳,黑盾防晒,防晒+隔离+防护,¥22/15ml,中国,
TRANSINO·【专属优惠】美白焕颜精华传明酸精华乳液祛斑淡化色斑匀亮肤色,298.0,TRANSINO美白焕颜精华,TRANSINO,,精华,传明酸精华,美白+淡斑+提亮,¥298/30ml,日本,
观梨Persely·化妆水三修乳液修护舒缓保湿沁润平衡水乳套组【有在减肥专属】,,观梨三修水乳套装,观梨,三修,水乳套装,三修水乳,修护+舒缓+保湿,¥/ml,中国,
MENTHOLATUM · 拍下发10瓶！极润乳液14ml×10 （27.9月）,16.0,极润保湿乳液,曼秀雷敦,极润,乳液,极润乳液,保湿+滋润+温和,¥16/14ml,日本,
FRRLLAM·精粹水+玻色因视黄醇精华+烟酰胺精华乳液组合,,FRRLLAM精粹水+玻色因视黄醇精华+烟酰胺精华乳液组合,FRRLLAM,,精华组合,,保湿+抗老+美白,¥/ml,,
安安金纯·芦荟深层补水三件套洁面爽肤水保湿乳液精华脸部护理套装平价,,安安金纯芦荟补水三件套,安安金纯,芦荟深层补水,护肤套装,安安补水套装,补水+保湿+清洁,¥/套,中国,
Haa·神经酰胺维稳水乳密集修护精华水补水保湿修红爽肤水乳液,,Haa神经酰胺维稳修护精华水,Haa,,精华水,神经酰胺水,修护+保湿+舒缓,¥/ml,中国,
悦芙媞·舒缓平衡双层精华喷雾舒缓泛红补水保湿滋润妆前爽肤水乳液,,悦芙媞舒缓平衡双层精华喷雾,悦芙媞,舒缓平衡,喷雾,舒缓喷雾,舒缓+补水+保湿,¥/50ml,中国,
娇韵诗·抗氧舒缓双萃乳液~鎏金焕能35ml兰花油+乳液,159.0,娇韵诗鎏金焕能双萃乳液,娇韵诗,鎏金焕能,乳液,双萃乳液,抗氧+舒缓+保湿,¥159/35ml,法国,
毕生之研·【醒醒专属】DS乳 脂平衡特护精华乳液舒缓敏感褪红控油DB,79.0,毕生之研DS乳脂平衡特护精华乳液,毕生之研,DS乳,精华乳,DS乳,舒缓+控油+褪红,¥79/50ml,中国,
欧莱雅·第二代金致臻颜重组胶原精粹水乳液正装套组淡化细纹提拉紧致保湿,1899.0,欧莱雅金致臻颜重组胶原精粹水乳液,欧莱雅,金致臻颜,乳液,胶原乳,抗老+紧致+保湿,¥1899/套,法国,
Yves珣秘·【紧致抗皱】25片芋螺肽面膜舒缓贴片乳液面膜女敏肌可用官方正品,699.0,Yves珣秘芋螺肽紧致抗皱面膜,Yves珣秘,芋螺肽,面膜,芋螺肽面膜,紧致+抗皱+舒缓,¥699/25片,中国,
第七感应 · 【茶语桂香】油皮桂花红茶控油乳液芦荟药用层孔菌乳液,,第七感应茶语桂香控油乳液,第七感应,茶语桂香,乳液,桂花红茶乳液,控油+保湿+舒缓,¥0/0ml,日本,
TRANSINO · 专属持证美白焕颜精华传明酸精华乳液祛斑淡化色斑氨甲环酸,388.0,TRANSINO传明酸美白精华,TRANSINO,,精华,传明酸精华,美白+淡斑+提亮,¥388/30ml,日本,
养生堂·白桦弹润焕妍乳液面膜 winnietang专属,,养生堂白桦弹润焕妍乳液面膜,养生堂,白桦弹润焕妍,面膜,白桦面膜,保湿+弹润+焕亮,¥NaN,中国,
TRANSINO · 美白焕颜精华传明酸精华乳液祛斑淡化色斑氨甲环酸匀亮肤色,328.0,TRANSINO美白焕颜精华,TRANSINO,美白焕颜,精华,传明酸精华,美白+淡斑+提亮,¥328/30ml,日本,
花寂 · 光漾舒缓精油乳液面膜 缓解干痒红镇静亲肤云朵面膜贴片面膜,118.0,花寂光漾舒缓精油乳液面膜,花寂,光漾,面膜,云朵面膜,舒缓+镇静+补水,¥118/盒,中国,
SUXIEFANG·玫瑰纯露+玫瑰精华水+玫瑰乳液+玫瑰时光精油+刷子+美容碗,,SUXIEFANG玫瑰纯露+玫瑰精华水+玫瑰乳液+玫瑰时光精油+刷子+美容碗,SUXIEFANG,,护肤品套装,玫瑰套装,保湿+滋养+提亮,¥NaN/,中国,
毕生之研·【醒醒专属】5.5洁面厚脸皮水乳/霜套组次抛 修护乳液舒缓褪红,439.0,毕生之研厚脸皮乳,毕生之研,厚脸皮,乳液,厚脸皮乳,修护+舒缓+褪红,¥439/50ml,中国,
养生堂·【弹润焕妍乳液面膜】桦树汁紧致补水5片盒装,,养生堂桦树汁弹润焕妍乳液面膜,养生堂,弹润焕妍,面膜,桦树汁面膜,补水+紧致+弹润,¥/5片,中国,
养生堂·白桦弹润焕妍乳液面膜【嘻嘻专属】,,养生堂白桦弹润焕妍乳液面膜,养生堂,白桦弹润焕妍,面膜,白桦面膜,补水+弹润+焕亮,¥0/片,中国,
娜丽丝·预售 旧版美白乳液精华40ML【日本直邮】,,娜丽丝美白乳液精华,娜丽丝,美白,精华,美白乳,美白+保湿,¥/40ml,日本,
伊菲丹·【章小蕙专享】樱花洁颜焕肤套组（洁面泡沫+精萃液+乳液）,,伊菲丹樱花洁颜焕肤套组,伊菲丹,樱花,护肤套组,樱花套组,清洁+焕肤+保湿,¥/套,法国,
悦芙媞 · 【星品尝鲜】舒缓平衡双重精华喷雾水乳液水乳喷体验礼+回购券,,悦芙媞舒缓平衡双重精华喷雾,悦芙媞,星品尝鲜,喷雾,平衡喷雾,舒缓+平衡+保湿,¥NaN,中国,
ASOA·精华水120ml+乳液100ml+啫喱面膜100g,,ASOA精华水+乳液+啫喱面膜套装,ASOA,,精华水+乳液+面膜,ASOA三件套,保湿+修护+滋养,¥/120ml+100ml+100g,日本,
露得清·高阶A醇精华·超A精华维A醇精华乳液抗皱提拉紧致淡纹视黄醇早C晚A,,露得清高阶A醇精华,露得清,高阶A醇,精华,超A精华,抗皱+紧致+淡纹,¥nan/30ml,美国,
养生堂·星品秒杀-白桦系列乳液面膜*2,,养生堂白桦补水保湿面膜,养生堂,白桦,面膜,白桦面膜,补水+保湿,¥0/片,中国,
md:ceuticals·【涅槃重生推荐】高阶抗氧乳糖酸乳液30ml,490.0,md:ceuticals高阶抗氧乳糖酸乳液,md:ceuticals,,乳液,涅槃重生乳液,抗氧化+修护,¥490/30ml,,
AromeManpo馥郁满铺·晚香玉光感发酵乳液面膜保湿      ZB,119.0,馥郁满铺晚香玉光感发酵乳液面膜,馥郁满铺,晚香玉,面膜,发酵面膜,保湿+提亮+修护,¥119/50ml,中国,
养生堂·冬孕精华粉金限定礼盒乳液面膜套组实力御龄紧致淡纹,,养生堂冬孕精华粉金限定礼盒,养生堂,冬孕,精华礼盒,冬孕礼盒,御龄+紧致+淡纹,¥NaN,中国,
嗨弗尔 · hafhaf舒缓修护乳液清透水开心果洁面泡泡套组补水保湿春夏,,,,,,,,,,返回数据列数不正确
毕生之研·【醒醒专属】AR乳 玫瑰特护精华乳液舒缓敏感褪红保湿油痘肌DB,119.0,毕生之研AR玫瑰特护精华乳,毕生之研,AR,精华乳,AR乳,舒缓+褪红+保湿,¥119/50ml,中国,
诗馨语·妆前喷雾妆前保湿舒缓修护补水喷雾平衡乳液爽肤服帖不卡粉,,诗馨语妆前保湿喷雾,诗馨语,,喷雾,妆前喷雾,保湿+舒缓+补水,¥0/0ml,中国,
TRANSINO·【3月专属】持证美白焕颜精华传明酸精华乳液祛斑淡化色斑,298.0,TRANSINO美白焕颜精华,TRANSINO,,精华,传明酸精华,美白+淡斑+焕颜,¥298/30ml,日本,
可复美 · 透明质酸钠藻萃盈润保湿精华水乳液面霜深层沁润补水墩墩吨吨水乳,,可复美透明质酸钠藻萃盈润保湿精华水,可复美,藻萃盈润,精华水,墩墩吨吨水,保湿+补水,¥NaN,中国,
玫琳凯·经典护肤系列1号2号洗面乳液爽肤水面膜化妆品正品,45.0,玫琳凯经典护肤系列洗面乳,玫琳凯,经典护肤系列,洗面乳,,清洁+保湿,¥45/支,美国,
片仔癀·晶感系列 美白淡斑紧致补水保湿舒缓爽肤水乳液面霜,,,,,,,,,,返回数据列数不正确
AIONAYI · 美容院水乳液面霜润肤水洁面乳,,AIONAYI美容院水乳液面霜润肤水洁面乳,AIONAYI,,洁面乳,,清洁,¥nan/,中国,
安安金纯·橄榄玻尿酸水润护肤套装精华水高保湿乳液补水霜3件套,,,,,,,,,,返回数据列数不正确
毕生之研·【奶皮专属】DS乳 脂平衡特护精华乳液舒缓敏感褪红控油DB,79.0,毕生之研DS乳脂平衡特护精华乳液,毕生之研,奶皮专属,乳液,DS乳,舒缓+控油+褪红,¥79/50ml,中国,
TRANSINO·美白焕颜化妆水+乳液,768.0,TRANSINO美白焕颜化妆水+乳液,TRANSINO,美白焕颜,化妆水+乳液,TRANSINO美白水乳,美白+保湿+提亮,¥768/套,日本,
TRANSINO·【喵爷专属】持证美白焕颜精华传明酸精华乳液祛斑淡化色斑,298.0,TRANSINO持证美白焕颜精华,TRANSINO,,精华,传明酸精华,美白+淡斑+焕颜,¥298/30ml,日本,
肌本演绎·3【核桃38节专属】小绿120支+小红120支+乳液2瓶,,,,,,,,,,返回数据列数不正确
PMPM · 【情人节专属】粉盾水乳套装千叶玫瑰精华爽肤水保湿补水乳液敏感,,PMPM千叶玫瑰精华水乳套装,PMPM,千叶玫瑰,水乳套装,粉盾水乳,保湿+补水+舒缓,¥nan,中国,
Strange Tale·怪奇物语油橄榄修护乳液面膜修护舒缓维稳三合一20片+1片试用,,油橄榄修护乳液面膜,Strange Tale,怪奇物语,面膜,橄榄面膜,修护+舒缓+维稳,¥NaN/21片,中国,
养生堂·白桦弹润焕妍乳液面膜单/双盒,,养生堂白桦弹润焕妍乳液面膜,养生堂,白桦,面膜,桦汁面膜,补水+弹润+焕亮,¥nan,中国,
玫琳凯·亮采套装 提亮肤色焕白精华洗面奶爽肤水乳液护肤品正品,,玫琳凯亮采精华套装,玫琳凯,亮采,套装,亮采套装,提亮+焕白+保湿,¥NaN,美国,
TRANSINO·【礼礼专属】美白焕颜精华传明酸精华乳液祛斑淡化色斑氨甲环酸,298.0,TRANSINO美白焕颜精华,TRANSINO,,精华,传明酸精华,美白+淡斑+焕颜,¥298/30ml,日本,
TRANSINO·【晁然专属】美白焕颜精华传明酸精华乳液祛斑淡化色斑匀亮肤色,,TRANSINO美白焕颜精华,TRANSINO,,精华,传明酸精华,美白+淡斑+提亮,¥NaN/50ml,日本,
婕她·SwissGetal 长效保湿肌底乳液50ml,,婕她·SwissGetal 长效保湿肌底乳液50ml,SwissGetal,,乳液,长效保湿乳液,保湿+修护+肌底护理,¥/50ml,瑞士,
修丽可·价值1000元~清仓色修精华乳液淡痘印祛痘控油舒缓修红30ml,209.0,修丽可植萃舒缓亮妍精华露,修丽可,植萃,精华,色修精华,舒缓+修红+淡印,¥209/30ml,美国,
TRANSINO·【李李Lilly专属】美白焕颜精华传明酸精华乳液祛斑淡化色斑,298.0,TRANSINO美白焕颜精华,TRANSINO,,精华,传明酸精华,美白+淡斑+提亮,¥298/30ml,日本,
鲜一·敏感肌舒缓修护护肤套装  洗面奶100g+精华水120ml+乳液100g,,鲜一敏感肌舒缓修护护肤套装,鲜一,,护肤套装,鲜一修护套装,舒缓+修护+保湿,¥/套,中国,
雪曼婷·雪蔓婷 带防伪西班牙刷酶套组 亮颜焕活面膜精华液乳液细腻毛孔,,雪曼婷亮颜焕活面膜精华液乳液,雪曼婷,雪蔓婷,精华液,刷酶套组,亮颜+焕活+细腻毛孔,¥nan,西班牙,
玫琳凯·【福利】 乳液面霜保湿水 粉妍片眼霜精华安瓶官网正品,,,,,,,,,,返回数据列数不正确
AFU阿芙·极光玫瑰焕采亮白淡斑保湿调理液乳液精华油套组以油养肤 Z1,,AFU阿芙极光玫瑰焕采亮白淡斑保湿调理液乳液精华油套组,阿芙,极光玫瑰,精华油套组,极光玫瑰套组,亮白+淡斑+保湿,¥/套,中国,
MEILAOBAN·星沭眉部定妆乳液，浓缩系列（推广价）,168.0,MEILAOBAN星沭眉部定妆乳液,MEILAOBAN,浓缩系列,眉部定妆,星沭眉乳,定型+防水+持久,¥168/15ml,中国,
养生堂·星品秒杀-白桦系列乳液面膜*2,,养生堂白桦补水保湿面膜,养生堂,白桦,面膜,白桦面膜,补水+保湿,¥0/片,中国,
养生堂·白桦弹润焕妍乳液面膜单盒,,养生堂白桦弹润焕妍面膜,养生堂,白桦,面膜,白桦面膜,补水+弹润+焕亮,¥0/单盒,中国,
艾思诺娜 · 清润/焕润健肤水乳组合女面部补水保湿敏感肌乳液爽肤水缓释保湿,776.0,艾思诺娜清润焕润健肤水乳组合,艾思诺娜,清润/焕润,水乳组合,健肤水乳,补水+保湿+舒缓,¥776/套,日本,
安修泽 · 油橄榄水乳2.0精华水保湿乳液湿补水保湿修护舒缓,,安修泽油橄榄水乳2.0精华水保湿乳液,安修泽,油橄榄,水乳,油橄榄水乳,保湿+修护+舒缓,¥/50ml,中国,
TRANSINO·【杨千万专属】持证美白焕颜精华传明酸精华乳液祛斑淡化色斑,298.0,TRANSINO美白焕颜精华,TRANSINO,,精华,传明酸精华,美白+淡斑+提亮,¥298/30ml,日本,
艾思诺娜·【如酱】焕润/清润水乳组合 补水修护保湿滋润敏感肌化妆水乳液,598.0,艾思诺娜焕润清润水乳组合,艾思诺娜,焕润/清润,水乳,如酱水乳,补水+修护+保湿,¥598/套,日本,
无语·好用！60ml卸妆油便携装 | 水感温和深层清洁卸妆乳液效期27年,,无语轻感水净卸妆油,无语,轻感水净,卸妆油,无语卸妆油,温和+清洁+水感,¥nan/60ml,中国,
TRANSINO·【Yuri专属】持证美白焕颜精华传明酸精华乳液祛斑淡化色斑,298.0,TRANSINO美白焕颜精华,TRANSINO,,精华,传明酸精华,美白+淡斑+焕颜,¥298/30ml,日本,
欧莱雅·第二代金致臻颜重组胶原精粹水乳液面霜正装套组淡化细纹提拉紧致,,欧莱雅金致臻颜第二代重组胶原精粹水乳霜,欧莱雅,金致臻颜,面霜,金致面霜,抗老+紧致+淡纹,¥/50ml,法国,
NATIO·月见草保湿乳液125ml天然控油舒缓补水,,NATIO月见草保湿乳液,NATIO,月见草,乳液,月见草乳液,保湿+控油+舒缓,¥NaN/125ml,澳大利亚,
花寂·光漾舒缓精油乳液面膜缓解干痒红镇静亲肤贴片面膜【路晨专属】,,花寂光漾舒缓精油乳液面膜,花寂,光漾,面膜,光漾面膜,舒缓+镇静+保湿,¥nan/片,中国,
吾相 · 577美白精华提亮去黄改善暗沉肤色烟酰胺传明酸淡斑面部乳液,,吾相577美白精华,吾相,577,精华,577精华,美白+提亮+淡斑,¥NaN/30ml,中国,
CANVAS·【会员尝鲜】玫瑰星品旅行套组  洁面+面膜+纯露+脸油+乳液,,CANVAS玫瑰星品旅行套组,CANVAS,,旅行套组,玫瑰套组,清洁+保湿+滋养,¥NaN/,中国,
三式·【大夏天专属】解忧乳液焕能精华乳保湿水乳维稳护肤品推荐,168.0,三式解忧焕能精华乳,三式,解忧,精华乳,解忧乳,保湿+维稳,¥168/50ml,中国,
TRANSINO·【Kevin老师专属】持证美白焕颜精华传明酸精华乳液祛斑淡化色斑,298.0,TRANSINO美白焕颜精华,TRANSINO,,精华,传明酸精华,美白+淡斑+提亮,¥298/30ml,日本,
芯丝翠 · 【新客试用】PHA全天候乳液10ml+10%胶水精华2ml（效期25年8月）,79.0,,,,,,,,,返回数据列数不正确
雪曼婷·【吟儿Ring专属】亮颜焕活面膜套组 精华液6*2.5ml+乳液50ml,,雪曼婷亮颜焕活面膜套组,雪曼婷,亮颜焕活,面膜套组,焕活套组,亮肤+焕活+保湿,¥NaN,中国,
卡姿兰CARSLAN·卡姿兰晶盈凝润水乳液套装化妆品礼盒补水保湿护肤品官方正品大牌,,卡姿兰晶盈凝润水乳液套装,卡姿兰,晶盈凝润,水乳套装,晶盈水乳,补水+保湿,¥/50ml,中国,
花寂·光漾舒缓精油乳液面膜 缓解干痒红镇静亲肤贴片面膜【直播】,,花寂·光漾舒缓精油乳液面膜,花寂,光漾,面膜,光漾面膜,舒缓+镇静+保湿,¥/片,中国,
姿可颜 · 日夜增效乳液面膜补水保湿面膜修复提亮调节肌肤屏障熬夜救星学生,189.0,姿可颜日夜增效乳液面膜,姿可颜,日夜增效,面膜,熬夜救星面膜,补水+修复+提亮,¥189/盒,中国,
养生堂·白桦弹润焕妍乳液面膜 少奶奶专属,,养生堂白桦弹润焕妍乳液面膜,养生堂,白桦,面膜,少奶奶面膜,补水+弹润+焕亮,¥0/0ml,中国,
TRANSINO·【张瑶专属】美白焕颜精华传明酸精华乳液祛斑淡化色斑匀亮肤色,298.0,TRANSINO美白焕颜精华,TRANSINO,,精华,传明酸精华,美白+淡斑+提亮,¥298/30ml,日本,
悦薇乳液盖子碎 23产,149.0,资生堂悦薇珀翡紧颜亮肤乳,资生堂,悦薇珀翡,乳液,悦薇乳液,提亮+紧致+保湿,¥149/100ml,日本,
养生堂·星品秒杀-白桦系列乳液面膜*2,,养生堂白桦补水保湿面膜,养生堂,白桦,面膜,白桦面膜,补水+保湿,¥0/片,中国,
毕生之研·【大姐夫专属】DS乳 脂平衡特护精华乳液舒缓敏感褪红控油DB,79.0,毕生之研DS脂平衡特护精华乳,毕生之研,DS乳,精华乳,大姐夫DS乳,舒缓+控油+褪红,¥79/50ml,中国,
欧莱雅·效期骨折！玻色因乳复颜玻尿酸水光充盈导入乳液110ml 19年,48.0,欧莱雅复颜玻尿酸水光充盈导入乳液,欧莱雅,复颜玻尿酸,乳液,水光乳,保湿+充盈+抗初老,¥48/110ml,法国,
娇贝诗·SKFD胶原蛋白靓肤填充水湿敷补水保湿水乳精华水乳液爽肤水,,娇贝诗SKFD胶原蛋白精华水,娇贝诗,SKFD,精华水,胶原水,补水+保湿+嫩肤,¥/ml,中国,
悦芙媞·水乳喷洁面套组油皮洁颜蜜毛孔清洁修红水乳液,,悦芙媞水乳喷洁面套组,悦芙媞,,洁面套组,,清洁+控油+修护,¥/套,中国,
玫琳凯·护肤品套装优萃鲜肌元气爽肤水乳液面霜抗糖补水保湿正品,,,,,,,,,,返回数据列数不正确
FOR FORMULA·【直播专属】配方至上b5精华液+舒润乳液80ml,296.0,配方至上B5精华液,配方至上,,精华液,B5精华,修护+保湿,¥296/80ml,中国,
安安金纯·深海藻弹润淡纹精华乳液98g 熟龄肌干皮可用抚纹精粹精华,89.0,安安金纯深海藻弹润淡纹精华乳液,安安金纯,深海藻,精华乳,深海藻精华,弹润+淡纹+保湿,¥89/98g,中国,
TRANSINO·【魔女娜娜专属】持证美白焕颜精华传明酸精华乳液祛斑淡化色斑,298.0,TRANSINO美白祛斑精华,TRANSINO,,精华,魔女娜娜精华,美白+淡斑+焕亮,¥298/30ml,日本,
欧莎媛·秋冬乳液灌肤法“少量多餐”呵护肌肤小分子水疗乳敷灌肤深度补水,118.0,欧莱雅复颜玻尿酸水光充盈乳液,欧莱雅,复颜玻尿酸,乳液,水光乳,补水+保湿+充盈,¥118/50ml,法国,
花寂·光漾舒缓精油乳液面膜 缓解干红镇静亲肤贴片面膜,,花寂·光漾舒缓精油乳液面膜,花寂,光漾,面膜,光漾面膜,舒缓+镇静+保湿,¥nan,中国,
三草两木·黑晶套盒水乳液精华面霜四件套面部护理套装抗老补水修护提亮肤色,,三草两木黑晶奢宠修护套装,三草两木,黑晶,套装,黑晶套盒,抗老+修护+提亮,¥/套,中国,
SVR·【ceci专属】舒唯雅美白夜间焕肤乳液 x2,198.0,SVR美白夜间焕肤乳液,SVR,,乳液,美白乳液,美白+焕肤+夜间修护,¥198/50ml,法国,
OKADY · 明星柳岩推荐控油祛痘精华乳液30ml淡痘印保湿精华毛孔收缩精华液,16.9,OKADY控油祛痘精华乳液,OKADY,,精华液,祛痘小奶瓶,控油+祛痘+保湿,¥16.9/30ml,中国,
玫琳凯·幻时系列洗面爽肤水乳液面霜面膜化妆品正品,68.0,幻时保湿面霜,玫琳凯,幻时,面霜,幻时面霜,保湿+抗老+紧致,¥68/50ml,美国,
毕生之研·【大促】DS乳 脂平衡特护精华乳液舒缓敏感褪红控油DB,148.0,毕生之研DS乳脂平衡特护精华乳液,毕生之研,DS乳,乳液,DS乳,舒缓+控油+褪红,¥148/50ml,中国,
AromeManpo馥郁满铺 · 【铂金会员试用】晚香玉光感发酵精华乳乳液10ml保湿    ZY,,馥郁满铺晚香玉光感发酵精华乳,馥郁满铺,晚香玉,乳液,发酵乳,保湿+提亮+修护,¥NaN/10ml,中国,
花寂·光漾舒缓精油乳液面膜 缓解干痒红镇静亲肤云朵面膜贴片面膜,,花寂·光漾舒缓精油乳液面膜,花寂,光漾,面膜,云朵面膜,舒缓+镇静+保湿,¥nan/片,中国,
MEILAOBAN·星沭眉部定妆乳液·浓缩系列（推广价）,168.0,MEILAOBAN星沭眉部定妆乳液,MEILAOBAN,星沭,眉部定妆液,星沭眉乳,定型+防水+持久,¥168/30ml,中国,
第一三共·全身保湿乳液200ml*2 赠bb全身用洗发沐浴露350ml,,第一三共全身保湿乳液,第一三共,,乳液,,保湿+滋润,¥/200ml,日本,
英诺皮肤世家·敏敏修护大咖 inno英诺k乳精华乳30g 改善红丝丝乳液面霜,,英诺皮肤世家敏敏修护精华乳,英诺,敏敏修护,精华乳,K乳精华乳,修护+舒缓+改善泛红,¥NaN/30g,西班牙,
SNOVA·秒杀【choky专属】30年高端院线抗初老清爽保湿乳液,,SNOVA抗初老清爽保湿乳液,SNOVA,SNOVA,乳液,院线乳液,抗初老+清爽+保湿,¥nan/50ml,中国,
养生堂·白桦弹润焕妍乳液面膜 五花博士专属,,养生堂白桦弹润焕妍乳液面膜,养生堂,白桦,面膜,白桦面膜,补水+弹润+焕亮,¥0/0ml,中国,
肌本演绎·2【核桃38节专属】小红120支+小紫120支+乳液2瓶,,,,,,,,,,返回数据列数不正确
素颜桃花·玻色因紧致抗皱乳液面膜,79.0,素颜桃花·玻色因紧致抗皱乳液面膜,素颜桃花,玻色因,面膜,玻色因面膜,紧致+抗皱+保湿,¥79/片,中国,
孔凤春KOPHENIX · 【小绿瓶】马齿苋舒缓特护精华液保湿干皮乳液修护肌肤,,孔凤春马齿苋舒缓特护精华液,孔凤春,KOPHENIX,精华液,小绿瓶,舒缓+保湿+修护,¥NaN/50ml,中国,
欧莱雅·金致臻颜滋润面霜乳液提拉紧致淡纹保湿修护补水超值套组,,欧莱雅金致臻颜花蜜奢养滋润面霜,欧莱雅,金致臻颜,面霜,花蜜面霜,滋润+抗老+修护,¥350/50ml,法国,
md:ceuticals·【博主推荐】早酸晚A套组（乳糖酸乳液+A醇精华）,1100.0,md:ceuticals早酸晚A套组,md:ceuticals,,套组,早酸晚A,焕肤+抗老+修护,¥1100/套组,英国,
TRANSINO·【半糖专属】美白焕颜精华传明酸精华乳液祛斑淡化色斑匀亮肤色,298.0,TRANSINO美白焕颜精华,TRANSINO,,精华,传明酸精华,美白+淡斑+提亮,¥298/30ml,日本,
柔恩莱·独岛白桦树水分清爽保湿安瓶精华爽肤水乳液,93.0,柔恩莱独岛白桦树水分清爽保湿安瓶精华爽肤水乳液,柔恩莱,独岛,爽肤水乳液,独岛水乳,保湿+补水+舒缓,¥93/200ml,韩国,
欧莱雅·【嘿姐专属】L'OREAL 金致臻颜花蜜胶原乳液110ml 小蜜罐乳液,,欧莱雅金致臻颜花蜜胶原乳液,欧莱雅,金致臻颜,乳液,小蜜罐乳液,抗老+滋润+紧致,¥349/110ml,法国,
pink too·山茶花清透水乳套装屏障补水保湿去黄提亮平衡水油爽肤水乳液,,pink too山茶花清透水乳套装,pink too,山茶花,水乳套装,山茶花水乳,补水+保湿+平衡水油,¥nan,中国,
花寂·光漾舒缓精油乳液面膜 缓解干痒红镇静亲肤贴片面膜【辛辛】,,花寂·光漾舒缓精油乳液面膜,花寂,光漾,面膜,辛辛面膜,舒缓+镇静+保湿,¥NaN,中国,
片仔癀·雪肌晶润礼盒 美白淡斑紧致补水保湿提亮爽肤水乳液,,片仔癀·雪肌晶润礼盒,片仔癀,雪肌晶润,礼盒,雪肌礼盒,美白+淡斑+补水,¥NaN,中国,
王子与玫瑰·【立即抢购】反重力脸部颈部一体式提拉紧致抗皱乳液灌肤面膜,199.0,反重力脸部颈部一体式提拉紧致抗皱乳液灌肤面膜,,,面膜,,提拉+紧致+抗皱,¥199/1片,,
羽素·定制礼盒大灯泡快速祛瘪痘洗卸合一洁面闭口水套组祛痘水乳液精华,299.0,羽素大灯泡祛痘套装,羽素,大灯泡,护肤套装,大灯泡套组,祛痘+控油+修护,¥299/套,中国,
花寂·光漾舒缓精油乳液面膜 缓解干痒红镇静亲肤贴片面膜【小水梨】,,花寂·光漾舒缓精油乳液面膜,花寂,光漾,面膜,小水梨,舒缓+镇静+保湿,¥nan,中国,
欧莱雅·第二代金致臻颜重组胶原精粹水乳液正装套组淡化细纹提拉紧致套组,,欧莱雅金致臻颜第二代胶原水乳套装,欧莱雅,金致臻颜,水乳套装,胶原水乳,抗老+紧致+保湿,¥/套,法国,
自然堂·雪肌追光洁面洗面奶爽肤水乳液面霜套装美白白皙透亮,,,,,,,,,,返回数据列数不正确
吾相·【达人】577美白精华提亮去黄改善暗沉肤色烟酰胺传明酸淡斑乳液,,吾相577美白精华,吾相,577,精华,577精华,美白+提亮+淡斑,¥NaN/30ml,中国,
肌本演绎·2【核桃38节专属】小绿240支+小红240支+小紫120支+乳液4瓶,,,,,,,,,,返回数据列数不正确
伊菲丹·【章小蕙直播专享】双抗TP：保湿洁面泡沫+精萃液+樱花乳液,,,,,,,,,,返回数据列数不正确
"CANVAS·玫瑰全日保湿乳液润肤补水精华乳霜膏“隐形面膜""",,CANVAS玫瑰全日保湿乳液,兰蔻,菁纯,乳液,隐形面膜,保湿+补水+修护,¥/50ml,法国,
养生堂·森林黑钻修颜紧塑生物发酵面膜+乳液面膜组合 winnietang专属,,养生堂森林黑钻修颜紧塑生物发酵面膜+乳液面膜组合,养生堂,森林黑钻,面膜组合,黑钻面膜,修颜+紧塑+滋养,¥NaN,中国,
欧莱雅·第二代金致臻颜胶原水乳液紧致抗皱补水保湿滋润修护淡纹,,欧莱雅金致臻颜胶原水乳,欧莱雅,金致臻颜,乳液,胶原水乳,紧致+抗皱+保湿,¥/50ml,法国,
Dr.Wong·【田原专属】林间月光面部护理乳液清爽保湿抗皱紧致木质花香温和,,Dr.Wong林间月光面部护理乳液,Dr.Wong,林间月光,乳液,月光乳液,保湿+抗皱+紧致,¥NaN/50ml,中国,
养生堂·弹润焕妍乳液面膜  芳菲专属,,养生堂弹润焕妍乳液面膜,养生堂,弹润焕妍,面膜,乳液面膜,保湿+弹润+焕亮,¥NaN,中国,
敷尔佳 · 【成毅同款】葡萄籽溯颜弾嫩乳液面膜,,敷尔佳葡萄籽溯颜弾嫩乳液面膜,敷尔佳,葡萄籽溯颜,面膜,成毅同款面膜,补水+弹嫩+提亮,¥nan,中国,
科妮肤·kineff积雪草洗面奶清洁平衡水油镇定保湿敏感肌爽肤水乳液,,Kineff积雪草舒缓洁面乳,Kineff,积雪草,洁面乳,积雪草洁面,清洁+舒缓+保湿,¥158/100ml,韩国,
md:ceuticals·【博主推荐】苹果修复乳液+臻粹基因肽-GF精华+三酸舒敏多效精华,1650.0,,,,,,,,,返回数据列数不正确
法朗丝·【Tina专属】特证美白补水紧致 4件套水乳液精华眼霜,,法朗丝美白补水紧致套装,法朗丝,Tina专属,套装,特证4件套,美白+补水+紧致,¥nan,中国,
TRANSINO·【直播】美白焕颜精华传明酸乳液祛斑淡化色斑氨甲环酸,298.0,TRANSINO美白焕颜精华乳,TRANSINO,美白焕颜,精华乳,传明酸乳液,美白+淡斑+焕颜,¥298/50ml,日本,
养生堂·白桦弹润焕妍乳液面膜紧致,,养生堂白桦弹润焕妍乳液面膜,养生堂,白桦弹润焕妍,面膜,白桦面膜,紧致+弹润+焕妍,¥/片,中国,
依漾·玻色因精华水乳套装推荐抗初老抗皱抗糖爽肤补水保湿水乳液护肤品,,,,,,,,,,返回数据列数不正确
韩舜妆·山茶花水乳套装保湿补水滋润收缩毛孔积雪草植物精华爽肤水乳液,,韩舜山茶花水乳套装,韩舜,,水乳套装,山茶花水乳,保湿+补水+收缩毛孔,¥/ml,中国,
XDG·第三代酵母益生菌修护水乳两件套装精华水乳液油皮痘痘肌学生女,179.0,XDG益生菌修护水乳套装,XDG,益生菌,水乳套装,益生菌水乳,修护+控油+保湿,¥179/套,中国,
片仔癀·凝时素颜紧致弹力乳 胜肽抗皱紧致补水保湿舒缓淡纹乳液,,片仔癀凝时素颜紧致弹力乳,片仔癀,凝时素颜,乳液,弹力乳,抗皱+紧致+保湿,¥/50ml,中国,
CANVAS·【自播专属】玫瑰星品旅行套组  洁面+面膜+纯露+脸油+乳液,,CANVAS玫瑰星品旅行套组,CANVAS,玫瑰星品,旅行套组,玫瑰套组,清洁+保湿+滋养,¥NaN,中国,
养生堂·【章小蕙直播专享】白桦弹润焕妍乳液面膜,,养生堂白桦弹润焕妍乳液面膜,养生堂,白桦弹润焕妍,面膜,白桦面膜,补水+弹润+焕亮,¥nan,中国,
茗希芝·深层清洁卸妆膏卸妆油卸妆乳液眼唇脸三合一温和不刺激,,茗希芝深层清洁卸妆膏,茗希芝,,卸妆膏,三合一卸妆膏,清洁+温和+卸妆,¥0/0ml,中国,
芙丽芳丝·水乳两件套装 保湿修护滋润肌肤 化妆水130ml+乳液100ml,,芙丽芳丝保湿修护化妆水+乳液,芙丽芳丝,保湿修护,水乳套装,芙丽芳丝水乳,保湿+修护+滋润,¥300/230ml,日本,
修丽可·色修精华乳液淡痘印祛痘控油舒缓修红30ml,,修丽可植萃舒缓亮妍精华露,修丽可,植萃,精华,色修精华,舒缓+修红+淡印,¥595/30ml,美国,
md:ceuticals·苹果修复乳液+臻粹基因肽-GF精华+三酸舒敏多效精华,1650.0,,,,,,,,,返回数据列数不正确
欧利芙洋 · 韩国ideal男士多效合一精华乳液 控油保湿滋润补水敏感修护三合一,,欧利芙洋男士多效合一精华乳液,欧利芙洋,ideal,乳液,男士三合一乳液,控油+保湿+修护,¥nan/50ml,韩国,
欧莱雅 · 第二代金致臻颜花蜜奢养精华65ml乳液50ml中样,,欧莱雅第二代金致臻颜花蜜奢养精华,欧莱雅,金致臻颜花蜜奢养,精华,花蜜精华,抗老+滋养+修护,¥/65ml,法国,
蔚蓝之美·WEI沁莲莹润系列精华水/乳液/洁面/精华液,,,,,,,,,,返回数据列数不正确
养生堂·白桦弹润焕妍乳液面膜,,养生堂白桦弹润焕妍乳液面膜,养生堂,白桦,面膜,白桦面膜,补水+弹润+焕亮,¥/片,中国,
欧莱雅·【礼礼专属】L'OREAL 复颜玻尿酸水光充盈玻色因乳液110ml-新款,,欧莱雅复颜玻尿酸水光充盈玻色因乳液,欧莱雅,复颜玻尿酸,乳液,玻尿酸乳液,保湿+抗老+提亮,¥299/110ml,法国,
泉美小屋 · 爆款山羊奶护肤五件套补水保湿面部护理爽肤水乳液霜套装批发厂家,,泉美小屋山羊奶护肤套装,泉美小屋,,套装,山羊奶套装,补水+保湿,¥NaN/,中国,
养生堂·白桦弹润焕妍乳液面膜,,养生堂白桦弹润焕妍乳液面膜,养生堂,白桦,面膜,白桦面膜,补水+弹润+焕亮,¥/片,中国,
木子田 · 山茶花水乳液护肤套装补水保湿提亮肤色清爽控油洁面乳面霜精华液,26.0,木子田山茶花水乳液护肤套装,木子田,山茶花,套装,山茶花套装,补水+保湿+提亮,¥26/套,中国,
雪柔雅 · 精华乳烟酰胺熊果苷鎏光发光微抗氧皱去黄提亮精华乳液,26.6,雪柔雅鎏光发光精华乳,雪柔雅,鎏光发光,精华乳,发光瓶,去黄+提亮+抗氧,¥26.6/30ml,中国,
欧莱雅·【礼礼专属】L'OREAL 金致臻颜花蜜胶原乳液110ml 小蜜罐乳液抗,,欧莱雅金致臻颜花蜜胶原乳液,欧莱雅,金致臻颜,乳液,小蜜罐乳液,抗老+滋润+紧致,¥349/110ml,法国,
润百颜 · 屏障调理水乳面霜套装白纱布玻尿酸补水保湿修护敏肌护肤品乳液,31.8,润百颜白纱布屏障调理水乳面霜套装,润百颜,白纱布,面霜套装,白纱布水乳,补水+保湿+修护,¥31.8/套,中国,
巴麗岛 · 芦荟胶保湿水乳液套装补水面膜控油收缩毛孔柔肤水露纯植物面霜,,巴麗岛芦荟胶保湿水乳液套装,巴麗岛,,套装,,保湿+控油+收缩毛孔,¥NaN/,中国,
MapleBio枫萃·修护套装C型：滋润款 喷雾、多肽粉、水分乳液、双萃油体验装*2支,,,,,,,,,,返回数据列数不正确
OTHER · 多肽乳液面膜韩国院线皮肤科,258.0,OTHER多肽乳液面膜,OTHER,,面膜,,补水+修护,¥258/50ml,韩国,
TRANSINO·【导航仪专属】美白焕颜精华传明酸精华乳液祛斑淡化色斑匀亮肤色,298.0,TRANSINO美白焕颜精华,TRANSINO,美白焕颜,精华,传明酸精华,美白+淡斑+提亮,¥298/30ml,日本,
姿可颜·日夜增效乳液面膜补水保湿面膜修复提亮调节熬夜救星,189.0,姿可颜日夜增效乳液面膜,姿可颜,日夜增效,面膜,熬夜救星面膜,补水+保湿+提亮,¥189/盒,中国,
修研舍·【87年陈女士】白肤去黄去黑修复救星补水锁水抗氧化精华乳液,,修研舍白肤去黄修复精华乳,修研舍,白肤,精华乳,修复救星,去黄+抗氧化+补水,¥NaN/50ml,中国,
敷尔佳 · 肌肤嘭弹娇嫩的秘密！ 葡萄籽溯颜弹嫩乳液面膜葆湿紧至k皱,47.0,敷尔佳葡萄籽溯颜弹嫩乳液面膜,敷尔佳,葡萄籽溯颜,面膜,弹嫩面膜,保湿+紧致+抗皱,¥47/盒,中国,
俏琳娜 · 富勒烯多肽赋活精华乳嫩肤白净深层滋养祛黄嫩肤修护屏障乳液,69.9,俏琳娜富勒烯多肽赋活精华乳,俏琳娜,富勒烯多肽,精华乳,富勒烯精华,嫩肤+修护+祛黄,¥69.9/50ml,中国,
魔女工厂·水乳套装爽肤水乳液 益生菌水润安瓶 保湿舒缓修护正品,,,,,,,,,,返回数据列数不正确
润百颜·【帅帅专属】白纱布屏障水乳2.0玻尿酸爽肤水乳液强韧肌底【DB】,279.0,润百颜白纱布屏障水乳2.0,润百颜,白纱布,水乳,白纱布水乳,修护+保湿+强韧肌底,¥279/套,中国,
LAMER·【礼礼专属】精粹乳乳液推荐保湿修复30岁以上抗老水乳第一,1037.0,LA MER海蓝之谜精粹乳,LA MER,精粹,乳液,精粹乳,保湿+修复+抗老,¥1037/50ml,美国,
娇韵诗·young专享—全新金黄焕彩古铜美黑精华露乳液15ml （赠护手霜）,215.0,娇韵诗金黄焕彩古铜美黑精华露,娇韵诗,young,精华,古铜美黑精华,美黑+焕彩+提亮,¥215/15ml,法国,
雪曼婷·西班牙刷酶套组亮颜焕活精华液乳液套装带防伪码！,,雪曼婷亮颜焕活精华液,雪曼婷,亮颜焕活,精华液,刷酶精华,焕亮+修护,¥NaN/30ml,西班牙,
养生堂·白桦弹润焕妍乳液面膜单盒 missshine讲育儿专属,,养生堂白桦弹润焕妍面膜,养生堂,白桦弹润焕妍,面膜,白桦面膜,补水+弹润+焕亮,¥99/5片,中国,
AromeManpo馥郁满铺·【新品上市】乳液晚香玉光感发酵精华乳抗氧化抗糖焕亮85ml,35.0,馥郁满铺晚香玉光感发酵精华乳,AromeManpo馥郁满铺,晚香玉,精华乳,发酵乳,抗氧化+抗糖+焕亮,¥35/85ml,中国,
欧莱雅·L'OREAL 金致臻颜花蜜胶原乳液110ml 小蜜罐乳液抗皱紧致补水保湿,,欧莱雅金致臻颜花蜜胶原乳液,欧莱雅,金致臻颜,乳液,小蜜罐乳液,抗皱+紧致+保湿,¥/110ml,法国,
Tata Harper·【喵爷专属】焕新明亮乳液50ml,,Tata Harper焕新明亮乳液,Tata Harper,焕新,乳液,喵爷乳液,提亮+保湿+抗氧化,¥/50ml,美国,
京润珍珠·【季小军专属】裸妆透白水精华乳液面霜 4件套,399.0,京润珍珠裸妆透白水精华乳液面霜4件套,京润珍珠,裸妆透白,套装,珍珠四件套,保湿+美白+提亮,¥399/套,中国,
韩美肌 · 羊胎素活性紧致精华水乳液面霜补水保湿三件套装护肤品代发,32.0,韩美肌羊胎素活性紧致精华水乳液面霜三件套装,韩美肌,羊胎素,套装,羊胎素三件套,紧致+补水+保湿,¥32/套,中国,
MENE&MOY SYSTEM · MM 爆品尝鲜盒 院线级果酸 10%果酸抗痘嫩肤泥膜 早C晚A乳液,100.0,MENE&MOY SYSTEM · MM 爆品尝鲜盒,MENE&MOY,MM,护肤套装,,果酸+抗痘+嫩肤,¥100/,美国,
绽妍JUYOU·新！绽妍维生素B5保湿面霜爽肤水乳液 贻贝精华 泛醇补水滋润清爽,,绽妍维生素B5保湿面霜,绽妍,维生素B5,面霜,B5面霜,保湿+修护+补水,¥NaN/50ml,中国,
DECORTÉ · AQ白檀水乳30ml中小样 舒活保湿修复化妆水乳液 滋润型,,,,,,,,,,返回数据列数不正确
欧华蔻 · 线下款实体店美容院面部护肤品精华水乳液面霜眼霜精华液保湿厂家,,欧莱雅复颜玻尿酸水光充盈精华液,欧莱雅,复颜玻尿酸,精华液,玻尿酸精华,保湿+充盈+抗皱,¥350/30ml,法国,
栖花里 · 轻素花蜜活妍润亮护肤品套盒装爽肤水精华乳液面霜洗面奶,,栖花里轻素花蜜活妍润亮护肤品套盒,栖花里,轻素花蜜,套盒,花蜜套盒,保湿+提亮+修护,¥NaN/,中国,
巴宝格 · 茉莉白茶水乳三件套装补水保湿爽肤水乳液清爽滋润舒缓护肤,19.0,巴宝莉茉莉白茶水乳套装,巴宝莉,茉莉白茶,水乳套装,白茶套装,补水+保湿+舒缓,¥19/套,英国,
娇贝诗 · SKFD胶原蛋白靓肤填充水湿敷补水保湿水乳精华水乳液爽肤水,36.0,娇贝诗SKFD胶原蛋白靓肤填充水,娇贝诗,SKFD,爽肤水,胶原蛋白水,补水+保湿+亮肤,¥36/50ml,中国,
DECORTÉ·紫苏水牛油果乳液套装,,黛珂紫苏水牛油果乳液套装,DECORTÉ,紫苏水牛油果,乳液,紫苏乳,保湿+控油+舒缓,¥600/150ml,日本,
欧莱雅·注光乳液50ml有效期25.10,19.0,欧莱雅注光乳液,欧莱雅,注光,乳液,注光乳液,提亮+保湿+控油,¥190/50ml,法国,
DECORTÉ · 贵妇系列 AQ珍萃精颜臻悦化妆水+乳液18ml 精致水乳 洁面,,,,,,,,,,返回数据列数不正确
hfp·【清醒联盟专属】果酸精粹水 去黑头闭口收毛孔 送乳液,,HFP果酸焕肤精粹水,HFP,清醒联盟,爽肤水,果酸水,去角质+收缩毛孔+控油,¥/150ml,中国,
维娜蓓霓芬按压泵头150ml水乳通用压嘴按压头套装乳液鸭嘴替换头,8.8,,,,,,,,,返回数据列数不正确
艾天然 · 抗初老！高保湿！30+姊妹入手！洁面乳液化妆水日本本土版敏感肌,120.0,艾天然抗初高保湿洁面乳液化妆水,Fancl,无,洁面乳+化妆水,艾天然水乳套装,保湿+抗初老+温和,¥120/套,日本,
安科丽·多肽焕颜抗皱乳液保湿滋润紧致抗皱修护淡化细纹官方正品,,安科丽多肽焕颜抗皱乳液,安科丽,多肽焕颜,乳液,多肽乳液,抗皱+保湿+紧致,¥NaN/50ml,中国,
安多可 · 西班牙endocare焕活修护乳液100ml舒缓褪红清爽保湿不油腻,69.0,安多可焕活修护乳液,安多可,焕活修护,乳液,安多可乳液,舒缓+褪红+保湿,¥69/100ml,西班牙,
欧莱雅·L'OREAL 金致臻颜花蜜胶原乳液110ml 小蜜罐乳液抗皱紧致补水保湿,,欧莱雅金致臻颜花蜜胶原乳液,欧莱雅,金致臻颜,乳液,小蜜罐乳液,抗皱+紧致+保湿,¥/110ml,法国,
DECORTÉ · 【法国直邮】黛珂牛油果精萃保湿乳液300ml 舒缓肌肤补水保湿,319.0,黛珂牛油果乳液,黛珂,牛油果,乳液,牛油果乳液,保湿+舒缓+补水,¥319/300ml,日本,
色娜娜·爽肤水120ml+乳液120ml共（两瓶）,,色娜娜爽肤水+乳液套装,色娜娜,,爽肤水+乳液,,补水+保湿,¥/120ml+120ml,,
花寂·光漾舒缓精油乳液面膜 缓解干痒红镇静亲肤云朵面膜贴片面膜,,花寂·光漾舒缓精油乳液面膜,花寂,光漾,面膜,云朵面膜,舒缓+镇静+保湿,¥nan/片,中国,
CANVAS·【女神的礼物抗晒组合】青瓜舒缓纯露100ML+天然抗晒乳液40ML,,CANVAS·女神的礼物抗晒组合,Canvas,女神的礼物,防晒组合,女神防晒套装,防晒+舒缓,¥/40ml,中国,
馥珮 · 白皙娇嫩套盒洗面奶水乳液套装护肤品滋润保湿学生补水3件套,,馥珮白皙娇嫩套盒,馥珮,白皙娇嫩,护肤套装,馥珮三件套,补水+保湿+滋润,¥NaN,中国,
LAMER·【玛勒海盗粉丝专属】精粹乳乳液推荐保湿修复30岁以上抗老水乳,,LA MER海蓝之谜精粹乳,LA MER,精粹,乳液,精粹乳,保湿+修复+抗老,¥1450/50ml,美国,
LAMER·【李百张专属】精粹乳乳液推荐保湿修复30岁以上抗老水乳排行榜,1037.0,LA MER海蓝之谜精粹乳,LA MER,精粹,乳液,精粹乳,保湿+修复+抗老,¥1037/50ml,美国,
雅琪朵·有机植物玻尿酸精华乳液修复补水-抗衰敏感肌干皮孕妇意大利,429.0,雅琪朵有机植物玻尿酸精华乳液,雅琪朵,有机植物,乳液,玻尿酸乳液,修复+补水+抗衰,¥429/50ml,意大利,
柏采雅 · 抖音柏采嫩肤未来377嫩白淡斑精华液爽肤水乳套装烟酰胺乳液面霜,36.0,柏采雅抖音柏采嫩肤未来377嫩白淡斑精华液,柏采雅,嫩肤未来,精华液,377精华,美白+淡斑,¥36/30ml,中国,
韩雅·臻红凝时紧塑六件套礼盒眼霜水乳液洁面精华保湿抗皱舒缓修护,,,,,,,,,,返回数据列数不正确
兰蔻·极光水150ml乳液75ml精华50ml面霜50ml四件套礼盒礼袋,,,,,,,,,,返回数据列数不正确
花寂·光漾舒缓精油乳液面膜 缓解干痒红镇静亲肤云朵面膜贴片面膜,,花寂·光漾舒缓精油乳液面膜,花寂,光漾,面膜,云朵面膜,舒缓+镇静+保湿,¥NaN/片,中国,
雅琪朵·有机绿花千层面部乳霜-改善痘痘平衡水油保湿乳液面霜天然进口,339.0,雅诗兰黛小棕瓶特润修护精华霜,雅诗兰黛,小棕瓶,面霜,小棕瓶面霜,修护+抗老+保湿,¥680/50ml,美国,
可复美 · 重组胶原蛋白修复敷料R乳创面保护愈合敏感肌乳液状非面膜40g,,可复美重组胶原蛋白修复敷料R乳,可复美,重组胶原蛋白,乳液,胶原乳,修复+舒缓+保湿,¥/40g,中国,
娇韵诗·双萃赋活修护精华黄金双萃神仙乳液修护保湿少女精华【葵葵专属】,,娇韵诗双萃精华,娇韵诗,双萃,精华,黄金双萃,修护+抗老+保湿,¥960/50ml,法国,
牛油果乳液300ml无塑封,159.0,黛珂牛油果乳液,黛珂,牛油果,乳液,紫苏水伴侣,保湿+控油+平衡,¥159/300ml,日本,
欧莱雅 · 二代复颜玻尿酸水光充盈玻色因晶露水乳水130ml/乳液110ml,99.0,欧莱雅复颜玻尿酸水光充盈玻色因晶露水乳,欧莱雅,复颜玻尿酸,水乳套装,玻尿酸水乳,保湿+抗老+提亮,¥99/130ml+110ml,法国,
TRANSINO·【张瑶专属】持证美白焕颜精华传明酸氨甲环酸精华乳液祛斑淡斑,298.0,TRANSINO持证美白焕颜精华,TRANSINO,,精华,传明酸精华,美白+淡斑+祛斑,¥298/30ml,日本,
EVM·追光焕采精华水120ml/乳液60ml 补水保湿1%CEF烟酰胺阿魏酸VC,28.0,,,,,,,,,返回数据列数不正确
Ongredients·【袁岱川专属】ongredients温丽慈肌肤屏障舒缓乳液1瓶+2片面膜B,129.0,Ongredients温丽慈肌肤屏障舒缓乳液,Ongredients,温丽慈,乳液,屏障舒缓乳,舒缓+修护+保湿,¥129/50ml,中国,
欧诗漫·【老鱼想吃烤肉】珍白因水乳套装乳液淡斑补水保湿护肤品MC,,欧诗漫珍白因水乳套装乳液,欧诗漫,珍白因,乳液,小白灯,美白+淡斑+保湿,¥158/100ml,中国,
科丽妍·【田天天专享】瑞士素肌妍雅保护液提升肌肤防御力乳液,,科丽妍素肌妍雅保护液,科丽妍,素肌妍雅,乳液,防御乳,防御+保湿+提升,¥/50ml,瑞士,
欧莱雅·第二代金致臻颜重组胶原精粹水乳液正装套组淡化细纹提拉紧致,,欧莱雅金致臻颜第二代胶原精粹水乳套装,欧莱雅,金致臻颜,水乳套装,金致水乳,抗老+紧致+保湿,¥/套,法国,
悦丝汀 · 医用胶原蛋白水乳套装术后创面屏障修护械号修复水胶原乳液,,悦丝汀医用胶原蛋白水乳套装,悦丝汀,医用胶原蛋白,水乳套装,术后修复水乳,修护+保湿+械字号,¥nan,中国,
安肤语·b5保湿精华水100ml*4 保湿爽肤水护肤品 赠乳液30ml小样*1,,安肤语B5保湿精华水,安肤语,B5,爽肤水,B5精华水,保湿+修护+舒缓,¥/100ml,中国,
露华浓·保税直发REVLON养肤精华润色乳液有色面霜SPF15亮肤匀净姜根+维C,,露华浓养肤精华润色乳液,露华浓,养肤精华,面霜,有色面霜,亮肤+匀净+防晒,¥/50ml,美国,
CLINIQUE · 匀净卓妍润肤镭射乳液100ml淡斑提亮抗氧化,288.0,CLINIQUE匀净卓妍润肤镭射乳液,CLINIQUE,匀净卓妍,乳液,镭射瓶,淡斑+提亮+抗氧化,¥288/100ml,美国,
梵蜜琳·胶原蛋白赋颜礼盒水精华乳液面霜正装四件套（剪码销售）,,梵蜜琳胶原蛋白赋颜礼盒,梵蜜琳,胶原蛋白赋颜,礼盒套装,四件套,抗老+保湿+紧致,¥/套,中国,
IOMA·【李老师专属】芯帽子焕肤精华乳液抗皱紧致舒缓保湿50ml,,IOMA芯帽子焕肤精华乳液,IOMA,芯帽子,精华乳,芯帽子精华,抗皱+紧致+保湿,¥/50ml,法国,
Ongredients·【礼礼专属】ongredients温丽慈肌肤屏障舒缓乳液1瓶+2片面膜,129.0,Ongredients温丽慈肌肤屏障舒缓乳液,Ongredients,温丽慈,乳液,屏障乳,舒缓+修护+保湿,¥129/50ml,中国,
养生堂·星品秒杀-白桦系列乳液面膜*2,,养生堂白桦保湿乳液,养生堂,白桦,乳液,,保湿+滋润,¥198/100ml,中国,
Ongredients·【王桜豫专属】ongredients温丽慈肌肤屏障舒缓乳液1瓶+2片面膜B,129.0,Ongredients温丽慈肌肤屏障舒缓乳液,Ongredients,温丽慈,乳液,,舒缓+修护+保湿,¥129/瓶,中国,
乐普莱柏·【玻色因紧致精华乳】补水促胶原嘭弹精华啵啵乳液,298.0,乐普莱柏玻色因紧致精华乳,乐普莱柏,玻色因,精华乳,啵啵乳,补水+紧致+促胶原,¥298/30ml,中国,
Ongredients·【琪珮专属】ongredients温丽慈肌肤屏障舒缓乳液1瓶+2片面膜B,129.0,Ongredients温丽慈肌肤屏障舒缓乳液,Ongredients,温丽慈,乳液,屏障乳,舒缓+修护+保湿,¥129/50ml,中国,
东京彩虹桥·【日本直邮】carte 高保湿面部身体乳液410ml 不退换,,carte高保湿面部身体乳液,carte,,乳液,,保湿+滋润,¥/410ml,日本,
颐莲·【达人】玻尿酸微乳蛋皮面膜乳液精华补水保湿秋冬,,颐莲玻尿酸微乳蛋皮面膜乳液精华,颐莲,玻尿酸微乳,精华,蛋皮精华,补水+保湿+修护,¥/30ml,中国,
冰肤之萃 · 水感胶原蛋白乳液面膜水晶紧致白变透面膜上下两片,,冰肤之萃水感胶原蛋白乳液面膜,冰肤之萃,,面膜,水晶紧致面膜,紧致+美白+补水,¥/片,中国,
养生堂·白桦弹润焕妍乳液面膜单/双盒,,养生堂白桦弹润焕妍面膜,养生堂,白桦弹润焕妍,面膜,白桦面膜,补水+弹润+焕亮,¥0/0片,中国,
AXXZIA·<老赵和kiki专属>肌源希越美时光弹润亮采菁萃乳液,498.0,AXXZIA肌源希越美时光弹润亮采菁萃乳液,AXXZIA,肌源希越美,乳液,时光乳液,弹润+亮采,¥498/50ml,日本,
TARA·水光爽肤水乳液安瓶精华套装 滋养保湿K老美容院级别,206.0,TARA水光爽肤水乳液安瓶精华套装,TARA,水光,套装,水光套装,保湿+滋养+K老,¥206/套,韩国,
Jan Marini·琉光亮肌A醇精华乳液30ml耀白紧致淡纹视黄醇保湿,,Jan Marini琉光亮肌A醇精华乳液,Jan Marini,琉光,精华,A醇精华,美白+抗老+保湿,¥/30ml,美国,
TARA·【店播】水光爽肤水乳液安瓶精华套装 滋养保湿K老美容院级别,,TARA水光爽肤水乳液安瓶精华套装,TARA,水光,套装,水光套装,滋养+保湿+抗老,¥/ml,韩国,
AROH·【店播】积雪草舒缓系列 精华爽肤水妆前乳液面霜补水保湿舒缓,178.0,AROH积雪草舒缓精华爽肤水,AROH,积雪草舒缓,爽肤水,,补水+舒缓,¥178/瓶,中国,
柏芙林·一整套！油橄榄水乳套装补水保湿舒缓去红安肤精华水乳液秋冬滋润,32.0,柏芙林油橄榄舒缓水乳套装,柏芙林,油橄榄,水乳套装,油橄榄水乳,舒缓+保湿+修护,¥32/套,中国,
丝塔芙·四维面霜45ml 保湿乳液敏感肌护肤品b5积雪草【我是礼礼呀 12.5】,198.0,丝塔芙四维修护面霜,丝塔芙,四维修护,面霜,四维面霜,保湿+修护+舒缓,¥198/45ml,法国,
小红盒 · 聚谷氨酸补水保湿水乳套装推荐平价乳液护肤品油皮男女大学生,158.0,小红盒聚谷氨酸补水保湿水乳套装,暂无,暂无,水乳套装,小红盒,补水+保湿,¥158/套,暂无,
小红盒 · 聚谷氨酸补水保湿乳液推荐水乳油皮干皮秋冬护肤品平价男女大学生,118.0,小红盒聚谷氨酸补水保湿乳液,暂无,暂无,乳液,小红盒,补水+保湿,¥118/50ml,暂无,
AXXZIA·<店播特享>肌源希越美时光菁萃水100ml/瓶+菁萃乳液55ml/瓶,956.0,,,,,,,,,返回数据列数不正确
O’GULIA · 祛黄神器~红茶玫瑰赋颜保湿水乳套装爽肤水乳液补水抗氧化平价,38.9,O’GULIA红茶玫瑰赋颜保湿水乳套装,O’GULIA,红茶玫瑰,水乳套装,祛黄神器,保湿+抗氧化+补水,¥38.9/套,中国,
CELL PREMIUM by Dr.Gerny·瑞士·cell premium·焕采精华·8倍苹果原生臻萃精华乳液二合一,3980.0,CELL PREMIUM 8倍苹果原生臻萃精华乳液,Dr.Gerny,CELL PREMIUM,精华,苹果精华,焕采+保湿+修护,¥3980/50ml,瑞士,
"CANVAS·【王小花专属】玫瑰全日保湿乳液润肤补水精华乳霜膏“隐形面膜""",,CANVAS玫瑰全日保湿乳霜,CANVAS,,乳霜,隐形面膜,保湿+补水+润肤,¥NaN/50ml,中国,
CLE·保税直发SERUMIDE神经酰胺精华乳液保湿修护丰盈抗暗沉强化屏障,,CLE·保税直发SERUMIDE神经酰胺精华乳液,CLE,SERUMIDE,精华乳,神经酰胺精华乳,保湿+修护+强化屏障,¥nan/50ml,日本,
noreva·全能调理乳液30ml痘痘肌祛痘瘪痘闭口温和舒缓淡化痘印,,noreva全能调理乳液,noreva,全能调理,乳液,祛痘乳液,祛痘+舒缓+淡化痘印,¥nan/30ml,法国,
资生堂·悦薇水乳套装 爽肤水150ml+乳液100ml,,资生堂悦薇珀翡紧颜亮肤水乳套装,资生堂,悦薇珀翡,水乳套装,悦薇水乳,提亮+抗老+保湿,¥1440/150ml+100ml,日本,
美肤宝 · 水光臻白祛斑润肤乳液美白淡斑补水保湿滋润正品,189.0,美肤宝水光臻白祛斑润肤乳液,美肤宝,水光臻白,乳液,水光乳,美白+淡斑+保湿,¥189/100ml,中国,
Ciisy希茜·Ciisy血清蛋白护肤套装 柔肤水+精华液+乳液保湿补水舒缓控油紧致,399.0,Ciisy希茜血清蛋白护肤套装,Ciisy希茜,血清蛋白,护肤套装,血清蛋白三件套,保湿+补水+控油,¥399/套,中国,
蝶婉丽·海茴香臻奢焕颜密集乳液面膜,,蝶婉丽海茴香臻奢焕颜密集乳液面膜,蝶婉丽,海茴香臻奢焕颜,面膜,海茴香面膜,保湿+修护+焕颜,¥/片,中国,
Ongredients·肌肤屏障舒缓乳液面膜泛红补水强化肌肤屏障保湿镇静提亮泽,,Ongredients·肌肤屏障舒缓乳液面膜,Ongredients,肌肤屏障,面膜,屏障面膜,舒缓+补水+强化屏障,¥/50ml,,
绽媄娅·皮肤修护水乳保湿  乳液50g 爽肤水100m  保质期2027年,108.0,绽媄娅修护保湿水乳套装,绽媄娅,,水乳套装,,修护+保湿,¥108/套,中国,
妍修原·酵研舒润清透乳液面膜补水保湿紧致提亮强效锁水,299.0,妍修原酵研舒润清透乳液面膜,妍修原,酵研,面膜,酵研面膜,补水+保湿+提亮,¥299/50ml,中国,
瑞倪维儿·抗皱套装精华乳液面霜,233.0,瑞倪维儿抗皱精华乳液面霜套装,瑞倪维儿,抗皱,套装,抗皱套装,抗皱+保湿+紧致,¥233/套,中国,
谷幽兰 · 燕麦原B5舒缓保湿套装洁面洗面奶水乳液面霜组合装官方正品,,谷幽兰燕麦原B5舒缓保湿套装,谷幽兰,燕麦原B5,套装,B5套装,舒缓+保湿+修护,¥NaN,中国,
娇本·舒缓三件套，洗面奶乳液化妆水专研敏感肌中日友好医院,108.0,娇本舒缓洁面乳+柔肤水+保湿乳,娇本,舒缓三件套,套装,娇本三件套,舒缓+保湿+修护,¥108/套,中国,
诗梦德·玻尿酸保湿套装抗皱紧致爽肤水乳液水润肌肤女,178.0,诗梦德玻尿酸保湿套装,诗梦德,玻尿酸保湿,爽肤水乳液,玻尿酸套装,保湿+抗皱+紧致,¥178/套,中国,
兰蔻·极光水乳套装水150ml乳液75ml水油平衡修护补水保湿清爽,,兰蔻极光水乳套装,兰蔻,极光,水乳套装,极光水乳,水油平衡+修护+补水,¥/150ml+75ml,法国,
珂润·浸润焕白化妆水40ml+乳液110ml 22年9-12月产 介意勿拍,,,,,,,,,,返回数据列数不正确
AXXZIA·<直播专属>肌源希越美时光弹润亮采菁萃乳液,,AXXZIA肌源希越美时光弹润亮采菁萃乳液,AXXZIA,肌源希越美,乳液,时光乳液,弹润+亮采+保湿,¥/50ml,日本,
养生堂·【欧巴小末专属】白桦弹润焕妍乳液面膜,,养生堂白桦弹润焕妍乳液面膜,养生堂,白桦弹润焕妍,面膜,白桦面膜,保湿+弹润+焕亮,¥/片,中国,
DECORTÉ·黛珂紫苏水牛油果水乳套装（水300ml+乳液300ml）,,黛珂紫苏水牛油果水乳套装,黛珂,紫苏水牛油果,水乳套装,紫苏水乳,保湿+控油+舒缓,¥600/300ml+300ml,日本,
REJURAN · 丽珠兰水光水乳套装 保湿补水乳霜面霜精华 爽肤水乳液 提拉紧致,,丽珠兰水光水乳套装,丽珠兰,REJURAN,水乳套装,水光水乳,保湿+补水+提拉紧致,¥NaN,韩国,
TRANSINO·【有竹专属】持证美白焕颜精华传明酸精华乳液祛斑淡化色斑匀亮,298.0,TRANSINO美白焕颜精华,TRANSINO,,精华,传明酸精华,美白+淡斑+提亮,¥298/30ml,日本,
FLOXIA·焕亮紧致保湿乳液+浓缩保湿精华水,799.0,FLOXIA焕亮紧致保湿乳液+浓缩保湿精华水,FLOXIA,,乳液+精华水,焕亮套装,保湿+焕亮+紧致,¥799/套,,
FOR FORMULA·【奶皮专属】配方至上屏障精华液+舒润乳液80ml,296.0,FOR FORMULA屏障精华液+舒润乳液,FOR FORMULA,配方至上,精华液+乳液,奶皮精华,修护+保湿+舒缓,¥296/80ml,中国,
FOR FORMULA·【直播专属】配方至上屏障精华液+舒润乳液80ml,296.0,配方至上屏障精华液+舒润乳液,配方至上,,精华液+乳液,屏障精华液,修护+保湿+舒缓,¥296/80ml,中国,
莱珀妮·LA PRAIRIE24年新款轻盈隔离乳液防太阳晒霜白鱼子 SPF50 50ml,,莱珀妮轻盈防晒隔离乳,莱珀妮,白鱼子,防晒霜,白鱼子防晒,防晒+隔离+提亮,¥/50ml,瑞士,
REPLENiX · 美国TOPIX Replenix亢皱焕颜保湿乳液绿茶烟酰胺苹果提取物,290.0,REPLENiX亢皱焕颜保湿乳液,TOPIX,Replenix,乳液,绿茶乳液,抗皱+保湿+抗氧化,¥290/50ml,美国,
养生堂·白桦弹润焕妍乳液面膜单/双盒,,养生堂白桦弹润焕妍乳液面膜,养生堂,白桦弹润焕妍,面膜,白桦面膜,补水+弹润+焕亮,¥0/0,中国,
md:ceuticals·【曹米娅专属】高阶抗氧乳糖酸乳液,,md:ceuticals高阶抗氧乳糖酸乳液,md:ceuticals,,乳液,抗氧乳糖酸乳液,抗氧化+修护+保湿,¥NaN/50ml,英国,
Dr.Hauschka·【Lisa妈咪专享】德国世家博士控油护肤套装精华水平衡乳液精华油,,Dr.Hauschka控油护肤套装,Dr.Hauschka,德国世家,护肤套装,德国世家控油套装,控油+平衡+保湿,¥NaN,德国,
md:ceuticals·【曹米娅专属】早酸晚A套组（乳糖酸乳液+A醇精华）,1100.0,md:ceuticals 3D乳糖酸乳液+视黄醇精华套组,md:ceuticals,3D,精华套组,早酸晚A套组,焕肤+抗老+修护,¥1100/套组,英国,
Cible Skin·【直播专属】悉源地高保湿安心乳液水油平衡温和清爽控油改善毛孔,,Cible Skin悉源地高保湿安心乳液,Cible Skin,悉源地,乳液,安心乳液,保湿+控油+改善毛孔,¥NaN/50ml,中国,
SNOVA·【自播专属】洗颜凝露150ml化妆水200ml乳液150ml,818.0,SNOVA洗颜凝露,SNOVA,,洁面,洗颜凝露,清洁+保湿,¥818/150ml,,
韵木·白松露水乳套装补水保湿控油爽肤水乳液面霜组合清爽不油腻,,韵木白松露水乳套装,韵木,白松露,水乳套装,白松露水乳,补水+保湿+控油,¥/套,中国,
瑞珀斐·卸妆净化重金属保持水润！瑞士SP活细胞深层洁肤乳液100ml,580.0,瑞珀斐深层洁肤乳液,瑞珀斐,SP活细胞,洁肤乳,深层洁肤乳,卸妆+净化+保湿,¥580/100ml,瑞士,
松山油脂 · 【水乳组合】水油平衡渗透化妆水男女滋润乳液保湿敏感肌锁住水分,228.0,松山油脂水油平衡渗透化妆水+乳液,松山油脂,水油平衡,水乳组合,松山水乳,保湿+水油平衡+敏感肌,¥228/套,日本,
DECORTÉ · 紫苏精华水150ml+牛油果乳液150ml  黛珂紫苏牛油果水乳150ml,329.0,,,,,,,,,返回数据列数不正确
Rosetimes·复活草水乳两件套清爽水乳液控油补水保湿学生平价爽肤水套装,,Rostimes复活草水乳套装,Rostimes,复活草,水乳套装,复活草水乳,补水+保湿+控油,¥/套,中国,
DECORTÉ · 黛珂水乳紫苏水牛油果乳液300ml 舒缓控油清爽护肤 · 紫苏水300ml,249.0,黛珂紫苏水牛油果乳液,黛珂,紫苏水牛油果,水乳,紫苏水乳,舒缓+控油+清爽,¥249/300ml,日本,
玫琳凯·亮采系列洗面精华水乳液面膜精华液化妆品正品,75.0,,,,,,,,,返回数据列数不正确
TUNEMAKERS·甘草平衡水120ml/乳液100ml 控油保湿舒缓爽肤水,,,,,,,,,,返回数据列数不正确
AROH·积雪草舒缓系列套装 精华爽肤水妆前乳液面霜补水保湿舒缓,489.0,AROH积雪草舒缓套装,AROH,积雪草舒缓,套装,积雪草套装,舒缓+补水+保湿,¥489/套,韩国,
PORT BUDDY · 【38女神礼物】朴笛白松露乳液120ml韩国补水祛黄提亮熬夜肌嫩肤,,PORT BUDDY白松露乳液,PORT BUDDY,朴笛,乳液,白松露乳液,补水+祛黄+提亮,¥nan/120ml,韩国,
泊本boben · 6d玻尿酸水乳第三代补水保湿化妆爽肤水乳液正品护肤套装3.0,,泊本6D玻尿酸水乳套装第三代,泊本,6D玻尿酸,水乳套装,泊本水乳3.0,补水+保湿,¥NaN,中国,
suqqu·抗老护肤系列保湿AQUFONS 化妆水精华乳液,408.0,SUQQU抗老护肤系列保湿AQUFONS化妆水精华乳液,SUQQU,抗老护肤系列,化妆水精华乳液,AQUFONS乳液,抗老+保湿+滋润,¥408/50ml,日本,
AXXZIA·晓姿 肌源希越美时光弹润亮采菁萃乳液轻盈透亮改善暗沉55mL,,AXXZIA·晓姿肌源希越美时光弹润亮采菁萃乳液,晓姿,肌源希越美,乳液,时光乳液,弹润+亮采+改善暗沉,¥/55ml,日本,
探本述颜·维A紧塑精华乳液A1 A醇精华淡化细纹紧致初老精华,,探本述颜·维A紧塑精华乳液A1,探本述颜,维A紧塑,精华,A醇精华,抗老+紧致+淡纹,¥nan/30ml,中国,
欧束 · 焕活水乳护肤套装os醒肤水平衡乳液清爽控油补水保湿持久水润,69.0,欧束焕活水乳护肤套装,欧束,焕活,水乳套装,欧束水乳套装,补水+控油+保湿,¥69/套,中国,
to/one·日本直邮  有机天然摩洛哥仙人掌油保湿滋润乳液150mL,297.0,摩洛哥仙人掌保湿乳液,to/one,,乳液,仙人掌乳液,保湿+滋润+有机,¥297/150ml,日本,
SNOVA·【自播专属】第四代新生前导精华24ml送乳液150ml,758.0,SNOVA第四代新生前导精华,SNOVA,新生前导,精华,前导精华,修护+保湿+提亮,¥758/24ml,中国,
希芸·【控油祛痘】清透肌洁面水乳液精华痘痘肌补水保湿套装旗舰店官网,58.0,希芸清透肌控油祛痘套装,希芸,清透肌,护肤套装,祛痘套装,控油+祛痘+保湿,¥58/套,中国,
REVITAL悦薇 · 二号礼盒加增装 滋润款水170毫升 乳液120毫升 紫色洁面，125克,850.0,资生堂REVITAL悦薇水乳套装,资生堂,REVITAL悦薇,水乳套装,悦薇水乳,保湿+抗老+提亮,¥850/170ml+120ml,日本,
养生堂·弹润焕妍乳液面膜双盒+舒润修护精华面膜双盒  芳菲专属,,养生堂弹润焕妍乳液面膜+舒润修护精华面膜组合装,养生堂,弹润焕妍+舒润修护,面膜组合,养生堂双盒面膜,补水+修护+弹润,¥NaN,中国,
善草纪·【茶树三代乳液】控油补水保湿 收敛毛孔 油皮油痘肌祛痘,128.0,善草纪茶树控油清透乳液,善草纪,茶树三代,乳液,茶树乳液,控油+补水+祛痘,¥128/100ml,中国,
润百颜·白纱布屏障水乳2.0玻尿酸护肤品套装爽肤水乳液强韧肌底【DB】,279.0,润百颜白纱布屏障水乳2.0套装,润百颜,白纱布,水乳套装,白纱布水乳,修护+保湿+强韧肌底,¥279/套,中国,
赫蓓诗 · 淡化细玟组合（玻色因霜+时光油+修复乳液+玫瑰花苞水）,686.0,赫蓓诗玻色因时光修护组合,赫蓓诗,玻色因时光,套装,淡化细纹组合,抗老+修护+保湿,¥686/套,中国,
OPOSI · 山茶花酵母套装洗面奶爽肤水乳液面霜补水保湿学生女多规格,19.9,OPOSI山茶花酵母套装,OPOSI,山茶花酵母,套装,山茶花套装,补水+保湿,¥19.9/套,中国,
谢馥春·【礼盒装】馥春肽护肤四件套 保湿爽肤水乳液面霜精华液礼盒,,谢馥春馥春肽护肤四件套礼盒,谢馥春,馥春肽,礼盒,馥春肽礼盒,保湿+滋养,¥NaN/套,中国,
博乐达·【自播专属】超分子水杨酸面膜乳液 面膜35g+凝露,429.0,博乐达超分子水杨酸面膜乳液,博乐达,超分子,面膜,水杨酸面膜,控油+祛痘+清洁,¥429/35g,中国,
博乐达·【自播专属】超分子水杨酸面膜乳液 面膜35g+三七精华+保湿霜,755.0,博乐达超分子水杨酸面膜乳液,博乐达,超分子,面膜,水杨酸面膜,祛痘+控油+清洁,¥755/35g,中国,
慵来妆·【舒护不停】舒缓抗皱紧致淡纹乳液面霜面膜精油纯无味鳄鱼油,149.0,慵来妆舒护抗皱乳液,慵来妆,舒护,乳液,,舒缓+抗皱+紧致,¥149/50ml,中国,
MNADUO · 黑钥匙六肽-8精粹洁面乳精粹水精华乳液面霜500g学生党必备,89.0,MNADUO黑钥匙六肽-8精粹洁面乳精粹水精华乳液面霜,MNADUO,黑钥匙,面霜,黑钥匙面霜,保湿+修护+抗老,¥89/500g,中国,
博乐达·【自播专属】超分子水杨酸面膜乳液 面膜35g+保湿霜30g,357.0,博乐达超分子水杨酸面膜乳液,博乐达,超分子,面膜,水杨酸面膜,控油+祛痘+清洁,¥357/65g,中国,
ANUA·韩国直邮 鱼腥草77%爽肤水棉片乳液精华面霜卸妆油洁面乳洗面奶,120.0,,,,,,,,,返回数据列数不正确
科丽妍·无盒瑞士保湿红色乳液50ml,799.0,科丽妍活细胞滋润保湿乳,科丽妍,活细胞,乳液,红色乳液,保湿+滋润+修护,¥799/50ml,瑞士,
博乐达·【自播专属】超分子水杨酸面膜乳液 面膜35g+洁面慕斯,348.0,博乐达超分子水杨酸面膜,博乐达,超分子,面膜,水杨酸面膜,控油+祛痘+清洁,¥348/35g,中国,
博乐达·【自播专属】超分子水杨酸面膜乳液 面膜100g+洁面慕斯,577.0,博乐达超分子水杨酸面膜,博乐达,超分子,面膜,刷酸面膜,控油+祛痘+清洁,¥577/100g,中国,
博乐达·【自播专属】超分子水杨酸面膜乳液 面膜100g+三七精华+保湿霜,984.0,博乐达超分子水杨酸面膜乳液,博乐达,超分子,面膜,水杨酸面膜,控油+祛痘+清洁,¥984/100g,中国,
英诺皮肤世家·被严重低估！外抗氧+内抗老！INNO英诺抛光水乳液50g,,INNO英诺抛光水乳液,INNO英诺,皮肤世家,乳液,抛光水乳,抗氧化+抗老,¥NaN/50g,西班牙,
Dior·日本专柜 花秘瑰萃光皙玫瑰乳液50mL,,迪奥花秘瑰萃光皙玫瑰乳液,迪奥,花秘瑰萃,乳液,花秘乳液,美白+保湿+提亮,¥/50ml,法国,
养生堂·白桦弹润焕妍乳液面膜紧致,,养生堂白桦弹润焕妍乳液面膜,养生堂,白桦,面膜,白桦面膜,紧致+弹润+焕妍,¥/片,中国,
Torriden·桃瑞丹玻尿酸爽肤水化妆水深层保湿温和舒缓敏肌可用肌底液乳液,,Torriden玻尿酸爽肤水,Torriden,,爽肤水,桃瑞丹爽肤水,保湿+舒缓+温和,¥NaN/,韩国,
博乐达·【自播专属】超分子水杨酸面膜乳液 面膜100g+凝露,658.0,博乐达超分子水杨酸面膜乳液,博乐达,超分子,面膜,水杨酸面膜,控油+祛痘+清洁,¥658/100g,中国,
Ocean Fantasy 海洋幻想·护肤套装舒缓精华水精华乳补水保湿水乳液护肤套装正品组合装,,Ocean Fantasy海洋幻想舒缓护肤套装,Ocean Fantasy,海洋幻想,护肤套装,海洋幻想套装,舒缓+补水+保湿,¥/套,中国,
ASOA·精华水120ml+乳液100ml+啫喱面膜100g,,ASOA精华水+乳液+啫喱面膜套装,ASOA,,精华水+乳液+面膜,ASOA三件套,保湿+修护+滋养,¥/120ml+100ml+100g,日本,
MARYCOHR·油痘肌密集焕新搭档 法国净肌保湿乳液50ml 控油改善闭口毛孔,,MARYCOHR净肌保湿乳液,MARYCOHR,净肌,乳液,油痘肌乳液,控油+保湿+改善闭口,¥/50ml,法国,
JOLLYONE · 水光焕新组合洁面水乳液面霜洁面乳套装,509.0,JOLLYONE水光焕新组合套装,JOLLYONE,水光焕新,套装,水光套装,保湿+焕亮+修护,¥509/套,中国,
TRANSINO·【直播】美白焕颜化妆水+乳液 水乳套装 送6片面膜,579.0,TRANSINO美白焕颜化妆水+乳液套装,TRANSINO,美白焕颜,水乳套装,传皙诺水乳,美白+保湿+焕亮,¥579/套,日本,
奥丽肤·橄榄素颜乳防紫外线乳液植物亮肤护肤清爽保湿温和水润日本,,奥丽肤橄榄素颜防紫外线乳液,奥丽肤,橄榄,防晒乳,橄榄素颜乳,防晒+提亮+保湿,¥/50ml,日本,
養生堂·【冬孕精华御龄限定黑金礼盒乳液面膜套组】实力御龄紧致淡纹,,养生堂冬孕精华御龄限定黑金礼盒,养生堂,冬孕精华,礼盒,黑金礼盒,御龄+紧致+淡纹,¥NaN,中国,
TRANSINO·【专属优惠】美白焕颜化妆水+乳液水乳套装，送4片/盒+2片面膜,579.0,TRANSINO美白焕颜化妆水+乳液水乳套装,TRANSINO,美白焕颜,水乳套装,传皙诺水乳,美白+保湿+提亮,¥579/套,日本,
玲珑·【到手共200ml】精粹水乳液白月光精粹乳100ml紧致抗皱 清爽保湿,,白月光精粹乳,暂无品牌信息,暂无产品线信息,乳液,暂无昵称信息,紧致+抗皱+保湿,暂无价格信息,暂无产地信息,
BAUM·日本直邮 浸润水透保湿乳液 日本专柜版100ml,544.0,BAUM·浸润水透保湿乳液,BAUM,,乳液,浸润乳液,保湿+滋润+透亮,¥544/100ml,日本,
DECORTÉ·全新AQ舒活凝光乳液 日本专柜版 200ml 日本直邮,626.0,黛珂AQ舒活凝光乳液,DECORTÉ,AQ,乳液,白檀乳液,保湿+修护+抗老,¥626/200ml,日本,
HUNMUI · 樱花精华水秋冬补水学生平价天女木兰花焕活精华乳液保湿水,,HUNMUI樱花精华水,HUNMUI,,精华水,樱花水,补水+焕活+保湿,¥NaN/,中国,
芯丝翠 · 更适合面部！美国neostrata6%果酸倍舒清透净颜乳液面霜,228.0,芯丝翠6%果酸倍舒清透净颜乳液,芯丝翠,倍舒,乳液,果酸乳液,去角质+控油+净肤,¥228/50ml,美国,
奈菲尔塔利 · 埃及nefertari精华乳液护肤品水乳乳液,139.9,奈菲尔塔利埃及精华乳液,奈菲尔塔利,埃及,乳液,埃及乳液,保湿+滋养+修护,¥139.9/50ml,埃及,
Mila d'Opiz·瑞士获奖精华！提拉紧致乳液质地熟龄肌爱！,,Mila d'Opiz提拉紧致精华乳,Mila d'Opiz,,精华乳,瑞士获奖精华,提拉+紧致+抗老,¥/ml,瑞士,
HUNMUI · 祛痘精华液改善痘肌油皮滋润精华乳液学生平价去痘痘大灯泡,,HUNMUI祛痘精华液,HUNMUI,,精华液,大灯泡,祛痘+控油+保湿,¥/30ml,中国,
MEILAOBAN·星沭眉部定妆乳液（推广价）,178.0,MEILAOBAN·星沭眉部定妆乳液,MEILAOBAN,星沭,眉部定妆液,星沭眉乳,定型+防水+持久,¥178/10ml,中国,
梦莉娇·玫瑰水润焕颜五件套洁面精华水乳液眼霜面霜补水保湿清爽,,梦莉娇玫瑰水润焕颜五件套,梦莉娇,玫瑰水润焕颜,套装,玫瑰套装,补水+保湿+清爽,¥NaN,中国,
DECORTÉ·新品美肌糖沁活晶澈乳液 日本本土版  200ml  日本直邮,,DECORTÉ新品美肌糖沁活晶澈乳液,DECORTÉ,美肌糖,乳液,糖沁活乳液,保湿+修护+透亮,¥/200ml,日本,
枫缇·水乳新加坡BlebeFonty乳液二代升级版冰藻修护爽肤水精华乳枫提,,枫缇冰藻修护精华乳,枫缇,BlebeFonty,精华乳,冰藻乳,修护+保湿,¥NaN/50ml,新加坡,
养生堂·弹润焕妍乳液面膜水润盈亮精华面膜组合  lingling专属,,养生堂桦树汁焕颜面膜,养生堂,桦树汁,面膜,桦树汁面膜,补水+修护+提亮,¥0/0,中国,
BIOLOGIQUE RECHERCHE·绷带修复系列  舒敏舒缓修复 绷带面膜 无菌乳液 换季敏敏入,,BIOLOGIQUE RECHERCHE绷带修复面膜,BIOLOGIQUE RECHERCHE,绷带修复,面膜,绷带面膜,舒敏+修复+无菌,¥/50ml,法国,
BIOLOGIQUE RECHERCHE·舒缓补水精华乳液50ml 修复皮脂膜保湿K氧,1450.0,BIOLOGIQUE RECHERCHE舒缓补水精华乳液,BIOLOGIQUE RECHERCHE,,精华乳液,BR精华乳液,舒缓+补水+修复,¥1450/50ml,法国,
養生堂·【抗老精华套装】弹润焕妍乳液面膜补水保湿紧致御龄淡纹精华液,,養生堂抗老精华套装,養生堂,弹润焕妍,精华套装,抗老精华套装,抗老+补水+紧致,¥NaN,中国,
英树·透明质酸系列洁面乳修护水修护乳液,124.6,,,,,,,,,返回数据列数不正确
TRANSINO·葵葵推荐·美白焕颜精华传明酸精华乳液,,TRANSINO美白传明酸精华乳,TRANSINO,,精华乳,传明酸精华,美白+淡斑+提亮,¥/30ml,日本,
O’GULIA · 红茶玫瑰赋颜水乳组合 补水保湿控油滋润爽肤水乳液,39.9,O’GULIA红茶玫瑰赋颜水乳组合,O’GULIA,红茶玫瑰,水乳组合,红茶玫瑰水乳,补水+保湿+控油,¥39.9/套,中国,
蜜浓 · 宝可梦联名水乳套装化妆水乳液补水保湿滋润维稳修护,380.0,蜜浓宝可梦联名水乳套装,蜜浓,宝可梦联名,水乳套装,宝可梦水乳,补水+保湿+修护,¥380/套,日本,
奥丽肤·橄榄果汁化妆水补水男女保湿爽肤柔肤水乳液日本水润细腻毛孔缩细,118.0,奥丽肤橄榄果汁化妆水,奥丽肤,橄榄果汁,化妆水,橄榄水,补水+保湿+细腻毛孔,¥118/200ml,日本,
MARYCOHR · 法国marycohr新细胞精华液雪肌亮肤精华保湿乳液MARY COHR玛丽格,,MARY COHR新细胞精华液,MARY COHR,新细胞,精华液,雪肌亮肤精华,亮肤+保湿,¥NaN/ml,法国,
三粧化研 · 水乳套装 抗皱紧致舒缓 精华水乳液 水乳面霜 补水保湿平衡水乳霜,566.0,三粧化研柔肤水乳套装,三粧化研,无,水乳套装,三粧水乳,抗皱+舒缓+保湿,¥566/套,日本,
奥丽肤·臻莹焕亮乳液保湿柔润亮肤温和抗氧,,奥丽肤·臻莹焕亮乳液,奥丽肤,臻莹焕亮,乳液,焕亮乳液,保湿+亮肤+抗氧,¥0/0ml,中国,
谢馥春·护肤组合洁面膏爽肤水面霜乳液面精华面膜 加赠礼盒包装,196.0,谢馥春护肤组合,谢馥春,,护肤组合,,保湿+滋养+修护,¥196/套,中国,
嘉媚乐·【王炸福利】玫瑰心宠润养精华乳液120ml*2（效期13个月）,,嘉媚乐玫瑰心宠润养精华乳液,嘉媚乐,玫瑰心宠,乳液,玫瑰乳液,保湿+滋养+提亮,¥/120ml,中国,
JCprogram自由之丘 · 院线赋活嫩肤精粹水+乳液补水保湿嫩肤提亮套装礼盒,1130.0,JCprogram自由之丘院线赋活嫩肤精粹水+乳液,JCprogram,自由之丘,套装,院线套装,补水+保湿+嫩肤,¥1130/套,日本,
皇族养心堂·平衡净肤套装洁面蜂胶皂平衡水精华油小白油保湿精华乳液,769.0,皇族养心堂平衡净肤套装,皇族养心堂,平衡净肤,套装,养心堂套装,清洁+平衡+保湿,¥769/套,中国,
片仔癀·皇后宣娇赋采轻乳液 抗皱淡纹补水保湿舒缓柔嫩,,片仔癀皇后珍珠膏·宣娇赋采轻乳液,片仔癀,宣娇赋采,乳液,皇后乳液,抗皱+补水+舒缓,¥/50ml,中国,
艾思诺娜 · 焕润清润水乳套装女面部补水保湿水油平衡敏肌乳液爽肤水,696.0,艾思诺娜焕润清润水乳套装,艾思诺娜,焕润,水乳套装,焕润水乳,补水+保湿+水油平衡,¥696/套,日本,
md:ceuticals·【Abby专属】高阶抗氧乳糖酸乳液 30ml,490.0,md:ceuticals·高阶抗氧乳糖酸乳液,md:ceuticals,,乳液,抗氧乳糖酸乳液,抗氧化+修护+保湿,¥490/30ml,英国,
许多米 · 配日本神仙水喷头按压泵头230ml化妆水爽肤水乳液压嘴喷头鸭嘴头,12.8,许多米 · 配日本神仙水喷头按压泵头230ml化妆水爽肤水乳液压嘴喷头鸭嘴头,,,,,,¥12.8/230ml,,
芷豆·乳液茶树控油清爽不油腻补水保湿舒缓褪红油皮夏季护肤品男女,,芷豆茶树控油乳液,芷豆,,乳液,茶树乳液,控油+补水+舒缓,¥/50ml,中国,
皇族养心堂·亲肤舒养套装洁面蜂胶皂平衡水精华油小白油保湿精华乳液,750.0,皇族养心堂亲肤舒养套装,皇族养心堂,亲肤舒养,套装,小白油套装,舒缓+修护+保湿,¥750/套,中国,
艾思诺娜·【Carayan专属】水乳套装面部补水保湿水油平衡敏肌乳液爽肤水,598.0,艾思诺娜焕活水乳套装,艾思诺娜,Carayan,水乳套装,艾思诺娜水乳,补水+保湿+水油平衡,¥598/套,日本,
MEILAOBAN·星沭眉部定妆乳液·浓缩系列（推广价）,168.0,MEILAOBAN·星沭眉部定妆乳液·浓缩系列,MEILAOBAN,星沭,眉部定妆液,星沭眉乳,定型+防水,¥168/10ml,中国,
ASOA·乳液100ml*2支装温和滋养水润,,ASOA水润滋养乳液,ASOA,,乳液,ASOA乳液,滋养+水润+温和,¥/100ml,日本,
科颜氏·高保湿水乳套装爽肤水250ml 乳液125ml 补水保湿舒缓收缩毛孔,,科颜氏高保湿水乳套装,科颜氏,高保湿,水乳套装,高保湿水乳,补水+保湿+舒缓,¥/375ml,美国,
O’GULIA · 白松露水乳套装补水保湿去黄提亮收缩毛孔爽肤水乳液护肤品,,O’GULIA白松露水乳套装,O’GULIA,白松露,水乳套装,白松露水乳,补水+保湿+提亮,¥NaN,中国,
SK-Ⅱ·多方位三件套 神仙水230ml 清莹露230ml骨胶原乳液100g 套装礼盒,,SK-Ⅱ神仙水清莹露骨胶原乳液三件套,SK-Ⅱ,护肤精华露,套装,神仙水套装,修护+保湿+提亮,¥/套,日本,
La Pulovce · 5D抗皱保湿爽肤水120ml+抗皱保湿乳液80ml组合·送10抗皱水中样,,,,,,,,,,返回数据列数不正确
片仔癀·皇后净妍焕采调肤水乳套装 烟酰胺补水保湿细腻嫩肤爽肤水乳液,,片仔癀·皇后净妍焕采调肤水乳套装,片仔癀,皇后净妍焕采,水乳套装,皇后水乳,补水+保湿+嫩肤,¥NaN,中国,
片仔癀·凝时素颜紧致水乳 抗皱紧致淡化细纹舒缓补水保湿爽肤水乳液套装,,片仔癀凝时素颜紧致水乳套装,片仔癀,凝时素颜,水乳套装,素颜水乳,抗皱+紧致+保湿,¥/套,中国,
DECORTÉ·黛珂紫苏水牛油果乳液水乳系列控油平衡水油护肤套装,,黛珂紫苏水牛油果乳液,黛珂,紫苏水牛油果,水乳套装,紫苏水乳,控油+平衡+保湿,¥600/150ml,日本,
瑞珀斐·击退红敏！ SP活细胞舒缓保湿乳液30ml 舒缓修护降红,1380.0,瑞珀斐SP活细胞舒缓保湿乳液,瑞珀斐,SP活细胞,乳液,,舒缓+修护+保湿,¥1380/30ml,中国,
德妃乳液单拍一单不发货,30.0,德妃紫苏舒缓保湿乳液,德妃,紫苏,乳液,紫苏乳液,舒缓+保湿+控油,¥30/200ml,韩国,
德妃乳液单拍一单不发货,29.99,德妃紫苏舒缓保湿乳液,德妃,紫苏,乳液,紫苏乳液,舒缓+保湿+控油,¥29.99/200ml,韩国,
TRANSINO·【水乳26年1月】美白焕颜化妆水+乳液,199.0,TRANSINO美白焕颜化妆水+乳液,TRANSINO,,水乳套装,TRANSINO水乳,美白+焕颜,¥199/套,日本,
善草纪·【二代茶树保湿乳液】清爽补水控油收敛毛孔 油皮油痘肌控油保湿,118.0,善草纪茶树清影控油保湿乳液,善草纪,茶树清影,乳液,茶树乳液,控油+补水+收敛毛孔,¥118/100ml,中国,
兰蔻·2023新品极光精华焕白30ml 淡斑烟酰胺乳液,465.8,兰蔻极光精华焕白乳液,兰蔻,极光,精华,极光小白乳,焕白+淡斑+提亮,¥465.8/30ml,法国,
BananaBoat香蕉船·【直播专享】SPF100清爽小蓝罐喷雾*2+SPF50脸部保湿乳液*1,,香蕉船SPF100防晒喷雾+SPF50保湿乳液套装,BananaBoat,小蓝罐,防晒喷雾,香蕉船防晒套装,防晒+清爽+保湿,¥nan,美国,
kanebo·全新代购日本直邮贵妇化妆水150ml 乳液125ml,1380.0,,,,,,,,,返回数据列数不正确
SNOVA·秒杀【新春特惠】第四代新生前导精华24ml*2瓶送乳液150ml,,SNOVA新生前导精华,SNOVA,新生前导,精华,小黑瓶,修护+保湿+促吸收,¥/24ml,中国,
茗希芝 · 深层清洁卸妆膏卸妆油卸妆水乳液眼唇脸三合一温和不刺激,,茗希芝深层清洁卸妆膏,茗希芝,,卸妆膏,三合一卸妆膏,清洁+温和+卸妆,¥NaN,中国,
LA MUSE · 韩国本土男士水乳三合一爽肤水＋乳液＋精华滋润不黏腻护肤,,LA MUSE男士三合一水乳精华,LA MUSE,,水乳精华,男士三合一,保湿+控油+滋润,¥nan/,韩国,
毕生之研·【醒醒专属】5.5洁面厚脸皮水乳/霜次抛套组 修护乳液舒缓褪红,389.0,毕生之研厚脸皮乳,毕生之研,厚脸皮,乳液,厚脸皮乳,修护+舒缓+褪红,¥389/50ml,中国,
溪木源·【展件】精华乳液洁面乳精华水有盒无盒随机发,42.9,溪木源展件精华乳液,溪木源,展件,精华乳,,保湿+修护,¥42.9/瓶,中国,
8*4·保湿次抛净澈致植萃卸妆液面部朵深层清洁温和卸妆油卸妆乳液,13.79,8*4·保湿次抛净澈致植萃卸妆液,,,,,,¥13.79/瓶,,
米蓓尔 · 靓润焕采乳液面膜去黄提亮肤色熬夜必备,34.9,米蓓尔靓润焕采乳液面膜,米蓓尔,靓润焕采,面膜,熬夜面膜,去黄+提亮+保湿,¥34.9/片,中国,
FSVIVAN · 体验装蓝铜肽乳液精油面膜样品,180.0,FSVIVAN蓝铜肽乳液精油面膜,FSVIVAN,,面膜,蓝铜肽面膜,修护+保湿,¥180/体验装,中国,
美后说·蓝酮肽修护精华乳液舒缓修护屏障精华液保湿补水细腻光泽,398.0,美后说蓝酮肽修护精华乳液,美后说,蓝酮肽,精华液,蓝酮肽精华,修护+保湿+舒缓,¥398/30ml,中国,
养生堂·白桦弹润焕妍乳液面膜,,养生堂白桦弹润焕妍乳液面膜,养生堂,白桦,面膜,白桦面膜,补水+弹润+焕亮,¥/片,中国,
md:ceuticals·【博主推荐】早酸晚A套组（A醇臻白逆龄精华＋抗氧化乳糖酸乳液）,1200.0,,,,,,,,,返回数据列数不正确
Ongredients·【盐水鸭专属】ongredients温丽慈肌肤屏障舒缓乳液1瓶+2片面膜,129.0,Ongredients温丽慈肌肤屏障舒缓乳液,Ongredients,温丽慈,乳液,盐水鸭乳液,舒缓+修护+保湿,¥129/50ml,中国,
悦丝汀·医用胶原蛋白水乳套装创面屏障修护械号修复水胶原乳液,,悦丝汀医用胶原蛋白水乳套装,悦丝汀,医用胶原蛋白,水乳套装,械字号水乳,修护+屏障+保湿,¥NaN,中国,
嘉媚乐·玫瑰新肌密精油护肤套装爽肤水乳液面霜深层补水面部润肤锁湿,,嘉媚乐玫瑰新肌密精油护肤套装,嘉媚乐,玫瑰新肌密,护肤套装,玫瑰套装,补水+润肤+锁湿,¥/套,中国,
Ongredients·【李多海专属】ongredients温丽慈肌肤屏障舒缓乳液1瓶+2片面膜,129.0,Ongredients温丽慈肌肤屏障舒缓乳液,Ongredients,温丽慈,乳液,李多海乳液,舒缓+修护+保湿,¥129/50ml,韩国,
LAMER · 【正品行货】奇迹精华油30ml淡纹修护滋养乳液万能护肤油养肤,,LA MER奇迹精华油,LA MER,,精华油,万能油,修护+滋养+淡纹,¥2100/30ml,美国,
SK-Ⅱ · SK2多方位神仙水清莹露乳液套装,,SK-Ⅱ神仙水清莹露乳液套装,SK-Ⅱ,护肤精华露,套装,神仙水套装,补水+控油+提亮,¥/ml,日本,
养生堂·【章小蕙直播专享】白桦弹润焕妍乳液面膜,,养生堂白桦弹润焕妍乳液面膜,养生堂,白桦弹润焕妍,面膜,白桦面膜,保湿+弹润+焕亮,¥NaN,中国,
米蓓尔 · 带防伪！白松露玻尿酸靓润焕彩高保湿乳液面膜补水修护提亮,34.0,米蓓尔白松露玻尿酸靓润焕彩高保湿乳液面膜,米蓓尔,白松露玻尿酸,面膜,白松露面膜,补水+修护+提亮,¥34/盒,中国,
溪木源·溪家山茶花精华水 补水保湿舒缓乳液修护肌滋润护肤新旧版随机,,溪木源山茶花修护精华水,溪木源,山茶花,精华水,山茶花水,修护+保湿+舒缓,¥129/100ml,中国,
DECORTÉ·紫苏水牛油果乳液套装,,黛珂紫苏水牛油果乳液套装,黛珂,紫苏水,乳液,紫苏乳,保湿+控油+舒缓,¥600/150ml,日本,
Ongredients·韩国本土化妆师推荐！肌肤屏障舒缓乳液面膜12片泛红补水强保湿,,Ongredients舒缓屏障乳液面膜,Ongredients,,面膜,屏障面膜,舒缓+补水+保湿,¥/12片,韩国,
娇贝诗·多肽胶原蛋白靓肤填充水神仙水爽肤化妆水乳液,,娇韵诗双萃精华水,娇韵诗,双萃,爽肤水,神仙水,保湿+修护+抗老,¥560/200ml,法国,
冰肤之萃 · 【院线同款】帝皇蜂抗皱修肤骨胶原蛋白面膜乳液面膜补水保湿抗皱,,冰肤之萃帝皇蜂抗皱修肤骨胶原蛋白面膜,娇兰,帝皇蜂,面膜,蜂皇面膜,抗皱+修护+保湿,¥nan,法国,
FOR FORMULA·配方至上b5精华液+舒润乳液80ml,346.0,FOR FORMULA·配方至上B5精华液+舒润乳液,FOR FORMULA·配方至上,,精华液+乳液,B5精华乳,保湿+修护+舒缓,¥346/80ml,中国,
kanebo·est嫒色透润保湿化妆水两件套140ml/瓶*2+保湿乳液80ml,559.0,嫒色透润保湿化妆水,kanebo,est,化妆水,est精灵水,保湿+透亮+滋润,¥559/140ml,日本,
王子与玫瑰·【年货】反重力脸部颈部一体式提拉紧致抗皱乳液灌肤面膜,398.0,反重力脸部颈部一体式提拉紧致抗皱乳液灌肤面膜,王子与玫瑰,,面膜,反重力面膜,提拉+紧致+抗皱,¥398/50ml,中国,
其他·ttwo润妍系列水1乳液精华液面霜,300.0,,,,,,,,,返回数据列数不正确
丽普司肽 · 神经酰胺套装水乳液面霜补水护肤化妆品正品全套学生,178.0,丽普司肽神经酰胺水乳霜套装,丽普司肽,神经酰胺,套装,神经酰胺套装,补水+修护+保湿,¥178/套,中国,
DECORTÉ · 黛珂水乳紫苏水牛油果乳液套装控油补水保湿改善去闭口节日送女友,,黛珂紫苏水牛油果乳液套装,黛珂,紫苏水牛油果,水乳套装,紫苏水牛油果,控油+补水+保湿,¥600/150ml,日本,
TRANSINO·持证美白焕颜精华传明酸精华乳液祛斑淡化色斑氨甲环酸匀亮肤色,298.0,TRANSINO持证美白焕颜精华,TRANSINO,持证美白焕颜,精华,传明酸精华,美白+淡斑+提亮,¥298/30ml,日本,
AROH · 积雪草舒缓系列 精华爽肤水妆前乳液面霜补水保湿舒缓,178.0,AROH积雪草舒缓精华爽肤水,AROH,积雪草舒缓系列,爽肤水,积雪草爽肤水,舒缓+补水+保湿,¥178/50ml,中国,
兰蔻·极光水乳套装水150ml乳液75ml水油平衡修护补水保湿清爽,,兰蔻极光水乳套装,兰蔻,极光,水乳套装,极光水乳,水油平衡+修护+补水,¥/150ml+75ml,法国,
377 · 美白精华液水乳套装烟酰胺祛斑淡斑爽肤水乳液官方旗舰店正品,,377美白精华液,城野医生,377,精华液,377精华,美白+淡斑+提亮,¥420/18g,日本,
泊本boben · 6D玻尿酸水乳套装3.0福瑞达混油干皮精华水乳液补水保湿舒缓,,泊本6D玻尿酸水乳套装3.0,泊本,6D,水乳套装,6D水乳,补水+保湿+舒缓,¥NaN,中国,
IOMA·【臣请闻香专属】芯帽子焕肤精华乳液抗皱紧致舒缓保湿50ml,,IOMA芯帽子焕肤精华乳液,IOMA,芯帽子,精华乳液,芯帽子精华,抗皱+紧致+保湿,¥/50ml,法国,
石泽研究所 · 国内现货24年新版仿晒霜乳液仿晒喷雾脸部全身全家儿童可用水感质,168.0,石泽研究所仿晒霜乳液,石泽研究所,,乳液,仿晒霜,防晒+水感+全身可用,¥168/50ml,日本,
AFU · 11籽精华油3.0版 礼盒装 马蒂斯限量版 11籽精华水乳液精油套装,379.0,AFU 11籽精华油3.0版,AFU,11籽,精华油,11籽油,修护+滋养+抗老,¥379/30ml,中国,
冰肤之萃 · 水感胶原蛋白抗皱补水面膜水晶保湿紧致质感乳液面膜,,冰肤之萃水感胶原蛋白抗皱补水面膜,,,面膜,水晶面膜,补水+抗皱+紧致,¥0/片,,
健美创研·卸妆油女敏感肌眼唇脸部温和深层清洁卸妆水乳液膏,,健美创研温和卸妆油,健美创研,,卸妆油,温和卸妆油,清洁+温和+卸妆,¥0/0ml,中国,
润百颜·白纱布屏障水乳2.0玻尿酸护肤品套装爽肤水乳液强韧肌底【DB】,279.0,润百颜白纱布屏障水乳2.0套装,润百颜,白纱布,水乳套装,白纱布水乳,修护+保湿+强韧,¥279/套,中国,
HABA · 角鲨烷精美容油白油精油保湿脸部水乳液,189.0,HABA角鲨烷精纯美容油,HABA,无,精油,白油,保湿+修护+滋养,¥189/15ml,日本,
Bio-MESO · 华熙生物BM肌活糙米精华水/肌活糙米乳液,120.0,,,,,,,,,返回数据列数不正确
悠莱·初颜套装 两水加霜加乳液 根据肤质拍  提前做好咨询,504.0,悠莱初颜柔润水乳套装,悠莱,初颜,套装,初颜套装,保湿+修护+抗初老,¥504/套,日本,
真丽斯·积雪草乳液面膜舒缓补水滋润修护维稳护肤女生直播ZB,99.0,真丽斯积雪草乳液面膜,真丽斯,积雪草,面膜,积雪草面膜,舒缓+补水+修护,¥99/盒,中国,
娇韵诗 · 全新牛奶水乳透亮焕白淡斑柔肤水200ml/乳液75ml滋润型亮白肌肤,,娇韵诗牛奶水乳套装,娇韵诗,牛奶水乳,水乳套装,牛奶水乳,焕白+淡斑+滋润,¥/200ml+75ml,法国,
LANEIGE · 兰芝臻白晶透系列水乳套装亮白爽肤水乳液组合,,兰芝臻白晶透水乳套装,兰芝,臻白晶透,水乳套装,晶透水乳,亮白+保湿+透亮,¥/套,韩国,
佰草集洗发水沐浴露平衡系列洗护套装民宿240ml新玉润乳液身,49.0,佰草集新玉润保湿沐浴露,佰草集,新玉润,沐浴露,新玉润沐浴露,保湿+滋润+平衡,¥49/240ml,中国,
菜鸟和配方师 · 姜黄素肌底液精华痘印褪红控油30ml/姜黄素乳液50ml,168.0,,,,,,,,,返回数据列数不正确
怡丽丝尔 · 肌肤平衡保湿乳液,135.0,怡丽丝尔肌肤平衡保湿乳液,怡丽丝尔,肌肤平衡,乳液,平衡乳,保湿+控油+平衡,¥135/170ml,日本,
LYI璃 · 【礼盒】宝石璨光嫩肤礼盒孔雀石乳液80ml+精华水80ml紧舒缓肌肤,2080.0,LYI璃宝石璨光嫩肤礼盒,LYI璃,宝石璨光,礼盒,孔雀石礼盒,嫩肤+舒缓,¥2080/160ml,中国,
爱和纯 · B5玻尿酸洗面奶爽肤水乳液精华液面霜护肤品套盒韩国进口,,,,,,,,,,返回数据列数不正确
