﻿原始产品名,原始价格,error,产品全称,品牌,产品线,品类,昵称,功效,参考价格,品牌产地
OTHER · 【皱眉运气差】川字纹眼角纹法令纹淡化贴改善纹纹神器•纹纹退退,,返回数据列数不正确,,,,,,,,
RNW·【徐艺洋推荐】清洁面膜双色泥膜女补水保湿深层清洁毛孔去黑头男,,,RNW双色清洁泥膜,RNW,,面膜,双色泥膜,清洁+补水+去黑头,¥NaN/,韩国
沫芮·补水面膜去黄淡斑去黄气保湿男女通用官方正品,,,沫芮补水面膜,沫芮,,面膜,补水面膜,补水+淡斑+保湿,¥nan/,中国
UIR·复活草祛痘修护面膜修护淡化痘印补水保湿旗舰店,,,UIR复活草祛痘修护面膜,UIR,复活草,面膜,复活草面膜,祛痘+修护+保湿,¥nan,中国
欧利芙洋·现货！韩国olive young微晶痘痘贴茶树积雪草水杨酸隐形care plus,,,OLIVE YOUNG痘痘贴,OLIVE YOUNG,care plus,痘痘贴,隐形痘痘贴,祛痘+消炎+隐形,¥nan/片,韩国
AFU阿芙 · 以油养肤真香！面膜玫瑰/积雪草/黑松露/白松露补水保湿提喨舒缓,,,阿芙玫瑰保湿面膜,阿芙,以油养肤,面膜,玫瑰面膜,补水+保湿+舒缓,¥99/5片,中国
3E · {抗皱宝藏}日本川字纹贴改善川字纹法令纹眼角纹鱼尾纹,,,3E抗皱宝藏川字纹贴,3E,抗皱宝藏,纹贴,川字纹贴,抗皱+紧致+淡纹,¥nan/对,日本
W·QIANMAN谦曼珍珠粉,,,W·QIANMAN珍珠美白精华液,W·QIANMAN,谦曼,精华液,谦曼珍珠粉,美白+提亮+淡斑,¥/30ml,中国
柒树·茶粹蕴能水嫩六胜肽面膜（5片装）,,,柒树·茶粹蕴能水嫩六胜肽面膜,柒树,茶粹蕴能,面膜,六胜肽面膜,补水+修护+紧致,¥/5片,中国
造物者·【曾黎同款】七次装软膜套盒紧致淡纹玻尿酸细腻毛孔去黄提亮,,,七次装软膜套盒,,,软膜,曾黎同款软膜,紧致+淡纹+提亮,¥/套,
LANDTREE良萃·亚马逊清洁泥膜100g改善脸部油去黑头粉刺定期清洁肌肤旗舰店正品,,,LANDTREE亚马逊清洁泥膜,良萃,亚马逊,泥膜,亚马逊白泥,清洁+控油+去黑头,¥/100g,中国
OHBT·紫苏泥膜清洁毛孔深层清洁面膜涂抹去黑头收缩毛孔脸部污垢男女,,,OHBT紫苏泥膜,OHBT,,泥膜,紫苏泥膜,清洁+去黑头+收缩毛孔,¥0/0ml,中国
FAN BEAUTY DIARY · 海葡萄系列涂抹面膜效期到25年10-11月有防伪码,,,FAN BEAUTY海葡萄保湿涂抹面膜,FAN BEAUTY,海葡萄,面膜,海葡萄面膜,补水+保湿+修护,¥99/50g,中国
LANDTREE良萃·补水保湿睡眠面膜烟酰胺提亮泛醇积雪草温和护肤免洗夜间涂抹面膜,,,LANDTREE良萃补水保湿睡眠面膜,LANDTREE良萃,良萃,睡眠面膜,良萃睡眠面膜,补水+提亮+修护,¥/100g,中国
LANDTREE良萃·白茶奢养焕颜面膜神经酰胺积雪草细腻毛孔补水保湿提亮涂抹式面膜,,,LANDTREE良萃白茶奢养焕颜面膜,良萃,白茶奢养焕颜,面膜,白茶面膜,补水+保湿+提亮,¥0/0ml,中国
沫芮 · 睡眠面膜女补水保湿男士夜间熬夜专用去黄提亮免洗涂抹式官方正品,,,沫芮睡眠面膜,沫芮,,睡眠面膜,熬夜面膜,补水+保湿+提亮,¥nan/,中国
FAN BEAUTY DIARY·【99.9/7片】补水保湿美肌套装单片面膜,,,FAN BEAUTY DIARY海葡萄凝水保湿面膜,FAN BEAUTY DIARY,海葡萄,面膜,海葡萄面膜,补水+保湿+修护,¥99.9/7片,中国
HERBMODA·英国赫珀徳水晶番茄面膜熬夜提亮K氧K糖面膜,168.0,,HERBMODA水晶番茄面膜,HERBMODA,水晶番茄,面膜,熬夜面膜,提亮+抗氧化+抗糖化,¥168/50ml,英国
沫芮 · 面膜补水保湿去黄气暗沉提亮肤色淡斑男女通用官方旗舰店正品,,,沫芮水润亮采面膜,沫芮,水润亮采,面膜,无,补水+提亮+淡斑,¥nan/片,中国
果壳·【重生回归】发热清洁泥膜热吸黑头浊质洁净久敷不干超易清洗,,,果壳重生回归发热清洁泥膜,果壳,重生回归,泥膜,热吸泥膜,清洁+去黑头+保湿,¥nan,中国
颜纯皙 · 祛斑美白免洗睡眠面膜补水保湿祛斑去黄熬夜面膜·认准官方正品,99.0,,颜纯皙祛斑美白睡眠面膜,颜纯皙,,睡眠面膜,美白免洗面膜,美白+补水+祛斑,¥99/50ml,中国
其它 · 川字纹贴法令纹贴眉间纹贴眼角纹贴皱眉纹舒展川字纹舒展眉心贴,,,川字纹贴法令纹贴眉间纹贴,,,,,,,
HERBMODA·【胡兵专属】英国赫珀德水晶番茄2.0熬夜提亮K氧K糖面膜,,,赫珀德水晶番茄2.0熬夜面膜,赫珀德,水晶番茄,面膜,水晶番茄面膜,提亮+抗氧化+抗糖,¥nan/50ml,英国
韩舜妆 · 白松露涂抹面膜保湿嫩肤补水滋润,,,韩舜白松露涂抹面膜,韩舜,,面膜,白松露面膜,保湿+嫩肤+补水,¥0/0,中国
LANDTREE良萃 · 【面膜全家福】面膜全家福白茶+亚马逊泥膜+睡眠面膜+果酱涂抹式,,,LANDTREE良萃面膜全家福,LANDTREE良萃,面膜全家福,面膜,良萃面膜,清洁+补水+滋养,¥nan,中国
Torriden·小猴子同款韩国torriden桃瑞丹湿敷棉片蓝色玻尿酸补水积雪草懒人,,,Torriden玻尿酸积雪草湿敷棉片,Torriden,,湿敷棉片,小猴子同款棉片,补水+舒缓+修护,¥NaN/,韩国
Abib · 现货PH弱酸性鱼腥草面膜口香糖鱼腥草面膜复活草积雪草面膜,,,Abib PH弱酸性鱼腥草面膜,Abib,PH弱酸性,面膜,口香糖面膜,舒缓+镇静+补水,¥99/10片,韩国
COCOCHI·【胡兵专属】AG抗糖小金罐mini3.0补水祛黄涂抹面膜,,,COCOCHI AG抗糖小金罐mini3.0涂抹面膜,COCOCHI,AG抗糖,面膜,小金罐,抗糖+补水+祛黄,¥nan/50g,日本
菲丽菲拉 · Flfl魅惑水感唇彩小奶瓶系列5个色号！8ml有无盒随机发,,,菲丽菲拉魅惑水感唇彩,菲丽菲拉,魅惑水感,唇彩,小奶瓶,滋润+显色+持久,¥/8ml,韩国
Haa·四宫格小面霜熬夜袪黄保湿修护控油细致提亮护肤小众学生平价宝宝,,,Haa四宫格修护面霜,Haa,四宫格,面霜,四宫格面霜,修护+保湿+提亮,¥99/50g,中国
宝狄妍·红茶薰衣草面膜【敷完茶膜再敷一片至爱面膜绝了】,,,宝狄妍红茶薰衣草面膜,宝狄妍,红茶薰衣草,面膜,茶膜,舒缓+补水+修护,¥0/0ml,中国
宝狄妍·白茶酵母胶原精油面膜,,,宝狄妍白茶酵母胶原精油面膜,宝狄妍,白茶酵母,面膜,白茶面膜,保湿+修护+提亮,¥/片,中国
氧肤时光·肌肽睡眠面膜免洗补水莹润保湿夜间涂抹面膜官方旗舰店,149.0,,氧肤时光肌肽睡眠面膜,氧肤时光,肌肽,睡眠面膜,肌肽面膜,补水+保湿+修护,¥149/50ml,中国
Abib · abib面膜阿彼芙弱酸性口香糖PH蜂蜜水库鱼腥草柚子复活草深层补水,,,Abib弱酸性口香糖蜂蜜面膜,Abib,弱酸性口香糖,面膜,蜂蜜面膜,补水+舒缓+保湿,¥nan/片,韩国
珀莱雅·【直播专属】水盈澎澎面膜15ml（全新28.11）,,,珀莱雅水盈澎澎面膜,珀莱雅,水盈澎澎,面膜,澎澎面膜,补水+保湿+舒缓,¥15/15ml,中国
澳芙雪 · 377美白面膜去黄提亮补水保湿晒后熬夜亮白平价推荐女大学生正品,,,澳芙雪377美白面膜,澳芙雪,377,面膜,377面膜,美白+补水+提亮,¥nan,中国
Torriden · 桃瑞丹精华玻尿酸补水面膜低分子易吸收滋润贴片面膜,,,Torriden低分子玻尿酸补水面膜,Torriden,低分子,面膜,桃瑞丹面膜,补水+滋润+修护,¥nan/片,韩国
DOYES · 嫩肤免洗睡眠面膜抗氧抗皱紧致去黄提亮舒缓保湿官方正品,99.0,,DOYES嫩肤免洗睡眠面膜,DOYES,,睡眠面膜,DOYES睡眠面膜,抗氧+抗皱+保湿,¥99/50ml,中国
CANVAS·【99%天然有机】玫瑰保湿精华面膜 提亮祛黄熬夜补水油敷膜,,,CANVAS玫瑰保湿精华面膜,CANVAS,99%天然有机,面膜,玫瑰油敷膜,保湿+提亮+祛黄,¥NaN,中国
prosubase·贻贝奢宠凝时面膜（贻贝水炸弹面膜）,,,prosubase·贻贝奢宠凝时面膜,prosubase,贻贝奢宠,面膜,贻贝水炸弹面膜,保湿+修护+紧致,¥0/0ml,中国
FAN BEAUTY DIARY·泥好酸双重清肌小杯泥膜白泥涂抹面膜,,,FAN BEAUTY DIARY·泥好酸双重清肌小杯泥膜,FAN BEAUTY,泥好酸,面膜,小杯泥膜,清洁+控油+去角质,¥99/50g,中国
森特莲·【子豪&琳琳】马达加美白祛斑精华面膜10片x5盒(赠1片),198.0,,森特莲马达加美白祛斑精华面膜,森特莲,马达加,面膜,美白面膜,美白+祛斑+保湿,¥198/10片,韩国
skin lane·【直播间专属】肌侣大师面膜熬夜救急紧致淡纹敏感肌可用预售,,,肌侣大师面膜,skin lane,肌侣大师,面膜,熬夜面膜,紧致+淡纹+修护,¥nan/片,中国
Abib·韩国abib面膜合集！弱酸性口香糖胶原蛋白鱼腥草滋润补水舒缓镇静,,,Abib口香糖鱼腥草面膜,Abib,口香糖,面膜,鱼腥草面膜,舒缓+镇静+补水,¥nan/10片,韩国
自然堂·冻干胶原面膜修护紧致敏感肌抗初老胶原蛋白,,,自然堂冻干胶原面膜,自然堂,冻干胶原,面膜,胶原面膜,修护+紧致+抗初老,¥0/片,中国
Heir·赋活紧致胶原面膜贴片面膜保湿舒缓紧致甜颜无花果,,,Heir·赋活紧致胶原面膜,Heir,赋活紧致,面膜,甜颜无花果面膜,保湿+舒缓+紧致,¥NaN/片,中国
LANDTREE良萃 · 白茶奢养焕颜面膜泛醇补水保湿提亮肤色神经酰胺熬夜涂抹式面膜,,,LANDTREE良萃白茶奢养焕颜面膜,良萃,白茶奢养焕颜,面膜,白茶面膜,补水+保湿+提亮,¥NaN,中国
C咖·【王一博同款】美白精华面膜霜淡斑淡痘印提亮肤色补水涂抹面膜,,,C咖美白精华面膜霜,C咖,,面膜霜,王一博同款面膜,美白+淡斑+补水,¥/50ml,中国
LINDSAY·韩国林赛lindsay软膜！olive young热卖涂抹碗装补水保湿舒缓提亮,,,LINDSAY软膜,LINDSAY,,软膜,林赛软膜,补水+保湿+提亮,¥nan/碗装,韩国
Dr.Spiller·【两只小狗六专属】银盾信号面膜修护水洗多肽涂抹式50ml*4+5ml*6,,,Dr.Spiller银盾信号面膜,Dr.Spiller,银盾,面膜,银盾面膜,修护+保湿+紧致,¥/50ml,德国
丸蔻·灵芝草本面膜  涂抹式面膜提亮肤色补水保湿皱纹抗皱紧肤肌肤,,,丸蔻灵芝草本面膜,丸蔻,灵芝草本,面膜,灵芝面膜,提亮+补水+抗皱,¥/50ml,中国
自然堂·益生菌等渗面膜 补水修护快吸收敏肌可用缓解泛红去红血丝,,,自然堂益生菌等渗面膜,自然堂,益生菌,面膜,益生菌面膜,补水+修护+舒缓,¥nan/5片,中国
Abib · abib阿彼芙ph弱酸性口香糖面膜 补水保湿 舒缓镇定 去痘褪红亮白,,,Abib阿彼芙ph弱酸性口香糖面膜,Abib,口香糖,面膜,口香糖面膜,补水+舒缓+亮白,¥nan/片,韩国
川字纹贴淡化眉间纹改善川字纹神器额头贴眼角鱼尾纹提拉紧致睡眠,,,川字纹贴淡化眉间纹改善川字纹神器额头贴眼角鱼尾纹提拉紧致睡眠,,,,,,¥0/0片,
姣莺 · 可溶性微晶祛痘贴微针痘痘贴祛痘贴快速祛痘红肿痘结节痘脓包痘,,,姣莺可溶性微晶祛痘贴,姣莺,可溶性微晶,祛痘贴,痘痘贴,祛痘+消炎+修复,¥nan,中国
FAN BEAUTY DIARY·虾青素黑咖双抗冰塑早安面膜3盒/5盒装,,,FAN BEAUTY DIARY虾青素黑咖双抗冰塑早安面膜,FAN BEAUTY DIARY,虾青素黑咖双抗,面膜,早安面膜,提亮+抗氧化+紧致,¥nan/盒,中国
其他 · 活性酶紧塑水光调理面膜,38.0,,活性酶紧塑水光调理面膜,,,面膜,,紧致+水光+调理,¥38/片,
SDX·【额头纹贴】洋甘菊舒润额头纹贴抬头纹额纹贴正品男女直播机制,78.0,,额头纹贴,,,纹贴,洋甘菊纹贴,舒润+淡化细纹,¥78/盒,
欧利芙洋 · 韩国numbuz:n数字精华面膜集中管理补水保湿亮白舒缓镇定降温4片,,,numbuz:n数字精华面膜,numbuz:,数字精华,面膜,数字面膜,补水+亮白+舒缓,¥nan/4片,韩国
我的元气·夜绷带V脸面膜提拉紧致提亮分区抗皱抗氧补水保湿舒缓【直播专享,,,我的元气·夜绷带V脸面膜,暂无关联品牌,,面膜,夜绷带面膜,提拉紧致+提亮+抗皱,暂无价格信息,
INTOYOU·【直播专属】女主角唇泥(27.6)展件 有盒无盒随机!洁癖勿拍,,,INTOYOU女主角唇泥,INTOYOU,女主角,唇泥,唇泥,显色+雾面+持久,¥NaN/3.5g,中国
Torriden·桃瑞丹精华玻尿酸补水面膜低分子易吸收滋润贴片面膜护肤保湿韩国,,,Torriden低分子玻尿酸补水面膜,Torriden,低分子,面膜,桃瑞丹面膜,补水+保湿+滋润,¥nan/片,韩国
嘉莉比奥 · 牛油果焕亮精华保湿面膜 浅春焕亮面膜,,,嘉莉比奥牛油果焕亮精华保湿面膜,嘉莉比奥,牛油果焕亮,面膜,浅春焕亮面膜,保湿+焕亮+修护,¥/片,美国
LANDTREE良萃 · B5B6面膜透明质酸钠保湿泛醇积雪草维稳肌肤舒缓红脸蛋旗舰店正品,,,LANDTREE良萃B5B6面膜,良萃,B5B6,面膜,B5B6面膜,保湿+舒缓+维稳,¥nan/片,中国
skin lane · 【官方】肌侣大师面膜熬夜救急紧致淡纹敏感肌可用预售,,,肌侣大师面膜,肌侣,大师,面膜,熬夜面膜,紧致+淡纹+修护,¥NaN,中国
逐本·【白月光&三花面膜】三花白月光面膜滋润补水保湿面膜（1盒3片）,,,逐本三花白月光面膜,逐本,三花,面膜,白月光面膜,滋润+补水+保湿,¥/3片,中国
果达儿·韩国青橘VC补水保湿舒缓面霜眼膜精华面膜棉片提亮肤色淡化痘,,,果达儿青橘VC精华面霜,果达儿,青橘VC,面霜,青橘霜,提亮+保湿+舒缓,¥/50ml,韩国
FAN BEAUTY DIARY·海葡萄凝水保湿面膜补水面膜3盒装,,,FAN BEAUTY DIARY海葡萄凝水保湿面膜,FAN BEAUTY,海葡萄,面膜,海葡萄面膜,补水+保湿+舒缓,¥99/5片,中国
JCprogram自由之丘·【伊能静推荐】塑颜温感面膜提拉抗皱紧致淡纹保湿V脸·商城,,,自由之丘塑颜温感面膜,自由之丘,塑颜,面膜,温感面膜,提拉+抗皱+紧致,¥NaN,日本
LANDTREE良萃·葡萄籽焕颜臻粹宠面膜5片 玻尿酸保湿补水不含烟酰胺官方正品,,,LANDTREE葡萄籽焕颜臻粹宠面膜,LANDTREE良萃,葡萄籽焕颜臻粹,面膜,葡萄籽面膜,保湿+补水+焕颜,¥nan/5片,中国
茗希芝 · 瑞瑞倾选【9.9两盒】复合酸牛油果泡泡面膜清洁毛孔保湿去角质,,,茗希芝复合酸牛油果泡泡面膜,茗希芝,瑞瑞倾选,面膜,牛油果泡泡面膜,清洁+保湿+去角质,¥9.9/两盒,中国
OHBT·澳白美白祛斑面膜提亮肤色补水保湿淡化斑点舒缓改善暗沉男女,,,OHBT·澳白美白祛斑面膜,OHBT,澳白,面膜,澳白面膜,美白+祛斑+补水,¥0/0ml,中国
EIIO·清润净肤多效清洁泥膜第三代深层清洁黑头收缩毛孔保湿控油祛痘,,,EIIO清润净肤多效清洁泥膜第三代,EIIO,清润净肤,清洁泥膜,小绿泥,清洁+控油+保湿,¥99/100ml,韩国
FAN BEAUTY DIARY·芍药粉光晶透美肌美白面膜,,,FAN BEAUTY DIARY芍药粉光晶透美肌美白面膜,FAN BEAUTY DIARY,芍药粉光晶透,面膜,芍药面膜,美白+提亮+保湿,¥nan/片,中国
穆春秋·[现泡现用高效锁鲜冻干面膜],,,穆春秋现泡现用高效锁鲜冻干面膜,穆春秋,,面膜,冻干面膜,补水+锁鲜+修护,¥NaN/,中国
诞兴薇小鲸鱼 · 【新人试用】胖东来同款小鲸鱼面膜试用装2片,,,诞兴薇小鲸鱼面膜,诞兴薇,小鲸鱼,面膜,小鲸鱼面膜,补水+保湿,¥0/2片,中国
LANDTREE良萃 · 莓莓果酱净肤泥膜清洁去角质黑头粉刺细致毛孔温和不紧绷涂抹面膜,,,LANDTREE莓莓果酱净肤泥膜,良萃,莓莓果酱,泥膜,莓莓泥膜,清洁+去角质+细致毛孔,¥nan/50g,中国
AFU阿芙 · 面膜精油玫瑰积雪草黑白松露组合护肤舒缓补水保湿水亮肌肤,,,阿芙玫瑰积雪草黑白松露面膜精油组合,阿芙,玫瑰积雪草黑白松露,面膜精油组合,阿芙面膜精油,舒缓+补水+保湿,¥nan,中国
Torriden·桃瑞丹【子豪&琳琳】韩国进口低分子玻尿酸补水面膜滋润保湿夏季,,,Torriden低分子玻尿酸补水面膜,Torriden,低分子玻尿酸,面膜,桃瑞丹面膜,补水+保湿+滋润,¥nan/片,韩国
o.metoo·【尝鲜价】冰美式面膜5片！（新日期）,,,o.metoo冰美式面膜,o.metoo,,面膜,冰美式面膜,补水+提亮+舒缓,¥/5片,中国
N°26·<张宇老师专属>二裂酵母多肽能量面膜补水,99.0,,N°26二裂酵母多肽能量面膜,,,面膜,,补水+修护,¥99/盒,中国
造物者·胶原蛋白软膜套盒紧致抗皱抗衰老淡化细纹补水修护,,,造物者·胶原蛋白软膜套盒,,,面膜套盒,,紧致+抗皱+补水,¥0/0,
兰欧莲·奢华玫瑰睡眠面膜免洗,,,兰蔻菁纯玫瑰睡眠面膜,兰蔻,菁纯,面膜,玫瑰睡眠面膜,修护+滋养+焕亮,¥890/75ml,法国
RNW·清洁泥膜去黑头舒缓温和收缩小样黑泥白泥6片试用装,,,RNW黑泥清洁泥膜,RNW,,泥膜,黑泥,清洁+去黑头+舒缓,¥/6片,韩国
造物者·【回购专享】山茶花精华软膜玻尿酸紧致淡纹补水保湿修护提亮,,,山茶花精华软膜,香奈儿,山茶花,面膜,山茶花软膜,补水+修护+提亮,¥nan,法国
FAN BEAUTY DIARY·芍药粉光凝时眼膜,,,FAN BEAUTY DIARY芍药粉光凝时眼膜,FAN BEAUTY DIARY,芍药,眼膜,芍药眼膜,提亮+紧致+保湿,¥/片,中国
倾芬 · 面膜组合体验 共9片,,,倾芬面膜组合体验装,倾芬,,面膜,倾芬面膜,补水+清洁+舒缓,¥/9片,中国
SDX · 洋甘菊舒润额头纹贴抬头纹额纹贴正品男女,,,洋甘菊舒润额头纹贴,SDX,,贴片面膜,抬头纹贴,舒缓+保湿+淡纹,¥nan/,中国
FARMACY·【啾鼠专属】蜂蜜焕亮滋养面膜熬夜救急发光肌补水面膜30g/50g,,,FARMACY蜂蜜焕亮滋养面膜,FARMACY,蜂蜜焕亮,面膜,蜂蜜面膜,焕亮+滋养+补水,¥nan/50g,美国
LAN·新品上市 时光油蜜面膜修护舒缓肌肤保湿温和 A,,,时光油蜜面膜,LAN,时光油,面膜,油蜜面膜,修护+舒缓+保湿,¥NaN/ml,中国
OCEAN PHARMACIEN·【安吉专属】奶蓟草桦树汁亮肤饮 肝净看得见 黄气不上脸,,,OCEAN PHARMACIEN奶蓟草桦树汁亮肤饮,OCEAN PHARMACIEN,,口服美容饮,肝净饮,亮肤+护肝,¥NaN/,法国
姣莺 · 可溶性微晶祛痘贴（体验官专享 6+1贴）,,,姣莺可溶性微晶祛痘贴,姣莺,可溶性微晶,祛痘贴,痘痘贴,祛痘+修护+隐形,¥NaN/6+1贴,中国
可复美 · 重组胶原蛋白肌御密集修护冻干精华面膜7片/盒,,,可复美重组胶原蛋白肌御密集修护冻干精华面膜,可复美,肌御,面膜,胶原蛋白面膜,修护+保湿+紧致,¥nan/7片,中国
茗希芝 · 牛油果泡泡面膜清洁保湿水润学生,,,茗希芝牛油果泡泡面膜,茗希芝,,面膜,牛油果泡泡面膜,清洁+保湿+水润,¥0/0,中国
FAN BEAUTY DIARY·新品银耳秋葵糯叽叽鲜肌润养面膜,,,FAN BEAUTY DIARY银耳秋葵糯叽叽鲜肌润养面膜,FAN BEAUTY DIARY,银耳秋葵,面膜,糯叽叽面膜,保湿+滋养+修护,¥nan,中国
CANVAS·【章小蕙直播专享】玫瑰保湿精华面膜 提亮祛黄熬夜补水油,,,CANVAS玫瑰保湿精华面膜,CANVAS,,面膜,玫瑰面膜,保湿+提亮+祛黄,¥NaN/,中国
FAN BEAUTY DIARY·骨折![带防伪码]范冰冰海葡萄涂抹面膜！清洁保湿涂抹提亮嫩滑,,,FAN BEAUTY海葡萄凝水保湿面膜,FAN BEAUTY,海葡萄,面膜,海葡萄面膜,保湿+清洁+提亮,¥198/50g,中国
meonov · 黑白松露胶原肽灌注精油面膜65g+++,59.0,,meonov黑白松露胶原肽灌注精油面膜,meonov,黑白松露,面膜,黑白松露面膜,滋养+修护+紧致,¥59/65g,
Dr.Lolard+·细胞紧塑提肌面膜,100.0,,Dr.Lolard细胞紧塑提肌面膜,Dr.Lolard,细胞紧塑,面膜,紧塑面膜,紧致+提拉+修护,¥100/50ml,中国
Yves珣秘·【张俪专享】yves面膜组合,,,Yves珣秘面膜组合,Yves珣秘,,面膜,,补水+修护,¥0/0,中国
透真 · 377VC美白保湿淡斑面膜烟酰胺提亮去黄深层清洁收缩毛孔精华面膜,,,透真377VC美白保湿淡斑面膜,透真,377VC,面膜,377面膜,美白+保湿+淡斑,¥nan/盒,中国
Kahina·【章小蕙专享】抗氧化面膜 50mL 赠,,,Kahina抗氧化面膜,Kahina,,面膜,,抗氧化+保湿+修复,¥/50ml,美国
灵木集·<上新>灵萃光韵柿叶涂抹面膜弹润光亮紧致抗皱晒后焕亮温和无刺激,,,灵萃光韵柿叶涂抹面膜,灵木集,灵萃,面膜,柿叶面膜,弹润+紧致+焕亮,¥NaN,中国
FAN BEAUTY DIARY·麒麟竭菌菇丝发酵修护面膜龙血面膜龙血面膜,,,FAN BEAUTY DIARY麒麟竭菌菇丝发酵修护面膜,FAN BEAUTY DIARY,麒麟竭菌菇丝,面膜,龙血面膜,修护+保湿+舒缓,¥99/5片,中国
GOTUKOLA · 狗头发膜橙膜+绿膜小套盒-250ml+250ml,,,GOTUKOLA狗头发膜橙绿套盒,GOTUKOLA,狗头发膜,发膜,狗头发膜,修护+柔顺+滋养,¥/500ml,泰国
FAN BEAUTY DIARY·【5盒/10盒】海葡萄凝水保湿面膜,,,FAN BEAUTY海葡萄凝水保湿面膜,FAN BEAUTY,海葡萄,面膜,海葡萄面膜,保湿+补水+修护,¥99/5片,中国
DERMAFIX · 韩国贵妇胶原面膜 dermafix面膜 赵露思推荐 补水保湿 提亮肤色,,,DERMAFIX胶原蛋白面膜,DERMAFIX,,面膜,贵妇胶原面膜,补水+保湿+提亮,¥NaN/片,韩国
芙诗婷·熊果苷免洗睡眠面膜活力润泽抗皱学生平价提亮肤色熬夜补水保湿,,,芙诗婷熊果苷免洗睡眠面膜,芙诗婷,,睡眠面膜,熊果苷面膜,提亮+补水+抗皱,¥0/0ml,中国
Abib·面膜弱酸性口香糖PH水库鱼腥草柚子复活草玻尿酸胶原蛋白,,返回数据列数不正确,,,,,,,,
FAN BEAUTY DIARY·【带防伪码】范冰冰海葡萄系列泥膜！保湿补水涂抹面膜！骨折清仓,,,FAN BEAUTY DIARY海葡萄保湿补水泥膜,FAN BEAUTY,海葡萄,面膜,海葡萄泥膜,保湿+补水+清洁,¥99/100ml,中国
o.metoo · 爆款正品魔女冰美式面膜熬夜紧致抗皱面膜,,,o.metoo魔女冰美式面膜,o.metoo,魔女,面膜,冰美式面膜,紧致+抗皱+熬夜修护,¥nan/片,中国
瑞波琴 · 海藻修护清洁泥膜控油黑头收缩毛孔涂抹式面膜,,,瑞波琴海藻修护清洁泥膜,瑞波琴,海藻修护,面膜,海藻泥膜,清洁+控油+收缩毛孔,¥nan,中国
蔚伊思 · 新旧包装随机发！蕞便宜的一次！包邮！WEI EAST鲟鱼子面膜8ml,,,蔚伊思鲟鱼子面膜,蔚伊思,,面膜,鲟鱼子面膜,滋养+紧致+提亮,¥/8ml,中国
COGI · 水光保湿修护面膜 提亮补水 保湿修护 熬夜肌玻尿酸精华,,,COGI水光保湿修护面膜,COGI,水光,面膜,水光面膜,补水+修护+提亮,¥nan,中国
倍膳健 · 积雪草B5面膜去黄提亮暗沉熬夜急救深补水保湿维稳舒缓修护敏敏肌,,,倍膳健积雪草B5面膜,倍膳健,积雪草B5,面膜,积雪草面膜,修护+保湿+舒缓,¥nan,中国
柒树·密集舒缓润护面膜,,,柒树密集舒缓润护面膜,柒树,,面膜,,舒缓+修护+保湿,¥0/0,中国
skin lane·【曼姐专享】肌侣大师面膜补水保湿修护滋养紧致淡化细纹法令纹,258.0,,肌侣大师面膜,skin lane,肌侣大师,面膜,,补水+修护+紧致,¥258/盒,中国
FAN BEAUTY DIARY·【4盒套组】爆款海葡萄睡美人龙血银耳单盒面膜,,,FAN BEAUTY海葡萄凝水保湿面膜,FAN BEAUTY,海葡萄,面膜,海葡萄面膜,补水+保湿+修护,¥99/5片,中国
freemay·《妮可专属》面膜补水保湿自然提亮镇定修护胶原蛋白面膜,68.0,,freemay·《妮可专属》面膜,FreeMay,妮可专属,面膜,妮可面膜,补水+提亮+修护,¥68/盒,中国
FAN BEAUTY DIARY·油橄榄臻萃润泽水油面膜水油同补,,,FAN BEAUTY DIARY油橄榄臻萃润泽水油面膜,FAN BEAUTY DIARY,油橄榄臻萃,面膜,油橄榄面膜,补水+修护+滋养,¥nan,中国
意鱼 · 铂金三文鱼面膜舒缓修护,66.0,,意鱼铂金三文鱼面膜,意鱼,铂金,面膜,三文鱼面膜,舒缓+修护,¥66/盒,中国
容大生物·RD.Biotech水光净透嫩肤盒-7天还原弹嫩水光肌15分钟-全网首发,499.0,,容大生物水光净透嫩肤盒,容大生物,水光净透,护肤套装,水光盒,补水+嫩肤+提亮,¥499/盒,中国
穆春秋·[植物草本泥膜系列],,,穆春秋植物草本泥膜,穆春秋,植物草本,泥膜,,清洁+控油+滋养,¥/50ml,中国
Torriden·韩国桃瑞丹精华玻尿酸补水面膜低分子易吸收面霜精华保湿棉片洁面,86.0,,Torriden低分子玻尿酸补水面膜,Torriden,,面膜,,补水+保湿+舒缓,¥86/片,韩国
达肤妍 · 面膜修护保湿晒后修复补水深层修护补水保湿滋润舒缓敏感贴片女,,,达肤妍B5修护面膜,达肤妍,B5,面膜,B5面膜,修护+保湿+舒缓,¥99/5片,中国
谷雨·【美白奶皮面膜】奶皮面膜美白补水保湿提亮学生党贴片面膜护肤品,,,谷雨美白奶皮面膜,谷雨,,面膜,奶皮面膜,美白+补水+提亮,¥0/0,中国
乘法·双拼清洁泥膜控油祛痘去黑头深层清洁毛孔涂抹熬夜面膜,,,乘法·双拼清洁泥膜,乘法,,泥膜,双拼泥膜,控油+祛痘+清洁,¥nan,中国
Leaf Simple · 水杨酸棉片0.5%闭口痘痘黑头都走开！！27年日期！,,,Leaf Simple水杨酸棉片,Leaf Simple,,棉片,水杨酸棉片,去闭口+控油+清洁,¥59/55片,中国
o.metoo·【直播专属】白番茄发光回春面膜 100g白白面膜,,,o.metoo白番茄发光回春面膜,o.metoo,白番茄,面膜,白白面膜,美白+提亮+补水,¥nan/100g,中国
美迪惠尔·mediheal棉片积雪草茶树胶原蛋白保湿弹力湿敷局部湿敷棉,,,美迪惠尔积雪草茶树胶原蛋白保湿棉片,美迪惠尔,无,湿敷棉片,积雪草棉片,保湿+舒缓+修护,¥NaN,韩国
自然堂·烟酰胺美白安瓶面膜 祛斑美白补水保湿美白特证,,,自然堂烟酰胺美白安瓶面膜,自然堂,烟酰胺,面膜,美白安瓶面膜,美白+补水+祛斑,¥nan/盒,中国
QUARXERY泉兮·小鸡蛋青春悦活面膜,,,QUARXERY泉兮小鸡蛋青春悦活面膜,泉兮,青春悦活,面膜,小鸡蛋面膜,补水+提亮+修护,¥0/0,中国
JCprogram自由之丘 · 【伊能静推荐】塑颜温感面膜紧致保湿淡纹提升下颌线抗皱30ml商城,509.0,,自由之丘塑颜温感面膜,自由之丘,塑颜,面膜,温感面膜,紧致+保湿+抗皱,¥509/30ml,日本
COGI·蜂巢水库水光保湿修护面膜10片/盒*3预购5天,,,COGI蜂巢水库水光保湿修护面膜,COGI,蜂巢水库,面膜,水库面膜,保湿+修护+水光,¥/10片,韩国
numbuzin·韩国12345号数字补水紧致收缩毛孔舒缓镇静数字面膜,,,numbuzin·韩国12345号数字面膜,numbuzin,12345号数字,面膜,数字面膜,补水+紧致+舒缓,¥NaN/片,韩国
SDX · 玻色因紧致弹润淡纹贴法令纹贴膜补水男 女,,,SDX玻色因紧致弹润淡纹贴,SDX,玻色因,贴膜,法令纹贴,紧致+淡纹+补水,¥NaN/片,中国
天使 · 婴国婴儿面膜官方旗舰店正品蚕丝面膜补水保湿收缩毛孔10片装,,,天使 · 婴国婴儿面膜,,,,,,,
欧利芙洋·韩国VT薇缔微晶针精华面膜两部曲5片细腻毛孔嫩肤100/300/700,,,VT薇缔微晶针精华面膜两部曲,VT,微晶针,面膜,VT老虎面膜,清洁+收缩毛孔+嫩肤,¥100/5片,韩国
研译 · 橄榄精华面膜修红补水保湿玻尿酸舒缓敏肌清洁面膜 效期至25年6月,,,研译橄榄修护精华面膜,研译,橄榄修护,面膜,橄榄面膜,修护+补水+舒缓,¥/片,中国
fresh·【跳楼价！卖的是小样】清洁泥膜15ml！,,,fresh清洁泥膜,fresh,,面膜,白泥面膜,清洁+控油+去角质,¥0/15ml,美国
可莱尼coco brownie·凯哥专属 虾青素臻萃焕颜面膜沁润精萃面膜组合装,399.0,,可莱尼虾青素臻萃焕颜面膜,可莱尼,Coco Brownie,面膜,虾青素面膜,焕颜+保湿+抗氧化,¥399/组合装,新西兰
可复美 · 面膜透明质酸钠水润贴补水保湿修复水膜大水膜大紫膜,,,可复美透明质酸钠水润贴面膜,可复美,透明质酸钠,面膜,大水膜/大紫膜,补水+保湿+修复,¥nan,中国
Dr.Spiller·【两只小狗六专属】银盾信号面膜修护水洗多肽涂抹式50ml,,,Dr.Spiller银盾信号面膜,Dr.Spiller,银盾,面膜,银盾面膜,修护+保湿+紧致,¥/50ml,德国
CANVAS·【章小蕙专享】玫瑰保湿精华面膜 提亮祛黄熬夜补水油敷膜,,,CANVAS玫瑰保湿精华面膜,CANVAS,,面膜,玫瑰油敷膜,保湿+提亮+祛黄,¥NaN,中国
柒树·灵芝茶植萃面膜（一瓶分五次使用，涂薄没效果）,,,柒树灵芝茶植萃面膜,柒树,灵芝茶植萃,面膜,灵芝面膜,滋养+修护+舒缓,¥0/瓶,中国
逐本·【墨红&积雪草面膜】墨红玫瑰面膜不染积雪草面膜 紧致补水保,,,逐本墨红玫瑰积雪草面膜,逐本,墨红&积雪草,面膜,不染面膜,紧致+补水+修护,¥nan/片,中国
逐本·无尽夏日沁润芳香面膜滋润补水保湿面膜,99.0,,逐本无尽夏日沁润芳香面膜,逐本,无尽夏日,面膜,沁润面膜,滋润+补水+保湿,¥99/盒,中国
LESULESO·【正品授权！升级包装】透明质酸b5面膜！（2026-2027）新老随机,39.0,,LESULESO透明质酸B5面膜,LESULESO,,面膜,B5面膜,补水+修护+保湿,¥39/盒,中国
欧利芙洋·韩国numbuzin数字面膜 123459号 补水保湿收缩毛孔紧致提亮,,,numbuzin数字面膜123459号,numbuzin,数字面膜,面膜,123459号面膜,补水+保湿+提亮,¥NaN/片,韩国
Bio-MESO·肌活华熙生物星品面膜6件套 面膜套组【DR】,,,肌活Bio-MESO星品面膜6件套,华熙生物,Bio-MESO,面膜,肌活面膜套组,补水+修护+提亮,¥/6片,中国
嘉莉比奥·【王冠专属】牛油果焕亮精华保湿面膜 浅春焕亮面膜,,,嘉莉比奥王冠专属牛油果焕亮精华保湿面膜,嘉莉比奥,王冠专属,面膜,牛油果面膜,保湿+焕亮+修护,¥/片,中国
珀莱雅·【巨好用！】小球藻面膜10片！（新日期）,,,珀莱雅小球藻面膜,珀莱雅,小球藻,面膜,小球藻面膜,补水+修护+清洁,¥99/10片,中国
其他 · 院x胶原蛋白紧致面膜一盒3片,36.0,,院线胶原蛋白紧致面膜,,,面膜,胶原蛋白面膜,紧致+补水,¥36/3片,
FAN BEAUTY DIARY·冰冰同款面膜组合全家福套组舒润面膜组合,,,FAN BEAUTY DIARY·冰冰同款面膜组合全家福套组舒润面膜组合,FAN BEAUTY,DIARY,面膜,冰冰面膜,补水+舒缓+修护,¥nan/片,中国
meonov · 双兰琥珀油蜜面膜+++,59.0,,meonov双兰琥珀油蜜面膜,meonov,双兰琥珀,面膜,油蜜面膜,滋养+修护+保湿,¥59/片,中国
QUARXERY泉兮·小鸡蛋青春悦活面膜,,,QUARXERY泉兮小鸡蛋青春悦活面膜,泉兮,青春悦活,面膜,小鸡蛋面膜,补水+提亮+紧致,¥0/0ml,中国
3D-JP · 日本高端顶货水膜涂抹面膜面霜三合一！30片 25.10到期,,,3D-JP水膜涂抹面膜面霜三合一,3D-JP,,面膜,水膜面膜,保湿+修护+紧致,¥/30片,日本
DERMAFIX·【现货秒发】韩国dermafix贵妇胶原蛋白面膜提亮肤色弹力亢皱8片,,,DERMAFIX贵妇胶原蛋白面膜,DERMAFIX,,面膜,贵妇面膜,提亮+弹力+抗皱,¥NaN/8片,韩国
cellpremium·黑球海藻保湿面膜100g,,,cellpremium黑球海藻保湿面膜,cellpremium,黑球,面膜,黑球面膜,保湿+修护+滋养,¥/100g,日本
LANDTREE良萃 · 熬夜光感睡眠面膜烟酰胺免洗补水保湿角鲨烷夜间涂抹面膜,,,LANDTREE良萃熬夜光感睡眠面膜,LANDTREE良萃,熬夜光感,睡眠面膜,熬夜面膜,补水+保湿+提亮,¥nan,中国
meonov · 铂金胶原炮乳霜面膜上下分区+++,59.0,,meonov铂金胶原炮乳霜面膜,meonov,铂金胶原,面膜,胶原炮面膜,补水+紧致+修护,¥59/盒,韩国
DERMAFIX·现货秒发 赵露思推荐 韩国贵妇胶原蛋白面膜 8片 保湿提亮舒缓弹,,,DERMAFIX胶原蛋白面膜,DERMAFIX,,面膜,贵妇胶原蛋白面膜,保湿+提亮+舒缓,¥NaN/8片,韩国
薇诺娜·【舒护安肤睡眠面膜】补水保湿舒缓温和清洁护肤派样,,,薇诺娜舒护安肤睡眠面膜,薇诺娜,舒护安肤,面膜,安肤面膜,补水+保湿+舒缓,¥0/50ml,中国
OTHER · 【中通包邮】川字纹眼角纹法令纹淡化贴 · 办公室好物熬夜党·,,返回数据列数不正确,,,,,,,,
诞兴薇小鲸鱼 · 韩国小鲸鱼面膜胖东来同款保湿水润焕肤密集补水面膜正品,,,小鲸鱼面膜,诞兴薇,,面膜,韩国小鲸鱼面膜,保湿+水润+焕肤,¥nan,韩国
SDX·【淡纹贴】玻色因紧致弹润淡纹贴法令纹贴膜八字嘴角直播机制,88.0,,玻色因淡纹贴,SDX,,贴膜,淡纹贴,淡纹+紧致+弹润,¥88/盒,中国
GOTUKOLA·【大促专享】橙膜500ml,439.0,,GOTUKOLA橙光焕采面膜,GOTUKOLA,橙光焕采,面膜,橙膜,提亮+补水+舒缓,¥439/500ml,泰国
LA VERITE PURE · 真理荟葡萄籽软膜玻色因抗皱紧致保湿清洁养肤御氧熬夜护肤宝妈,,,真理荟葡萄籽玻色因软膜,真理荟,PURE,软膜,葡萄籽软膜,抗皱+紧致+保湿,¥nan,中国
LINDSAY·林赛茶树杯装软膜韩国olive yong热卖款补水保湿镇静提亮肤色,,,LINDSAY茶树杯装软膜,LINDSAY·林赛,,软膜,茶树软膜,补水+保湿+镇静,¥nan/,韩国
韩方五谷 · 水杨酸毛孔控油面膜毛孔清洁保湿积雪草维生素c烟酰胺神经酰胺,,,韩方五谷水杨酸毛孔控油面膜,,,面膜,,清洁+控油+保湿,¥/ml,韩国
柒树·灵芝茶植萃面膜（一瓶分五次使用，涂薄没效果）,,,柒树灵芝茶植萃面膜,柒树,灵芝茶植萃,面膜,灵芝面膜,滋养+修护+提亮,¥0/瓶,中国
INTOYOU·【直播专属】女主角唇泥1g(27.7)展件,,,INTOYOU女主角唇泥,INTOYOU,女主角,唇泥,唇泥,显色+雾面+持久,¥27.7/1g,中国
EIIO·水光弹面膜快充面膜补水弹润面膜紧致嘭弹保湿修护敏肌适用,99.0,,EIIO水光弹面膜,EIIO,水光弹,面膜,快充面膜,补水+弹润+修护,¥99/盒,韩国
DERMAFIX · 贵妇胶原蛋白面膜 dermafix 面膜 提亮肤色  补水保湿 露思推荐,,,DERMAFIX胶原蛋白面膜,DERMAFIX,,面膜,贵妇胶原蛋白面膜,提亮+补水+保湿,¥NaN/,韩国
韩舜妆 · 白松露面膜补水保湿涂抹面膜护肤发光提亮熬夜修护睡眠补水面膜,,,韩舜妆白松露面膜,韩舜妆,白松露,面膜,白松露面膜,补水+提亮+修护,¥0/0ml,中国
SDX · 【额头纹贴】洋甘菊舒润额头纹贴抬头纹额纹贴正品男女直播机制,78.0,,SDX洋甘菊舒润额头纹贴,SDX,,纹贴,抬头纹贴,舒缓+保湿+淡化细纹,¥78/盒,中国
碧春青·纯珍珠粉润肤养颜,,,碧春青纯珍珠粉润肤霜,碧春青,纯珍珠,面霜,珍珠霜,保湿+提亮+养颜,¥/50ml,中国
珀莱雅·【直播专属】小球藻补水面膜10片(28.12),,,珀莱雅小球藻补水面膜,珀莱雅,,面膜,小球藻面膜,补水+保湿,¥28.12/10片,中国
SUDTANA·【章小蕙专享】姜黄修护精华油 30mL x 2  赠：抗氧化面膜 10mLx1,,,SUDTANA姜黄修护精华油,SUDTANA,姜黄系列,精华油,章小蕙精华油,修护+抗氧化,¥NaN/30ml,泰国
LANDTREE良萃 · 亚马逊清洁泥膜油皮可用去黑头白头粉刺深层清洁毛孔温和不刺激,,,LANDTREE良萃亚马逊清洁泥膜,LANDTREE良萃,亚马逊,清洁泥膜,亚马逊白泥,清洁+控油+去黑头,¥nan/100ml,中国
丸蔻·【芳疗师制作】红茶玫瑰花瓣冻膜补水保湿提亮肤色细纹法令皱纹,,,红茶玫瑰花瓣冻膜,丸蔻,,冻膜,红茶冻膜,补水+保湿+提亮,¥/50ml,中国
JCprogram自由之丘·【店播专属】伊能静同款塑颜温感面膜紧致保湿淡纹提升下颌线抗皱,,,自由之丘塑颜温感面膜,自由之丘,塑颜,面膜,温感面膜,紧致+保湿+抗皱,¥NaN,日本
伊肤泉·【李嘉琪合作款！】大魔王面膜！（25/10 防伪可查）,,,伊肤泉大魔王面膜,伊肤泉,,面膜,大魔王面膜,补水+修护+舒缓,¥25/片,中国
o.metoo·【冰美式面膜】紧致30片,,,o.metoo冰美式面膜,o.metoo,,面膜,冰美式面膜,紧致+补水,¥/30片,中国
GOTUKOLA·【大促专享】狗头发膜橙膜+绿膜小套盒-250ml+250ml,459.0,,GOTUKOLA狗头发膜橙绿套盒,GOTUKOLA,,发膜,狗头发膜,修护+柔顺+滋养,¥459/500ml,泰国
孔凤春KOPHENIX·水杨酸棉片祛痘痘印去闭口黑头酸清洁棉片收缩毛孔,,,孔凤春水杨酸清洁棉片,孔凤春,KOPHENIX,棉片,水杨酸棉片,祛痘+去闭口+收缩毛孔,¥nan,中国
FAN BEAUTY DIARY·黑云杉水光莹润睡美人美男子面膜,,,FAN BEAUTY DIARY黑云杉水光莹润面膜,FAN BEAUTY,黑云杉,面膜,睡美人面膜,补水+提亮+修护,¥99/5片,中国
JEAN D'ESTRÉES·【骞挑万选】法国让缇丝艳后面膜花青素焕亮保湿礼盒礼物到手24组,,,JEAN D'ESTRÉES艳后面膜礼盒,JEAN D'ESTRÉES,艳后,面膜,花青素面膜,焕亮+保湿,¥nan/24组,法国
珀莱雅·小球藻补水面膜保湿水润舒缓干燥补水修护熬夜急救25ml,,,珀莱雅小球藻补水面膜,珀莱雅,小球藻,面膜,小球藻面膜,补水+舒缓+修护,¥/25ml,中国
KLAPP · 养皮超牛！提高抵抗 修复镇定补水下火火！！贝塔葡聚糖面膜,,,KLAPP贝塔葡聚糖修护面膜,KLAPP,,面膜,贝塔葡聚糖面膜,修复+镇定+补水,¥/50ml,德国
敷尔佳·【全新】B5面膜 5片/盒 蓝色 舒缓修复【日期差！介意wu拍！】,,,敷尔佳B5舒缓修护面膜,敷尔佳,B5,面膜,B5面膜,舒缓+修护+保湿,¥99/5片,中国
AFU阿芙·11籽淡纹紧致分区提拉护理油敷面膜3盒以油养肤套组 Z1,,,AFU阿芙11籽淡纹紧致分区提拉护理油敷面膜,AFU阿芙,11籽,面膜,油敷面膜,淡纹+紧致+提拉,¥NaN/3盒,中国
逐本·【面膜体验装】墨红积雪草白月光三花面膜片装,,,逐本墨红积雪草白月光三花面膜,逐本,墨红积雪草白月光,面膜,三花面膜,修护+舒缓+补水,¥nan/片装,中国
JEAN D'ESTRÉES·【骞挑万选】让缇丝法国玫瑰面膜保湿补水改善干燥玫瑰花瓣冻膜,,,JEAN D'ESTRÉES法国玫瑰花瓣冻膜,JEAN D'ESTRÉES,骞挑万选,面膜,玫瑰冻膜,保湿+补水+改善干燥,¥/50ml,法国
其他 · 胶原蛋白光感抗皱紧肤生物面膜,,,胶原蛋白光感抗皱紧肤生物面膜,,,,面膜,,,
Kahina·【祛黄提亮】抗氧化面膜50ml（赠抗氧化面膜10ml*1）,,,Kahina Giving Beauty Antioxidant Mask,Kahina Giving Beauty,,面膜,祛黄面膜,抗氧化+提亮+保湿,¥/50ml,美国
MY ORGANICS·【章小蕙专享】头皮调理泥膜 20g x 4片,,,MY ORGANICS头皮调理泥膜,MY ORGANICS,,头皮护理,头皮泥膜,清洁+调理,¥/20g,意大利
可复美·焕能肌底修护面膜补水保湿舒缓修护肤感清凉冰淇淋涂抹面膜2.0新,,,可复美焕能肌底修护面膜,可复美,焕能,面膜,冰淇淋面膜,补水+舒缓+修护,¥0/0,中国
ERBA MIGINA·【胡兵专属】奇迹蓝宝瓶面膜120g/瓶,490.0,,ERBA MIGINA奇迹蓝宝瓶面膜,ERBA MIGINA,奇迹蓝宝瓶,面膜,蓝宝瓶面膜,补水+修护+提亮,¥490/120g,意大利
GOTUKOLA·【大促专享】绿膜500ml,459.0,,GOTUKOLA绿膜,空值,空值,面膜,空值,空值,¥459/500ml,空值
灵木集·<BOBO福利>灵萃光韵涂抹面膜弹润光亮紧致抗皱晒后焕亮温和无刺激,,,灵萃光韵涂抹面膜,灵木集,灵萃,面膜,光韵面膜,弹润+紧致+焕亮,¥nan,中国
FAN BEAUTY DIARY·海葡萄补水涂抹面膜,148.0,,FAN BEAUTY DIARY海葡萄补水涂抹面膜,FAN BEAUTY,,面膜,海葡萄面膜,补水+保湿+修护,¥148/50ml,中国
FAN BEAUTY DIARY·【散装捡漏】全系列面膜海葡萄龙血睡美人芍药眼膜！单片体验装,,,FAN BEAUTY DIARY海葡萄凝水保湿面膜,FAN BEAUTY DIARY,海葡萄,面膜,海葡萄面膜,补水+保湿+修护,¥10/片,中国
LA VERITE PURE · 「尝鲜体验」真理荟舒缓修护祛痘积雪草软膜,,,LA VERITE PURE积雪草修护软膜,LA VERITE PURE,真理荟,软膜,积雪草软膜,舒缓+修护+祛痘,¥NaN,中国
Abib·阿彼芙10片/盒装弱酸性pH面膜面膜鱼腥草蜂蜜柚子水库  10片盒,42.0,,Abib鱼腥草舒缓面膜,Abib,弱酸性pH面膜,面膜,鱼腥草面膜,舒缓+补水+修护,¥42/10片,韩国
索珂·细致毛孔速净泡芙泥膜,,,索珂细致毛孔速净泡芙泥膜,索珂,细致毛孔,泥膜,泡芙泥膜,清洁+控油+细致毛孔,¥/50ml,中国
AFU阿芙·护肤玫瑰水亮面膜10片*2盒+精油护肤积雪草舒润面膜10片*2盒 Z1,,,阿芙玫瑰水亮面膜+积雪草舒润面膜组合装,阿芙,,面膜,,补水+舒缓,,中国
欧利芙洋 · oliveyoung积雪草痘痘祛痘贴新款水杨酸隐形净痘贴痘痘贴,17.8,,欧利芙洋积雪草祛痘贴,欧利芙洋,积雪草,祛痘贴,痘痘贴,祛痘+消炎+隐形,¥17.8/片,韩国
嘉莉比奥·【王冠专属】牛油果焕亮精华保湿面膜,,,嘉莉比奥王冠专属牛油果焕亮精华保湿面膜,嘉莉比奥,王冠专属,面膜,牛油果面膜,保湿+焕亮+修护,¥NaN,中国
COSFACE·紧致焕亮芳萃纯皙晶透涂抹面膜【还是那台导航仪专属】,539.0,,COSFACE紧致焕亮芳萃纯皙晶透涂抹面膜,COSFACE,芳萃纯皙,面膜,晶透面膜,紧致+焕亮+美白,¥539/50ml,中国
RNW·清洁面膜双色泥膜官方旗舰店女补水保湿深层清洁毛孔去黑头男3,,,RNW双色清洁泥膜,RNW,,面膜,双色泥膜,清洁+补水+去黑头,¥/100ml,韩国
自然堂·喜马拉雅植物保湿补水面膜30片  套装深度补水学生平价,,,自然堂喜马拉雅植物补水面膜,自然堂,喜马拉雅,面膜,喜马拉雅面膜,补水+保湿+舒缓,¥/30片,中国
3AM HAIR SALON · 白到发光 3.0版本高奢美白涂抹式面膜 祛斑抗皱去黄提亮收毛孔50G,36.0,,3AM HAIR SALON白到发光高奢美白涂抹式面膜,3AM HAIR SALON,白到发光,面膜,发光面膜,美白+祛斑+抗皱,¥36/50g,中国
ULY·（发光面膜）奢宠水凝至爱面膜（每袋5片）,,,ULY奢宠水凝至爱面膜,ULY,奢宠,面膜,发光面膜,补水+提亮+修护,¥/5片,中国
逐本·不染茉莉白茶涂抹面膜莹亮修护涂抹面膜滋润补水保湿 50g*2,119.0,,逐本不染茉莉白茶涂抹面膜,逐本,不染茉莉白茶,面膜,茉莉面膜,修护+补水+保湿,¥119/50g*2,中国
石泽研究所·【全新！超好用】大米贴片面膜10片！,18.0,,石泽研究所大米面膜,石泽研究所,大米,面膜,大米面膜,保湿+收缩毛孔,¥18/10片,日本
OHBT·澳白美白祛斑面膜提亮肤色补水保湿淡化斑点舒缓改善暗沉,,,OHBT·澳白美白祛斑面膜,OHBT,澳白,面膜,澳白面膜,美白+祛斑+补水,¥0/0,澳大利亚
美迪若雅 · 大膜王！全方位改善肌肤闭口粉刺粗糙暗黄松弛【品牌授权店】,,,美迪若雅碳酸注氧面膜,美迪若雅,,面膜,大膜王,清洁+焕肤+提亮,¥328/50g,日本
映安 · 积雪草可溶性微晶祛痘贴快速灭痘透气痘痘贴改善油痘肌减少反复,,,映安积雪草可溶性微晶祛痘贴,映安,,祛痘贴,积雪草祛痘贴,祛痘+修复+控油,nan,中国
儒意 · 水杨酸祛痘面膜淡化痘印熬夜修护复男女士补水保湿舒缓敏感肌专用,,,儒意水杨酸祛痘面膜,儒意,,面膜,水杨酸面膜,祛痘+修护+保湿,¥/片,中国
Dermaroller·【张悦儿 38节专属】玻尿酸面膜10片赠2片换季熬夜救急补水修复,,,Dermaroller玻尿酸面膜,Dermaroller,,面膜,玻尿酸安瓶面膜,补水+修复,¥/10片,德国
茗希芝 · 玻尿酸冻干粉亮肤面膜补水保湿滋润紧致清爽面膜,,,茗希芝玻尿酸冻干粉亮肤面膜,茗希芝,,面膜,玻尿酸面膜,补水+保湿+亮肤,¥0/片,中国
其他 · 积雪绒睡眠面膜三款可选100g,,,积雪草修护睡眠面膜,其他,,睡眠面膜,积雪草面膜,修护+舒缓+保湿,¥/100g,
佩尔赫乔·【子豪&琳琳专属】融雪面膜熬夜急救焕亮保湿修护赋活50ml&50ml*2,,,佩尔赫乔融雪面膜,佩尔赫乔,,面膜,融雪面膜,焕亮+保湿+修护,¥/50ml,法国
BIOHEAL BOH·韩国BOH3D提拉面膜热mj补水保湿提亮胶原蛋百立体紧致K皱淡纹,,,BIOHEAL BOH 3D提拉面膜,BIOHEAL BOH,BOH,面膜,3D提拉面膜,补水+提亮+紧致,¥NaN/片,韩国
FAN BEAUTY DIARY·海葡萄清洁泥膜面膜,128.0,,FAN BEAUTY DIARY海葡萄清洁泥膜面膜,FAN BEAUTY,海葡萄,面膜,海葡萄泥膜,清洁+补水+控油,¥128/100g,中国
RNW·补水面膜3盒装保湿玻尿酸男女护肤品正品官方旗舰店,97.0,,RNW玻尿酸补水面膜,RNW,,面膜,RNW面膜,补水+保湿+修护,¥97/3盒,韩国
Ocean Fantasy 海洋幻想·泥膜深层清洁死海泥面膜改善白头清洁毛孔敷走黑头涂抹式精华面膜,,,Ocean Fantasy 海洋幻想死海泥面膜,Ocean Fantasy,海洋幻想,面膜,死海泥面膜,清洁+去黑头+控油,¥nan,以色列
肌肤未来 · 光透酵醒乳敷面膜40g 新日期到28年,25.0,,肌肤未来光透酵醒乳敷面膜,肌肤未来,光透酵醒,面膜,酵醒面膜,补水+提亮+修护,¥25/40g,中国
其他 · 火山泥清洁泥面膜  180克,35.0,,火山泥清洁泥面膜,,,面膜,火山泥面膜,清洁+控油+去黑头,¥35/180g,
御泥坊·【冉高鸣专属】东方牡丹聚光焕亮水油面膜,199.0,,御泥坊东方牡丹聚光焕亮水油面膜,御泥坊,东方牡丹,面膜,牡丹面膜,焕亮+补水+滋养,¥199/盒,中国
FLOWERWAY · 童颜胶原蛋白灌注面膜锁水保湿温和滋润贴片补水面膜,,,FLOWERWAY童颜胶原蛋白灌注面膜,FLOWERWAY,童颜胶原蛋白,面膜,胶原蛋白面膜,锁水+保湿+滋润,¥nan/片,中国
FAN BEAUTY DIARY·旧版清仓带防伪！海葡萄系列清仓~涂抹清洁面膜水乳都有！,,,FAN BEAUTY DIARY海葡萄涂抹清洁面膜,FAN BEAUTY,海葡萄,面膜,海葡萄面膜,清洁+补水,¥99/100ml,中国
FAN BEAUTY DIARY·【2盒+2盒】爆款海葡萄睡美人龙血银耳单盒面膜组合,,,FAN BEAUTY DIARY海葡萄面膜,FAN BEAUTY,海葡萄,面膜,海葡萄面膜,补水+保湿+修护,¥99/5片,中国
Abib·阿彼芙口香糖面膜弱酸性面膜 滋润补水舒缓肌肤牛奶鱼腥草复活草,,,Abib口香糖鱼腥草面膜,Abib,口香糖,面膜,鱼腥草面膜,舒缓+补水+修护,¥99/10片,韩国
HERBMODA·英国赫珀徳水晶番茄熬夜提亮K氧K糖面膜组合1,399.0,,HERBMODA水晶番茄熬夜提亮K氧K糖面膜组合,HERBMODA,水晶番茄,面膜,水晶番茄面膜,提亮+抗氧化+抗糖,¥399/1套,英国
穆春秋·[补水皇后·蓝莲花冻膜],,,穆春秋蓝莲花冻膜,穆春秋,,冻膜,补水皇后,补水+舒缓,¥0/0ml,中国
伊肤泉·【直播专属】熬夜党本命面膜5片(25.10)超值!怒囤!,,,伊肤泉熬夜修护面膜,伊肤泉,,面膜,熬夜面膜,修护+保湿+提亮,¥/5片,中国
HERBMODA·【Hannah专属】英国赫珀徳水晶番茄熬夜提亮K氧K糖面膜组合4组,499.0,,赫珀徳水晶番茄熬夜提亮面膜组合,赫珀徳,水晶番茄,面膜,水晶番茄面膜,提亮+抗氧化+抗糖,¥499/4组,英国
Leaf Simple·【直播专属】立体水杨酸棉片70片/150ml(27.1),,,Leaf Simple立体水杨酸棉片,Leaf Simple,,棉片,水杨酸棉片,清洁+去角质+控油,¥/150ml,中国
White feather·日本淡化川字纹眉间贴眉心额头法令纹小熨斗眉头悬针纹面膜贴,,,White feather眉心贴,White feather,,眉间贴,小熨斗,淡化皱纹+紧致+提拉,¥NaN/,日本
Torriden·韩国桃瑞丹面膜低分子玻尿酸精华补水保湿舒润修护贴片式玻尿酸,,,Torriden低分子玻尿酸面膜,Torriden,低分子玻尿酸,面膜,无,补水+保湿+修护,¥NaN/片,韩国
斐思妮 · 【抽签】二类绿膜1盒+二类黑膜1盒+透明质酸敷料1盒 术后修复组合,,返回数据列数不正确,,,,,,,,
薇诺娜·三效合一贼牛！极润水柔隐形面膜补水保湿舒缓泛红敏肌适用6片,,,薇诺娜三效合一极润水柔隐形面膜,薇诺娜,极润,面膜,三效面膜,补水+保湿+舒缓,¥nan/6片,中国
美迪惠尔·补水小炸弹！韩国积雪草茶树面膜VC胶原蛋白舒缓补水保湿胚芽米,,,美迪惠尔积雪草茶树面膜,美迪惠尔,纳米能量,面膜,补水小炸弹,舒缓+补水+保湿,¥99/10片,韩国
芙清·祛痘修复黑膜医用医美敷料非面膜淡化痘印痤疮脓包痘痘,,,芙清祛痘修复黑膜,芙清,祛痘修复,面膜,黑膜,祛痘+修复+淡化痘印,¥nan,中国
果达儿·现货韩国青橘 VC精华面膜提亮补水清爽一盒5片紧致舒缓,,,果达儿青橘VC精华面膜,果达儿,青橘VC,面膜,青橘面膜,提亮+补水+舒缓,¥nan/5片,韩国
御泥坊·【冉高鸣专属】东方牡丹聚光焕亮水油面膜,199.0,,御泥坊东方牡丹聚光焕亮水油面膜,御泥坊,东方牡丹,面膜,牡丹面膜,焕亮+补水+滋养,¥199/盒,中国
o.metoo·【直播专属】魔女乳敷面膜25ml×5片(27.7),,,o.metoo魔女乳敷面膜,o.metoo,,面膜,魔女面膜,补水+修护+提亮,¥27.7/25ml×5片,中国
FAN BEAUTY DIARY·密罗木青萃沁安凝乳面膜,,,FAN BEAUTY DIARY密罗木青萃沁安凝乳面膜,FAN BEAUTY DIARY,密罗木,面膜,密罗木面膜,补水+舒缓+修护,¥nan/片,中国
KISSMWAH · 冰美式熬夜面膜秋冬补水保湿盒装女面部肌肤,,,KISSMWAH冰美式熬夜面膜,KISSMWAH,冰美式,面膜,熬夜面膜,补水+保湿,¥nan/盒装,中国
敷尔斯 · （发三盒）美白去黄提亮淡斑补水保湿烟酰胺改善暗沉滋润淡化痘印,9.9,,敷尔斯美白淡斑面膜,敷尔斯,,面膜,美白面膜,美白+淡斑+保湿,¥9.9/盒,中国
IOMA·【张萌专属】艾欧码活力晚安面膜50g去黄提亮熬夜急救正品,,,IOMA活力晚安面膜,IOMA,活力,面膜,晚安面膜,去黄+提亮+熬夜急救,¥NaN/50g,法国
玻·麦·妍·2000PPM麦角硫因焕颜净透面膜【直播】,,,玻麦妍2000PPM麦角硫因焕颜净透面膜,玻麦妍,,面膜,麦角硫因面膜,焕颜+净透+修护,¥/片,中国
Haa·虾青素神经酰胺面膜补水双抗抗糖抗氧保湿修护舒缓学生党平价推荐,,,Haa虾青素神经酰胺双抗面膜,Haa,,面膜,虾青素面膜,补水+抗氧+修护,¥0/片,中国
素姬·【MK凉凉专属】谷胱甘肽水光莹润面膜2片装提亮肤色紧致焕亮抗皱,25.0,,素姬谷胱甘肽水光莹润面膜,素姬,谷胱甘肽,面膜,水光面膜,提亮+紧致+抗皱,¥25/2片,中国
美迪惠尔·Mediheal棉片！积雪草茶树维稳水润保湿湿敷棉片清洁去角质清爽,,,美迪惠尔积雪草茶树湿敷棉片,美迪惠尔,积雪草茶树,棉片,茶树棉片,清洁+保湿+去角质,¥/50ml,韩国
可复美·【自播专享】冻干精华面膜7片/盒*2+椭圆敷料5片/盒*2,699.0,,可复美冻干精华面膜,可复美,,面膜,冻干面膜,修护+保湿+舒缓,¥699/14片,中国
研译·【厚脸皮我来了！】油橄榄面膜5片（2025/6）,,,研译厚脸皮油橄榄面膜,研译,厚脸皮,面膜,厚脸皮面膜,修护+舒缓,¥/5片,中国
o.metoo·【一袋30片！超级沉！】冰美式面膜（2027-2028）,22.0,,o.metoo冰美式面膜,o.metoo,,面膜,冰美式面膜,补水+提亮+舒缓,¥22/30片,中国
玉容初·【导航仪专属】藏红花灵芝发酵油敷膜敏感肌面膜,,,玉容初藏红花灵芝发酵油敷膜,玉容初,藏红花灵芝,面膜,油敷膜,修护+滋养+舒缓,¥NaN,中国
艾琳朵Arlindo · 净澈清肤泥膜油皮清洁毛孔保湿控油祛痘舒缓去角质,118.0,,艾琳朵净澈清肤泥膜,艾琳朵,净澈清肤,泥膜,清洁泥膜,清洁+控油+保湿,¥118/100ml,中国
佩尔赫乔 · 马君妍同款法国佩尔 赫乔融雪面膜涂抹免洗熬夜睡眠面膜pierauge,,,佩尔赫乔融雪睡眠面膜,PierAuge,,面膜,融雪面膜,修护+保湿+提亮,¥NaN/,法国
FAN BEAUTY DIARY·新颜沁透波尔面膜,,,FAN BEAUTY DIARY·新颜沁透波尔面膜,FAN BEAUTY DIARY,新颜沁透,面膜,波尔面膜,补水+舒缓+修护,¥nan/片,中国
Easyderm · 【欧丽芙洋同款】韩国大熊制药镁针微针痘痘贴祛痘贴痘印油痘肌,,,大熊制药镁针微针痘痘贴,大熊制药,镁针微针,痘痘贴,大熊痘痘贴,祛痘+修复+隐形,¥nan/片,韩国
IOMA·【CTT专享】艾欧码活力晚安面膜50g去黄提亮熬夜急救正品,,,IOMA活力晚安面膜,IOMA,活力,面膜,晚安面膜,去黄+提亮+熬夜急救,¥/50g,法国
ISNTREE·韩国isntree紫色洋葱安瓶面膜棉片提亮紧致淡痘印修护皮肤屏障,,,ISNTREE洋葱安瓶面膜棉片,ISNTREE,洋葱安瓶,面膜棉片,洋葱棉片,提亮+紧致+修护,¥NaN/片,韩国
Gveils·光蕴面膜1盒（到27年12月）,,,Gveils·光蕴面膜1盒（到27年12月）,Gveils,光蕴,面膜,光蕴面膜,补水+提亮+修护,¥/盒,中国
111 SKIN·HARLEY ST. LONDON臻奢抗皱提拉面膜 5片/盒,799.0,,111 SKIN臻奢抗皱提拉面膜,111 SKIN,HARLEY ST. LONDON,面膜,无,抗皱+提拉,¥799/5片,英国
skin lane · 【韦雪专属】肌侣大师面膜补水保湿紧致提拉油乳灌,179.0,,肌侣大师面膜,肌侣,大师,面膜,韦雪面膜,补水+保湿+紧致,¥179/盒,中国
Dr.Hemerel合美博士·羊胎素脐带试管膜,,,合美博士羊胎素脐带试管膜,Dr.Hemerel,羊胎素,面膜,试管膜,抗老+紧致+修复,¥/片,中国
FAN BEAUTY DIARY · fanbeauty面膜海葡萄龙血芍药油敷密罗木睡美人虾青素银耳面膜,,,FANBEAUTY海葡萄凝水保湿面膜,FAN BEAUTY,海葡萄,面膜,海葡萄面膜,补水+保湿+修护,¥99/5片,中国
Aubu·【李多海专属】分区抗皱淡纹''懒人面膜''紧致提拉线雕小V膜5片,,,Aubu·【李多海专属】分区抗皱淡纹懒人面膜,Aubu,,面膜,小V膜,抗皱+淡纹+紧致,¥/5片,韩国
Dr.Jart+·【直播专属】面膜一盒五片装! 绿22.9月产蓝22.10月产,,,Dr.Jart+ 积雪草修护面膜,Dr.Jart+,,面膜,积雪草面膜,修护+舒缓+保湿,¥150/5片,韩国
博乐达 · 水杨酸面膜闭口粉刺黑头豆豆新手温和去豆2%30%,,,博乐达水杨酸调理面膜,博乐达,水杨酸系列,面膜,刷酸面膜,祛痘+控油+清洁,¥199/100g,中国
艾琳朵Arlindo · 净澈净肤泥膜清洁毛孔细致肌肤男女可用清洁泥膜涂抹式,236.0,,艾琳朵净澈净肤泥膜,艾琳朵,净澈,泥膜,净肤泥膜,清洁+控油+细致毛孔,¥236/100ml,中国
科颜萃·清洁泥膜去黑白头闭口粉刺收缩深层清洁毛孔涂抹式清洁面膜,,,科颜氏亚马逊白泥净肤面膜,科颜氏,亚马逊白泥,面膜,白泥面膜,清洁+控油+收缩毛孔,¥315/125ml,美国
HERBMODA · 英国赫珀徳水晶番茄熬夜提亮K氧K糖面膜组合4盒,168.0,,HERBMODA水晶番茄熬夜提亮K氧K糖面膜,HERBMODA,水晶番茄,面膜,水晶番茄面膜,提亮+K氧+K糖,¥168/4盒,英国
孔凤春KOPHENIX · 马齿苋净颜清洁泥膜果酸控油去黑头深层清洁白泥清冷感,,,孔凤春KOPHENIX马齿苋净颜清洁泥膜,孔凤春,KOPHENIX,清洁泥膜,马齿苋泥膜,控油+去黑头+深层清洁,¥nan,中国
FAN BEAUTY DIARY·冰冰同款面膜礼盒套组海葡萄芍药龙血虾青素银耳白泥套组,1037.0,,FAN BEAUTY DIARY海葡萄芍药面膜礼盒,FAN BEAUTY DIARY,,面膜,冰冰同款,补水+提亮+舒缓,¥1037/套,中国
FAN BEAUTY DIARY·胜肽凝时抗皱乳霜面颈膜,,,FAN BEAUTY DIARY胜肽凝时抗皱乳霜面颈膜,FAN BEAUTY DIARY,胜肽凝时,面霜,胜肽面颈膜,抗皱+紧致+保湿,¥/50ml,中国
SensaV敏飞·敏飞水疗灌肤面膜敏感肌15min修复泛红屏障稳稳贴PH面膜,,,SensaV敏飞水疗灌肤面膜,SensaV敏飞,敏飞,面膜,敏飞面膜,修复+舒缓+保湿,¥/15min,中国
微著·壳聚糖面膜WEZU涂抹式面膜舒缓紧致抗皱补水保湿平价护肤,,,微著壳聚糖面膜,微著,微著,面膜,壳聚糖面膜,舒缓+紧致+抗皱,¥nan/50ml,中国
敛花萃·【寡肽冻干膜】高活性修复保湿现泡现用面膜,,,寡肽冻干面膜,,,面膜,冻干膜,修复+保湿+活性,¥nan/,
shecara · 坚果面膜去黑头闭口去角质清洁面膜80g新西兰疯狂的坚果,,,坚果清洁面膜,SheCara,坚果,面膜,坚果面膜,清洁+去黑头+去角质,¥NaN/80g,新西兰
松生·白桦树汁森林水库面膜装深透补水保湿舒缓,109.0,,松生白桦树汁森林水库面膜,松生,森林水库,面膜,水库面膜,补水+保湿+舒缓,¥109/盒,中国
馥珮 · 红茶玫瑰酵母冻膜补水保湿修护熬夜急救提亮收缩毛孔免洗面膜,,,馥珮红茶玫瑰酵母冻膜,馥珮,红茶玫瑰酵母,面膜,红茶冻膜,补水+修护+提亮,¥0/0ml,中国
自然堂·【春季舒敏】小紫瓶精华第六代7ml+冻干面膜1片+等渗面膜1p 店播,,,自然堂小紫瓶精华,自然堂,小紫瓶,精华,小紫瓶,修护+保湿+舒敏,¥0/7ml,中国
欧诗漫·性价比拉满！欧诗漫玻尿酸水光面膜补水保湿缓解干燥起皮水嫩养肤,,,欧诗漫玻尿酸水光面膜,欧诗漫,水光,面膜,水光面膜,补水+保湿+舒缓,¥99/10片,中国
斐思妮 · 【15.9任选3片】全家福医用面膜任选3片！,10.6,,斐思妮医用冷敷贴,斐思妮,,面膜,斐思妮面膜,修护+补水+舒缓,¥10.6/3片,中国
AIONAYI · 赋能三型胶原蛋白面膜4号,218.0,,赋能三型胶原蛋白面膜4号,AIONAYI,,面膜,胶原蛋白面膜,补水+修护+紧致,¥218/盒,中国
伊菲丹·【法国｜真贵妇·】EviDenS三重胶原超级面膜 镇定修复紧致收毛孔,,,伊菲丹三重胶原超级面膜,伊菲丹,三重胶原,面膜,超级面膜,镇定+修复+紧致,¥/50ml,法国
OTHER·G*K玻尿酸面膜胶原修护保湿熬夜早安5分急救*一包  1583,,,OTHER·G*K玻尿酸面膜胶原修护保湿熬夜早安5分急救*一包,,,,面膜,,¥1583/包,
欧诗漫·【直播专属】补水保湿水光面膜(28.7),,,欧诗漫水光面膜,欧诗漫,水光,面膜,水光面膜,补水+保湿,¥28.7/片,中国
Torriden·韩国桃瑞丹面膜低分子玻尿酸精华补水保湿舒润修护贴片式,,,Torriden低分子玻尿酸面膜,Torriden,,面膜,桃瑞丹面膜,补水+保湿+修护,¥/片,韩国
瑜然美 · 库拉索芦荟胶凝胶祛痘印军训晒后修复神器补水保湿面膜,,,瑜然美库拉索芦荟凝胶,瑜然美,无,凝胶,芦荟胶,祛痘+修复+保湿,¥nan/50ml,中国
泉意·八重玻尿酸密集补水舒缓面膜,99.0,,泉意·八重玻尿酸密集补水舒缓面膜,泉意,八重玻尿酸,面膜,八重玻尿酸面膜,补水+舒缓,¥99/盒,中国
RNW·清洁泥膜替换装去黑头控油双色泥膜温和深层清洁毛孔黑泥白泥保湿,49.0,,RNW双色泥膜替换装,RNW,,泥膜,双色泥膜,清洁+控油+保湿,¥49/50ml,韩国
彩琳 · 白松露水润发光面膜涂抹保湿补水VCIP熬夜提亮抗氧,,,彩琳白松露水润发光面膜,彩琳,白松露,面膜,发光面膜,保湿+提亮+抗氧,¥nan,中国
其他 · 红色面膜虾青素一盒五片,32.0,,红色面膜虾青素一盒五片,,,,面膜,,¥32/5片,
DERMAFIX·韩国dermafix贵妇胶原蛋白面膜维C保湿舒缓提亮肤色弹力亢皱8片装,,,DERMAFIX贵妇胶原蛋白面膜,DERMAFIX,,面膜,贵妇面膜,保湿+提亮+抗皱,¥/8片,韩国
浣颜 · 涂抹面膜体验合集全家福套装白松露提亮+祛痘面膜霜+清洁黑头泥膜,,,浣颜涂抹面膜体验套装,浣颜,,面膜,涂抹面膜套装,提亮+祛痘+清洁,¥0/0ml,中国
GOTUKOLA · 狗头发膜橙膜+绿膜大套盒-500ml+500ml,,,GOTUKOLA狗头发膜橙绿套盒,GOTUKOLA,,发膜,狗头发膜,修护+柔顺+滋养,¥NaN/1000ml,泰国
创福康·新升级胶原修护贴面膜第二代  补水保湿胶原蛋白敏感泛红祛痘修护,,,创福康胶原修护贴面膜,创福康,胶原修护贴,面膜,创福康面膜,修护+补水+祛痘,¥0/片,中国
LANDTREE良萃 · 亚马逊白泥膜涂抹发光面膜细致毛孔改善油皮油痘肌黑头闭口,,,LANDTREE良萃亚马逊白泥膜,LANDTREE良萃,亚马逊白泥,面膜,白泥膜,清洁+控油+去黑头,¥nan,中国
CANVAS·【婉婷专属】玫瑰保湿精华面膜 99%天然有机,,,CANVAS玫瑰保湿精华面膜,CANVAS,,面膜,玫瑰面膜,保湿+修护+天然有机,¥99/片,中国
馥珮 · 山师大叔同款痘可贴（单包内有4贴）,,,馥珮痘可贴,馥珮,,祛痘贴,山师大叔同款痘可贴,祛痘+消炎,¥--/4贴,中国
欧利芙洋 · 韩国numbuz:n数字精华面膜 密集补水提亮舒缓镇定,,,numbuz:n数字精华面膜,numbuz:,数字精华,面膜,数字面膜,补水+提亮+舒缓,¥NaN/片,韩国
Lavrin·【李多海专属】胶原蛋白弹力软膜+水凝保湿软膜 韩国院线同款,,返回数据列数不正确,,,,,,,,
HEXKIN·韦雪同款 赫诗琴胶原炮灌注胶原蛋白面膜补水保湿紧致抗衰滋养,,,HEXKIN胶原蛋白灌注面膜,HEXKIN,胶原炮,面膜,胶原炮面膜,补水+紧致+抗衰,¥nan,中国
奥伦纳素·免洗睡眠冻膜次抛紧致补水修护涂抹面膜,,,奥伦纳素免洗睡眠冻膜,奥伦纳素,无,面膜,豆腐冻膜,紧致+补水+修护,¥0/次抛,美国
YOVP · 玻尿酸水光面膜新,,,YOVP玻尿酸水光面膜,YOVP,,面膜,水光面膜,补水+保湿+提亮,¥/片,中国
绽媄娅·【官方专属】钝感力焕能修护安肌涂抹面膜30g,,,绽媄娅钝感力焕能修护安肌涂抹面膜,绽媄娅,钝感力焕能,面膜,安肌面膜,修护+舒缓+保湿,¥/30g,中国
美迪惠尔·韩国mediheal棉片妆前湿敷棉贴积雪草舒缓保湿镇定补水,,,美迪惠尔积雪草舒缓保湿棉片,美迪惠尔,积雪草,棉片,积雪草棉片,舒缓+保湿+镇定,¥/50ml,韩国
AIONAYI · 山茶花熬夜水油面膜,,,AIONAYI山茶花熬夜水油面膜,AIONAYI,,面膜,熬夜面膜,修护+滋养+提亮,¥nan/,中国
o.metoo·【拍1发30】爆款低价！魔女冰美式熬夜紧致抗皱面膜！30片一大包!,,,o.metoo魔女冰美式熬夜紧致抗皱面膜,o.metoo,,面膜,魔女面膜,紧致+抗皱+熬夜修护,¥nan/30片,中国
敷尔佳·【好物试用】积雪草面膜舒缓修护贴补水保湿维稳泛红2片,,,敷尔佳积雪草舒缓修护面膜,敷尔佳,积雪草,面膜,积雪草面膜,舒缓+修护+保湿,¥39/2片,中国
kisstory · fuke系列幸福面膜100ml保湿抗衰提亮,25.0,,kisstory幸福面膜,kisstory,fuke,面膜,幸福面膜,保湿+抗衰+提亮,¥25/100ml,中国
敷尔佳·【好物试用】清痘净肤修护贴敏感肌祛痘面膜痘痘贴补水保湿2片,,,敷尔佳清痘净肤修护贴,敷尔佳,清痘净肤,面膜,祛痘面膜,祛痘+修护+保湿,¥nan/2片,中国
AFU阿芙·精油护肤玫瑰水亮面膜 10片*3盒 Z2,,,AFU阿芙精油护肤玫瑰水亮面膜,阿芙,精油护肤,面膜,玫瑰面膜,补水+提亮+舒缓,¥/10片*3盒,中国
童颜纪·厚脸皮修护面膜敏感肌可用官方正品 实发20片+送1片,,,童颜纪厚脸皮修护面膜,童颜纪,厚脸皮,面膜,厚脸皮面膜,修护+保湿+舒缓,¥nan/20片,中国
可复美·【自播专享】重组胶原蛋白肌御密集修护冻干精华面膜7片/盒,209.0,,可复美重组胶原蛋白肌御密集修护冻干精华面膜,可复美,肌御,面膜,胶原蛋白面膜,修护+保湿+紧致,¥209/7片,中国
【宝梨甜莓】贴贴大富翁掷骰15次（14+关注1次）,,返回数据列数不正确,,,,,,,,
仙语·酵母原浆面膜【大米/仙人掌/玫瑰发酵】熬夜补水细腻,119.0,,仙语酵母原浆面膜,仙语,酵母原浆,面膜,熬夜面膜,补水+细腻+修护,¥119/盒,中国
欧利芙洋 · Numbuzin面膜韩国爆火数字12345面膜 弹力 补水 收毛孔镇静舒缓,,,Numbuzin No.3高浓度维他命面膜,Numbuzin,No.,面膜,数字面膜,补水+舒缓+收毛孔,¥/片,韩国
欧佩莱·【安吉小朋友】胶原玻色因小真管颈霜保湿抗皱紧致真淡纹真管用,699.0,,欧佩莱安吉小朋友胶原玻色因颈霜,欧佩莱,安吉小朋友,颈霜,小真管颈霜,保湿+抗皱+紧致,¥699/50ml,中国
虞舜佳人·抗皱紧致如意膏2个装特价,,,虞舜佳人抗皱紧致如意膏,虞舜佳人,,面霜,如意膏,抗皱+紧致,¥0/0,中国
圣洁私语 · 青春粉嫩养护膜粉润保湿淡化去黑嫩肤水润洁菌深度呵护私护T膜,,,圣洁私语青春粉嫩养护膜,圣洁私语,青春粉嫩,私护膜,粉嫩膜,保湿+嫩肤+洁菌,¥NaN,中国
自然堂·敏肌舒缓修护积雪草冻干面膜补水保湿维稳修护,,,自然堂积雪草舒缓修护冻干面膜,自然堂,敏肌舒缓修护,面膜,积雪草冻干面膜,舒缓+修护+保湿,¥nan,中国
瑜然美 · 库拉索芦荟胶敷脸补水祛痘印晒后修护神器平价学生军训必备面膜,,,瑜然美库拉索芦荟胶,瑜然美,,芦荟胶,芦荟胶,补水+祛痘印+晒后修护,¥nan/50ml,中国
可复美·【自播专享】重组胶原蛋白冻干精华面膜7片/盒+15支胶原棒,319.0,,可复美重组胶原蛋白冻干精华面膜,可复美,重组胶原蛋白,面膜,胶原面膜,修护+保湿+舒缓,¥319/7片+15支,中国
其他 · 这面膜牛！！！到手30片！！维稳舒缓嘎嘎牛～新日期28年,,,,,,面膜,,维稳+舒缓,,
AIONAYI · 修护敏感护肤品修护舒缓精液原液面膜涂抹式退红美容院专用套装,,,AIONAYI修护舒缓精华原液面膜,AIONAYI,,面膜,修护面膜,修护+舒缓+退红,¥nan/,中国
理肤天使·【韩承浩】马达加斯加积雪草&焕白*毛孔3款面膜混选组合,79.0,,理肤天使积雪草焕白面膜组合,理肤天使,,面膜,积雪草面膜,修护+焕白+保湿,¥79/组合,韩国
其他 · 【娜娜优选】BKE红蜜提拉紧致V脸红绷带胶原面膜,,,BKE红蜜提拉紧致V脸红绷带胶原面膜,BKE,红蜜,面膜,红绷带面膜,提拉+紧致+胶原,¥0/0ml,中国
Yves珣秘·【张俪专享】15片蓝铜多肽修护面膜保湿敏肌泛红干燥修护贴片面膜,,,Yves珣秘蓝铜多肽修护面膜,Yves珣秘,蓝铜多肽,面膜,蓝铜面膜,修护+保湿+舒缓,¥nan/15片,中国
斐诺秀 · 亚马逊白泥清洁面膜 深层清洁毛孔控油去黑头细腻毛孔涂抹面膜,,,斐诺秀亚马逊白泥清洁面膜,斐诺秀,亚马逊白泥,面膜,白泥面膜,清洁+控油+去黑头,¥nan,中国
Torriden·桃瑞丹玻尿酸棉片80片低分子局部面膜妆前湿敷滋润积雪草,,,Torriden玻尿酸棉片,Torriden,,棉片,桃瑞丹棉片,补水+舒缓+修护,¥/80片,韩国
珂岸 · 【张瑶推荐】华熙生物舒缓保湿积雪草全肤质舒缓面膜补水保湿贴片,,,珂岸积雪草舒缓保湿面膜,珂岸,积雪草,面膜,积雪草面膜,舒缓+保湿+修护,¥NaN/片,中国
德玛贝尔 · 软膜玫瑰软膜粉补水保湿紫苏面膜黄金舒缓提亮泥膜去黄暗沉涂抹式,,,德玛贝尔玫瑰软膜,德玛贝尔,,软膜,玫瑰软膜,补水+保湿+提亮,¥/100g,韩国
Yves珣秘·【范文芳专享】yves水光面膜女补水保湿抗皱紧致淡纹敏感肌抗皱,,,Yves珣秘水光面膜,Yves珣秘,无,面膜,水光面膜,补水+抗皱+紧致,¥NaN,中国
欧利芙洋 · 现货oliveyoung隐形痘痘贴 茶树积雪草 微晶水杨酸痘痘贴 净痘,,,欧利芙洋隐形痘痘贴,欧利芙洋,茶树积雪草,痘痘贴,隐形痘痘贴,净痘+消炎+修复,¥nan/片,韩国
BIOHEAL BOH · 韩国BOH 3D提拉面膜热mj补水保湿提亮胶原蛋白立体紧致抗皱淡纹,,,BIOHEAL BOH 3D提拉面膜,BIOHEAL BOH,BOH,面膜,3D提拉面膜,补水+提拉+抗皱,¥nan/片,韩国
理肤泉·B5面膜PRO补水保湿紧急修护舒缓敏感肌积雪草样品2片,,,理肤泉B5面膜PRO,理肤泉,B5,面膜,B5面膜,修护+舒缓+保湿,¥0/2片,法国
kisstory · fuke系列植萃维稳美肌面膜100ml退红去印面膜,25.0,,kisstory植萃维稳美肌面膜,kisstory,fuke,面膜,植萃面膜,退红+去印+维稳,¥25/100ml,中国
EUCERIN·优色林【章小蕙直播专享】舒安面膜2盒赠20片晒后修复敏感泛红,,,优色林舒安修护面膜,优色林,舒安,面膜,舒安面膜,舒缓+修护+保湿,¥nan,德国
花寂·发光精油面膜 滋养保湿紧致抗皱提亮嫩肤 以油养肤,,,花寂·发光精油面膜,花寂,发光精油,面膜,发光面膜,滋养+保湿+紧致,¥NaN,中国
LINDSAY·大容量软膜粉1kg 茶树清洁VC去黄提亮 胶原蛋白补水修护充盈弹润,,,LINDSAY大容量软膜粉,LINDSAY,,面膜粉,茶树软膜,清洁+提亮+补水,¥nan/1kg,中国
英诺皮肤世家 · 橙妹精选修复面膜 5%b5浓度肉眼可见修复补水镇定 爱不释手！,,,英诺皮肤世家橙妹精选修复面膜,英诺,橙妹精选,面膜,橙妹面膜,修复+补水+镇定,¥NaN/片,西班牙
敷尔佳·【好物试用】烟酰胺美白淡斑修护面膜2片,,,敷尔佳烟酰胺美白淡斑修护面膜,敷尔佳,烟酰胺,面膜,美白面膜,美白+淡斑+修护,¥/2片,中国
stridex·水杨酸净颜棉片  绿色（0.5%）,69.0,,Stridex水杨酸净颜棉片（绿色0.5%）,Stridex,,棉片,水杨酸棉片,清洁+控油+去角质,¥69/55片,美国
KAZOO·可逐KAZOO白松露臻护柔嫩手膜套盒温和补水保湿紧致提亮去黄细嫩,128.0,,KAZOO白松露臻护柔嫩手膜套盒,KAZOO·可逐,白松露臻护,手膜套盒,白松露手膜,补水+保湿+提亮,¥128/套盒,中国
两个博士后·紧致抗皱润颜细腻平滑面膜,,,博士后紧致抗皱润颜细腻平滑面膜,,,面膜,,抗皱+紧致+滋润,¥0/0ml,
skin lane·【沈梦辰专属】肌侣大师面膜补水保湿修护滋养紧致淡化细纹法令纹,258.0,,肌侣大师面膜,skin lane,肌侣大师,面膜,沈梦辰面膜,补水+修护+紧致,¥258/盒,中国
浣颜 · 口袋泥膜清洁泥膜深层清洁毛孔吸附去黑头控油净痘学生收缩毛孔,,,浣颜口袋泥膜,浣颜,口袋泥膜,泥膜,口袋泥膜,清洁+控油+收缩毛孔,¥nan/50ml,中国
三丽鸥 · 日本hello kitty天使星星眼彩绘卡通鬼脸搞怪脸谱面膜,,,日本hello kitty天使星星眼彩绘卡通鬼脸搞怪脸谱面膜,,,面膜,三丽鸥面膜,保湿+趣味,¥/片,日本
知和无尤·定制果冻湿敷膜10片/包搭配纯露精萃液浸泡使用【不是冻干面膜！,,,知和无尤定制果冻湿敷膜,知和无尤,,湿敷膜,果冻膜,补水+舒缓+修护,¥/10片,中国
DOYES · 美白祛斑淡斑小D面膜补水保湿去黄补水提亮改善暗沉保湿抗氧抗糖,89.0,,DOYES美白祛斑淡斑小D面膜,DOYES,小D,面膜,小D面膜,美白+祛斑+保湿,¥89/盒,中国
FAN BEAUTY DIARY·【热】早8醒肤提亮修护多款面膜一套体验,,,FAN BEAUTY DIARY早8醒肤提亮修护面膜,FAN BEAUTY DIARY,早8醒肤,面膜,早8面膜,提亮+修护+醒肤,¥nan/套,中国
FAN BEAUTY DIARY·钻石聚光闪耀面膜,,,FAN BEAUTY DIARY钻石聚光闪耀面膜,FAN BEAUTY,钻石聚光,面膜,钻石面膜,补水+提亮+修护,¥99/5片,中国
LINDSAY·韩国林赛软膜粉补水保湿镇静舒缓茶树清洁涂抹面膜,,,林赛茶树软膜粉,LINDSAY,无,面膜,茶树软膜,补水+镇静+清洁,¥/100g,韩国
DERMAFIX·赵露思推荐韩国dermafix贵妇胶原蛋白面膜 提亮肤色 补水保湿修护,48.0,,DERMAFIX胶原蛋白面膜,DERMAFIX,,面膜,贵妇面膜,提亮+补水+修护,¥48/片,韩国
PAYOT·晨光面膜法国进口保湿提亮抗氧紧致抗皱二合一冻膜,259.0,,PAYOT晨光面膜,PAYOT,晨光,面膜,无,保湿+提亮+抗氧,¥259/50ml,法国
d'Alba·韩国olive young热卖软膜涂抹补水保湿舒缓提亮控油面膜清洁毛孔,,,d'Alba白松露水光涂抹面膜,d'Alba,,面膜,白松露面膜,补水+舒缓+提亮,¥/50ml,韩国
TEMPLE SPA·【张俪专享】净化平衡植萃净透清洁面膜毛孔吸尘器清洁泥膜去黑头,,,TEMPLE SPA净化平衡植萃净透清洁面膜,TEMPLE SPA,净化平衡,面膜,毛孔吸尘器,清洁+去黑头+净化,¥nan/50ml,英国
薇家·官方|素心腊梅精油珍珠膏，保湿抗皱 代替面霜乳液面膜 50%珍珠粉,65.0,,薇诺娜素心腊梅精油珍珠膏,薇诺娜,素心腊梅,面霜,腊梅珍珠膏,保湿+抗皱+修护,¥65/50g,中国
MEDI-PEEL 美蒂菲·【小森林】黑头导出液美容院专用祛鼻头深层,99.0,,MEDI-PEEL美蒂菲小森林黑头导出液,MEDI-PEEL,小森林,导出液,小森林导出液,清洁+去黑头+收缩毛孔,¥99/50ml,韩国
FAN BEAUTY DIARY · 巨折！海葡萄系列涂抹面膜洁颜蜜 效期到25年7-11月 有防伪,,,FAN BEAUTY DIARY海葡萄涂抹面膜,FAN BEAUTY,海葡萄,面膜,海葡萄面膜,补水+保湿+清洁,¥99/50g,中国
EUCERIN·【章小蕙专享】优色林舒安面膜2盒赠20片晒后修复敏感泛红,,,优色林舒安修护面膜,优色林,舒安,面膜,舒安面膜,舒缓+修护+保湿,¥nan/2盒,德国
虞舜佳人·抗皱紧致如意膏特价,89.0,,虞舜佳人抗皱紧致如意膏,虞舜佳人,,面霜,如意膏,抗皱+紧致,¥89/50ml,中国
lefilleo·【达人专属】韩国丽菲欧胶原蛋白面膜65g,99.0,,lefilleo胶原蛋白面膜,lefilleo,,面膜,胶原蛋白面膜,补水+紧致+提亮,¥99/65g,韩国
GOTUKOLA·【大促专享】橙膜500ml+绿膜500ml,879.0,,GOTUKOLA橙膜+绿膜套装,GOTUKOLA,,面膜,橙绿膜,补水+舒缓+修护,¥879/1000ml,泰国
宝狄妍 · 一盒10片蓝盒安肌修护发酵精粹面膜+++,,,宝狄妍安肌修护发酵精粹面膜,宝狄妍,安肌修护,面膜,蓝盒面膜,修护+保湿+舒缓,¥/10片,中国
Abib·面膜弱酸性口香糖PH水库鱼腥草柚子复活草玻尿酸胶原蛋白,,,Abib弱酸性口香糖水库面膜,Abib,口香糖,面膜,水库面膜,补水+舒缓+修复,¥nan/片,韩国
The Ordinary·【达播】30%果酸水杨酸焕肤面膜去角质闭口粉刺黑头30ml,92.0,,The Ordinary 30%果酸+2%水杨酸焕肤面膜,The Ordinary,,面膜,果酸面膜,去角质+焕肤+清洁,¥92/30ml,加拿大
25～31天不等，聚（月）好（咔）kan，拍后联戏客fu发货,11.99,返回数据列数不正确,,,,,,,,
美迪惠尔·【方老板专属】绷带棉片积雪草修护茶树舒缓胶原弹润维他提亮清洁,132.0,,美迪惠尔绷带棉片积雪草修护面膜,美迪惠尔,绷带棉片,面膜,积雪草面膜,修护+舒缓+清洁,¥132/10片,韩国
0利润尝鲜款.  多款套餐可选择点击看明细，顺丰包邮,,返回数据列数不正确,,,,,,,,
悦芙媞·【暹罗厘普联名】多酸泥膜油皮清洁毛孔深层去黑头白头果酸面膜,,,悦芙媞多酸泥膜,悦芙媞,暹罗厘普联名,面膜,多酸泥膜,清洁+去黑头+控油,¥nan,中国
Biodance·胶原蛋白可睡眠敷凝胶面膜收缩毛孔提亮暗沉补水保湿滋润,,,Biodance胶原蛋白睡眠面膜,Biodance,胶原蛋白,面膜,胶原睡眠面膜,补水+提亮+收缩毛孔,¥0/0ml,日本
El Naturalista·西班牙起色安瓶【紧致抗皱】水光面膜3盒装,258.0,,El Naturalista安瓶紧致抗皱水光面膜,El Naturalista,安瓶,面膜,水光面膜,紧致+抗皱+补水,¥258/3盒,西班牙
FAN BEAUTY DIARY·【防伪可查】低调速拍！胜肽凝时抗皱乳霜面颈膜！紧致天鹅颈4片,,,FAN BEAUTY DIARY胜肽凝时抗皱乳霜面颈膜,FAN BEAUTY DIARY,胜肽凝时,面颈膜,天鹅颈面膜,抗皱+紧致+提拉,¥nan/4片,中国
阿噗噜 · B5水润保湿面膜女深层长效补水玻尿酸舒缓贴片,,,阿噗噜B5水润保湿面膜,阿噗噜,B5,面膜,B5面膜,补水+保湿+舒缓,¥nan/盒,中国
DERMAFIX·【韩国采购！】贵妇面膜尝鲜价4片！（新日期）,,,DERMAFIX贵妇面膜,DERMAFIX,,面膜,贵妇面膜,保湿+修护+紧致,¥/4片,韩国
Torriden·补水高手！韩国桃瑞丹低分子5D玻尿酸精华面膜舒缓保湿水光肌,,,Torriden低分子5D玻尿酸精华面膜,Torriden,低分子5D,面膜,补水高手,补水+舒缓+保湿,¥nan/片,韩国
LANDTREE良萃 · 舒缓清肌安肤面膜补水保湿熬夜维稳去黄提亮收缩毛孔学生官方正品,,,LANDTREE舒缓清肌安肤面膜,良萃,舒缓清肌,面膜,安肤面膜,补水+保湿+舒缓,¥0/0ml,中国
韩伦美羽 · 祛痘修护面膜清痘控油舒缓平价面膜补水收缩毛孔壬二酸保湿面膜,,,韩伦美羽祛痘修护面膜,韩伦美羽,,面膜,祛痘面膜,祛痘+控油+舒缓,¥nan/片,中国
FAN BEAUTY DIARY·范爷同款！FanBeauty范冰冰同款海葡萄涂抹面膜清洁泥膜清补CP,,,FanBeauty海葡萄补水面膜,FanBeauty,海葡萄,面膜,范爷同款,补水+清洁,¥158/50g,中国
肌肤未来·光透酵醒乳敷涂抹面膜40g保湿补水提亮肤色修护舒缓,,,肌肤未来光透酵醒乳敷涂抹面膜,肌肤未来,光透酵醒,面膜,酵醒面膜,保湿+提亮+修护,¥/40g,中国
奥伦纳素 · 【爆款晚安冻膜回归】现货开售 免洗睡眠冻膜次抛2盒 紧致补水,,,奥伦纳素晚安冻膜,奥伦纳素,,冻膜,豆腐霜,紧致+补水+免洗,¥/50ml,美国
AIONAYI · 十全大补面膜 补水保湿收缩毛孔焕亮细嫩熬夜修护涂抹式青春面膜,158.0,,AIONAYI十全大补面膜,AIONAYI,十全大补,面膜,十全大补面膜,补水+保湿+修护,¥158/75ml,中国
欧利芙洋·【韩国采购】numbuz：m数字面膜3号（4片一盒）新日期！,49.0,,numbuz:3号高蛋白营养面膜,numbuz,No.,面膜,数字面膜3号,补水+提亮+修复,¥49/4片,韩国
其它 · 川字纹贴皱眉贴法令纹贴眉间纹贴眼角纹舒展川字纹舒展眉心贴,,,川字纹贴,其它,,贴片,皱眉贴,紧致+抗皱+提拉,¥0/0,中国
香的秘密·烟酰胺温和补水面膜（纯亏，拍10片包邮）,1.0,,香的秘密烟酰胺补水面膜,香的秘密,,面膜,,补水+温和,¥1/片,中国
Torriden·桃瑞丹大家族！洁面爽肤水积雪草玻尿酸精华补水面霜棉片提亮面膜,,返回数据列数不正确,,,,,,,,
FAN BEAUTY DIARY · 海葡萄凝水保湿面膜ZB-RC通用,,,FAN BEAUTY海葡萄凝水保湿面膜,FAN BEAUTY,海葡萄,面膜,海葡萄面膜,保湿+补水+舒缓,¥99/5片,中国
Liar·水光多肽胶原蛋白面膜提拉紧致发光肌【孙怡同款】,,,Liar·水光多肽胶原蛋白面膜,Liar,,面膜,水光面膜,提拉+紧致+发光肌,¥/片,中国
SUDTANA·【直播专属】青柠姜黄和大米排毒草本面膜50g/瓶（赠面膜碗）,,,SUDTANA青柠姜黄和大米排毒草本面膜,SUDTANA,,面膜,排毒面膜,排毒+清洁+舒缓,¥nan/50g,泰国
铂鱼 · 铂金三文鱼面膜光电后退红,99.0,,铂鱼铂金三文鱼面膜,铂鱼,铂金,面膜,光电面膜,退红+修复+舒缓,¥99/盒,中国
FAN BEAUTY DIARY·美黎汎｜范爷家超好用的面膜来啦！,8.0,,FAN BEAUTY海葡萄凝水保湿面膜,FAN BEAUTY,海葡萄,面膜,范爷面膜,补水+保湿+修护,¥158/5片,中国
ve · Ve面膜净痘淡斑美白面膜男女保湿美白保湿净痘保湿VVE面膜,79.0,,Ve面膜净痘淡斑美白面膜,Ve,,面膜,VVE面膜,净痘+淡斑+美白,¥79.0/片,中国
孔凤春KOPHENIX·泥膜马齿苋清洁泥膜去黑头闭口净化毛孔清爽控油面膜,,,孔凤春马齿苋清洁泥膜,孔凤春,KOPHENIX,泥膜,马齿苋泥膜,清洁+控油+去黑头,¥/100g,中国
Kahina · 【章小蕙推荐】抗氧化面膜 50mL,,,Kahina抗氧化面膜,Kahina,,面膜,,抗氧化+保湿+修复,¥/50ml,美国
MapleBio枫萃·保湿面膜4片+修护面膜2片,,,MapleBio枫萃保湿修护面膜组合,MapleBio,枫萃,面膜,枫萃面膜,保湿+修护,¥/6片,中国
珀莱雅·双抗2.0精华面膜去黄抗老补水弹润透亮青春精华面膜红宝石/源力,,,珀莱雅双抗精华面膜2.0,珀莱雅,双抗,面膜,双抗面膜,抗老+去黄+补水,¥nan,中国
HEXKIN·韩国专柜正品代购赫诗琴韦雪水光面霜光感塑颜霜紧致抗皱补水,,,HEXKIN韦雪水光面霜,HEXKIN,韦雪,面霜,水光面霜,紧致+抗皱+补水,¥nan/50ml,韩国
养生堂·树汁水润盈亮沁透精华补水面膜2片,,,养生堂桦树汁保湿面膜,养生堂,桦树汁,面膜,树汁面膜,补水+保湿+修护,¥0/2片,中国
SEOMOU施逅 · 【9.9发20片福利款】烟酰胺补水冻干面膜补水面膜没盒子发片装,,,SEOMOU烟酰胺补水冻干面膜,SEOMOU,无,面膜,烟酰胺冻干面膜,补水+美白+修护,¥9.9/20片,中国
果达儿·韩国Goodal青柠VC精华保湿舒缓修护爽肤水面霜眼膜面膜棉片提亮,59.0,返回数据列数不正确,,,,,,,,
可复美 · 水润面膜大水膜紫膜小水库净痘膜舒舒贴油橄榄面膜平价补水保湿,91.0,,可复美水润修护面膜,可复美,水润修护,面膜,大水膜,补水+修护+保湿,¥91/5片,中国
碧春青·纯珍珠粉润肤养颜,,,碧春青纯珍珠粉润肤养颜,碧春青,纯珍珠,润肤霜,珍珠霜,保湿+养颜+提亮,¥NaN,中国
Aubu·分区精雕抗老淡纹''懒人面膜''紧致提拉线雕小V膜5片/盒,,,Aubu分区精雕抗老淡纹懒人面膜,Aubu,分区精雕,面膜,小V膜,抗老+淡纹+紧致,¥nan/5片,中国
京润珍珠·瓶装珍珠粉【直播专享】0402,,,京润珍珠珍珠粉,京润珍珠,,散粉,珍珠粉,美白+控油+定妆,¥/瓶,中国
其他 · 院x软膜粉 一盒8组，送碗和搅拌棒,65.0,,院线软膜粉,,,面膜,软膜粉,清洁+补水,¥65/8组,
ONTOP·【会员试用】小花茉莉洁颜膏旗舰店（每个ID限一份）,,,ONTOP小花茉莉洁颜膏,ONTOP,,洁颜膏,小花茉莉洁颜膏,清洁+保湿,¥/50ml,中国
o.metoo·【加量装！】白番茄回春面膜140g（2028）,,,o.metoo白番茄回春面膜,o.metoo,白番茄,面膜,白番茄面膜,美白+提亮+补水,¥/140g,中国
奥伦纳素·明星小美盒 眼面俱到 提亮肤色保湿维稳,269.0,,奥伦纳素明星小美盒,奥伦纳素,明星小美盒,套装,豆腐霜礼盒,提亮+保湿+维稳,¥269/套,美国
芙芙·舒缓隐形痘痘贴/夜间修护痘痘贴,,,芙芙舒缓隐形痘痘贴,芙芙,舒缓隐形,痘痘贴,芙芙痘痘贴,舒缓+隐形+修护,¥nan,中国
111 SKIN · 黑钻紫鎏金玫瑰金冰萃面膜提拉紧致单片高端贵妇降价了！,,,111 SKIN黑钻紫鎏金玫瑰金冰萃面膜,111 SKIN,黑钻紫鎏金,面膜,黑钻面膜,提拉+紧致+修护,¥/片,英国
VT 薇缔 · 韩国微针面膜 细腻毛孔提亮肤色 微晶面膜 100针300针可选,,,VT微晶面膜,VT,微晶,面膜,微针面膜,细腻毛孔+提亮肤色,nan,韩国
ANCOLANY · 安可兰妮活性酶紧致塑颜组合,,,ANCOLANY活性酶紧致塑颜组合,ANCOLANY·安可兰妮,,组合,,紧致+塑颜,nan,中国
SOLOMUAA·施蒂芙  玉肌熬夜发光能量面膜,,,SOLOMUAA·施蒂芙玉肌熬夜发光能量面膜,SOLOMUAA·施蒂芙,玉肌,面膜,熬夜发光面膜,提亮+修护+保湿,¥nan/,中国
EVENSWISS·伊瑞施紧颜面膜10ml,,,EVENSWISS·伊瑞施紧颜面膜10ml,EVENSWISS,紧颜,面膜,紧颜面膜,紧致+提拉+修护,¥/10ml,瑞士
AUSLKA Beauty·澳诗卡120贴六色痘痘贴星星祛痘贴轻薄透气吸脓消痘学生日夜双效,,,AUSLKA Beauty·澳诗卡120贴六色痘痘贴,澳诗卡,,痘痘贴,星星祛痘贴,祛痘+吸脓+透气,¥nan/120贴,澳大利亚
碧春青·纯珍珠粉50g纯珍珠粉50g,,,碧春青·纯珍珠粉50g,碧春青,,珍珠粉,纯珍珠粉,美白+提亮+滋养,¥NaN/50g,中国
skin lane·【红仔仔专享】肌侣大师面膜补水保湿修护滋养紧致淡化细纹法令纹,,,肌侣大师面膜,skin lane,肌侣大师,面膜,红仔仔面膜,补水+修护+紧致,¥nan,中国
BIOHEAL BOH · 韩国BOH 3D提拉面膜热玛吉 补水保湿提亮面膜 胶原蛋白提拉面膜,,,BIOHEAL BOH 3D提拉面膜,BIOHEAL BOH,BOH,面膜,热玛吉面膜,提拉+补水+提亮,¥NaN/片,韩国
逐本·【白月光&三花面膜】三花白月光面膜滋润补水保湿面膜（1盒3片）,,,逐本三花白月光面膜,逐本,三花,面膜,白月光面膜,滋润+补水+保湿,¥/3片,中国
freemay·《妮可专享》舒罗蔻透明质酸防晒长效保湿提亮修护,139.0,,freemay·《妮可专享》舒罗蔻透明质酸防晒,freeemay,舒罗蔻,防晒,舒罗蔻防晒,保湿+提亮+修护,¥139/50ml,韩国
果壳·二裂酵母安瓶面膜精华焕亮肤色温补水保湿男女舒缓保湿面膜,,,果壳二裂酵母安瓶面膜,果壳,二裂酵母,面膜,果壳安瓶面膜,焕亮+补水+舒缓,¥nan,中国
其他·肌小素Y用重组源化胶原蛋白面膜,100.0,,肌小素Y用重组源化胶原蛋白面膜,肌小素,Y用,面膜,胶原蛋白面膜,补水+修护+抗皱,¥100/盒,中国
绽妍JUYOU·【啾鼠专属】绽妍三重蛋白补水精华面膜缓解维稳舒缓屏障DR1,,,绽妍三重蛋白补水精华面膜,绽妍,三重蛋白,面膜,啾鼠面膜,补水+舒缓+修护,¥nan/盒,中国
HEXKIN · 赫诗琴童颜胶原炮灌注面膜活性抗皱紧致保湿面膜（白色）,199.0,,HEXKIN·赫诗琴童颜胶原炮灌注面膜,HEXKIN,童颜胶原炮,面膜,胶原炮面膜,抗皱+紧致+保湿,¥199/盒,中国
Torriden · 现货人肉 韩国本土版 面膜玻尿酸低分子韩国补水保湿积雪草面膜,69.0,,Torriden低分子玻尿酸积雪草面膜,Torriden,,面膜,无,补水+保湿+舒缓,¥69/片,韩国
达肤妍 · 海葡萄面膜保湿补水修护舒缓润肤修护冻干小分子玻尿酸护肤,,,达肤妍海葡萄保湿修护面膜,达肤妍,海葡萄,面膜,海葡萄面膜,保湿+修护+舒缓,¥nan/片,中国
理肤天使·【韩承浩】喜马拉雅玫瑰盐 毛孔黑头清洁泥膜棒,,,理肤天使喜马拉雅玫瑰盐毛孔黑头清洁泥膜棒,理肤天使,,清洁泥膜,玫瑰盐泥膜,清洁+去黑头+控油,¥/30g,韩国
我的元气·夜绷带面膜v脸提拉紧致分区抗皱修护补水暗沉去黄提亮面膜[直播],,,我的元气·夜绷带面膜,暂无关联品牌,,面膜,夜绷带面膜,提拉紧致+抗皱修护+补水,¥NaN/片,
帅楠·【直播专享】睡眠额头贴吕良伟代言抗皱贴抬头纹额头贴川字纹,199.0,,额头抗皱贴,帅楠,,贴片面膜,额头贴,抗皱+紧致,¥199/盒,中国
Torriden · 小猴子同款桃瑞丹玻尿酸棉片80片低分子局部补水面膜 积雪草棉片,,,Torriden低分子玻尿酸积雪草棉片,Torriden,低分子,棉片,小猴子同款,补水+舒缓+修护,¥NaN/80片,韩国
Easyderm·【妮可专属】韩国大熊制药镁针微针痘痘贴祛痘贴痘印油痘肌,79.0,,Easyderm·【妮可专属】韩国大熊制药镁针微针痘痘贴,大熊制药,Easyderm,痘痘贴,镁针痘痘贴,祛痘+修复+隐形,¥79/24片,韩国
薇诺娜·【胶原冻干面膜】新品上市舒缓速修修护保湿退红,,,薇诺娜胶原冻干面膜,薇诺娜,胶原,面膜,冻干面膜,舒缓+修护+保湿,¥nan/片,中国
FARMACY·【直播专属】冰奶绿面膜50ml 200+跳水!巨折 22.4月产,35.0,,FARMACY冰奶绿面膜,FARMACY,,面膜,冰奶绿面膜,舒缓+补水+清洁,¥35/50ml,美国
瑞欧泉·睡眠面膜水光面膜旅行装试用装10g,,,瑞妍水光睡眠面膜,瑞妍,水光,睡眠面膜,水光面膜,补水+修护+提亮,¥0/10g,瑞士
奥伦纳素·【凯哥专属】冰白面膜焕肤28组 救急焕亮 弹嫩细肤,2084.0,,奥伦纳素冰白面膜,奥伦纳素,冰白,面膜,冰白面膜,焕肤+焕亮+弹嫩,¥2084/28组,美国
珂岸 · 【张瑶推荐】华熙生物舒缓保湿积雪草全肤质舒缓面膜保湿贴片面膜,,,珂岸积雪草舒缓保湿面膜,珂岸,积雪草,面膜,积雪草面膜,舒缓+保湿+修护,¥0/片,中国
FAN BEAUTY DIARY·范冰冰贴片面膜眼膜！补水保湿提亮熬夜必备！散装特价,,,FAN BEAUTY DIARY海葡萄凝水保湿面膜,FAN BEAUTY,海葡萄,贴片面膜,海葡萄面膜,补水+保湿+提亮,¥158/5片,中国
菜鸟和配方师·【狗甜儿专属】三重酶抛光面膜 紧致抗皱保湿补水滋润肌肤面膜,,,菜鸟和配方师三重酶抛光面膜,菜鸟和配方师,三重酶,面膜,抛光面膜,紧致+抗皱+保湿,¥NaN,中国
o.metoo·【直播专属】冰美式面膜 内里30片 巨大一袋！,,,o.metoo冰美式面膜,o.metoo,,面膜,冰美式面膜,补水+舒缓+清洁,¥/30片,中国
stridex · 水杨酸棉片55片/盒祛痘痘去闭口粉刺黑头,,,Stridex水杨酸棉片,Stridex,,棉片,水杨酸棉片,祛痘+去闭口+清洁,¥55/55片,美国
花寂 · 轻感净肤精油泥膜清洁泥膜清洁面膜涂抹面膜芳疗去黑头养肤不拔干,,,花寂轻感净肤精油泥膜,花寂,轻感净肤,泥膜,精油泥膜,清洁+去黑头+养肤,¥nan,中国
stridex·水杨酸棉片祛痘痘闭口黑头酸收缩毛孔刷湿敷,,,Stridex水杨酸棉片,Stridex,,棉片,水杨酸棉片,祛痘+去闭口+清洁,¥69/55片,美国
OTHER·G*K玻尿酸面膜胶原修护保湿熬夜早安5分急救*三包  1583,,,OTHER·G*K玻尿酸面膜胶原修护保湿熬夜早安5分急救*三包,,,,面膜,,¥1583/三包,
听研·爆款推荐 依克多因舒缓保湿面膜,,,听研依克多因舒缓保湿面膜,听研,依克多因,面膜,依克多因面膜,舒缓+保湿+修护,¥0/片,中国
REJURAN · 丽珠兰 三文鱼 紧致面霜 水乳 面膜补水保湿提亮肤色改善毛孔,,,丽珠兰三文鱼紧致面霜,丽珠兰,REJURAN,面霜,三文鱼面霜,紧致+补水+保湿,¥NaN/50ml,韩国
珀莱雅·【38返场】双抗精华面膜2.0补水弹润透亮抗氧抗糖直播专享,,,珀莱雅双抗精华面膜2.0,珀莱雅,双抗,面膜,双抗面膜,补水+抗氧+抗糖,¥/片,中国
MEDATURE·褒曼针管密集修润水光涂抹面膜8ml 焕亮水光护理【慢慢专属】,,,MEDATURE褒曼医生4号针管密集修润水光涂抹面膜,MEDATURE,褒曼医生,面膜,褒曼针管面膜,修护+焕亮+保湿,¥8/8ml,美国
可复美·重组胶原蛋白修护贴舒缓泛红敏感肌贴片面膜5片/盒,,,可复美重组胶原蛋白敷料,可复美,重组胶原蛋白,面膜,胶原蛋白面膜,修护+舒缓+保湿,¥198/5片,中国
馥珮·面膜补水保湿滋润净爽亮颜蚕丝白茶提亮面贴膜正品国货,,,馥珮白茶蚕丝面膜,馥珮,白茶,面膜,白茶面膜,补水+保湿+提亮,¥nan,中国
Cible Skin·悉源地Cible skin保湿修复全效面膜,,,Cible Skin保湿修复全效面膜,Cible Skin,悉源地,面膜,全效面膜,保湿+修复,¥0/0ml,中国
羽素·安修祛痘面膜补水修复调理痘肌减少反复舒缓修护全脸红肿痘敏感肌,,,羽素安修祛痘面膜,羽素,安修,面膜,祛痘面膜,祛痘+修护+舒缓,¥0/0ml,中国
Dr.Jart+·【全新有盒 防伪可查】蓝色药丸面膜（2025/5）,22.0,,Dr.Jart+蓝色药丸面膜,Dr.Jart+,蓝色药丸,面膜,蓝药丸,补水+保湿+舒缓,¥22/1片,韩国
柔恩莱·【独岛去黑头鼻膜贴】10片5组温和清洁保湿,,,柔恩莱独岛去黑头鼻膜贴,柔恩莱,独岛,鼻膜贴,独岛鼻膜,清洁+去黑头+保湿,¥/10片,韩国
京润珍珠·玻尿酸补水保湿面膜【直播专享】【0305】,,,京润珍珠玻尿酸补水保湿面膜,京润珍珠,玻尿酸,面膜,珍珠玻尿酸面膜,补水+保湿,¥nan/片,中国
CISU · 【9.9到手20片】黄瓜积雪草面膜补水保湿平衡水油面膜发片装面膜,,,CISU黄瓜积雪草面膜,CISU,,面膜,积雪草面膜,补水+保湿+平衡水油,¥9.9/20片,中国
SDX·玻色因紧致弹润淡纹贴淡化嘴角细纹法令纹贴膜直播链接,234.0,,玻色因紧致弹润淡纹贴,SDX,,贴膜,法令纹贴,紧致+淡纹+弹润,¥234/盒,中国
伊肤泉·【巨折清】大魔王面膜清仓大捡漏！巨补水巨提亮，谁用谁爱！,,,伊肤泉大魔王面膜,伊肤泉,,面膜,大魔王面膜,补水+提亮,¥0/0ml,中国
LANDTREE良萃 · 葡萄籽焕颜臻粹奢宠面膜 马齿苋玻尿酸补水保湿重焕光彩青春,,,LANDTREE良萃葡萄籽焕颜臻粹奢宠面膜,LANDTREE良萃,葡萄籽焕颜臻粹,面膜,葡萄籽面膜,补水+保湿+焕颜,¥nan,中国
毕生之研·【大促】冻膜/冻膜pro 水杨酸涂抹面膜去闭口粉刺黑头控油祛痘DB,,,毕生之研水杨酸冻膜Pro,毕生之研,Pro,面膜,水杨酸冻膜,控油+祛痘+去闭口,¥NaN,中国
歌如兰·【推荐】酵母空气感面膜肌底液玻尿酸补水去暗沉熬夜去黄嫩肤舒缓,,,歌如兰酵母空气感面膜肌底液,歌如兰,,肌底液,酵母面膜,补水+去黄+舒缓,¥/30ml,中国
GIK · 胶原修护保湿面膜韩国进口  42片,69.0,,GIK胶原修护保湿面膜,GIK,,面膜,胶原面膜,保湿+修护+补水,¥69/42片,韩国
愈感 · 壳聚糖密集修护面膜紧致保湿温和舒缓敏感肌奶皮涂抹软膜粉,368.0,,愈感壳聚糖密集修护面膜,愈感,愈感,面膜,奶皮面膜,修护+保湿+舒缓,¥368/50g,中国
氧肤时光 · 肌肽睡眠面膜免洗补水保湿夜间莹润官方旗舰店,,,氧肤时光肌肽睡眠面膜,氧肤时光,肌肽,睡眠面膜,肌肽面膜,补水+保湿+修护,¥/50ml,中国
其他 · 韩国UGLY LOVELY以丑变美涂抹面膜100ml提亮毛孔护理保湿提亮,85.0,,UGLY LOVELY涂抹面膜,UGLY LOVELY,,面膜,丑面膜,保湿+提亮+清洁,¥85/100ml,韩国
AXXZIA·<无门槛福利>MW面膜×2片,90.0,,AXXZIA晓姿MW面膜,AXXZIA,MW,面膜,MW面膜,补水+提亮,¥90/2片,日本
东边野兽·专享-灵芝孢子净养泥膜,,,东边野兽灵芝孢子净养泥膜,东边野兽,专享,泥膜,灵芝泥膜,清洁+滋养+修护,¥/50ml,中国
循理·【醒醒吖专属】焕颜净透清肤清洁泥膜收缩毛孔去黑头涂抹面膜,,,循理焕颜净透清肤清洁泥膜,循理,焕颜净透,面膜,醒醒泥膜,清洁+收缩毛孔+去黑头,¥/100ml,中国
UIR·复活草祛痘修护面膜淡化痘印补水舒缓保湿女修护推荐,,,UIR复活草祛痘修护面膜,UIR,复活草,面膜,复活草面膜,祛痘+修护+保湿,¥0/0ml,中国
prosubase·多维抗皱紧致精华面膜,100.0,,prosubase·多维抗皱紧致精华面膜,prosubase,多维抗皱紧致,面膜,抗皱面膜,抗皱+紧致+保湿,¥100/片,中国
欧花集 · ohj水杨酸棉片洁颜调理棉片皮肤细致补水保湿舒润毛孔刷混干油皮,83.0,,欧莱雅水杨酸调理棉片,欧莱雅,,棉片,水杨酸棉片,清洁+控油+细致毛孔,¥83/50片,法国
珀莱雅·【到手两盒！超好用！】有盒无盒随机发！透润安肤面膜！（2027）,35.0,,珀莱雅透润安肤面膜,珀莱雅,透润安肤,面膜,安肤面膜,舒缓+修护+保湿,¥35/盒,中国
FARMACY · 何超莲推荐·美国法沫溪蜂蜜面膜熬夜急救抗氧化 丝F兰断货王,39.0,,FARMACY蜂蜜抗氧化补水面膜,FARMACY,,面膜,蜂蜜面膜,抗氧化+补水+急救,¥39/50g,美国
京润珍珠·玻尿酸补水保湿面膜【直播专享】,,,京润珍珠玻尿酸补水保湿面膜,京润珍珠,玻尿酸,面膜,珍珠玻尿酸面膜,补水+保湿+修护,¥99/5片,中国
希睿达·水杨酸面膜复合酸净肤面膜果酸改善肤质去角质【院线同款】,268.0,,希睿达水杨酸复合酸净肤面膜,希睿达,,面膜,复合酸面膜,去角质+改善肤质+净肤,¥268/50ml,中国
孔凤春KOPHENIX·面膜马齿苋舒缓面膜补水保湿舒缓清爽换季敏感肌面膜国货,,,孔凤春马齿苋舒缓面膜,孔凤春,KOPHENIX,面膜,马齿苋面膜,舒缓+补水+保湿,¥nan/片,中国
克奥妮斯·【Hannah专属】仙人掌玻尿酸透皮眼膜 7000可溶微晶保湿抗皱紧致,,,克奥妮斯仙人玻尿酸透皮眼膜,克奥妮斯,Hannah专属,眼膜,仙人掌眼膜,保湿+抗皱+紧致,¥7000/盒,日本
ESSENHERB·韩国小众Essenherb爱仙赫泊补水保湿修护舒缓肌肤贴片面膜,,,ESSENHERB补水保湿修护舒缓面膜,ESSENHERB,爱仙赫泊,面膜,无,补水+修护+舒缓,¥nan/片,韩国
百花萃·【品牌专场】墨红面膜补水保湿褪红敏感肌可用-小水梨,,,百花萃墨红玫瑰水润修护面膜,百花萃,墨红玫瑰,面膜,小水梨,补水+保湿+修护,¥99/5片,中国
可复美·【达人专属】重组胶原蛋白修复敷料 40g,,,可复美重组胶原蛋白修复敷料,可复美,重组胶原蛋白,面膜,胶原蛋白敷料,修复+保湿+舒缓,¥/40g,中国
Dalton·【两只小狗六专属】德海顿肌肤均密 牡蛎面膜50ml,,,德海顿肌肤均密牡蛎面膜,德海顿,肌肤均密,面膜,牡蛎面膜,保湿+修护+提亮,¥NaN/50ml,中国
养生堂·【小绿膜】水润沁透面补水保湿小绿膜舒缓,,,养生堂桦树汁保湿面膜,养生堂,桦树汁,面膜,小绿膜,补水+保湿+舒缓,¥nan,中国
成分星球 · 水杨酸棉片琥珀酸祛痘控油修护去角质黑头湿敷清爽,,,成分星球水杨酸祛痘棉片,成分星球,,棉片,水杨酸棉片,祛痘+控油+去角质,¥nan/,中国
JCprogram自由之丘·【店播专属】塑颜温感面膜紧致保湿淡纹提升下颌线抗皱30ml,,,JCprogram塑颜温感面膜,JCprogram,自由之丘,面膜,塑颜面膜,紧致+保湿+抗皱,¥nan/30ml,日本
FULLY·毛孔深洁泥膜洁面二合一 | 绿番茄清洁面膜去角质黑白头洗面奶,98.0,,FULLY·毛孔深洁泥膜洁面二合一,FULLY,,清洁面膜,绿番茄清洁面膜,清洁+去角质+控油,¥98/100ml,中国
MEDI-PEEL 美蒂菲·【到手22片】九肽丰盈提拉面膜（4盒装赠2片）,99.0,,MEDI-PEEL九肽丰盈提拉面膜,MEDI-PEEL,九肽,面膜,提拉面膜,提拉+紧致+丰盈,¥99/22片,韩国
DERMAFIX·完美真实展现胶原蛋白面膜紧致抗皱补水淡化细纹,399.0,,DERMAFIX完美真实展现胶原蛋白面膜,DERMAFIX,,面膜,胶原蛋白面膜,紧致+抗皱+补水,¥399/盒,韩国
SUDTANA · 【章小蕙推荐】青柠姜黄和大米排毒草本面膜50g/瓶 赠面膜碗,,,SUDTANA青柠姜黄和大米排毒草本面膜,SUDTANA,,面膜,排毒面膜,排毒+清洁+舒缓,¥NaN/50g,泰国
海思诺·【凯哥专属】润颜紧致面膜保湿抗初老逆龄,299.0,,海思诺润颜紧致面膜,海思诺,润颜,面膜,凯哥面膜,保湿+抗老+紧致,¥299/盒,中国
珀莱雅·【面膜25ml/片＃蓝色】源力水屏障面膜 水漾透润安肤面膜 拆盒,,,珀莱雅源力水屏障面膜,珀莱雅,源力,面膜,源力面膜,补水+修护+舒缓,¥25/25ml,中国
SensaV敏飞·【拍3减5，拍5减10元】敏皮救星！保湿舒缓面膜/维稳退红5片/盒,23.0,,SensaV敏飞舒缓保湿面膜,SensaV,敏飞,面膜,敏皮救星面膜,保湿+舒缓+退红,¥23/5片,中国
HEXKIN·赶走细纹！赫诗琴胶原炮面膜灌注面膜改善初老胶原蛋白紧至抗初老,,,HEXKIN胶原炮面膜,HEXKIN,胶原炮,面膜,胶原炮面膜,抗初老+紧致+保湿,¥NaN,中国
