﻿原始产品名,原始价格,产品全称,品牌,产品线,品类,昵称,功效,参考价格,品牌产地,error
pouf！ · 「窒息」玫瑰+粉红胡椒/让存有的悲观情绪缓慢内流,,pouf！ · 「窒息」玫瑰+粉红胡椒/让存有的悲观情绪缓慢内流,,,,,,,,
丸蔻·玫瑰鲜花原液原浆高端纯露抗皱补水滋润提亮肤色500ml,,丸蔻玫瑰鲜花原液原浆纯露,丸蔻,,纯露,玫瑰纯露,补水+提亮+抗皱,¥/500ml,中国,
逐本·【99元任选3瓶】香养精华油基础油滋养面部精油,69.0,逐本香养精华油,逐本,香养,精华油,小油瓶,滋养+修护+保湿,¥69/15ml,中国,
kisstory · 清仓买2送1  角鲨烷面部精油  100ml,20.0,kisstory角鲨烷面部精油,kisstory,,面部精油,角鲨烷油,保湿+修护+滋养,¥20/100ml,中国,
AFU阿芙·【董洁同款】11籽精华油30ml美白油45粒十一籽面霜50g以油养肤Z2,,阿芙11籽精华油,阿芙,11籽,精华油,十一籽油,滋养+修护+提亮,¥299/30ml,中国,
其他·61551 林清轩山茶花润肤油,,林清轩山茶花润肤油,林清轩,山茶花,精华油,山茶花油,修护+滋养+抗老,¥597/30ml,中国,
逐本·【199元任选4瓶】单方精油 香养精油专区合集,88.0,逐本芳香单方精油,逐本,,精油,香养精油,舒缓+修护+香氛,¥88/10ml,中国,
花水匠 · 积雪草纯露 舒缓退红改善痘印修护敏感脆弱肌维稳清爽湿敷水平价,,花水匠积雪草纯露,花水匠,,纯露,积雪草纯露,舒缓+修护+维稳,¥/500ml,中国,
SUDTANA · 姜黄修复精华油30ml（赠品刮痧板）,,SUDTANA姜黄修复精华油,SUDTANA,,精华油,姜黄油,修复+抗氧化+滋养,¥NaN/30ml,泰国,
唐印 · 岳岳的妈妈高山苦橙花纯露天然湿敷水头道饱和纯露500ml 顺丰包邮,55.0,唐印高山苦橙花纯露,唐印,高山苦橙,纯露,苦橙花纯露,补水+舒缓,¥55/500ml,中国,
AFU阿芙·【董洁同款】11籽油30ml+水120ml+乳120g以油养肤 Z2,,阿芙11籽精华油护肤套装,阿芙,11籽,精华油套装,11籽油套装,滋养+修护+保湿,¥/30ml+120ml+120g,中国,
AFU阿芙 · 【董洁同款】11籽精华油3.0新+11籽眼油+玫瑰纯露套组以油养肤 Z1,,阿芙11籽精华油3.0套组,阿芙,11籽,精华油,11籽油套组,滋养+修护+抗老,¥nan,中国,
丸蔻·野生积雪草纯露扫平痘痘痘印晒后修抚补水保湿紧肌肤湿敷水,29.9,丸蔻野生积雪草纯露,丸蔻,,纯露,积雪草纯露,修护+补水+舒缓,¥29.9/瓶,中国,
SUDTANA·【章小蕙专享】舒缓修护面护套组（姜黄修护精华油 30mL+,,SUDTANA姜黄修护精华油,SUDTANA,章小蕙专享,精华油,姜黄油,修护+舒缓+滋养,¥/30ml,泰国,
kisstory · 玫瑰纯露/薰衣草纯露/洋甘菊纯露/薄荷纯露500ml,15.0,,,,,,,,,返回数据列数不正确
天露芬·面部赋活精华油35/15ml（2）-店播链接,,天露芬面部赋活精华油,天露芬,面部赋活,精华油,小油瓶,滋养+修护+抗氧,¥328/15ml,德国,
乔芙丽 · 身体精华油以油养肤滋润补水保湿喷雾推荐秋冬干皮平价学生正品,,乔芙丽身体精华油,乔芙丽,,精华油,养肤精华油,滋润+补水+保湿,¥nan/,中国,
兰小肤·角鲨烷微分子养肤油,,兰蔻小黑瓶精华肌底液,兰蔻,小黑瓶,精华,小黑瓶,修护+保湿+抗老,¥760/30ml,法国,
丸蔻·大马士革玫瑰纯露补水喷雾天然玫瑰花水精油湿敷护肤水,,丸蔻大马士革玫瑰纯露喷雾,丸蔻,大马士革玫瑰,喷雾,玫瑰纯露,补水+舒缓+保湿,¥/100ml,中国,
AFU阿芙·11籽眼油紧致淡纹*2 改善皱纹紧塑眼袋以油养肤Z1,,阿芙11籽紧致淡纹眼油,阿芙,11籽,眼油,11籽眼油,紧致+淡纹+滋养,¥/10ml,中国,
AFU阿芙 · 11籽眼油紧致淡纹改善皱纹紧塑眼袋以油养肤 Z1,,AFU阿芙11籽紧致淡纹眼油,阿芙,11籽,眼油,11籽眼油,紧致+淡纹+滋养,¥/10ml,中国,
时光素颜·皂时光麦子家玫瑰纯露花水天然补水保湿抗皱紧致喷雾爽肤水湿敷水,69.0,时光麦子家玫瑰纯露花水,时光麦子家,,爽肤水,玫瑰纯露,补水+保湿+抗皱,¥69/100ml,中国,
花寂 · 发光精油面膜 紧致抗皱滋养嫩肤补水保湿提亮 芳疗以油养肤,,花寂发光精油面膜,花寂,,面膜,发光面膜,紧致+抗皱+滋养,¥nan,中国,
SUDTANA · 【章小蕙推荐】姜黄修护精华油30mL/瓶 ×2,,SUDTANA姜黄修护精华油,SUDTANA,,精华油,姜黄油,修护+舒缓+滋养,¥/30ml,泰国,
kisstory · 醇皙瓷肌发光油 30%vcip发光瓶30ml/100ml,,kisstory醇皙瓷肌发光油,kisstory,醇皙瓷肌,精华,发光瓶,美白+抗氧化+提亮,¥nan/30ml,中国,
知和无尤·大马士革玫瑰活性纯露女生植物护肤油皮小众玫瑰花保湿极简,,知和无尤大马士革玫瑰活性纯露,知和无尤,,纯露,玫瑰纯露,保湿+舒缓+控油,¥/100ml,中国,
韩纪·玫瑰紧致抗皱精华油（宠粉）,,韩纪玫瑰紧致抗皱精华油,韩纪,,精华油,玫瑰精华油,紧致+抗皱+滋养,¥/30ml,中国,
Melvita·淡纹抗皱精华油 10ml,,Melvita淡纹抗皱精华油,Melvita,,精华油,蜜葳特精华油,淡纹+抗皱+滋养,¥/10ml,法国,
SUXIEFANG·大马士革玫瑰纯露 提亮肤色  保湿补水 湿敷 爽肤水,,SUXIE FANG大马士革玫瑰纯露,SUXIE FANG,,爽肤水,玫瑰纯露,提亮+保湿+补水,¥/500ml,中国,
菲诗伊人FSYR·马鞭草酮迷迭香纯露2瓶,49.0,菲诗伊人马鞭草酮迷迭香纯露,菲诗伊人,无,纯露,马迷纯露,控油+舒缓+收敛,¥49/100ml,中国,
璞医香 · 法国9号头部舒缓滚珠放松舒缓情绪胡椒薄荷牛至精油Puressentiel,,璞医香法国9号头部舒缓滚珠,Puressentiel,法国9号,滚珠精油,璞医香滚珠,舒缓+放松+清凉,¥nan,法国,
SUDTANA · 【章小蕙推荐】姜黄修护精华油 30mL 赠 玫瑰爱心玉石刮痧板,,SUDTANA姜黄修护精华油,SUDTANA,姜黄,精华油,章小蕙精华油,修护+滋养,¥nan/30ml,泰国,
丸蔻·白月光小白油vc-ip面部精油天然植物配方七子白提亮肤色暗黄肌,,丸蔻白月光小白油VC-IP面部精油,丸蔻,白月光,精油,小白油,提亮+抗氧化+保湿,¥/30ml,中国,
余伯年·【单拍不出】香港护肤甘油露甘油宝 保湿橄榄油,,香港护肤甘油露,余伯年,,护肤油,甘油宝,保湿+滋润,¥N/A,中国香港,
SUDTANA·【章小蕙专享】姜黄修护精华油 30mL 赠 玫瑰爱心玉石刮痧板,,SUDTANA姜黄修护精华油,SUDTANA,章小蕙专享,精华油,姜黄油,修护+滋养+抗氧化,¥/30ml,泰国,
丸蔻·玫瑰精油芳疗师制作抗皱提亮肤色锁细腻毛孔水保湿暗黄松弛,,丸蔻玫瑰精油,丸蔻,,精油,玫瑰精油,抗皱+提亮+保湿,¥/ml,中国,
kisstory · 预售澳洲茶树祛痘精油30ml/100ml,,kisstory澳洲茶树祛痘精油,kisstory,无,精油,茶树精油,祛痘+控油+消炎,¥/30ml,澳大利亚,
alteya·保加利亚奥图玫瑰精油洁面250ml植粹精油香气清新 温和不紧绷,180.0,alteya保加利亚奥图玫瑰精油洁面乳,Alteya Organics,,洁面乳,玫瑰洁面,清洁+保湿+温和,¥180/250ml,保加利亚,
爱得菲·【底妆CP】缓解底妆卡粉暗沉妈生奶油肌妆前油美修全绿,,爱得菲妆前乳,爱得菲,,妆前乳,底妆CP,保湿+提亮+持妆,¥/30ml,中国,
馥珮·馥佩角鲨烷精华油玫瑰白池花精华液抗氧变搭白抗初老补水保湿嫩滑,,馥珮玫瑰白池花精华液,馥珮,馥佩,精华液,玫瑰精华,抗氧+保湿+嫩肤,¥/30ml,中国,
丸蔻·马鞭草酮迷迭香纯露闭口粉刺痘痘控油收毛孔,,丸蔻马鞭草酮迷迭香纯露,丸蔻,,纯露,马迷纯露,控油+收缩毛孔+祛痘,¥/100ml,中国,
皙阁 · XIGE红木籽焕肤油按摩紧致面部刮痧精油脸部养肤精华油,,皙阁红木籽焕肤油,皙阁,红木籽,精华油,红木籽油,紧致+焕肤+滋养,¥/30ml,中国,
嘉莉比奥 · 紧致淡纹眼部精粹油,,嘉莉比奥紧致淡纹眼部精粹油,嘉莉比奥,,眼部精华油,眼部精粹油,紧致+淡纹+滋养,¥/ml,美国,
JEAN D'ESTRÉES·【骞挑万选】法国 玫瑰精华油10ml保湿滋润补水改善干燥以油养肤,,JEAN D'ESTRÉES玫瑰精华油,JEAN D'ESTRÉES,,精华油,玫瑰油,保湿+滋润+以油养肤,¥/10ml,法国,
梦莉娇 · 大马士革玫瑰纯露湿敷保湿喷雾爽肤水小分子大瓶装1100ml,79.0,梦莉娇大马士革玫瑰纯露保湿喷雾,梦莉娇,大马士革玫瑰,爽肤水,玫瑰纯露,保湿+舒缓+补水,¥79/1100ml,中国,
Dr.Lolard+·白桦树发光气泡油,,Dr.Lolard白桦树发光气泡油,Dr.Lolard,白桦树,精华油,气泡油,提亮+保湿+修护,¥/30ml,韩国,
吾植 · 天然库拉索芦荟原液，不加1滴水的护肤水，自然养肤，养出水光肌,76.0,吾植天然库拉索芦荟原液,吾植,,护肤水,芦荟原液,补水+养肤,¥76/100ml,中国,
玉容初 · 藏红花精华油面部抗皱紧致保湿修护,,玉容初藏红花精华油,玉容初,,精华油,藏红花油,抗皱+紧致+修护,¥/30ml,中国,
丸蔻·养出发光皮十一碳亮肤精华芳疗师制作提亮专注暗黄斑点痘印,,丸蔻十一碳亮肤精华,丸蔻,养出发光皮,精华,发光瓶,提亮+淡斑+祛痘印,¥NaN/30ml,中国,
hfp·【出游季】果酸精粹水 果酸毛孔净透爽肤水湿敷水 更修护更嫩肤,,HFP果酸毛孔净透爽肤水,HomeFacialPro,果酸系列,爽肤水,果酸水,去角质+收缩毛孔+修护,¥139/180ml,中国,
丸蔻·【紧肤油】人参玫瑰精华油抗皱面部皱纹鱼尾纹法令纹肌肤精油保湿,,丸蔻人参玫瑰精华油,丸蔻,,精华油,紧肤油,抗皱+保湿+紧致,¥/30ml,中国,
OBAGI·【伊能静专属】蓝瓶C10维C臻护焕亮精华10%精纯VC焕新透亮皮肤,,Obagi C10维C臻护焕亮精华,Obagi,臻护焕亮,精华,蓝瓶C10,焕亮+抗氧化+修护,¥/30ml,美国,
天露芬·赋活面部精华油35ml+眼部精华油15ml组合-店播链接,,天露芬赋活面部精华油+眼部精华油组合,天露芬,赋活,精华油,天露芬精华油组合,滋养+修护+抗老,¥/50ml,德国,
丸蔻·茶树纯露扫平痘痘控油收毛孔闭口粉刺补水含精油湿敷水,,丸蔻茶树纯露,丸蔻,茶树,纯露,茶树纯露,控油+祛痘+补水,¥/150ml,中国,
其他 · ［精华油的链接］,,精华油的链接,,,,,,,,
丸蔻·橙花纯露紧肤补水提亮肤色控油植物爽肤水天然官网正品,,丸蔻橙花纯露,丸蔻,,爽肤水,橙花纯露,补水+提亮+控油,¥/ml,中国,
逐本·【精油CP】香养精油榉木扩香木（ 包邮）,,逐本香养精油榉木扩香木,逐本,香养精油,香薰,,舒缓+助眠+香氛,¥/ ,中国,
熙所·华熙生物淡纹焕亮滚珠精华油淡化细纹紧致抗皱DB,,熙所淡纹焕亮滚珠精华油,华熙生物,熙所,精华油,滚珠精华油,淡纹+焕亮+紧致,¥/30ml,中国,
丸蔻·野生马齿苋纯露马齿笕修抚脆弱别烂脸痘痘粉刺敏敏肌泛红,,丸蔻野生马齿苋纯露,丸蔻,野生马齿苋,纯露,马齿苋纯露,修护+舒缓+保湿,¥NaN,中国,
AFU阿芙 · 【董洁同款】极光玫瑰亮肤精华油+11籽精华油+纯露套组以油养肤Z1,,AFU阿芙极光玫瑰亮肤精华油+11籽精华油+纯露套组,AFU阿芙,极光玫瑰,精华油,极光玫瑰油套组,亮肤+滋养+修护,¥nan,中国,
kisstory · 古法七子白精华油30ml/100ml,29.0,kisstory古法七子白精华油,kisstory,古法七子白,精华油,七子白油,美白+淡斑+保湿,¥29/30ml,中国,
唐印·岳岳的妈妈小产区头道饱和大马士革玫瑰纯露湿敷水爽肤水顺丰包邮,69.0,唐印·岳岳的妈妈小产区头道饱和大马士革玫瑰纯露湿敷水,唐印·岳岳的妈妈,,爽肤水,玫瑰纯露,补水+舒缓+保湿,¥69/100ml,中国,
ENOW·【管姐专属】大马士革玫瑰茉莉鲜花原液细胞液纯露,,ENOW大马士革玫瑰茉莉鲜花原液,ENOW,,纯露,玫瑰茉莉纯露,保湿+舒缓+修护,¥NaN/ml,中国,
天露芬·【早C晚A】赋活面部精华油35ml+美白淡斑精华油35ml组合-店播链接,,,,,,,,,,返回数据列数不正确
美体小铺 · 茶树精油10/20ML退市破产的战豆神器 急救舒缓,,美体小铺茶树精油,The Body Shop,茶树,精油,战豆神器,舒缓+抗菌+急救,¥99/10ml,英国,
敛花萃·1:1浓缩【头道饱和纯露】高浓度纯露合集,,敛花萃·1:1浓缩头道饱和纯露高浓度纯露合集,,,纯露,,补水+舒缓+平衡,¥/ml,,
episteme · 【官方正品】紫源赋能 科技焕颜匀净透亮小p瓶先导美容精华油26ml,,紫源赋能先导美容精华油,Episteme,紫源赋能,精华油,小P瓶,焕亮+修护+抗老,¥/26ml,日本,
FAN BEAUTY DIARY·海葡萄蓝琉璃双肽精粹油,,FAN BEAUTY DIARY·海葡萄蓝琉璃双肽精粹油,FAN BEAUTY,海葡萄,精华油,海葡萄精华油,保湿+修护+抗初老,¥nan,中国,
丸蔻·(紧肤+透亮)大马士革玫瑰气泡精华油精华液半油半水清爽精简护肤,,丸蔻大马士革玫瑰气泡精华油,丸蔻,无,精华油,玫瑰气泡油,紧肤+透亮+清爽,¥NaN,中国,
CQRZEN·（不是吃的）美白精华油,,CQRZEN美白精华油,CQRZEN,,精华油,美白油,美白+提亮+抗氧化,¥/30ml,,
3E·doya dgugu红色cos美瞳 赤红莲神迹红烈焰红西红柿赤夏娜弥生亞失,,3E·doya dgugu红色cos美瞳,,,,,cosplay+美瞳+红色,,日本,
AFU阿芙·大马士革玫瑰纯露补水精油玫瑰水保湿喷雾收缩毛孔爽 Z1,,AFU阿芙大马士革玫瑰纯露,阿芙,大马士革玫瑰,喷雾,玫瑰纯露,补水+保湿+收缩毛孔,¥99/100ml,中国,
芳丽晨·买1送1发两支（一支变色+一支无色）玫瑰花油唇膏植物油+芳香精油,,玫瑰花油唇膏,芳丽晨,,唇膏,变色唇膏,滋润+变色+芳香,¥/支,中国,
AFU阿芙 · 极光玫瑰亮肤精华油45粒+45粒 美白提亮以油养肤 Z1,,AFU阿芙极光玫瑰亮肤精华油,AFU阿芙,极光玫瑰,精华油,极光油,美白+提亮+以油养肤,¥/45粒,中国,
trilogy·新西兰萃乐活经典玫瑰果油修护滋润精华油适合干皮敏感肌45ml,,萃乐活经典玫瑰果油修护精华油,Trilogy,经典系列,精华油,玫瑰果油,修护+滋润+抗氧化,¥nan/45ml,新西兰,
薇家·白雪公主精油沙棘果茉莉精华油10ml,,薇诺娜舒敏保湿修护精华液,薇诺娜,舒敏保湿,精华液,小棕瓶,修护+保湿+舒缓,¥298/30ml,中国,
林清轩 · 山茶花润肤油15ml修护精华油3.0 山茶花时光修护精华霜黑金霜15ml,,,,,,,,,,返回数据列数不正确
SUXIEFANG·荷包蛋福袋 【荷包蛋  弹嫩水光肌】,,SUXIEFANG荷包蛋福袋,SUXIEFANG,,福袋,荷包蛋福袋,弹嫩+水光肌,nan,中国,
怦然九月 · 积雪草纯露湿敷水淡化痘印舒缓敏感晒后修护保湿痘肌敏感肌300ml,68.0,怦然九月积雪草纯露湿敷水,怦然九月,,爽肤水,积雪草纯露,舒缓+修护+保湿,¥68/300ml,中国,
天露芬·美白淡斑精华油 15ml/35ml （2）-店播链接,,天露芬美白淡斑精华油,天露芬,,精华油,美白油,美白+淡斑+修护,¥328/30ml,德国,
丸蔻·迷迭香火山泥膜芳疗师制作精油清洁面膜闭口粉刺毛孔粗大,,丸蔻迷迭香火山泥膜,丸蔻,迷迭香,面膜,火山泥膜,清洁+控油+收缩毛孔,¥0/0,中国,
丸蔻·柠檬纯露补水嫩肤提亮肤色收缩毛孔补充天然VC果酸天然,,丸蔻柠檬纯露,丸蔻,,纯露,柠檬纯露,补水+提亮+收缩毛孔,¥/ml,中国,
宝狄妍·白松露胶原酵母精华油保湿,,宝狄妍白松露胶原酵母精华油,宝狄妍,白松露,精华油,白松露精华油,保湿+修护+滋养,¥/30ml,中国,
丸蔻 · 野生积雪草纯露扫平痘痘痘印晒后修抚补水保湿紧肌肤湿敷水,,丸蔻野生积雪草纯露,丸蔻,野生积雪草,纯露,积雪草纯露,修护+补水+保湿,¥NaN,中国,
SUDTANA·【马总专属】姜黄修复精华油30ml（赠品刮痧板）,,SUDTANA姜黄修复精华油,SUDTANA,,精华油,姜黄油,修复+抗炎+滋养,¥/30ml,泰国,
林清轩·【杨小雪专属】山茶花抗皱紧致修护精华油5.0-派样,,林清轩山茶花修护精华油5.0,林清轩,山茶花,精华油,山茶花油,修护+抗皱+紧致,¥597/30ml,中国,
ReVive·【胡兵专属】赋活润肤抗皱精华油（回春油）30ml,2660.0,ReVive赋活润肤抗皱精华油,ReVive,赋活润肤,精华油,回春油,抗皱+滋润+修护,¥2660/30ml,美国,
Melvita·【肉雯专属】淡纹抗皱精华油 10ml,,Melvita淡纹抗皱精华油,Melvita,,精华油,蜜葳特精华油,淡纹+抗皱+滋养,¥/10ml,法国,
木执 · 玫瑰纯露 玫瑰精油纯露 格拉斯玫瑰纯露,,木执格拉斯玫瑰纯露,木执,格拉斯,纯露,玫瑰纯露,保湿+舒缓+提亮,¥/100ml,中国,
AIONAYI·山茶花植萃美肤油提亮肤色淡化细纹精华油护肤30ml美容院专供,89.0,AIONAYI山茶花植萃精华油,AIONAYI,山茶花植萃,精华油,山茶花油,提亮+淡纹+修护,¥89/30ml,中国,
珂蔓朵·店播【以油养肤】私密时光精华油 深层滋润柔嫩肌肤38,,珂蔓朵私密时光精华油,珂蔓朵,私密时光,精华油,私密油,滋润+柔嫩,¥NaN/38ml,中国,
珂蔓朵·店播【以油养肤】私密时光精华油 深层滋润柔嫩肌肤直降,,珂蔓朵私密时光精华油,珂蔓朵,私密时光,精华油,私密油,滋润+柔嫩+修护,¥NaN/30ml,中国,
Biossance·【章小蕙专享】角鲨烷玫瑰VC精华油 30ml,,Biossance角鲨烷玫瑰VC精华油,Biossance,Squalane + Vitamin C Rose Oil,精华油,玫瑰VC油,提亮+抗氧化+保湿,¥/30ml,美国,
MS.ROSA · 保加利亚新鲜5月第一批头采古法铜锅蒸馏卡赞玫瑰露花水500ml,268.0,MS.ROSA保加利亚玫瑰纯露,MS.ROSA,,花水,玫瑰露,补水+舒缓+提亮,¥268/500ml,保加利亚,
舒缓保湿新宠：洋甘菊纯露，肌肤的温柔呵护者,120.0,洋甘菊舒缓保湿纯露,,,纯露,洋甘菊纯露,舒缓+保湿+补水,¥120/100ml,,
AFU阿芙·【董洁同款】11籽眼油紧致淡纹眼部精华油改善皱纹眼袋以油养肤Z2,,阿芙11籽眼部精华油,阿芙,11籽,眼部精华油,11籽眼油,紧致+淡纹+滋养,¥/15ml,中国,
其他·60013   大马士革玫瑰纯露（400ml）,,大马士革玫瑰纯露,其他·60013,,纯露,,补水+舒缓,¥/400ml,,
野有花 · 积雪草纯露湿敷水修护舒缓泛红敏痘肌爽肤水补水喷雾植物天然花水,,野有花积雪草纯露湿敷水,野有花,,爽肤水,积雪草纯露,修护+舒缓+补水,¥nan,中国,
丸蔻·薰衣草纯露扫平痘痘痘印控油收毛孔补水保湿湿敷水喷雾大瓶,,丸蔻薰衣草纯露,丸蔻,,纯露,薰衣草纯露,控油+祛痘+保湿,¥/500ml,中国,
trilogy·新西兰萃乐活经典玫瑰果油修护滋润精华油适合干皮敏感肌45ml,,萃乐活经典玫瑰果油修护精华油,Trilogy,萃乐活,精华油,玫瑰果油,修护+滋润+抗氧化,¥nan/45ml,新西兰,
Omma·意大利佛手柑单方精油 D221【3.27直播间限时优惠】,,Omma意大利佛手柑单方精油,Omma,,精油,佛手柑精油,舒缓+提神+抗菌,¥/10ml,意大利,
韩纪·【张宇专属】玫瑰紧致抗皱精华油（宠粉）,,韩纪玫瑰紧致抗皱精华油,韩纪,,精华油,玫瑰精华油,紧致+抗皱+滋养,¥/30ml,中国,
舒缓修护必入！胡萝卜籽精油，肌肤维稳小能手,80.0,胡萝卜籽精油,,,精油,,舒缓+修护+维稳,¥80/10ml,,
丸蔻·蓝莲花纯露天然补水保湿提亮肤色植物爽肤水,,丸蔻蓝莲花纯露,丸蔻,蓝莲花,爽肤水,蓝莲花纯露,补水+保湿+提亮,¥/200ml,中国,
PMPM · 【镇店爆款】玫瑰精华油嫩亮提亮护肤油以油养肤面部糖氧双抗,,PMPM玫瑰精华油,PMPM,,精华油,玫瑰油,提亮+抗氧化+滋养,¥/30ml,中国,
鲸选街·院线-集光亮肤VCIP精华油30ml#AE3055,,VCIP集光亮肤精华油,鲸选街,院线,精华油,VCIP油,亮肤+抗氧化+修护,¥/30ml,中国,
玉容初·【导航仪专属】藏红花精华油面部抗皱紧致保湿敏感肌修护30ml,398.0,玉容初藏红花精华油,玉容初,,精华油,藏红花油,抗皱+紧致+修护,¥398/30ml,中国,
AFU阿芙·11籽精华油30ml+美白精华油45粒+11籽水乳以油养肤套组 Z2,,阿芙11籽精华油套组,阿芙,11籽,精华油,以油养肤套组,滋养+修护+美白,¥/30ml+45粒+套组,中国,
赫蔓倪·巴基斯坦黑种草籽精油150毫升 养发防断发祛痘止痒,,赫蔓倪巴基斯坦黑种草籽精油,赫蔓倪,,精油,黑种草籽精油,养发+防断发+祛痘,¥nan/150ml,巴基斯坦,
大马士革玫瑰  冻干 （喝精油） 丰富异黄酮 女人一生的朋友,56.0,大马士革玫瑰冻干精华,暂无,暂无,精华,玫瑰冻干精华,保湿+修护+抗氧化,¥56/瓶,暂无,
俄麦·大师版塑形手持灯大进深大空间高功率5颗灯珠环绕受光快速固化,98.0,,,,,,,,,返回数据列数不正确
天露芬·舒缓修护精华油15ml/35ml（2）-店播链接,,天露芬舒缓修护精华油,天露芬,舒缓修护,精华油,小油瓶,修护+舒缓+滋养,¥328/30ml,德国,
SUXIEFANG·乳香抗皱精华油 彭弹紧致 促进胶原 提升|淡纹|抗皱,,SUXIE FANG乳香抗皱精华油,SUXIE FANG,,精华油,乳香精华油,抗皱+紧致+淡纹,¥NaN/30ml,中国,
逐本·【299家庭健康必入套组】保卫守护香屏净化精油套组,299.0,逐本守护香屏净化精油套组,逐本,守护香屏,精油套组,保卫精油,净化+防护+舒缓,¥299/套组,中国,
玫瑰水溶花胶水，天然精粹，舒缓肌肤干燥泛红,99.0,玫瑰水溶花胶水,,,爽肤水,,舒缓+保湿,¥99/100ml,,
Mauli Rituals·【章小蕙专享】赋活强韧眉毛精华油 10mL,,Mauli Rituals赋活强韧眉毛精华油,Mauli Rituals,赋活强韧,精华油,眉毛精华油,滋养+强韧+修护,¥/10ml,英国,
知和无尤·大马士革玫瑰水油水套装组合,,知和无尤大马士革玫瑰水油水套装组合,知和无尤,,水油套装,玫瑰水油套装,保湿+修护+提亮,¥/ml,中国,
知和无尤·如初大马士革玫瑰沁润精油50ml/100ml,,知和无尤·如初大马士革玫瑰沁润精油,知和无尤,如初,精油,玫瑰精油,保湿+修护+滋养,¥/50ml,中国,
玉容初 · 藏红花赋活水油双相精华油30ml修护提亮,,玉容初藏红花赋活水油双相精华油,玉容初,藏红花赋活,精华油,藏红花精华油,修护+提亮,¥/30ml,中国,
Melvita · 淡纹抗皱精华油奇遇双支装,300.0,Melvita淡纹抗皱精华油,Melvita,奇遇,精华油,蜜葳特精华油,淡纹+抗皱+滋养,¥300/30ml,法国,
宝得娜·睡莲精华油泰国进口抗皱紧致淡纹补水保湿以油养肤正品精华油,,宝得娜睡莲精华油,Bodhi & Birch,,精华油,睡莲油,抗皱+紧致+保湿,¥nan/,泰国,
SUDTANA·【直播专属】姜黄修复精华油30ml（赠品刮痧板）,,SUDTANA姜黄修复精华油,SUDTANA,,精华油,姜黄油,修复+舒缓+抗氧化,¥/30ml,泰国,
PMPM·【重磅上新】黑白松露黑金油酵母滋润焕能精华油紧致淡纹抗老,,PMPM黑白松露黑金油酵母精华油,PMPM,黑白松露,精华油,黑金油,滋润+抗老+淡纹,¥nan,中国,
知和无尤·【星眸】大马士革玫瑰焕亮精油7毫升面部精油,,知和无尤星眸大马士革玫瑰焕亮精油,知和无尤,星眸,精油,玫瑰精油,焕亮+保湿+修护,¥/7ml,中国,
亲近美好·白玫瑰保湿纯露300ml/瓶,,白玫瑰保湿纯露,亲近美好,,纯露,,保湿+舒缓,¥/300ml,中国,
【藏兜里】纯露。,99999.0,藏兜里纯露,藏兜里,,纯露,,补水+舒缓,¥99999/500ml,中国,
六月田 · 新疆伊犁鲜花提炼真实薰衣草精油护肤刮痧香熏植物单方纯精油芳疗,,六月田薰衣草精油,六月田,,精油,薰衣草精油,舒缓+助眠+香薰,¥nan/10ml,中国,
枫缇·向日葵立体紧致修护颈部胶囊精华【安吉专属】,388.0,枫缇向日葵立体紧致修护颈部胶囊精华,枫缇,向日葵,精华,向日葵颈霜,紧致+修护+抗皱,¥388/30ml,新加坡,
肤佰适·【凯哥专属】水飞蓟精华油修护干皮敏感肌护肤植物A醇面部精油,399.0,肤佰适水飞蓟精华油,肤佰适,,精华油,水飞蓟精华油,修护+滋润+抗老,¥399/30ml,中国,
植物国度 · 云南葡萄籽油深层滋润保湿舒缓干燥推背按摩温和基础油,,植物国度云南葡萄籽油深层滋润保湿舒缓基础油,植物国度,云南葡萄籽油,基础油,葡萄籽按摩油,滋润+保湿+舒缓,¥/100ml,中国,
美体小铺·拍2减5元~茶树精油棒痘痘急救棒 痘痘修复 茶树急救棒 2025.10,,美体小铺茶树精油棒,The Body Shop,茶树,精油棒,痘痘急救棒,消炎+祛痘+修复,¥89/2.5ml,英国,
穆春秋·[零添加调肤1：1高饱和精油纯露],,穆春秋零添加调肤1:1高饱和精油纯露,,,,纯露,,,,
天露芬·面部赋活精华油 15ml/35ml  直播链接,278.0,天露芬面部赋活精华油,天露芬,面部赋活,精华油,小油灯,修护+滋养+抗氧,¥278/15ml,德国,
KPC·【爱漂亮的暴躁思专属】天麻敏感肌舒缓修护微晶水官方正品,399.0,KPC天麻敏感肌舒缓修护微晶水,KPC,,爽肤水,天麻水,舒缓+修护+保湿,¥399/150ml,中国,
PMPM·【镇店爆款】玫瑰精华油嫩亮提亮护肤油以油养肤面部糖氧双抗,,PMPM玫瑰精华油,PMPM,,精华油,玫瑰油,提亮+抗氧化+滋养,¥nan,中国,
freiol·福来春季护理|修复维稳倍润保湿面部精华油,,福来面部精华油,Freiol,春季护理,精华油,福来油,修复+维稳+保湿,¥/30ml,德国,
敛花萃·[去黄气提亮】烟酰胺氨甲环酸提亮精华液（芳疗师高定）水疗专用,,敛花萃烟酰胺氨甲环酸提亮精华液,敛花萃,,精华液,去黄气精华,提亮+去黄,¥NaN/30ml,中国,
虞舜佳人·仙人掌靓肤精华油,,虞舜佳人仙人掌精华油,虞舜佳人,,精华油,仙人掌油,保湿+修护+滋养,¥/30ml,中国,
知和无尤·大马士革玫瑰活性精油抗皱紧致,,知和无尤大马士革玫瑰活性精油抗皱紧致,知和无尤,,精油,玫瑰精油,抗皱+紧致+滋养,¥0/0ml,中国,
Oshadhi·保加利亚大马士革玫瑰纯露花水玫瑰水爽肤水,108.0,Oshadhi保加利亚大马士革玫瑰纯露,Oshadhi,保加利亚大马士革玫瑰,爽肤水,玫瑰纯露,补水+舒缓+提亮,¥108/100ml,德国,
Soberbia·【章小蕙直播专享】黄金玫瑰精粹水,,Soberbia黄金玫瑰精粹水,Soberbia,黄金玫瑰,精华水,玫瑰精粹水,保湿+修护+提亮,¥/30ml,中国,
kisstory · 幼龄面部精油瘦脸紧致精油30ml/100ml,20.0,kisstory幼龄面部精油,kisstory,幼龄,精油,瘦脸精油,瘦脸+紧致,¥20/30ml,中国,
Flora · 369平衡油 有机认证 大脑皮肤情绪更年期油蔬汁奶昔巴德维,,Flora 369平衡油,Flora,,精华油,369油,平衡+舒缓+有机,¥NaN/,德国,
Dr.Lolard+·玫瑰精粹露（290ml）,19.9,Dr.Lolard玫瑰精粹露,Dr.Lolard,,精华液,玫瑰精粹露,保湿+舒缓+提亮,¥19.9/290ml,,
KIMTRUE且初·【直播专属】无花果精油系列随机,,KIMTRUE且初无花果精油,KIMTRUE,无花果精油,精油,无花果油,滋养+修护+舒缓,¥/30ml,中国,
Melvita·【老田专属】淡纹抗皱精华油 10ml,,Melvita淡纹抗皱精华油,Melvita,,精华油,蜜葳特精华油,淡纹+抗皱+滋养,¥nan/10ml,法国,
丸蔻·玫瑰精油凝胶糖果 提亮肤色玫瑰丸子,,丸蔻玫瑰精油凝胶糖果,丸蔻,,凝胶糖果,玫瑰丸子,提亮肤色+抗氧化,¥/粒,中国,
hanaumi花近·敏肌修护精华油面部刮痧精油秋冬抗老护肤油以油养肤,,花近敏肌修护精华油,花近,敏肌修护,精华油,花近精华油,修护+抗老+滋养,¥NaN,中国,
AFU阿芙·11籽精华油3.0套盒+11籽盾小小温润净澈洁颜蜜以油养肤 Z1,,,,,,,,,,返回数据列数不正确
kisstory · 清仓 洋甘菊纯露 伊犁薰衣草薄荷纯露 保湿去痘印控油天然,15.0,kisstory洋甘菊纯露,kisstory,,纯露,洋甘菊纯露,保湿+控油+舒缓,¥15/100ml,中国,
璞医香·【朱丹专属】法国9号头部舒缓滚珠放松舒缓情绪胡椒薄荷牛至精油,,璞医香法国9号头部舒缓滚珠,璞医香,法国9号,滚珠精油,头部舒缓滚珠,舒缓+放松+提神,¥nan/10ml,法国,
天露芬·【章小蕙专享】赋活面部精华油35ml,478.0,天露芬赋活面部精华油,天露芬,赋活,精华油,章小蕙精华油,滋养+修护+抗老,¥478/35ml,德国,
高纯度天然芦荟胶，舒缓保湿修护，肌肤的急救站,99.0,高纯度天然芦荟胶,完美,无,芦荟胶,完美芦荟胶,舒缓+保湿+修护,¥99/40g,中国,
episteme·【王冠】紫源赋能 科技焕颜匀净透亮小p瓶  先导美容精华油 26ml,,episteme紫源赋能精华油,episteme,紫源赋能,精华油,小p瓶,焕亮+修护+抗老,¥/26ml,日本,
天露芬·大马士革玫瑰纯露120ml-店播链接,,天露芬大马士革玫瑰纯露,天露芬,大马士革玫瑰,纯露,玫瑰纯露,补水+舒缓+提亮,¥198/120ml,德国,
PAYOT·浆果多维焕亮精华油30ml+冻膜100ml*2+修护精华油30ml,999.0,,,,,,,,,返回数据列数不正确
SUXIEFANG·玫瑰时光精油 亮白去黄气油敷法滋润不粘腻保湿嫩肤,,SUXIE FANG玫瑰时光精油,SUXIE FANG,玫瑰时光,精油,玫瑰油,亮白+去黄+保湿,¥/30ml,中国,
丸蔻·葡萄籽油进口天然芳疗级冷压榨保湿滋润紧肤面部基础油,,丸蔻葡萄籽面部基础油,丸蔻,,基础油,葡萄籽油,保湿+滋润+紧肤,¥/ml,中国,
AFU阿芙·极光玫瑰精华油+木乃伊黄金油肽精华油套组以油养肤 Z1,,,,,,,,,,返回数据列数不正确
kisstory · 蜜桃舒护油  痔疮精油30ml/100ml,33.0,kisstory蜜桃舒护油,kisstory,,精油,蜜桃油,舒缓+滋润,¥33/30ml,中国,
薇家·官方|蔷薇玫瑰精华油10ml面部保湿脸部精油,,薇诺娜蔷薇玫瑰精华油,薇诺娜,蔷薇玫瑰,精华油,玫瑰油,保湿+修护+滋养,¥198/10ml,中国,
丸蔻·茉莉保湿精华芳疗师制作纯露伴侣补水保湿干燥起皮干纹粗糙,,丸蔻茉莉保湿精华,丸蔻,,精华,茉莉精华,保湿+补水+修护,¥/ml,中国,
玉容初·【水光油】藏红花精华油面部抗皱紧致细嫩水光肌保湿修护【店播】,,玉容初藏红花精华油,玉容初,藏红花,精华油,水光油,抗皱+保湿+修护,¥/30ml,中国,
碧如花·抗皱焕颜水光养肤油【分解油】,49.0,碧如花抗皱焕颜水光养肤油,碧如花,,精华油,分解油,抗皱+焕颜+保湿,¥49/30ml,中国,
科爱元素·【直播专属】IFA国际芳疗师亲调精华油 身体调理芳香精油50ML/瓶,,科爱元素IFA国际芳疗师亲调精华油,科爱元素,IFA国际芳疗师亲调,精华油,芳疗精油,调理+舒缓+芳香,¥nan/50ml,中国,
AFU阿芙·极光玫瑰美白亮肤精华油45粒+45粒【狗甜儿】以油养肤D2,,AFU阿芙极光玫瑰美白亮肤精华油,阿芙,极光玫瑰,精华油,极光油,美白+亮肤+以油养肤,¥/45粒,中国,
皙阁·（卉哒哒专属）直播专属红木籽油100ml面部紧致精华油按摩精油,,皙阁红木籽紧致精华油,皙阁,,精华油,红木籽油,紧致+滋养,¥/100ml,中国,
玉容初·【2.0早提亮晚抗垮】藏红花轮廓精华油水油双相提亮紧致【店播】,,玉容初藏红花轮廓精华油,玉容初,藏红花,精华油,藏红花油,提亮+紧致+抗垮,¥NaN/30ml,中国,
赫蔓倪·巴基斯坦大马士革玫瑰花精油大瓶装150毫升,149.0,赫蔓倪大马士革玫瑰花精油,赫蔓倪,,精油,大马士革玫瑰精油,保湿+修护+舒缓,¥149/150ml,巴基斯坦,
Kahina·【章小蕙推荐】摩洛哥坚果油,,Kahina Giving Beauty摩洛哥坚果油,Kahina Giving Beauty,,精华油,摩洛哥神油,滋养+修护+抗氧化,¥nan,摩洛哥,
枫缇 · 香氛胶囊精华 木质花香 东方玫瑰花香 清甜木质茶香,,枫缇香氛胶囊精华,枫缇,,精华,香氛胶囊,香氛+保湿+滋养,¥/粒,新加坡,
薇家·晚香玉精油珍珠膏50%珍珠粉,,薇诺娜舒敏保湿特护霜,薇诺娜,舒敏保湿,面霜,特护霜,舒敏+保湿+修护,¥268/50g,中国,
英丝媞 · 玫瑰果精华身体滋润油400ml保湿芳香以油养肤,,英丝媞玫瑰果精华身体滋润油,英丝媞,,身体油,玫瑰果油,保湿+芳香+滋养,¥nan/400ml,,
kisstory · 面部玫瑰精华油玫瑰果玫瑰精油30ml/100ml,28.0,kisstory面部玫瑰精华油,kisstory,,精华油,玫瑰精华油,保湿+修护+提亮,¥28/30ml,中国,
植物国度 · 云南甜杏仁油深层滋润干性肌肤润肤按摩抚触基础油,,植物国度云南甜杏仁油深层滋润基础油,植物国度,,基础油,甜杏仁油,滋润+保湿+舒缓,¥/100ml,中国,
花汤草水·苦橙花面部精华油保湿紧致淡纹匀亮面部护理以油养肤,,花汤草水苦橙花面部精华油,花汤草水,,精华油,橙花油,保湿+紧致+淡纹,¥/30ml,中国,
Melvita·【小石頭】淡纹抗皱精华油 10ml,,Melvita小石頭淡纹抗皱精华油,Melvita,小石頭,精华油,小石頭精华油,淡纹+抗皱,¥/10ml,法国,
LAN·兰时光精华油3.0 面部以油养肤 L,,LAN·兰时光精华油3.0,LAN·兰,时光,精华油,时光油,修护+滋养+抗老,¥199/30ml,中国,
枫缇 · 紧肤臀部护理胶囊精华油 抗皱紧致屁屁油蜜桃臀黑屁股印,238.0,枫缇紧肤臀部护理胶囊精华油,枫缇,紧肤,精华油,屁屁油,紧致+抗皱+淡印,¥238/30ml,新加坡,
小巨蛋·[2支混搭精油]椰子玫瑰植物森林漱口精油漱口油提亮清新舒缓DPZB,,小巨蛋·椰子玫瑰植物森林漱口精油,小巨蛋,,漱口精油,小巨蛋漱口油,清新+舒缓+提亮,¥NaN/2支,中国,
MY ORGANICS·【直播专享】有机苦楝树油100ml,,MY ORGANICS有机苦楝树油,MY ORGANICS,,护发油,苦楝树油,滋养+修护+防脱,¥/100ml,意大利,
安蓓芮·白玫瑰精油纯露舒缓肌肤保湿补水大马士革湿敷水,299.0,安蓓芮白玫瑰精油纯露,安蓓芮,白玫瑰,纯露,玫瑰纯露,舒缓+保湿+补水,¥299/500ml,中国,
Biossance·角鲨烷VC玫瑰精油 15ml赠同款玫瑰油12ml,,Biossance角鲨烷VC玫瑰精油,Biossance,角鲨烷VC,精油,玫瑰油,提亮+保湿+抗氧化,¥/15ml,美国,
玉容初·抗氧提亮清爽版精华油 藏红花水油双相精华修护舒缓【店播】,,玉容初藏红花水油双相精华,玉容初,藏红花,精华油,藏红花精华,修护+舒缓+抗氧,¥/30ml,中国,
虞舜佳人·檀香紧致抗皱精华油2个特价,158.0,虞舜佳人檀香紧致抗皱精华油,虞舜佳人,,精华油,,紧致+抗皱,¥158/瓶,中国,
东边野兽·【直播间】第2代灵芝修护淡纹精华油,,东边野兽灵芝修护淡纹精华油,东边野兽,灵芝修护,精华油,灵芝油,修护+淡纹+滋养,¥NaN/30ml,中国,
AFU阿芙·【董董推荐】11籽精华油3.0版  60ml以油养肤抗干老面部护肤 S3,,AFU阿芙11籽精华油3.0版,阿芙,11籽,精华油,11籽油,滋养+抗老+修护,¥/60ml,中国,
梦莉娇 · 大马士革玫瑰纯露湿敷保湿喷雾爽肤水小分子大瓶装1500ml,99.9,梦莉娇大马士革玫瑰纯露保湿喷雾,梦莉娇,,爽肤水,玫瑰纯露,保湿+舒缓+补水,¥99.9/1500ml,中国,
美在心·面部护理玫瑰精华油30ML50ML,168.0,美在心·面部护理玫瑰精华油,美在心,,精华油,玫瑰精华油,保湿+修护+提亮,¥168/30ml,中国,
Revanna · 沉香纯露精粹原液清新淡香保湿补水200ml,188.0,Revanna沉香纯露精粹原液,Revanna,沉香纯露,精华液,沉香精华,保湿+补水+修护,¥188/200ml,中国,
Omma·幽香檀韵滚珠精华油【3.27直播间限时优惠】,,Omma幽香檀韵滚珠精华油,Omma,幽香檀韵,精华油,檀香滚珠油,舒缓+修护+滋养,¥/10ml,中国,
Young Dream · YD高周波祛痘仪祛痘淡印控油亮肤臭氧 电疗仪家用,,Young Dream高周波祛痘仪,Young Dream,YD,美容仪,祛痘仪,祛痘+淡印+控油,¥nan/,中国,
璞医香·法国9号舒缓头痛滚珠放松情绪胡椒薄荷牛至精油Puressentiel,72.0,璞医香法国9号舒缓头痛滚珠,璞医香,法国9号,滚珠精油,头痛滚珠,舒缓+放松+提神,¥72/10ml,法国,
敏心·萃活时光抗皱精华油,499.0,敏心萃活时光抗皱精华油,敏心,萃活时光,精华油,时光油,抗皱+修护+滋养,¥499/30ml,中国,
润熙泉·【骞挑万选】赋颜紧致菁华霜修护精华油试用组合【DR】,,,,,,,,,,返回数据列数不正确
枫缇 · 马卡龙红石榴精华胶囊新加坡BledeFonty南瓜葡萄籽面部精华油蜜桃,,,,,,,,,,返回数据列数不正确
枫缇·【直播专享】新加坡BledeFonty蜜桃精华胶囊胸部精华液精油植物,,枫缇蜜桃精华胶囊,枫缇,BledeFonty,精华,蜜桃胶囊,紧致+滋润+提亮,¥NaN/30ml,新加坡,
Melvita·【BOBO专属】淡纹抗皱精华油 10ml,,Melvita淡纹抗皱精华油,Melvita,,精华油,蜜葳特精华油,淡纹+抗皱+滋养,¥nan/10ml,法国,
WEIJIA LIFE·薇家官方|白雪公主精油沙棘果茉莉精华油10ml保湿,,薇家白雪公主茉莉精华油,薇家,白雪公主,精华油,茉莉油,保湿+修护+滋养,¥/10ml,中国,
玉容初·【导航仪专属】藏红花赋活水油双相精华油30ml修护提亮,378.0,玉容初藏红花赋活水油双相精华油,玉容初,藏红花赋活,精华油,藏红花精华油,修护+提亮,¥378/30ml,中国,
【经典高甜】甜开胃酒樱桃番茄 新手推荐,,甜开胃酒樱桃番茄,,,,,,,,
奶叔选 · 焕颜护肤油 以油养肤 去痘印 痘肌去闭口黑头 收毛孔保湿提亮精油,,奶叔选焕颜护肤油,奶叔选,焕颜,护肤油,焕颜油,去痘印+保湿+提亮,¥NaN/50ml,中国,
The Ordinary·【达播】100%植物角鲨烷精华油角鲨烷油面部精油30ml以油养肤,94.0,The Ordinary 100%植物角鲨烷精华油,The Ordinary,,精华油,角鲨烷油,保湿+修护+滋养,¥94/30ml,加拿大,
克奈圃 · Kneipp紫葡萄籽淡化颈纹精华油提拉紧致抗初老平滑细纹-小红书,,克奈圃紫葡萄籽精华油,Kneipp,,精华油,葡萄籽油,提拉紧致+抗初老+淡化细纹,¥/30ml,德国,
小猪当康手作 · 洁面洗澡慕斯·0添加·无水配方鲜花纯露制作·孕妇新生儿敏肌都可用,36.0,小猪当康手作洁面洗澡慕斯,小猪当康,手作,洁面慕斯,,清洁+温和,¥36/150ml,中国,
天露芬·【章小蕙专享】美白淡斑精华油35ml,778.0,天露芬美白淡斑精华油,天露芬,,精华油,小灯泡精华油,美白+淡斑+修护,¥778/35ml,德国,
freiol·福来直播专享倍润保湿面部精华油,,福来倍润面部精华油,Freiol,倍润,精华油,福来油,保湿+修护+滋养,¥/30ml,德国,
PMPM·【重磅上新】黑白松露黑金油酵母滋润焕能精华油紧致淡纹抗老,,PMPM黑白松露黑金油酵母精华油,PMPM,黑白松露,精华油,黑金油,滋润+抗老+淡纹,¥nan/,中国,
天露芬·紧致抗皱精华油面膜-店播链接,,天露芬紧致抗皱精华油面膜,天露芬,紧致抗皱,面膜,精华油面膜,紧致+抗皱+滋养,¥/ml,德国,
MURAD·【佳俊专属】视黄醇青春焕颜精华油30ml保湿抗皱,1196.0,Murad视黄醇青春焕颜精华油,Murad,视黄醇青春焕颜,精华油,视黄醇油,抗皱+保湿+修护,¥1196/30ml,美国,
AFU阿芙·11籽双养精华(30g+30g)抗皱紧致以油养肤  Z1,,AFU阿芙11籽双养精华,AFU阿芙,11籽,精华,11籽精华,抗皱+紧致+以油养肤,¥/30g,中国,
静芙·【院线级品牌】玫瑰精油面部按摩抗皱紧致脸部刮痧护肤精华油,69.0,静芙玫瑰精油面部按摩油,静芙,,精华油,玫瑰精油,抗皱+紧致+滋养,¥69/30ml,中国,
Melvita·淡纹抗皱精华油 10ml,,Melvita淡纹抗皱精华油,Melvita,,精华油,蜜葳特精华油,淡纹+抗皱+滋养,¥nan/10ml,法国,
丸蔻·乳香纯露平滑鱼尾纹法令纹紧肤补水保湿爽肤水,,丸蔻乳香纯露爽肤水,丸蔻,乳香纯露,爽肤水,乳香纯露,补水+保湿+紧肤,¥NaN,中国,
AFU阿芙·11籽眼油紧致淡纹+木乃伊精华油42粒套组 改善皱纹以油养肤Z1,,AFU阿芙11籽眼油紧致淡纹+木乃伊精华油42粒套组,阿芙,11籽+木乃伊,眼部精华油,11籽眼油,紧致+淡纹+滋养,¥/42粒,中国,
欧比信·小绿珠·舒缓香茅护肤油,,欧比信舒缓香茅护肤油,欧比信,舒缓香茅,护肤油,小绿珠,舒缓+修护+保湿,¥nan,美国,
meonov · 橙花橄榄精油冷凝露+++,69.0,meonov橙花橄榄精油冷凝露,meonov,,精油冷凝露,,保湿+舒缓+修护,¥69/30ml,韩国,
东边野兽·专享-灵芝修护淡纹精华油,,东边野兽灵芝修护淡纹精华油,东边野兽,灵芝修护,精华油,灵芝油,修护+淡纹+滋养,¥/30ml,中国,
知根本·鼻粘膜精油 10ML加赠10ML,,知本根本·鼻粘膜精油,知本,根本,精油,鼻粘膜精油,修护+舒缓+保湿,¥/10ml,中国,
逐本·【249平价入门精油套组】玫瑰天竺葵乳香真实薰衣草精油套组,249.0,逐本玫瑰天竺葵乳香真实薰衣草精油套组,逐本,,精油套组,入门精油套组,舒缓+修护+平衡,¥249/套,中国,
唯肯·大马士革玫瑰纯露500ml,,唯肯·大马士革玫瑰纯露,唯肯,大马士革玫瑰,纯露,玫瑰纯露,补水+舒缓+提亮,¥/500ml,中国,
arifoglu·土耳其玫瑰精油薰衣草精油石榴籽精油柠檬精油牛油果精油,,arifoglu土耳其玫瑰精油薰衣草精油石榴籽精油柠檬精油牛油果精油,arifoglu,,精油,土耳其五色精油,保湿+修护+提亮,¥NaN/,土耳其,
强生·【粉色款温和润肤油500ml】滋润保湿无外盒,,强生婴儿润肤油,强生,婴儿,润肤油,粉色润肤油,滋润+保湿,¥/500ml,美国,
克丽缇娜 · 胚芽伊油120ml小麦胚芽油e油补水保湿滋养修护抗氧化,,克丽缇娜胚芽伊油,克丽缇娜,胚芽伊油,精华油,E油,补水+抗氧化+修护,¥/120ml,中国台湾,
kisstory · 透骨草艾叶舒畅养护精粹油散结油三伏油30ml/100ml,,kisstory透骨草艾叶舒畅养护精粹油,kisstory,,精油,散结油,舒缓+养护+散结,¥NaN/30ml,中国,
赫蔓倪·巴基斯坦黑种草籽精油150毫升 防断发养发止痒祛痘,128.0,赫蔓倪巴基斯坦黑种草籽精油,赫蔓倪,,精油,黑种草籽精油,防断发+养发+止痒,¥128/150ml,巴基斯坦,
Monica Queen · 莫妮卡抗皱紧致精华油,,莫妮卡女王抗皱紧致精华油,Monica Queen,无,精华油,女王精华油,抗皱+紧致+滋养,¥NaN/30ml,中国,
SUDTANA·【章小蕙直播专享】姜黄修护精华油 30mL,,SUDTANA姜黄修护精华油,SUDTANA,姜黄系列,精华油,章小蕙精华油,修护+滋养,¥nan/30ml,泰国,
丸蔻·德国洋甘菊纯露修抚敏脆红丝干痒补水喷雾湿敷,,丸蔻德国洋甘菊纯露,丸蔻,德国洋甘菊,纯露,洋甘菊喷雾,修护+舒缓+补水,¥/100ml,中国,
Melvita·【小P老师专属】淡纹抗皱精华油 10ml,,Melvita淡纹抗皱精华油,Melvita,,精华油,小P老师精华油,淡纹+抗皱+滋养,¥/10ml,法国,
天露芬·美白淡斑精华油  15ml/35ml   直播链接,428.0,天露芬美白淡斑精华油,天露芬,,精华油,美白油,美白+淡斑+修护,¥428/15ml,德国,
Dr.Lolard+·白桦树发光气泡油,,Dr.Lolard白桦树发光气泡油,Dr.Lolard,,精华油,发光气泡油,提亮+保湿+修护,¥/30ml,韩国,
AFU阿芙·大马士革玫瑰纯露300ml+125ml套组 补水保湿喷雾收缩毛孔爽 Z2,,阿芙大马士革玫瑰纯露,阿芙,大马士革玫瑰,纯露,玫瑰纯露,补水+保湿+舒缓,¥129/300ml,中国,
林清轩·新品爆珠精油~山茶花抗皱舒缓精华油10ml 原699 【油皮，混油皮】,,林清轩山茶花润肤油,林清轩,山茶花,精华油,爆珠精油,抗皱+舒缓+修护,¥699/10ml,中国,
AFU阿芙·11籽淡纹紧致眼部精华油10ml以油养肤D2,,阿芙11籽淡纹紧致眼部精华油,阿芙,11籽,眼部精华油,11籽油,淡纹+紧致+滋养,¥/10ml,中国,
webner · 绿咖去水油身体按摩精华油,,Webner绿咖去水油身体按摩精华油,Webner,绿咖,精华油,绿咖油,去水肿+紧致+滋润,¥NaN/50ml,中国,
AFU阿芙·木乃伊黄金油肽抚纹胶囊精华油抗干老以油养肤抚纹密集修护  Z1,,AFU阿芙木乃伊黄金油肽抚纹胶囊精华油,阿芙,木乃伊黄金油肽,精华油,黄金油肽胶囊,抗老+修护+滋养,¥/30ml,中国,
MU.Belris·施蒂芙 角鲨烷美容渗透油,,MU.Belris·施蒂芙 角鲨烷美容渗透油,MU.Belris,施蒂芙,美容油,角鲨烷油,保湿+修护+渗透,¥/30ml,韩国,
Haa·精华油玫瑰气泡油抗氧化海茴香修护兰花油抗蓝光养肤翡冷翠面部,,Haa玫瑰气泡精华油,Haa,,精华油,气泡油,抗氧化+修护+抗蓝光,¥/30ml,中国,
REN · 送刮痧板 视黄醇精华植物A醇精华油 按摩油面油精油  30ml,89.0,REN植物视黄醇精华油,REN,,精华油,植物A醇精华油,抗老+修护+滋养,¥89/30ml,英国,
玉容初·【导航仪专属】藏红花紧塑精华油眼部精华油面膜套组提拉紧致提亮,888.0,玉容初藏红花紧塑精华油眼部精华油面膜套组,玉容初,藏红花,精华油套组,藏红花套组,紧致+提亮+滋养,¥888/套组,中国,
ENOW·【花花市集专属】大马士革玫瑰茉莉鲜花原液细胞液,,ENOW大马士革玫瑰茉莉鲜花原液细胞液,ENOW,花花市集,原液,玫瑰茉莉原液,保湿+舒缓+修护,¥NaN/50ml,中国,
LAN·【眼面套组】 时光兰花油凤凰油星星眼油油蜜面膜美白抗皱淡纹,,,,,,,,,,返回数据列数不正确
Oshadhi·【福利款】保加利亚玫瑰纯露花水500ml*2套组湿敷水  效期26.2起,,Oshadhi保加利亚玫瑰纯露,Oshadhi,,纯露,玫瑰纯露,补水+舒缓+平衡,¥/500ml,德国,
Biossance·角鲨烷VC玫瑰精油 30ml赠同款玫瑰油15ml*2,,Biossance角鲨烷VC玫瑰精油,Biossance,角鲨烷VC,精油,玫瑰油,提亮+保湿+抗氧化,¥/30ml,美国,
AFU阿芙·极光玫瑰精华油套盒45粒+11籽眼油淡纹紧致+玫瑰纯露以油养肤 Z1,,AFU阿芙极光玫瑰精华油套盒,AFU阿芙,极光玫瑰,精华油,极光玫瑰油,淡纹+紧致+滋养,¥/45粒,中国,
知和无尤·大马士革玫瑰活性纯露500毫升拍3发四,,知和无尤大马士革玫瑰活性纯露,知和无尤,,纯露,大马士革玫瑰纯露,补水+舒缓+修护,¥/500ml,中国,
Aroma Flora·桂花纯露-净化皮肤 白到发光,238.0,桂花纯露,Aroma Flora,,纯露,桂花水,净化+美白,¥238/100ml,中国,
Oshadhi·橙花单方精油稀释做面部精华油按摩油,,Oshadhi橙花单方精油,Oshadhi,,精油,橙花精油,提亮+舒缓+平衡,¥/10ml,德国,
伊帕尔汗·【bobo专属】玫瑰微精油10ml,,伊帕尔汗玫瑰微精油,伊帕尔汗,,精油,玫瑰精油,滋养+修护+舒缓,¥/10ml,中国,
Now Foods·诺奥荷荷巴油118ml基础油护肤卸妆精油jojoba霍霍巴油旗舰店,119.0,Now Foods荷荷巴油,Now Foods,,基础油,霍霍巴油,保湿+卸妆+滋养,¥119/118ml,美国,
穆春秋·芳疗师 [秘密花园少女油],,穆春秋秘密花园少女油,穆春秋,秘密花园,精油,少女油,芳疗+舒缓+滋养,¥NaN/,中国,
Now Foods·拒绝压力胖Relora300mg压力食欲控制胶囊舒缓压力调节皮质醇,,Now Foods Relora 300mg压力食欲控制胶囊,Now Foods,,胶囊,Relora胶囊,舒缓压力+调节皮质醇+控制食欲,¥NaN,美国,
穆春秋·[头道高饱和精油中药纯露],,穆春秋头道高饱和精油中药纯露,穆春秋,,纯露,,保湿+舒缓,,中国,
薇家·茉莉檀香精华油10ml 紧致抗皱 保湿 以油清爽 好吸收 不油腻,68.0,薇诺娜茉莉檀香精华油,薇诺娜,,精华油,茉莉油,紧致+抗皱+保湿,¥68/10ml,中国,
freiol · 德国原装进口福来倍润（倍润面部精华油）脸部护肤补水保湿按摩油,,Freiol倍润面部精华油,Freiol,倍润,精华油,福来油,补水+保湿+滋养,¥NaN/30ml,德国,
薇家·蔷薇玫瑰精华油植物油多种肤质可用,88.0,薇诺娜蔷薇玫瑰精华油,薇诺娜,蔷薇玫瑰,精华油,玫瑰油,保湿+修护+舒缓,¥88/30ml,中国,
梵芙尼·玫瑰精华油面部紧致抗皱水润润肤补水保湿提亮水光肌,,梵芙尼玫瑰精华油,梵芙尼,,精华油,玫瑰油,紧致+抗皱+补水,¥/30ml,中国,
Biossance·角鲨烷视黄醇夜间精华30ml+角鲨烷玫瑰VC精华油15ml,299.0,,,,,,,,,返回数据列数不正确
西植 · 云南眼部精油眼袋眼圈眼角纹精华油保湿提拉紧致复方精油,268.0,西植云南眼部精油,西植,,精油,云南眼部精油,保湿+提拉紧致+淡化黑眼圈,¥268/15ml,中国,
DAISY SKY 雏菊的天空·布兰尼田田专场 大马士革奥图玫瑰纯露318ml,158.0,DAISY SKY大马士革奥图玫瑰纯露,DAISY SKY 雏菊的天空,布兰尼田田,纯露,玫瑰纯露,补水+舒缓+提亮,¥158/318ml,中国,
薇家·大马士革玫瑰檀香精华油10ml保湿以油清爽好吸收不油腻,85.0,薇诺娜大马士革玫瑰檀香精华油,薇诺娜,大马士革玫瑰,精华油,玫瑰油,保湿+修护+舒缓,¥85/10ml,中国,
WEIJIA LIFE·薇家官方|蓝艾菊舒缓精油膏红脸不烫薄皮用植物,65.0,蓝艾菊舒缓精油膏,WEIJIA LIFE·薇家,蓝艾菊,精油膏,蓝艾菊精油膏,舒缓+修护+保湿,¥65/15g,中国,
Biossance·角鲨烷VC玫瑰精油 15ml赠同款玫瑰油12ml,,Biossance角鲨烷VC玫瑰精油,Biossance,角鲨烷VC,精油,玫瑰油,提亮+保湿+抗氧化,¥/15ml,美国,
克奈圃 · 德国有机紫葡萄杏花柔肤紧致淡纹滋养面部按摩油刮痧油身体油100m,,克奈圃德国有机紫葡萄杏花柔肤紧致淡纹滋养面部按摩油,克奈圃,德国有机,按摩油,紫葡萄油,紧致+淡纹+滋养,¥nan/100ml,德国,
天露芬·【章小蕙直播专享】面部赋活精华油 35ml,478.0,天露芬面部赋活精华油,天露芬,,精华油,小油灯,滋养+修护+抗老,¥478/35ml,德国,
episteme·【佳凝专属】紫源赋能 科技焕颜匀净透亮  先导美容精华油 26ml,,紫源赋能先导美容精华油,Episteme,紫源赋能,精华油,紫源油,焕亮+修护+抗老,¥/26ml,日本,
花水匠 · 紫苏纯露 去油补水舒缓肌肤改善毛孔粗大收敛净化毛孔,42.0,花水匠紫苏纯露,花水匠,,纯露,紫苏水,补水+舒缓+收敛,¥42/100ml,中国,
SUXIEFANG·敏感脆弱肌修护 去红舒缓 德国洋甘菊纯露,,SUXIEFANG德国洋甘菊纯露,SUXIEFANG,,纯露,洋甘菊纯露,舒缓+修护+去红,¥/ml,德国,
Omma·保加利亚薰衣草单方精油 D220【3.27直播间限时优惠】,,Omma·保加利亚薰衣草单方精油,Omma,,精油,薰衣草精油,舒缓+助眠+修护,¥/10ml,保加利亚,
AFU阿芙·极光玫瑰美白精华油套盒+美白水乳+眼霜15g+11籽霜50g以油养肤 Z1,,阿芙极光玫瑰美白精华油套盒,阿芙,极光玫瑰,精华油套盒,极光油套盒,美白+提亮+滋养,¥/套,中国,
虞舜佳人·乳香纯露和玫瑰纯露,179.0,,,,,,,,,返回数据列数不正确
Oshadhi·保加利亚大马士革玫瑰纯露花水玫瑰水爽肤水,,Oshadhi保加利亚大马士革玫瑰纯露,Oshadhi,保加利亚大马士革,爽肤水,玫瑰纯露,补水+舒缓+提亮,¥158/500ml,德国,
AFU阿芙·马鞭草酮迷迭香纯露发酵水500ml*2+125ml Z1,,AFU阿芙马鞭草酮迷迭香纯露发酵水,阿芙,马鞭草酮迷迭香,纯露,马迷纯露,控油+收缩毛孔+舒缓,,中国,
WEIAINABI·【肉姐专属】BUQNAH密罗木紧嫩焕采抗皱精华油1ml+刮板（体验装）,,BUQNAH密罗木紧嫩焕采抗皱精华油,BUQNAH,,精华油,密罗木精华油,抗皱+紧致+焕采,¥0/1ml,,
安蓓芮·玫瑰纯露爽肤水舒缓保湿补水浓缩精华水湿敷水提亮肤色精油纯露,,安蓓芮玫瑰纯露爽肤水,安蓓芮,玫瑰纯露,爽肤水,玫瑰纯露水,舒缓+保湿+提亮,¥/ml,中国,
AFU阿芙·【董洁同款】11籽精华油30ml+11籽精华面霜30g以油养肤套组 Z2,,阿芙11籽精华油+11籽精华面霜套组,阿芙,11籽,精华油+面霜,11籽油霜套组,滋养+修护+抗老,¥/30ml+30g,中国,
Dr.Wong·马鞭草酮迷迭香单方精油香气清新透彻甘甜天然植物油香薰,,Dr.Wong马鞭草酮迷迭香单方精油,Dr.Wong,,精油,迷迭香精油,提神+舒缓+香薰,¥/10ml,中国,
林清轩·国货之光~山茶花修护精华油3ml 精油小样面部精华修护 以油养肤,,林清轩山茶花修护精华油,林清轩,山茶花,精华油,山茶花油,修护+滋养+抗老,¥3ml,中国,
Omma·莹润面部植萃精华油【3.27直播间限时优惠】,,Omma莹润面部植萃精华油,Omma,莹润,精华油,植萃油,保湿+修护+滋养,¥/30ml,中国,
SUXIEFANG·乳香抗皱纯露 油敷法淡纹套组,,SUXIE FANG乳香抗皱纯露油敷法套组,SUXIE FANG,,纯露套组,乳香套组,抗皱+淡纹+滋养,¥NaN/,中国,
Cos De BAHA·【糊奔奔】7%果酸爽肤水去角质疏通毛孔嫩肤匀亮控油【2.24发】,,Cos De BAHA 7%果酸爽肤水,Cos De BAHA,,爽肤水,果酸水,去角质+控油+嫩肤,¥NaN/100ml,韩国,
虞舜佳人·仙人掌油和檀香油,150.0,虞舜佳人仙人掌油和檀香油,虞舜佳人,,精华油,,保湿+修护,¥150/30ml,中国,
枫缇·盈润胸部护理胶囊精华【店铺自播】,,枫缇盈润胸部护理胶囊精华,枫缇,盈润,精华,胸部精华,紧致+滋润+提亮,¥/30ml,新加坡,
逐本 · 【1067高阶奢护精油套组】墨红玫瑰净油小花茉莉净油檀香精油套组,1067.0,逐本高阶奢护精油套组,逐本,高阶奢护,精油套组,1067精油套组,修护+滋养+舒缓,¥1067/套组,中国,
知和无尤·如初大马士革玫瑰沁润精油100ml拍3发4,,知和无尤·如初大马士革玫瑰沁润精油,知和无尤,如初,精油,玫瑰精油,保湿+修护+滋养,¥/100ml,中国,
宝狄妍·白松露胶原酵母精华油,,宝狄妍白松露胶原酵母精华油,宝狄妍,白松露,精华油,白松露油,修护+抗老+滋养,¥/30ml,中国,
皙阁·（达人专属）红木籽焕肤油按摩紧致面部刮痧精油脸部养肤精华油,,皙阁红木籽焕肤油,皙阁,红木籽,精华油,红木籽油,紧致+焕肤+滋养,¥NaN/30ml,中国,
SUDTANA·【李若彤专属】姜黄修复精华油30ml（赠品刮痧板）,,SUDTANA姜黄修复精华油,SUDTANA,,精华油,姜黄油,修复+抗老+滋养,¥NaN/30ml,泰国,
AFU阿芙·【抗皱+美白组合】美白淡斑亮肤精华油11籽精华油抗皱以油养肤Z2,,AFU阿芙11籽精华油,阿芙,11籽,精华油,11籽油,抗皱+美白+滋养,¥nan/30ml,中国,
CANVAS · 玫瑰精华纯露 15ML,,CANVAS玫瑰精华纯露,CANVAS,,精华纯露,玫瑰纯露,保湿+舒缓+提亮,¥/15ml,,
MY ORGANICS·【gold萌专属】有机苦楝树油100ml,,有机苦楝树油100ml,MY ORGANICS,,护发油,苦楝树油,滋养+修复+防脱,¥/100ml,意大利,
kisstory · 预售面部拨筋/面部紧致精油30ml/100ml,20.0,kisstory面部紧致精油,kisstory,,精油,拨筋精油,紧致+提拉+舒缓,¥20/30ml,中国,
笙肌 · 自在平衡柏木头皮精油精华液70ml,,笙肌自在平衡柏木头皮精油精华液,笙肌,自在平衡,精华液,柏木头皮精华,控油+舒缓头皮,¥nan/70ml,日本,
丸蔻 · 玫瑰鲜花原液原浆高端纯露抗皱补水滋润提亮肤色500ml,,丸蔻玫瑰鲜花原液原浆纯露,丸蔻,,纯露,玫瑰纯露,补水+提亮+抗皱,¥nan/500ml,中国,
玉容初·【爆款尝鲜】藏红花精华油1ml*2抗皱修护舒缓敏感肌,,玉容初藏红花精华油,玉容初,藏红花,精华油,藏红花油,抗皱+修护+舒缓,¥/1ml,中国,
LAN·兰藏蕴焕白淡斑精萃油 凤凰油3.0  A,,LAN·兰藏蕴焕白淡斑精萃油,LAN·兰,藏蕴焕白,精华油,凤凰油3.0,淡斑+焕白+修护,¥/30ml,中国,
hanaumi花近·【章小蕙直播专享】敏肌修护精华油30ml,,花近修护精华油,花近,,精华油,章小蕙精华油,修护+舒缓+滋养,¥/30ml,中国,
唐印·岳岳的妈妈母菊精华油舒缓敏弱强韧屏障养成健康肌润而不油10ml,69.0,唐印·岳岳的妈妈母菊精华油,唐印·岳岳的妈妈,,精华油,母菊精华油,舒缓+强韧屏障+保湿,¥69/10ml,中国,
虞舜佳人·角鲨烷油3个装特价,120.0,虞舜佳人角鲨烷油,虞舜佳人,,精华油,角鲨烷油,保湿+修护+滋养,¥120/3瓶,中国,
植物主义 · 妊娠油护肤品橄榄油产后生长纹肥胖纹护理按摩油,,植物主义橄榄妊娠护理油,植物主义,,护理油,妊娠油,滋润+修护+淡纹,¥/100ml,中国,
瓣丽婧 · bley护肤油淡化细纹身体油秋冬锁水紧致呵护干燥干皮屑以油养肤,,瓣丽婧护肤油,瓣丽婧,无,护肤油,身体油,滋润+紧致+淡化细纹,¥nan,中国,
DAISY SKY 雏菊的天空·伊能静专属  大马士革奥图玫瑰纯露318ml,158.0,DAISY SKY雏菊的天空大马士革奥图玫瑰纯露,DAISY SKY 雏菊的天空,,纯露,玫瑰纯露,补水+舒缓+提亮,¥158/318ml,中国,
AFU阿芙·马鞭草酮迷迭香纯露发酵水500ml+125ml Z2,,AFU阿芙马鞭草酮迷迭香纯露发酵水,阿芙,马鞭草酮迷迭香,纯露,马迷纯露,补水+控油+舒缓,¥129/500ml,中国,
欧比信·小绿珠·舒缓香茅护肤油,56.0,欧比信小绿珠舒缓香茅护肤油,欧比信,小绿珠,护肤油,小绿油,舒缓+修护+保湿,¥56/10ml,中国,
ALBA GRUPS·【全新升级】ALBAGRUPS保加利亚白玫瑰精油胶囊2.0升级版植萃配方 x3,,ALBAGRUPS保加利亚白玫瑰精油胶囊,ALBAGRUPS,,精油胶囊,白玫瑰胶囊,保湿+修护+抗氧化,¥NaN/30ml,保加利亚,
MY ORGANICS·【大促专享】有机摩洛哥坚果油100ml,,MY ORGANICS有机摩洛哥坚果油,MY ORGANICS,,护发油,摩洛哥油,滋养+修护+柔顺,¥/100ml,意大利,
天露芬·润泽焕亮精华水乳+美白油组合-店播链接,,天露芬润泽焕亮精华水乳+美白油组合,天露芬,润泽焕亮,水乳+精华油组合,天露芬美白油套装,焕亮+美白+滋润,¥/ml,德国,
木执·玫瑰精油 抗皱精油 5%单方精油含量,,木执玫瑰精油,木执,,精油,玫瑰精油,抗皱+滋养+修护,¥/10ml,中国,
AFU·大马士革玫瑰纯露喷雾125ml+300ml【朱丹专属】 D2,169.0,AFU大马士革玫瑰纯露喷雾,AFU,大马士革玫瑰,喷雾,玫瑰纯露喷雾,补水+舒缓+定妆,¥169/425ml,中国,
天露芬·【早P晚R】赋活油35ml+修护油35ml组合-店播链接,,天露芬早P晚R赋活油+修护油组合,天露芬,早P晚R,精华油,双萃油,修护+抗氧+保湿,¥/35ml,德国,
丸蔻·野生艾草纯露收缩毛孔熊猫眼细纹天然植物油花水补水正品,,丸蔻野生艾草纯露,丸蔻,,纯露,艾草纯露,补水+收缩毛孔+舒缓,¥0/0ml,中国,
温钰兔·上新价!新品香水大指缘油栀子花天鹅绒白桃木质调指缘油 30ml正装,45.0,,,,指缘油,,,¥45/30ml,,
东边野兽·【直播间 超值囤芯】灵芝修护淡纹精华油油露替换芯抗皱保湿,,东边野兽灵芝修护精华油,东边野兽,灵芝修护,精华油,灵芝油,修护+抗皱+保湿,¥NaN/30ml,中国,
皙阁·XIGE红木籽油按摩全身通经络紧致面部刮痧精油脸部养肤精华油,,皙阁红木籽精华油,皙阁,红木籽,精华油,红木籽油,滋养+紧致+修护,¥NaN/30ml,中国,
Oshadhi·花香舒缓按摩油保湿身体按摩油精华油以油养肤  效期25.10,198.0,Oshadhi花香舒缓按摩油,Oshadhi,,按摩油,花香按摩油,舒缓+保湿+滋养,¥198/100ml,德国,
薇家·檀香抗皱精华油木香舒缓压力放松心情0香精10ml,68.0,薇诺娜檀香抗皱精华油,薇诺娜,,精华油,檀香精华油,抗皱+舒缓+放松,¥68/10ml,中国,
Mario Badescu skin care·椰子润肤油喷雾147ml*2,139.0,Mario Badescu椰子润肤油喷雾,Mario Badescu,,喷雾,椰子喷雾,保湿+滋润+提亮,¥139/147ml*2,美国,
良牧田坊·【新】碧绿花白千层按摩油10ml【Shine】,,良牧田坊碧绿花白千层按摩油,良牧田坊,,按摩油,白千层油,舒缓+放松,¥/10ml,中国,
花寂·【重磅新品】发光油 3600颗微囊 双抗精华提亮抗皱保湿精油,,花寂微囊发光油,花寂,微囊,精华油,发光油,提亮+抗皱+保湿,¥NaN/30ml,中国,
其他 · 小露珠菁粹露水油同补200ml,75.0,小露珠菁粹露,赫莲娜,菁纯,精华水,小露珠,保湿+修护+提亮,¥75/200ml,法国,
【乳香玫瑰】玫瑰脑袋必入 大气精致玫瑰果酱质感 香薰喷雾,,乳香玫瑰香薰喷雾,,,香薰喷雾,玫瑰脑袋,,¥0/0ml,,
943·【秋冬热卖】白池花焕颜精华油 | 滋养修护抗老紧致舒缓泛红干皮,,943白池花焕颜精华油,943,,精华油,白池花油,滋养+修护+抗老,¥/30ml,中国,
Omma·莹润面部植萃精华油囤货装（2瓶）【3.27直播间送刮痧板】,698.0,Omma莹润面部植萃精华油,Omma,莹润,精华油,植萃油,保湿+修护+滋养,¥349/30ml,中国,
Melvita·【 penny】淡纹抗皱精华油 10ml,,Melvita淡纹抗皱精华油,Melvita,无,精华油,蜜葳特精华油,淡纹+抗皱+滋养,¥nan/10ml,法国,
PMPM·千叶玫瑰粉盾精华水依克多因修护舒缓保湿爽肤水,99.0,PMPM千叶玫瑰粉盾精华水,PMPM,千叶玫瑰,爽肤水,粉盾水,修护+舒缓+保湿,¥99/100ml,中国,
Oshadhi·茉莉精油/原精单方精油稀释做面部精华油身体按摩油,,Oshadhi茉莉单方精油,Oshadhi,,精油,茉莉精油,舒缓+滋养+修护,¥nan/10ml,德国,
3E·小小的一瓶精油经典值得拥有10毫升,146.0,3E经典护肤精油,3E,,精油,小小精油,保湿+修护,¥146/10ml,中国,
kisstory · 舒活调理精油 预售疏肝解郁开心油精油30ml,,kisstory舒活调理精油,kisstory,舒活,精油,开心油,舒压+调理+解郁,¥nan/30ml,中国,
LAN·【油皮抗皱】兰花气泡油保湿滋润以油养肤面部精华油L,,兰花气泡油,LAN,,精华油,气泡油,保湿+抗皱+滋养,¥/30ml,中国,
青姿堂·保加利亚玫瑰纯露乳香纯露洋甘菊纯露茶树纯露橙花纯露迷迭香纯露,,,,,,,,,,返回数据列数不正确
Oshadhi·【小石頭专属】保加利亚大马士革玫瑰纯露花水玫瑰水爽肤水,228.0,Oshadhi保加利亚大马士革玫瑰纯露,Oshadhi,,纯露,玫瑰纯露,补水+舒缓+平衡,¥228/500ml,德国,
欧利芙洋·韩国pinkwonder荷荷巴油精华油50ml以油养肤提拉紧致保湿滋养修护,,欧利芙洋pinkwonder荷荷巴油精华油,欧利芙洋,pinkwonder,精华油,荷荷巴油,滋养+修护+紧致,¥nan/50ml,韩国,
知和无尤·大马士革玫瑰活性精萃液,148.0,知和无尤·大马士革玫瑰活性精萃液,知和无尤,,精华液,玫瑰精萃液,保湿+修护+提亮,¥148/30ml,中国,
freiol · 福来春季护理|礼盒装 香氛美肤精华油+凝时紧致精华油,,福来香氛美肤精华油+凝时紧致精华油礼盒,Freiol,春季护理,精华油,福来精华油礼盒,滋养+紧致+香氛,¥NaN/,德国,
PMPM · 【以油养肤】双玫瑰气泡油修护抗皱紧致保湿褪红油液精华液,199.0,PMPM双玫瑰气泡油精华液,PMPM,双玫瑰,精华液,气泡油,修护+抗皱+保湿,¥199/30ml,中国,
海梨之柒·仙人掌种子油 晚安油 少女油 保湿抗皱补水提亮 刮痧按摩,,海梨之柒仙人掌种子晚安油,海梨之柒,,精华油,少女油,保湿+抗皱+提亮,¥/30ml,中国,
Biossance·100%角鲨烷油100ml赠同款角鲨烷油12ml,,Biossance 100%角鲨烷油,Biossance,,精华油,角鲨烷油,保湿+修护+抗氧化,¥/100ml,美国,
薇家·官方|白兰花珍珠凝露面部保湿爽肤湿敷凝露30ml,78.0,薇诺娜白兰花珍珠凝露,薇诺娜,白兰花,爽肤水,白兰花凝露,保湿+舒缓+提亮,¥78/30ml,中国,
ELEMIS·超级食物精华油15ml,,ELEMIS超级食物精华油,ELEMIS,超级食物,精华油,小绿瓶,滋养+抗氧化+提亮,¥/15ml,英国,
WEIJIA LIFE·薇家檀香抗皱精华油木香舒缓压力放松心情0香精10ml,68.0,薇家檀香抗皱精华油,WEIJIA LIFE,薇家,精华油,檀香精油,抗皱+舒缓+放松,¥68/10ml,中国,
可可恩·【可乐姐专属】摩洛哥屏障修护阿甘油保湿敏感肌干皮精华油60ml,,可可恩摩洛哥屏障修护阿甘油精华油,可可恩,摩洛哥屏障修护,精华油,可乐姐精华油,修护+保湿+屏障,¥nan/60ml,摩洛哥,
Revanna·BUQNAH密罗木紧嫩焕采抗皱精华油,299.0,Revanna·BUQNAH密罗木紧嫩焕采抗皱精华油,Revanna·BUQNAH,密罗木,精华油,密罗木精华油,抗皱+紧致+焕采,¥299/30ml,阿联酋,
PMPM·【镇店爆款】玫瑰精华油嫩亮提亮护肤油以油养肤面部糖氧双抗,229.0,PMPM玫瑰精华油,PMPM,,精华油,玫瑰油,提亮+抗氧化+滋养,¥229/30ml,中国,
SUXIEFANG·直播间专属：淡纹精华油双管 20ml+眼部精油5ml（加赠5ml玻尿酸）,,SUXIE FANG淡纹精华油双管,SUXIE FANG,,精华油,双管精华油,淡纹+保湿,¥NaN/20ml,中国,
知和无尤·【旗舰店直播专属】大马士革玫瑰活性精萃液精油组合,,知和无尤大马士革玫瑰活性精萃液,知和无尤,,精油,玫瑰精油,保湿+修护+滋养,¥/ml,中国,
Biossance·角鲨烷VC玫瑰精油 30ml赠同款玫瑰油15ml*2,,Biossance角鲨烷VC玫瑰精油,Biossance,角鲨烷VC,精油,玫瑰油,提亮+保湿+抗氧化,¥/30ml,美国,
COSFACE · 橙茉兰面部紧致精华油以油养肤补水保湿滋润护肤,328.0,COSFACE橙茉兰面部紧致精华油,COSFACE,橙茉兰,精华油,橙茉兰精华油,紧致+补水+保湿,¥328/30ml,中国,
清森河谷 · 净化舒养鼻吸棒9种植物精油纯单方复配通畅呼吸提神醒脑精油芳疗,,清森河谷净化舒养鼻吸棒,清森河谷,净化舒养,鼻吸棒,植物鼻吸棒,通畅呼吸+提神醒脑+芳疗,¥NaN,中国,
MOIRA·保税直发STAY GOLDEN面部身体古铜膏轻薄雾面柔焦持久不粘腻,,MOIRA STAY GOLDEN古铜膏,MOIRA,STAY GOLDEN,古铜膏,古铜高光,修容+提亮+雾面,¥nan/50ml,美国,
Omma·单方精油组合装（澳洲茶树+尤加利）【3.27直播间限时优惠】,,Omma单方精油组合装,Omma,,精油,茶树尤加利精油,抗菌+舒缓+净化,¥/10ml,澳大利亚,
FlyO·【达人专享】面部护理套组,99.0,面部护理套组,,,,,,¥99/套,,
Acaderma·【小森林】新版2.0绿洲精华30ml 4维抗炎 镇压红敏 修护屏障|S01,379.0,Acaderma小森林绿洲精华2.0,Acaderma,小森林,精华,绿洲精华,抗炎+修护+舒缓,¥379/30ml,美国,
Royal Oak Health·【张静初专属】皇家橡树南非醉茄胶囊降低皮质醇压力肥失眠镇静安,,皇家橡树南非醉茄胶囊,皇家橡树健康,皇家橡树,胶囊,醉茄胶囊,减压+助眠+镇静,¥nan,南非,
鉴赏20r普通油6r偏远油12r，看这里,6.0,,,,,,,,,返回数据列数不正确
多特瑞·分馏椰子油面部身体按摩油基础油保湿滋润护肤护发精油面部刮痧油,,多特瑞分馏椰子油,多特瑞,分馏椰子油,精油,椰子油,保湿+滋润+护肤,¥0/50ml,美国,
参爱·40%橄榄苦苷人参油橄榄精华液控油祛痘褪红紧致抗皱抗氧维稳,,参爱40%橄榄苦苷人参油橄榄精华液,参爱,,精华液,橄榄精华,控油+祛痘+褪红,¥/30ml,中国,
薇家·橙花檀香精华油10ml 紧致抗皱 保湿 以油清爽 好吸收 不油腻,75.0,薇诺娜橙花檀香精华油,薇诺娜,,精华油,橙花油,紧致+抗皱+保湿,¥75/10ml,中国,
颜纯皙·养肤补水淡化美白液,36.0,颜纯皙·养肤补水淡化美白液,,,精华液,,补水+美白+淡斑,¥36/30ml,中国,
东边野兽·【Ashley雯子专属】灵芝精华油替换芯15ml*3囤货装,,东边野兽灵芝精华油,东边野兽,灵芝,精华油,灵芝油,修护+滋养+抗氧,¥nan/15ml,中国,
莫西亚阿尔巴·【肉姐专属】白玫瑰纯露湿敷水 保加利亚原装进口补水保湿318ML*3,,莫西亚阿尔巴白玫瑰纯露湿敷水,莫西亚阿尔巴,,纯露,白玫瑰纯露,补水+保湿,¥/318ml,保加利亚,
花水匠 · 马齿苋纯露500ml 温和舒缓补水修护脆弱敏感肌1:1蒸馏头道饱和,48.0,花水匠马齿苋纯露,花水匠,,纯露,马齿苋水,舒缓+补水+修护,¥48/500ml,中国,
天露芬·【章小蕙专享】赋活焕白精华油套组 （美白油35ml+赋活油35ml）,1256.0,天露芬赋活焕白精华油套组,天露芬,赋活焕白,精华油,美白油套组,美白+焕活+滋养,¥1256/70ml,德国,
天露芬·【章小蕙直播专享】赋活紧致面护套组（赋活油35ml+眼部油15ml）,1056.0,天露芬赋活紧致面护套组,天露芬,赋活,面护套组,章小蕙同款,紧致+滋养+抗老,¥1056/50ml,德国,
Omma·【护肤CP二件套】莹润面部植萃精华油&玫瑰纯露【3.27送刮痧板】,,Omma莹润面部植萃精华油&玫瑰纯露,Omma,莹润,精华油&纯露,护肤CP,保湿+修护+提亮,¥nan,中国,
SUXIEFANG·敏感脆弱肌修护 去红舒缓 德国洋甘菊纯露,139.0,SUXIEFANG德国洋甘菊纯露,SUXIEFANG,,纯露,洋甘菊纯露,舒缓+修护+去红,¥139/100ml,中国,
天露芬·舒缓修护精华油油35ml+眼部精华油15ml组合--店播链接,,天露芬舒缓修护精华油+眼部精华油组合,天露芬,,精华油,天露芬精华油组合,修护+舒缓+滋养,¥/50ml,德国,
YOKIA·植物角鲨烷修护精华油 15ml保适用敏感肌以油养肤【临期特惠】,,YOKIA植物角鲨烷修护精华油,YOKIA,植物角鲨烷,精华油,角鲨烷油,修护+保湿+滋养,¥/15ml,中国,
Evereden·【专享】新品婴儿亲护抚触精华油118ml,,Evereden婴儿亲护抚触精华油,Evereden,亲护,精华油,婴儿抚触油,滋润+舒缓+温和,¥nan/118ml,美国,
赫蔓倪·巴基斯坦薰衣草精油150ml 平衡水油深度睡眠,152.0,赫蔓倪巴基斯坦薰衣草精油,赫蔓倪,,精油,薰衣草精油,平衡水油+助眠,¥152/150ml,巴基斯坦,
天露芬·【章小蕙直播专享】美白淡斑精华油35ml,778.0,天露芬美白淡斑精华油,天露芬,,精华油,美白油,美白+淡斑+修护,¥778/35ml,德国,
天露芬·保湿修敏舒缓修护精华油15ml/35ml  直播链接,378.0,天露芬修护精华油,天露芬,修敏舒缓,精华油,小油瓶,修护+保湿+舒缓,¥378/15ml,德国,
Melvita·【小滇儿专属】淡纹抗皱精华油 10ml,,Melvita淡纹抗皱精华油,Melvita,无,精华油,小滇儿精华油,淡纹+抗皱,¥nan/10ml,法国,
Omma·尤加利单方精油 D214【3.27直播间限时优惠】,,Omma尤加利单方精油,Omma,,精油,尤加利精油,舒缓+抗菌+净化,¥NaN/10ml,中国,
薇家·桂花檀香精华油10ml 紧致抗皱 保湿 以油清爽 好吸收 不油腻,78.0,薇诺娜桂花檀香精华油,薇诺娜,,精华油,桂花油,紧致+抗皱+保湿,¥78/10ml,中国,
John Jeff·94.5%角鲨烷抗皱油以油养肤淡化细纹保湿舒缓轻薄干皮姐夫,,John Jeff 94.5%角鲨烷抗皱油,John Jeff,,精华油,姐夫油,抗皱+保湿+舒缓,¥99/30ml,中国,
CQRZEN·（不是吃的）美白精华油（不是吃的）,,CQRZEN美白精华油,CQRZEN,,精华油,美白油,美白+提亮+保湿,¥/30ml,,
米加·2.0气泡油滋养紧实肌肤抗氧抗糖淡黄提亮改善肤色淡纹,238.0,米加2.0气泡油,米加,2.0,精华油,气泡油,滋养+抗氧+提亮,¥238/30ml,中国,
兰欧莲·灵芝人参发酵精油,299.0,兰蔻小黑瓶灵芝人参精华,兰蔻,小黑瓶,精华,小黑瓶精华,修护+抗老+滋养,¥299/30ml,法国,
花寂·光漾焕颜油敷水精粹水水油双萃玫瑰纯露无水配方保湿【辛辛】,,花寂·光漾焕颜油敷水精粹水,花寂,光漾焕颜,精华水,油敷水,保湿+焕颜+水油平衡,¥NaN,中国,
其他 · 保加利亚大马士革玫瑰纯露洋甘菊纯露湿敷补水修护改善油痘肌平衡,,大马士革玫瑰纯露,其他,,纯露,玫瑰纯露,补水+修护+平衡,¥/ml,保加利亚,
云惜 · 玫瑰焕颜精华油｜不含1滴水·无硅油无香精 紧致抗皱赠维稳面霜5ml,,云惜玫瑰焕颜精华油,云惜,,精华油,玫瑰精华油,紧致+抗皱+维稳,¥NaN/50ml,中国,
赫蔓倪·巴基斯坦大马士革玫瑰花精油大瓶装150毫升新品上市,,赫蔓倪大马士革玫瑰花精油,赫蔓倪,,精油,玫瑰精油,保湿+修护+舒缓,¥/150ml,巴基斯坦,
薇家·蔷薇玫瑰精华油3瓶（10ml）,237.0,薇诺娜蔷薇玫瑰精华油,薇诺娜,蔷薇玫瑰,精华油,薇家小玫瑰,保湿+修护+抗氧化,¥79/10ml,中国,
Melvita·【朱丹专属】淡纹抗皱精华油 10ml,,Melvita淡纹抗皱精华油,Melvita,,精华油,玫瑰果油,淡纹+抗皱+滋养,¥/10ml,法国,
ALRA·【miamaja专属】多酸嫩豆腐精华控油祛痘PHA复配酸去角质闭口修护,,ALRA多酸嫩豆腐精华,ALRA,miamaja,精华,豆腐精华,控油+祛痘+去角质,¥nan,美国,
玉容初 · 【爆款尝鲜】藏红花精华油6ml改善敏感肌屏障干皮护肤补水,,玉容初藏红花精华油,玉容初,藏红花,精华油,藏红花油,修护+保湿+舒缓,¥nan/6ml,中国,
静芙·【院线级品牌】白玫瑰亮肤紧致按摩精油面部提拉抗皱脸部刮痧,59.0,静芙白玫瑰亮肤紧致按摩精油,静芙,白玫瑰,精油,白玫瑰精油,亮肤+紧致+抗皱,¥59/50ml,中国,
唯肯·马鞭草酮迷迭香纯露,96.0,唯肯·马鞭草酮迷迭香纯露,唯肯,,纯露,马迷纯露,控油+舒缓+收敛,¥96/200ml,中国,
QHOO 琦后·纯手工补水保湿提亮肤色柿子叶猪油膏正品,,,,,手工面霜,柿子叶猪油膏,补水+保湿+提亮,¥N/A,中国,
欧比信·小绿珠舒缓香茅护肤油,,欧比信小绿珠舒缓香茅护肤油,欧比信,小绿珠,护肤油,小绿油,舒缓+修护+保湿,¥nan,中国,
天露芬·【敏肌CP】美白淡斑精华油35ml+舒缓修护精华油35ml--店播链接,,,,,,,,,,返回数据列数不正确
episteme·【张萌专属】紫源赋能 科技焕颜透亮小p瓶  先导美容精华油26ml,,紫源赋能科技焕颜透亮小p瓶,episteme,紫源赋能,精华油,小p瓶,焕亮+修护+抗老,¥/26ml,日本,
丸蔻 · 马鞭草酮迷迭香纯露闭口粉刺痘痘控油收毛孔黑头白头,,丸蔻马鞭草酮迷迭香纯露,丸蔻,,纯露,马迷纯露,控油+收缩毛孔+祛痘,¥/100ml,中国,
AFU·11籽精华油套盒修护补水保湿养肤【朱丹专属】 D2,,阿芙11籽精华油套盒,阿芙,11籽,精华油,11籽油,修护+补水+保湿,¥nan/,中国,
KOKOMI · 茉莉精油身体喷雾 以油养肤保湿滋润保湿皮肤舒缓紧致抗氧化,129.0,KOKOMI茉莉精油身体喷雾,KOKOMI,,喷雾,茉莉喷雾,保湿+舒缓+抗氧化,¥129/100ml,中国,
AFU阿芙·美白精华油45粒+木乃伊精华油42粒淡斑美白以油养肤套组 Z2,,AFU阿芙美白精华油套组,阿芙,,精华油,木乃伊精华油,美白+淡斑+以油养肤,¥/套,中国,
IN ESSENCE·【章小蕙直播专享】澳洲ie精油呼吸顺畅精油通鼻精油提神清新净化,,IN ESSENCE呼吸顺畅精油,IN ESSENCE,,精油,通鼻精油,提神+净化+通鼻,¥NaN/10ml,澳大利亚,
寓皂·奢油服务100ml 摩洛哥 黑种草 白池花 精华油 以油养肤 修养护发,,寓皂·奢油服务100ml 摩洛哥 黑种草 白池花 精华油,,,,精华油,,¥0/100ml,摩洛哥,
Monica Queen·【30+ 淡表情纹、静态纹囤货组】精华油30ml*3,,Monica Queen精华油,Monica Queen,,精华油,表情纹囤货组,淡纹+滋养,¥nan/30ml,,
璞医香·【限时特惠】法国甜橙有机甜橙单方橘子精油【2025年11月到期】,,璞医香法国甜橙有机单方精油,璞医香,法国甜橙,精油,甜橙精油,舒缓+提亮+抗氧化,¥/10ml,法国,
Aroma Flora·苦橙花纯露-收敛毛孔 白出新高度,238.0,Aroma Flora苦橙花纯露,Aroma Flora,,纯露,橙花纯露,收敛毛孔+提亮,¥238/100ml,中国,
MAICOOLE · ••气泡油精华油滋养抗氧抗糖化提亮改善肤色抗老好吸收嫩肤,,MAICOOLE气泡油精华油,MAICOOLE,,精华油,气泡油,抗氧+抗糖+提亮,¥/ml,,
虞舜佳人·角鲨烷油美容油护肤,,虞舜佳人角鲨烷美容油,虞舜佳人,,美容油,角鲨烷油,保湿+修护+滋养,¥/30ml,中国,
Dr.Wong·荷荷巴油/霍霍巴籽油植物油护发祛痘温和护肤面部精油按摩基底油,,Dr.Wong荷荷巴油,Dr.Wong,,精油,霍霍巴油,护发+祛痘+滋养,¥/50ml,中国,
Rossceutics·拉紧皮肉！乐丝 蒂紧肤精油30ml熟龄肌紧致弹嫩改善细纹滋润保湿,,乐丝蒂紧肤精油,Rossceutics,乐丝,精油,紧肤精油,紧致+弹嫩+保湿,¥nan/30ml,中国,
Clémence Organics·【章小蕙推荐】玫瑰果修护精华油30mL 舒缓提亮紧致,,Clémence Organics玫瑰果修护精华油,Clémence Organics,,精华油,玫瑰果油,舒缓+提亮+紧致,¥/30mL,,
天露芬·【章小蕙专享】赋活紧致面护套组（赋活油35ml+眼部精华油15ml）,1056.0,天露芬赋活紧致面护套组,天露芬,赋活,面护套组,章小蕙专享套组,紧致+滋养+抗老,¥1056/50ml,德国,
NEEDLY·韩国清透爽肤棉片 收缩毛孔温和去角质痘痘舒缓湿敷60片,,NEEDLY清透爽肤棉片,NEEDLY,,爽肤棉片,毛孔棉片,收缩毛孔+去角质+舒缓,¥/60片,韩国,
皙阁·红木籽焕肤精华油 以油养肤 紧致隐纹,79.0,皙阁红木籽焕肤精华油,皙阁,红木籽,精华油,红木籽油,紧致+焕肤+滋养,¥79/30ml,中国,
丸蔻·玫瑰精油玫瑰花去黄提亮,,丸蔻玫瑰精油,丸蔻,,精油,玫瑰精油,去黄+提亮+滋养,¥/ml,中国,
敛花萃·【抗老专属】垮脸救星檀香精华油,,檀香油精华,空,空,精华油,垮脸救星,抗老+修护+滋养,¥nan,空,
伊迩露久·玫瑰花纯露油敷好搭档乳化好助手,,伊迩露久玫瑰花纯露,伊迩露久,,纯露,油敷好搭档,补水+舒缓,¥0/0ml,中国,
梦莉娇·大马士革玫瑰抗皱精油以油养肤抗皱油敷,198.0,梦莉娇大马士革玫瑰抗皱精油,梦莉娇,大马士革玫瑰,精油,玫瑰精油,抗皱+滋养+修护,¥198/30ml,中国,
DAISY SKY 雏菊的天空·布兰尼田田专属 大马士革玫瑰纯露双瓶,296.0,DAISY SKY雏菊的天空大马士革玫瑰纯露,DAISY SKY,布兰尼田田专属,纯露,玫瑰纯露,补水+舒缓+提亮,¥296/双瓶,中国,
花水匠 · 永久花纯露 改善痘印肌肤改善暗沉黑眼圈粉刺1:1蒸馏头道饱和纯露,,花水匠永久花纯露,花水匠,,纯露,永久花纯露,改善痘印+提亮肤色+舒缓肌肤,¥NaN/ml,中国,
可可恩·【小羊专属】摩洛哥阿甘油屏障修护+玫瑰果保湿精华油双支,,,,,,,,,,返回数据列数不正确
东边野兽·专享-灵芝精华油露滋养焕亮淡纹修护以油养肤面部,,东边野兽灵芝精华油,东边野兽,专享,精华油,灵芝油,滋养+焕亮+修护,¥NaN/30ml,中国,
WEIJIA LIFE·薇家官方大马士革玫瑰檀香精华油10ml保湿以油清爽好吸收不油腻,85.0,薇家大马士革玫瑰檀香精华油,WEIJIA LIFE,薇家,精华油,玫瑰檀香油,保湿+清爽+吸收,¥85/10ml,中国,
RMK·【章小蕙专享】双重护理菁萃油,,RMK双重护理菁萃油,RMK,双重护理,精华油,章小蕙菁萃油,滋养+修护+保湿,¥/30ml,日本,
唐印·岳岳妈妈不长纹超值纯露组合！檀香玫瑰到手1250ml,,唐印檀香玫瑰纯露组合,唐印,岳岳妈妈不长纹,纯露,纯露组合,保湿+舒缓,¥NaN/1250ml,中国,
唐印·岳岳妈妈直播间超值专享双瓶抗老以油养肤,,唐印抗老精华油,唐印,,精华油,以油养肤,抗老+滋养+修护,¥NaN/30ml,中国,
AFU阿芙·11籽双养精华30g+30g+极光玫瑰美白精华油45粒+45粒以油养肤Z1,,,,,,,,,,返回数据列数不正确
ENOW·【管姐专属】檀香玫瑰Attar精油抗皱紧致山茶角鲨烷仙人掌籽油,388.0,ENOW檀香玫瑰Attar精油,ENOW,,精油,管姐精油,抗皱+紧致+滋养,¥388/10ml,中国,
LAN·兰时光精华油3.0 修护抗皱保湿舒缓面部以油养肤 L,,LAN·兰时光精华油3.0,LAN·兰,时光,精华油,时光油,修护+抗皱+保湿,¥nan,中国,
LAN·橱窗 【先试后买】气泡油2.0体验装保湿舒缓面部护肤以油养肤,,LAN·橱窗气泡油2.0体验装,,,,,,¥0/0ml,,
LAN·时光兰花悦活精萃油 气泡油 A,,LAN·时光兰花悦活精萃油,LAN,时光兰花,精华油,气泡油,修护+滋养+抗老,¥/30ml,中国,
AFU阿芙·【水乳+油密】11籽双养精华30g11籽精华水乳以油养肤  Z2,,,,,,,,,,返回数据列数不正确
天露芬·【章小蕙直播专享】赋活焕白精华油套 （美白油35ml+赋活油35ml）,1256.0,天露芬赋活焕白精华油,天露芬,赋活焕白,精华油,美白油,美白+焕亮+滋养,¥1256/70ml,德国,
AFU阿芙·美白精华油45粒+焕采亮白水乳120ml+120ml 以油养肤套组 Z2,,阿芙美白精华油套组,阿芙,美白系列,精华油套组,以油养肤套组,美白+提亮+保湿,¥/套,中国,
ELEMIS·艾丽美海洋臻萃胶原保湿面部精华油（玫瑰味）15ml,790.0,ELEMIS海洋臻萃胶原保湿面部精华油,ELEMIS,海洋臻萃,精华油,海洋胶原油,保湿+抗老+滋养,¥790/15ml,英国,
天露芬·面部精华油35ml+润泽保湿精华霜50ml组合--店播链接,906.0,天露芬面部精华油+润泽保湿精华霜组合,天露芬,,精华油+面霜,天露芬双萃组合,滋养+保湿+修护,¥906/85ml,德国,
嘉媚乐·神采美目精油10ml滚珠版,89.0,嘉媚乐神采美目精油,嘉媚乐,神采,精油,美目精油,舒缓+滋养+淡化黑眼圈,¥89/10ml,中国,
【魅】天竺葵精油乳香，清爽花香,68.0,魅天竺葵精油乳香,魅,,精油乳香,,清爽+花香,¥68/瓶,中国,
野有花 · 大马士革玫瑰纯露玫瑰花水天然补水保湿爽肤水精油湿敷提亮喷雾女,,野有花大马士革玫瑰纯露,野有花,,爽肤水,玫瑰纯露,补水+保湿+提亮,¥nan,中国,
hanaumi花近·【章小蕙直播专享】光透焕白淡斑美白油30ml,,花近光透焕白淡斑美白油,花近,光透焕白,精华油,美白油,淡斑+美白+提亮,¥/30ml,中国,
欧树·源258【批次25年3月】 鎏金油 清爽不粘腻 多效亮泽护理精油10ml,,欧树鎏金菁萃护理油,欧树,鎏金菁萃,精油,鎏金油,亮泽+滋养+清爽,¥/10ml,法国,
唯肯·甜橙精油10毫升单方精油,79.0,唯肯·甜橙精油10毫升单方精油,唯肯,,精油,甜橙精油,舒缓+提亮+香氛,¥79/10ml,中国,
Gulbirlik·原装进口精粹玫瑰纯露+湿敷套装,128.0,Gulbirlik·原装进口精粹玫瑰纯露+湿敷套装,Gulbirlik,,纯露,玫瑰纯露,补水+舒缓,¥128/500ml,土耳其,
唐印·前两个小时初露！高浓马鞭草酮迷迭香纯露500ml告别脏脏脸反孔,68.0,唐印·前两个小时初露高浓马鞭草酮迷迭香纯露,唐印,前两个小时初露,纯露,迷迭香纯露,清洁+控油+收缩毛孔,¥68/500ml,中国,
东边野兽·【Ashley雯子专属秒杀】灵芝修护淡纹精华油1.5ml,,东边野兽灵芝修护淡纹精华油,东边野兽,灵芝修护,精华油,灵芝油,修护+淡纹+滋养,¥NaN/1.5ml,中国,
香奈儿·Chanel水光棒珠光亮面修容棒Transparent/Seculpting8g,,香奈儿水光棒珠光亮面修容棒,香奈儿,水光棒,修容棒,水光棒,提亮+修容+珠光,¥/8g,法国,
枫缇·【直播专享】马卡龙红石榴精华胶囊新加坡BledeFonty面部精华油,,枫缇红石榴精华胶囊,枫缇,,精华油,马卡龙精华,抗氧化+提亮,¥/30ml,新加坡,
菲诗伊人FSYR·（拍一发二）马鞭草酮迷迭香纯露补水（打开毛孔）,,FSYR马鞭草酮迷迭香纯露,FSYR,,纯露,马鞭草纯露,补水+清洁毛孔,¥0/无规格,中国,
虞舜佳人·仙人掌油和檀香油,,虞舜佳人仙人掌油和檀香油,虞舜佳人,,精华油,仙人掌油,保湿+修护+滋养,¥/30ml,中国,
蜜晓 · 大马士革玫瑰纯露花水保湿爽肤水湿敷补水,,蜜晓大马士革玫瑰纯露,蜜晓,大马士革玫瑰,爽肤水,玫瑰纯露,保湿+补水+舒缓,¥/100ml,中国,
阳洋家 · 大马士革玫瑰纯露500ml爽肤水提亮肤色细腻毛孔保湿补水喷雾,29.9,阳洋家大马士革玫瑰纯露,阳洋家,,爽肤水,玫瑰纯露,保湿+提亮+细腻毛孔,¥29.9/500ml,中国,
alteya·爱蒂娅白玫瑰纯露120ml/500ml 纯露系列,,alteya白玫瑰纯露,alteya·爱蒂娅,纯露系列,纯露,白玫瑰纯露,补水+舒缓+平衡,¥NaN,保加利亚,
Cania Organique·白玫瑰亮眼紧致精华油 2只装 送海豚金眼部拨筋棒,,Cania Organique白玫瑰亮眼紧致精华油,Cania Organique,白玫瑰,精华油,玫瑰眼油,紧致+亮眼+滋养,¥/15ml,法国,
Biossance·角鲨烷VC玫瑰精油 30ml赠同款玫瑰油15ml*2,,Biossance角鲨烷VC玫瑰精油,Biossance,角鲨烷VC,精油,玫瑰油,提亮+保湿+抗氧化,¥/30ml,美国,
PHYT'S·【小p老师专属】抗皱精华油套组,999.0,PHYT'S抗皱精华油套组,PHYT'S,,精华油,小p老师精华油,抗皱+滋养+修护,¥999/套组,法国,
QINGSHIDO·玫瑰纯露体验装 乳香纯露 洋甘菊纯露 橙花纯露 茶树纯露 迷迭香,,,,,,,,,,返回数据列数不正确
AFU阿芙·美白精华油45粒+11籽精华面霜30g以油养肤 Z2,,,,,,,,,,返回数据列数不正确
ZRZR·法国原装进口葡萄籽精油抗皱紧致面部保湿精油脸部护肤精华油,,ZRZR法国原装进口葡萄籽精油,ZRZR,,精油,葡萄籽精油,抗皱+紧致+保湿,¥/30ml,法国,
ZRZR·[以油养肤]法国葡萄籽精油脸部精油抗初老精华油以油养肤精华油,,葡萄籽精华油,ZRZR,,精华油,葡萄籽油,抗氧化+保湿+抗初老,¥/30ml,法国,
WEIJIA LIFE·官方|橙花檀香精华油10ml 紧致抗皱 保湿以油 清爽 好吸收 不油腻,75.0,橙花檀香精华油,WEIJIA LIFE,,精华油,,紧致+抗皱+保湿,¥75/10ml,中国,
薇家·白玫瑰纯露200ml 24年好香大马士革补保湿爽肤湿敷化妆水干皮沙漠,,薇诺娜白玫瑰纯露,薇诺娜,,爽肤水,白玫瑰纯露,补水+保湿+舒缓,¥nan/200ml,中国,
嘉媚乐·玫瑰薰衣草蓝甘菊复合纯露 湿敷 爽肤,,嘉媚乐玫瑰薰衣草蓝甘菊复合纯露,嘉媚乐,,爽肤水,玫瑰纯露,保湿+舒缓+平衡,¥/200ml,中国,
天露芬·【章小蕙专享】舒缓修护精华油35ml,678.0,天露芬舒缓修护精华油,天露芬,章小蕙专享,精华油,天露芬精华油,舒缓+修护+滋养,¥678/35ml,德国,
唐印·直播间超值专享内修抗老苦橙花面部精华油30ml和小蓝油30ml,,唐印苦橙花面部精华油,唐印,,精华油,小蓝油,内修+抗老,¥/30ml,中国,
SUXIEFANG·抗皱紧致 胶原蛋白水光 乳香抗皱精华油 彭弹紧致,,SUXIE FANG乳香抗皱精华油,SUXIEFANG,,精华油,乳香精华油,抗皱+紧致+滋养,¥NaN/30ml,中国,
薇家·24年新茉莉纯露200ml好香 补水保湿鲜花自然敷爽肤水喷雾干皮沙漠,,薇诺娜茉莉纯露,薇诺娜,,爽肤水,茉莉喷雾,补水+保湿+舒缓,¥/200ml,中国,
Melvita·【姨夫专属】淡纹抗皱精华油 10ml,,Melvita淡纹抗皱精华油,Melvita,,精华油,蜜葳特精华油,淡纹+抗皱,¥nan/10ml,法国,
阳洋家 · 高浓柠檬纯露补水嫩肤均匀肤色痘印维C爽肤水喷雾湿敷,,阳洋家高浓柠檬纯露爽肤水,阳洋家,,爽肤水,柠檬纯露,补水+均匀肤色,¥nan/100ml,中国,
Cania Organique·澳洲之宝精油盒子（有机薰衣草，有机茶树，有机尤加利）10ML,,Cania Organique澳洲之宝精油盒子,Cania Organique,Organique,精油,澳洲之宝精油,舒缓+抗菌+净化,¥/10ml,澳大利亚,
皙阁·（直播）红木籽精华油紧致肌肤按摩面部油紧致精油脸部养肤精华油,,皙阁红木籽精华油,皙阁,红木籽,精华油,红木油,紧致+滋养+修护,¥/30ml,中国,
薇家·沙棘果茉莉精华油3瓶（10ml）,248.0,薇诺娜沙棘果茉莉精华油,薇诺娜,沙棘果茉莉,精华油,沙棘精华油,修护+保湿+抗氧化,¥248/10ml,中国,
skin lane·【直播间专属】肌侣大师睡茄能量油抗皱紧致滋养修护保湿柔光淡纹,,肌侣大师睡茄能量油,skin lane,肌侣大师,精华油,睡茄油,抗皱+紧致+修护,¥NaN/30ml,中国,
花水匠 · 澳洲茶树纯露控油补水清爽净痘去闭口粉刺湿敷水控油爽肤水500ml,,花水匠澳洲茶树纯露,花水匠,无,爽肤水,茶树纯露,控油+净痘+补水,¥nan/500ml,澳大利亚,
蜜晓 · 蜜蜜家玫瑰花瓣护肤油万金油面部身体保湿白雪公主油量贩装100ml,,蜜晓玫瑰花瓣护肤油,蜜晓,蜜蜜家,护肤油,白雪公主油,保湿+滋养+万用,¥nan/100ml,中国,
MapleBio枫萃·双彩凝萃精华油*1盒+双萃油体验装（5ml）*1支,,枫萃双彩凝萃精华油,MapleBio,枫萃,精华油,双萃油,滋养+修护+提亮,¥/30ml,中国,
NYWOW O·女娲OAO兰花油50ml兰花精萃以油养肤滋润紧致修护精华液达人专属,886.0,NYWOW O·女娲OAO兰花油,NYWOW O·女娲OAO,OAO,精华油,兰花油,滋润+紧致+修护,¥886/50ml,中国,
AFU阿芙·11籽精华油水乳套组面部护肤品以油养肤抗干老  Z1,,AFU阿芙11籽精华油水乳套组,阿芙,11籽,精华油,11籽油,抗老+保湿+修护,¥/套,中国,
SUXIEFANG · 紧致提升   促进胶原蛋白生成  索马里乳香抗皱纯露,,索马里乳香抗皱纯露,SUXIEFANG,,纯露,乳香纯露,紧致+抗皱+促进胶原蛋白,¥NaN/,中国,
芯丝翠·【38节 配方师专属】胶水精华敏感肌修护屏障补水保湿30ml,378.0,芯丝翠胶水精华,芯丝翠,,精华,胶水精华,修护+补水+保湿,¥378/30ml,美国,
AFU·神采多效美目精华油改善细纹 Z1,,AFU神采多效美目精华油,AFU,神采多效,精华油,神采眼油,改善细纹+滋润+提亮,¥/15ml,中国,
美在心·大马士革玫瑰纯露天然玫瑰花水提亮补水湿敷水300ML500ML,168.0,美在心·大马士革玫瑰纯露,美在心,大马士革玫瑰,爽肤水,玫瑰纯露,补水+提亮+舒缓,¥168/300ml,中国,
Monica Queen · 抗皱紧致精华油小样5ml*1......,,Monica Queen抗皱紧致精华油,Monica Queen,,精华油,抗皱精华油,抗皱+紧致+滋养,¥/5ml,,
熙所·华熙生物淡纹抗皱以油养肤补水保湿温和冰感滚珠按摩精华油QZB,99.0,熙所淡纹抗皱精华油,熙所,,精华油,滚珠精华油,淡纹+抗皱+保湿,¥99/30ml,中国,
枫缇·向日葵立体紧致修护颈部胶囊精华【店铺自播】,,枫缇向日葵立体紧致修护颈部胶囊精华,枫缇,向日葵,精华,向日葵颈霜,紧致+修护+抗皱,¥/30ml,新加坡,
Dynveo·【柏林君专属·预售10天】南非醉茄+磷虾油+姜黄素【生发组合】,758.0,,,,,,,,,返回数据列数不正确
东边野兽·【直播间】灵芝精华油露 滋养焕亮淡纹修护以油养肤面部,,东边野兽灵芝精华油露,东边野兽,灵芝,精华油,灵芝油,滋养+焕亮+修护,¥nan,中国,
其他·61645   时光紧致气泡精华油,,时光紧致气泡精华油,其他,,精华油,,,¥NaN/,,
枫缇·淡斑美白油 亮肤美白淡斑胶囊精华油【小爱嫲嫲专属】,,枫缇淡斑美白胶囊精华油,枫缇,,精华油,美白油,淡斑+美白+亮肤,¥/30ml,新加坡,
猛犸手工雕刻玫瑰牡丹雏菊樱花丁香花珠配珠 天然猛犸假一罚万,128.0,,,,,,,,,返回数据列数不正确
SUXIEFANG·玫瑰纯露+玫瑰精华水+玫瑰乳液+玫瑰时光精油+刷子+美容碗,,,,,,,,,,返回数据列数不正确
璞医香·【啾鼠专属】法国9号舒缓头痛滚珠放松情绪胡椒薄荷牛至精油,69.0,璞医香法国9号舒缓头痛滚珠精油,璞医香,法国9号,精油,头痛滚珠,舒缓+放松+提神,¥69/10ml,法国,
DAISY SKY 雏菊的天空·布兰尼田田专场 清肌祛痘精华油7ml,78.0,DAISY SKY雏菊的天空清肌祛痘精华油,DAISY SKY,雏菊的天空,精华油,祛痘油,祛痘+控油+修护,¥78/7ml,中国,
APoEM·安诗悦仲夏夜七花小金珠胶囊精华油提亮舒缓紧致60粒,,APoEM·安诗悦仲夏夜七花小金珠胶囊精华油,APoEM·安诗悦,仲夏夜七花,精华油,小金珠精华,提亮+舒缓+紧致,¥/60粒,中国,
CANVAS·【100°天然有机】玫瑰花妍精华油 保加利亚奥图玫瑰精油,,CANVAS 100°天然有机玫瑰花妍精华油,CANVAS,100°天然有机,精华油,奥图玫瑰油,保湿+修护+抗氧化,¥/30ml,保加利亚,
episteme·【熙蕾】紫源赋能 焕颜匀净透亮小p瓶  先导美容精华油 26ml,,episteme紫源赋能焕颜匀净透亮小p瓶,episteme,紫源赋能,精华油,小p瓶,焕亮+修护+滋养,¥/26ml,日本,
943·白池花精萃油｜小弹簧精华油 熬夜啵啵油 修护滋养 以油养肤,,943白池花精萃油,943,,精华油,熬夜啵啵油,修护+滋养+以油养肤,¥/30ml,中国,
笙肌·自在平衡柏木头皮精油精华液,,笙肌自在平衡柏木头皮精油精华液,笙肌,自在平衡,头皮精华,柏木精华,舒缓+平衡+滋养,¥/30ml,日本,
弘莉·荷荷巴油舒缓皮肤深层锁水胶原灌注必备好物,26.0,弘莉荷荷巴油,弘莉,,精华油,荷荷巴油,舒缓+锁水+滋养,¥26/50ml,中国,
穆春秋·[食品级千叶玫瑰纯露]去黄、净透、调节,,穆春秋千叶玫瑰纯露,穆春秋,,纯露,玫瑰纯露,去黄+净透+调节,¥0/0ml,中国,
SUXIEFANG·直播间专属：「焕白抗衰组合」（直播间加赠：玫瑰时光精油5ml）,,SUXIE FANG焕白抗衰组合,SUXIE FANG,,组合套装,焕白抗衰套装,焕白+抗衰,¥0/套,中国,
Aēsop·焕彩滋润精油 25ml澄彩面部精油,324.0,Aēsop焕彩滋润精露,Aēsop,焕彩,精油,澄彩精油,保湿+提亮+抗氧化,¥324/25ml,澳大利亚,
LIFE EXTENSION·沿寿橄榄鱼油240粒4倍浓缩甘油三酯抗内调炎成人养肤祛痘,,LIFE EXTENSION·沿寿橄榄鱼油240粒4倍浓缩甘油三酯抗内调炎成人养肤祛痘,LIFE EXTENSION,沿寿,鱼油胶囊,橄榄鱼油,抗炎+养肤+祛痘,nan,美国,
玉容初 · 藏红花精华油15ml+赋活水油双相精华30ml提亮抗老修护,,,,,,,,,,返回数据列数不正确
WEIJIA LIFE·官方|桂花檀香紧致抗皱精华油10ml  清爽 好吸收 不油腻,78.0,WEIJIA LIFE桂花檀香紧致抗皱精华油,WEIJIA LIFE,,精华油,桂花精华油,紧致+抗皱+滋润,¥78/10ml,中国,
