collection_time,product_name,price,position_x,position_y,device_udid,app_version
2025-04-11 08:21:18,"SUNGBOON EDITOR 官方深层胶原蛋白面膜 (1ea) | TikTok Trend 商品 | 真正胶原蛋白 2,160,000PPB 弹性 | 保湿胶原蛋白面膜 | 韩国皮肤护理 37g",¥43.01,18,26,00008110-000A49811E01401E,1.0.0
2025-04-11 08:21:18,L'Oréal 欧莱雅 Série Expert Absolute Golden 面膜,¥242.57,220,26,00008110-000A49811E01401E,1.0.0
2025-04-11 08:21:18,Neutrogena 露得清 面膜 男女通用 补水 滋养 保湿 塑形 含透明质酸 补水 30g*12片,¥194.85,18,357,00008110-000A49811E01401E,1.0.0
2025-04-11 08:21:18,WFWJ 面部护理面膜 旅行装 细纹护理,¥191.16,220,357,00008110-000A49811E01401E,1.0.0
2025-04-11 08:21:18,"Macadamia Professional Natural Oil 深层修复面膜,470 ml",¥246.51,18,704,00008110-000A49811E01401E,1.0.0
2025-04-11 08:21:18,OLAY 面膜 女性 干燥 含乳木果油 滋润 100ml,¥98.3,220,704,00008110-000A49811E01401E,1.0.0
2025-04-11 08:21:34,"Garnier 卡尼尔降临日历,布口罩套装,带面膜的美容套装,适用于Hydra Bomb 和 SkinActive,1 x 12 口罩",¥234.98,18,137,00008110-000A49811E01401E,1.0.0
2025-04-11 08:21:34,NILUTO 深层胶原蛋白抗皱提升面膜 生物胶原蛋白面膜 生物胶原蛋白深层胶原蛋白面膜 抗皱面膜 深层提升胶原蛋白面膜 36g*8片,¥185.77,220,137,00008110-000A49811E01401E,1.0.0
2025-04-11 08:21:34,Natura Bissé Inhibit Tensolift 颈部面膜 15ml*1片,¥160.99,18,485,00008110-000A49811E01401E,1.0.0
2025-04-11 08:21:34,Doctor BABOR 芭宝 Cryo Plumping 面膜 清新滋养面膜 24 小时即时保湿 | 光滑和紧致肌肤 | 纯植物性 | 1 件,¥141.68,220,485,00008110-000A49811E01401E,1.0.0
2025-04-11 08:21:34,Moroccanoil 护发面膜 深层滋养 16.9液体盎司 适合成人 女性 深层滋养 重建发质强度 恢复弹性,¥412.4,18,832,00008110-000A49811E01401E,1.0.0
2025-04-11 08:21:34,NOW Foods 面部护理面膜 男女通用 适用于油性肌肤 临床测试 清洁 312g,¥120.17,220,832,00008110-000A49811E01401E,1.0.0
2025-04-11 08:21:51,Natura Bissé Inhibit Tensolift 颈部面膜 15ml*1片,¥160.99,18,-14,00008110-000A49811E01401E,1.0.0
2025-04-11 08:21:51,Doctor BABOR 芭宝 Cryo Plumping 面膜 清新滋养面膜 24 小时即时保湿 | 光滑和紧致肌肤 | 纯植物性 | 1 件,¥141.68,220,-14,00008110-000A49811E01401E,1.0.0
2025-04-11 08:21:51,Moroccanoil 护发面膜 深层滋养 16.9液体盎司 适合成人 女性 深层滋养 重建发质强度 恢复弹性,¥412.4,18,333,00008110-000A49811E01401E,1.0.0
2025-04-11 08:21:51,NOW Foods 面部护理面膜 男女通用 适用于油性肌肤 临床测试 清洁 312g,¥120.17,220,333,00008110-000A49811E01401E,1.0.0
2025-04-11 08:21:51,Lumene 面膜 女性 平滑肌肤 美白 提供维生素 去角质 天然成分 光滑肌肤 150ml,¥381.22,18,681,00008110-000A49811E01401E,1.0.0
2025-04-11 08:21:51,Yes To 面膜 男女通用 补水 舒缓 补水 软化肌肤 舒缓 3液体盎司(约89毫升),¥113.59,220,681,00008110-000A49811E01401E,1.0.0
2025-04-11 08:22:05,"Grown Alchemist 抗衰老修复凝胶面膜(75 毫升/3.5 盎司),抗衰老肽面膜,保湿,紧致和抗皱",¥421.18,18,217,00008110-000A49811E01401E,1.0.0
2025-04-11 08:22:05,MENOKIN 面部护理面膜 女性 保湿 提供维生素 快速修复面膜 亮肤 1件装 95ml,¥328.16,220,217,00008110-000A49811E01401E,1.0.0
2025-04-11 08:22:05,"Mediheal Essential HERO 30 片装(胶原蛋白、茶树、Madecassoside)| 韩国护肤面膜组合,保湿,舒缓瑕疵",¥561.96,18,528,00008110-000A49811E01401E,1.0.0
2025-04-11 08:22:05,"BIODANCE 生物胶原蛋白深层面膜,保湿隔夜水凝胶面膜,缩小毛孔,改善弹性,34g x4ea",¥254.56,220,528,00008110-000A49811E01401E,1.0.0
2025-04-11 08:22:05,"medicube 姜黄隔夜包装去皮面膜 - 用水解胶原蛋白滋养暗淡、不均匀的皮肤,令肌肤焕发光泽,提高弹性。韩国护肤,75ml",¥255.89,18,840,00008110-000A49811E01401E,1.0.0
2025-04-11 08:22:05,"YEAღ SMOOTHIE 巴西莓面膜,石榴,视黄醇 - 保湿面膜,密集护理,光彩照人 - 100% 可生物降解 - 1 件装",¥16.15,220,840,00008110-000A49811E01401E,1.0.0
2025-04-11 08:22:26,Freeman 面部护理面膜 女性 排毒 无动物实验测试 舒缓 175ml,¥71.01,18,-19,00008110-000A49811E01401E,1.0.0
2025-04-11 08:22:26,"Insutam 前额抗皱贴片:夜间面部皱纹贴片,提升女士微笑线条 12prs",¥265.8,220,-19,00008110-000A49811E01401E,1.0.0
2025-04-11 08:22:26,Guinot 面膜 男女通用 水疗 深层补水滋润面膜 补水滋润 50ml,¥269.89,18,292,00008110-000A49811E01401E,1.0.0
2025-04-11 08:22:26,"ELEMIS 动态换肤凝胶面膜 ,50ml",¥339.34,220,292,00008110-000A49811E01401E,1.0.0
2025-04-11 08:22:26,FarmHouse Fresh 面膜 三合一面膜套装 提供光泽、补水和紧致效果 29.5ml*3,¥154.62,18,622,00008110-000A49811E01401E,1.0.0
2025-04-11 08:22:26,Fresh 面膜 女性 无香料 30ml*2,¥381.43,220,622,00008110-000A49811E01401E,1.0.0
2025-04-11 08:22:50,FarmHouse Fresh 面膜 三合一面膜套装 提供光泽、补水和紧致效果 29.5ml*3,¥154.62,18,66,00008110-000A49811E01401E,1.0.0
2025-04-11 08:22:50,Fresh 面膜 女性 无香料 30ml*2,¥381.43,220,66,00008110-000A49811E01401E,1.0.0
2025-04-11 08:22:50,"VESPRO 25g*100片 胶原蛋白精华面膜,面膜护肤,保湿面膜,适合所有肤质,保湿舒缓,自然护肤水疗面膜",¥582.58,18,397,00008110-000A49811E01401E,1.0.0
2025-04-11 08:22:50,"保湿面膜保湿面膜护肤面膜,透明质酸面膜,含维生素B5,女士面膜,面膜,*面膜,25g*10",¥225.52,220,397,00008110-000A49811E01401E,1.0.0
2025-04-11 08:22:50,"Amika 护发面膜 此修复面膜可减少断裂,防止损坏,并加强发丝 16.0液体盎司 适合成人 女性",¥342.52,18,725,00008110-000A49811E01401E,1.0.0
2025-04-11 08:22:50,Sisley 希思黎 Express Flower Gel 保湿护理面膜-60毫升,¥855.76,220,725,00008110-000A49811E01401E,1.0.0
2025-04-11 08:23:23,Fanola Wonder 卷发面膜 1000毫升,¥216.71,18,262,00008110-000A49811E01401E,1.0.0
2025-04-11 08:23:23,Nexxus 护发面膜 30.0 液体盎司 适合成人 女性 滋润,¥437.61,220,262,00008110-000A49811E01401E,1.0.0
2025-04-11 08:23:23,"ANAiRUi 姜黄粘土面膜 - 绿茶*粘土面膜 - 死海矿物质泥面膜,水疗面膜套装,70g*3",¥305.37,18,610,00008110-000A49811E01401E,1.0.0
2025-04-11 08:23:23,"面膜去角质专业海藻酸盐面膜,含茶树油薄荷,用于清洁面部天然化妆品SPA质量清洁面膜,适用于所有皮肤类型8 * 30克.",¥381.06,220,610,00008110-000A49811E01401E,1.0.0
2025-04-11 08:25:19,"SUNGBOON EDITOR 官方深层胶原蛋白面膜 (1ea) | TikTok Trend 商品 | 真正胶原蛋白 2,160,000PPB 弹性 | 保湿胶原蛋白面膜 | 韩国皮肤护理 37g",¥43.01,18,35,00008110-000A49811E01401E,1.0.0
2025-04-11 08:25:19,L'Oréal 欧莱雅 Série Expert Absolute Golden 面膜,¥242.57,220,35,00008110-000A49811E01401E,1.0.0
2025-04-11 08:25:19,Neutrogena 露得清 面膜 男女通用 补水 滋养 保湿 塑形 含透明质酸 补水 30g*12片,¥194.85,18,366,00008110-000A49811E01401E,1.0.0
2025-04-11 08:25:19,WFWJ 面部护理面膜 旅行装 细纹护理,¥191.16,220,366,00008110-000A49811E01401E,1.0.0
2025-04-11 08:25:19,"Macadamia Professional Natural Oil 深层修复面膜,470 ml",¥246.51,18,713,00008110-000A49811E01401E,1.0.0
2025-04-11 08:25:19,OLAY 面膜 女性 干燥 含乳木果油 滋润 100ml,¥98.3,220,713,00008110-000A49811E01401E,1.0.0
2025-04-11 08:25:31,"Garnier 卡尼尔降临日历,布口罩套装,带面膜的美容套装,适用于Hydra Bomb 和 SkinActive,1 x 12 口罩",¥234.98,18,228,00008110-000A49811E01401E,1.0.0
2025-04-11 08:25:31,NILUTO 深层胶原蛋白抗皱提升面膜 生物胶原蛋白面膜 生物胶原蛋白深层胶原蛋白面膜 抗皱面膜 深层提升胶原蛋白面膜 36g*8片,¥185.77,220,228,00008110-000A49811E01401E,1.0.0
2025-04-11 08:25:31,Natura Bissé Inhibit Tensolift 颈部面膜 15ml*1片,¥160.99,18,576,00008110-000A49811E01401E,1.0.0
2025-04-11 08:25:31,Doctor BABOR 芭宝 Cryo Plumping 面膜 清新滋养面膜 24 小时即时保湿 | 光滑和紧致肌肤 | 纯植物性 | 1 件,¥141.68,220,576,00008110-000A49811E01401E,1.0.0
2025-04-11 08:25:44,Lumene 面膜 女性 平滑肌肤 美白 提供维生素 去角质 天然成分 光滑肌肤 150ml,¥381.22,18,265,00008110-000A49811E01401E,1.0.0
2025-04-11 08:25:44,Yes To 面膜 男女通用 补水 舒缓 补水 软化肌肤 舒缓 3液体盎司(约89毫升),¥113.59,220,265,00008110-000A49811E01401E,1.0.0
2025-04-11 08:25:44,"Fokiabin 果冻面膜适用于面部专业天然凝胶面膜,亮白保湿橡胶面膜,650g罐装面膜护肤(保加利亚玫瑰)",¥506.39,18,611,00008110-000A49811E01401E,1.0.0
2025-04-11 08:25:44,"Naturally 修复胶原蛋白面膜,含5 张面膜 25g*5片",¥120.83,220,611,00008110-000A49811E01401E,1.0.0
2025-04-11 08:25:58,"Grown Alchemist 抗衰老修复凝胶面膜(75 毫升/3.5 盎司),抗衰老肽面膜,保湿,紧致和抗皱",¥421.18,18,100,00008110-000A49811E01401E,1.0.0
2025-04-11 08:25:58,MENOKIN 面部护理面膜 女性 保湿 提供维生素 快速修复面膜 亮肤 1件装 95ml,¥328.16,220,100,00008110-000A49811E01401E,1.0.0
2025-04-11 08:25:58,"Mediheal Essential HERO 30 片装(胶原蛋白、茶树、Madecassoside)| 韩国护肤面膜组合,保湿,舒缓瑕疵",¥561.96,18,411,00008110-000A49811E01401E,1.0.0
2025-04-11 08:25:58,"BIODANCE 生物胶原蛋白深层面膜,保湿隔夜水凝胶面膜,缩小毛孔,改善弹性,34g x4ea",¥254.56,220,411,00008110-000A49811E01401E,1.0.0
2025-04-11 08:25:58,"medicube 姜黄隔夜包装去皮面膜 - 用水解胶原蛋白滋养暗淡、不均匀的皮肤,令肌肤焕发光泽,提高弹性。韩国护肤,75ml",¥255.89,18,723,00008110-000A49811E01401E,1.0.0
2025-04-11 08:25:58,"YEAღ SMOOTHIE 巴西莓面膜,石榴,视黄醇 - 保湿面膜,密集护理,光彩照人 - 100% 可生物降解 - 1 件装",¥16.15,220,723,00008110-000A49811E01401E,1.0.0
2025-04-11 08:26:16,Guinot 面膜 男女通用 水疗 深层补水滋润面膜 补水滋润 50ml,¥269.89,18,247,00008110-000A49811E01401E,1.0.0
2025-04-11 08:26:16,"ELEMIS 动态换肤凝胶面膜 ,50ml",¥339.34,220,247,00008110-000A49811E01401E,1.0.0
2025-04-11 08:26:16,FarmHouse Fresh 面膜 三合一面膜套装 提供光泽、补水和紧致效果 29.5ml*3,¥154.62,18,577,00008110-000A49811E01401E,1.0.0
2025-04-11 08:26:16,Fresh 面膜 女性 无香料 30ml*2,¥381.43,220,577,00008110-000A49811E01401E,1.0.0
2025-04-11 08:26:41,FarmHouse Fresh 面膜 三合一面膜套装 提供光泽、补水和紧致效果 29.5ml*3,¥154.62,18,68,00008110-000A49811E01401E,1.0.0
2025-04-11 08:26:41,Fresh 面膜 女性 无香料 30ml*2,¥381.43,220,68,00008110-000A49811E01401E,1.0.0
2025-04-11 08:26:41,"VESPRO 25g*100片 胶原蛋白精华面膜,面膜护肤,保湿面膜,适合所有肤质,保湿舒缓,自然护肤水疗面膜",¥582.58,18,399,00008110-000A49811E01401E,1.0.0
2025-04-11 08:26:41,"保湿面膜保湿面膜护肤面膜,透明质酸面膜,含维生素B5,女士面膜,面膜,*面膜,25g*10",¥225.52,220,399,00008110-000A49811E01401E,1.0.0
2025-04-11 08:26:41,"Amika 护发面膜 此修复面膜可减少断裂,防止损坏,并加强发丝 16.0液体盎司 适合成人 女性",¥342.52,18,727,00008110-000A49811E01401E,1.0.0
2025-04-11 08:26:41,Sisley 希思黎 Express Flower Gel 保湿护理面膜-60毫升,¥855.76,220,727,00008110-000A49811E01401E,1.0.0
2025-04-11 08:27:14,Fanola Wonder 卷发面膜 1000毫升,¥216.71,18,99,00008110-000A49811E01401E,1.0.0
2025-04-11 08:27:14,Nexxus 护发面膜 30.0 液体盎司 适合成人 女性 滋润,¥437.61,220,99,00008110-000A49811E01401E,1.0.0
2025-04-11 08:27:14,"ANAiRUi 姜黄粘土面膜 - 绿茶*粘土面膜 - 死海矿物质泥面膜,水疗面膜套装,70g*3",¥305.37,18,447,00008110-000A49811E01401E,1.0.0
2025-04-11 08:27:14,"面膜去角质专业海藻酸盐面膜,含茶树油薄荷,用于清洁面部天然化妆品SPA质量清洁面膜,适用于所有皮肤类型8 * 30克.",¥381.06,220,447,00008110-000A49811E01401E,1.0.0
2025-04-11 08:27:14,Babor 芭宝 SKINOVAGE 活力面膜 专为疲倦暗沉肌肤设计 富含维生素C的保湿面膜 植物配方 50毫升,¥235.22,220,809,00008110-000A49811E01401E,1.0.0
2025-04-11 08:27:42,"ANAiRUi 姜黄粘土面膜 - 绿茶*粘土面膜 - 死海矿物质泥面膜,水疗面膜套装,70g*3",¥305.37,18,-17,00008110-000A49811E01401E,1.0.0
2025-04-11 08:27:42,"面膜去角质专业海藻酸盐面膜,含茶树油薄荷,用于清洁面部天然化妆品SPA质量清洁面膜,适用于所有皮肤类型8 * 30克.",¥381.06,220,-17,00008110-000A49811E01401E,1.0.0
2025-04-11 08:27:42,Babor 芭宝 SKINOVAGE 活力面膜 专为疲倦暗沉肌肤设计 富含维生素C的保湿面膜 植物配方 50毫升,¥235.22,220,345,00008110-000A49811E01401E,1.0.0
2025-04-11 08:27:42,Schaebens 保湿面膜，100ml|5ml*2份*10件,¥92.9,220,693,00008110-000A49811E01401E,1.0.0
2025-04-11 08:28:43,SHEA MOISTURE 护发面膜 无动物实验测试 325ml 适合成人使用 女性 修复受损发质,¥105.54,18,48,00008110-000A49811E01401E,1.0.0
2025-04-11 08:28:43,ESPA | 等渗保湿面膜 | 55毫升,¥327.01,220,48,00008110-000A49811E01401E,1.0.0
2025-04-11 08:28:43,Perricone MD 面部护理面膜 无香型 提供强大的补水 59ml,¥498.75,18,393,00008110-000A49811E01401E,1.0.0
2025-04-11 08:28:43,"RtLvio LED 面膜光疗,7 色 LED 光疗面膜,适用于面部皮肤护理,彩色 LED 美容面膜,LED 面膜治疗面部,",¥551.1,220,393,00008110-000A49811E01401E,1.0.0
2025-04-11 08:28:43,"SUERBEATY 红光面膜,7-1 色红光面部,红蓝光面膜,面部皮肤护理面膜,女士礼品,无绳,便携,可充电",¥706.2,18,724,00008110-000A49811E01401E,1.0.0
2025-04-11 08:28:43,Perricone MD 面部护理面膜 男女通用 保湿 柔滑 无动物实验测试 提供即时和持久的保湿 59ml,¥399.43,220,724,00008110-000A49811E01401E,1.0.0
2025-04-11 08:29:14,Caudalie VinoHydra 保湿面膜,¥366.87,18,267,00008110-000A49811E01401E,1.0.0
2025-04-11 08:29:14,Quality 1st The Derma 敏感面膜-30张-Cica,¥525.4,220,267,00008110-000A49811E01401E,1.0.0
2025-04-11 08:29:14,DECLÉOR 面部护理面膜 男女通用 50ml,¥389.38,18,578,00008110-000A49811E01401E,1.0.0
2025-04-11 08:29:14,"Karuna Hit Rewind 抗皱修护面膜和贴片套装,包括 2 个保湿面膜、2 个抗衰老面膜和 4 个微针贴片",¥360.82,220,578,00008110-000A49811E01401E,1.0.0
2025-04-11 08:29:47,"Mediheal Dermaplus 芦荟面膜(10 片) - 日常纯素面膜,含泛醇和透明质酸,韩国自我护肤面膜面膜 22ml*10片",¥244.51,18,105,00008110-000A49811E01401E,1.0.0
2025-04-11 08:29:47,"PROcure Rosacare 舒缓面膜,含透明质酸水凝胶,适用于酒糟鼻症状,25ml*5",¥107.74,220,105,00008110-000A49811E01401E,1.0.0
2025-04-11 08:29:47,Dermaroller 丝质面膜强效透明质酸保湿霜含 Matriyxl 3000 生育酚提升胶原蛋白保湿干性皮肤减少细纹皱纹一次性面膜 18ml*5片,¥350.18,18,435,00008110-000A49811E01401E,1.0.0
2025-04-11 08:29:47,"Baysea 僵尸面膜 - 僵尸面膜皮肤护理,僵尸洗净面膜,保湿护肤面膜,用于平滑皮肤修复,毛孔收紧和提升深层清洁粘土泥面膜 7.5g*8",¥247.69,220,435,00008110-000A49811E01401E,1.0.0
2025-04-11 08:29:47,"JunKuJK 20 片保湿面膜,保湿面膜护肤礼品套装,提亮持久面膜护肤和面膜套装,适合所有肤质",¥217.77,18,746,00008110-000A49811E01401E,1.0.0
2025-04-11 08:29:47,Annmarie Skin Care 面膜 男女通用 补水 舒缓 滋养 提供氨基酸 非转基因 补水滋润干燥肌肤 1件装,¥419.94,220,746,00008110-000A49811E01401E,1.0.0
2025-04-11 08:30:23,"JunKuJK 20 片保湿面膜,保湿面膜护肤礼品套装,提亮持久面膜护肤和面膜套装,适合所有肤质",¥217.77,18,90,00008110-000A49811E01401E,1.0.0
2025-04-11 08:30:23,Annmarie Skin Care 面膜 男女通用 补水 舒缓 滋养 提供氨基酸 非转基因 补水滋润干燥肌肤 1件装,¥419.94,220,90,00008110-000A49811E01401E,1.0.0
2025-04-11 08:30:23,"AAVRANI 发光活化去角质 – 无污渍姜黄面膜,含芦荟、荷荷巴、乳木果、薰衣草和印度楝 – 去角质粘土面膜,适用于痤疮、黑斑和深层毛孔清洁,50ml(新)",¥436.05,18,402,00008110-000A49811E01401E,1.0.0
2025-04-11 08:30:23,"+WIS+ 密集保湿面膜,光滑面膜,25g*24片,深层保湿,含透明质酸,控油,收缩毛孔紧致抗衰老胶原蛋白",¥343.03,220,402,00008110-000A49811E01401E,1.0.0
2025-04-11 08:30:23,"面膜护肤,粘土面膜套装,姜黄,绿茶,死海泥,玫瑰,24K 金,茄子,鳄梨,面膜深层毛孔清洁祛痘,男女泥面膜。 5g*20",¥255.08,18,730,00008110-000A49811E01401E,1.0.0
2025-04-11 08:30:23,"Naturally 30 种混合装,适用于面部 5 张面膜,1 件",¥105.91,220,730,00008110-000A49811E01401E,1.0.0
2025-04-11 08:31:00,ISTON 面膜 男女通用 面部护理 弹性 补水 6件,¥279.02,18,-9,00008110-000A49811E01401E,1.0.0
2025-04-11 08:31:00,"SUERBEATY 面部护理面膜 男女通用 使用前请先洗脸,使用后请涂抹保湿面膜和护肤品。建议每周使用3-4次,最佳每隔一天使用15-20分钟。 240颗灯珠 7色光 无线设计 轻便 均匀肤色 1件装",¥795.47,220,-9,00008110-000A49811E01401E,1.0.0
2025-04-11 08:31:00,"黑头去除面膜套装,木炭去角质面膜,带面膜刷和痘痘提取剂,深层清洁面膜适用于面部鼻黑头粉刺,适合所有肤质 100g",¥203.92,18,320,00008110-000A49811E01401E,1.0.0
2025-04-11 08:31:00,"nvyue 金色去角质面膜,98.4% 金色去角质面膜,抗衰老金面膜用于保湿去除黑头,减少细纹,清洁毛孔",¥200.04,220,320,00008110-000A49811E01401E,1.0.0
2025-04-11 08:31:00,"ulluxe 面膜套装 - 维生素 C 姜黄粘土面膜,死海泥和水杨酸面膜,用于清洁毛孔、黑头、黑斑和提亮肤色,面膜护肤,女士礼品套装 80g*3",¥232.32,18,631,00008110-000A49811E01401E,1.0.0
2025-04-11 08:31:00,"Princess Pippa's Place 保加利亚玫瑰果冻面膜粉 - 果冻面膜可剥离 - 保湿、保湿、抗衰老果冻面膜,适用于面部光泽和容光焕发肌肤 - 300 克/10.5 盎司",¥230.55,220,631,00008110-000A49811E01401E,1.0.0
2025-04-11 08:31:39,"【OBS Lab 】10 片-组合超保湿精华面膜(共 10 片),韩国面膜,护肤保湿 20ml*10片",¥189.46,18,90,00008110-000A49811E01401E,1.0.0
2025-04-11 08:31:39,"WELLDERMA 高级蓝宝石胶原蛋白贴合面膜 25g*4片 抗衰老胶原蛋白水凝胶面膜,保湿和光泽护理,密集抗皱紧致",¥215.47,220,90,00008110-000A49811E01401E,1.0.0
2025-04-11 08:31:39,"Jutqut 淡水珍珠粉有机,100g 100% 天然珍珠粉,有机珍珠粉,DIY 护肤 — DIY 抗氧化,保湿,收缩毛孔,抗衰老面膜,珍珠粉补充剂",¥307.4,18,401,00008110-000A49811E01401E,1.0.0
2025-04-11 08:31:39,"导电凝胶 – 韩国配方专利,这款凝胶底漆也可用作面膜,营养密集成分,胶原蛋白,多种提取物从韩国进口。 非常适合您的微电流设备 200ml",¥346.93,220,401,00008110-000A49811E01401E,1.0.0
2025-04-11 08:31:39,YG LianKai 面部护理面膜 男女通用 金色撕拉式面膜抗皱抗衰老金色面膜补水去黑头减少细纹清洁毛孔 清洁 80g*2,¥195.15,18,712,00008110-000A49811E01401E,1.0.0
2025-04-11 08:31:39,YG LianKai 面部护理面膜 男女通用 旅行装 去黑头 15ml,¥219.54,220,712,00008110-000A49811E01401E,1.0.0
2025-04-11 08:32:19,WENJLYJ 面部护理面膜 无动物实验测试 120g,¥182.15,18,233,00008110-000A49811E01401E,1.0.0
2025-04-11 08:32:19,"L'Oréal Paris 巴黎欧莱雅 护肤纯粘土面膜,含桉树,适用于油性和光泽肌肤,净化和哑光,1.7 盎司(约 48.2 克)(1 件装)",¥228.11,220,233,00008110-000A49811E01401E,1.0.0
2025-04-11 08:32:19,Elizavecca 面部护理面膜 男女通用 清洁 排毒 去角质 天然成分 清洁 100片装 100ml,¥200.55,18,544,00008110-000A49811E01401E,1.0.0
2025-04-11 08:32:19,COSRX 面膜 女性 补水 无动物实验 三重透明质酸补水 0.67液体盎司(约20毫升),¥197.59,220,544,00008110-000A49811E01401E,1.0.0
2025-04-11 08:32:19,"面部前额抗皱贴片:面部平滑硅胶面膜 - 眼部间线条矫正治疗 - 抗衰老隔夜胶带,160 片",¥214.81,18,855,00008110-000A49811E01401E,1.0.0
2025-04-11 08:32:19,"Talika Wonder Patch - 光滑前额贴片,滋润、光滑、紧致肌肤。天然生物纤维素面膜,适合所有肤质,含透明质酸",¥191.68,220,855,00008110-000A49811E01401E,1.0.0
2025-04-11 08:33:01,Elizavecca 面部护理面膜 男女通用 清洁 排毒 去角质 天然成分 清洁 100片装 100ml,¥200.55,18,121,00008110-000A49811E01401E,1.0.0
2025-04-11 08:33:01,COSRX 面膜 女性 补水 无动物实验 三重透明质酸补水 0.67液体盎司(约20毫升),¥197.59,220,121,00008110-000A49811E01401E,1.0.0
2025-04-11 08:33:01,"面部前额抗皱贴片:面部平滑硅胶面膜 - 眼部间线条矫正治疗 - 抗衰老隔夜胶带,160 片",¥214.81,18,432,00008110-000A49811E01401E,1.0.0
2025-04-11 08:33:01,"Talika Wonder Patch - 光滑前额贴片,滋润、光滑、紧致肌肤。天然生物纤维素面膜,适合所有肤质,含透明质酸",¥191.68,220,432,00008110-000A49811E01401E,1.0.0
2025-04-11 08:33:01,"Garnier 卡尼尔布面膜,适用于淡皮肤的面膜,发光和保湿,含透明质酸和樱花,Hydra Bomb,5 x 28克",¥132.59,18,743,00008110-000A49811E01401E,1.0.0
2025-04-11 08:33:01,scash 7 盎司(约 198.4 克)200 克 100% 天然纯 Chandan 檀香粉 适用于口罩包装 崇拜吉祥场合,¥227.96,220,743,00008110-000A49811E01401E,1.0.0
2025-04-11 08:33:57,"Hebhac Herbs 死海泥粘土粉,适用于男士和女士-114 克 - 天然洁面乳,紧致皮肤,黑头去除剂 - 天然泥浆粘土粉",¥198.11,18,83,00008110-000A49811E01401E,1.0.0
2025-04-11 08:33:57,"AUSLKA 男式前额皱纹贴片 24 片 - 前额皱纹治疗,抗皱贴片,含芦荟,胶原蛋白",¥216.07,220,83,00008110-000A49811E01401E,1.0.0
2025-04-11 08:33:57,AYURVEDASHREE 死海泥 100 克 | 滋养去角质软化和排毒皮肤 | 干粘土粉 | 100% 纯死海泥粉 | 皮肤护理 | 面膜,¥46.85,18,411,00008110-000A49811E01401E,1.0.0
2025-04-11 08:33:57,"Salthouse 死海治疗矿物和愈合粘土面膜,含锌和死海矿物泥,净化、清洁和舒缓,2 x 7 毫升",¥22.83,220,411,00008110-000A49811E01401E,1.0.0
2025-04-11 08:33:57,"YHOVID前额皱纹贴片 - 抗皱面部贴片,含胶原蛋白和维生素 E ,适合夜间面部平滑细纹及皱纹护理 5g*36片",¥195.97,18,736,00008110-000A49811E01401E,1.0.0
2025-04-11 08:33:57,Katase 面膜 女性 面膜 旅行装 清洁 2.3盎司(约65.52克),¥560.25,220,736,00008110-000A49811E01401E,1.0.0
2025-04-11 08:34:59,Sisley 希思黎 黑玫瑰面膜 60ml,¥754.35,18,247,00008110-000A49811E01401E,1.0.0
2025-04-11 08:34:59,"Guerlain Super Aqua 布面膜,40毫升",¥691.73,220,247,00008110-000A49811E01401E,1.0.0
2025-04-11 08:34:59,OUIDAD 护发面膜 增强 311ml 适合成人使用 女性 保湿面膜具有增强效果,¥239.25,18,612,00008110-000A49811E01401E,1.0.0
2025-04-11 08:34:59,BioClarity 面膜 男女通用 面膜 面膜 维生素C,¥297.35,220,612,00008110-000A49811E01401E,1.0.0
2025-04-11 08:36:32,"Phyto Phytodensia 液体丰满面膜,5.2 盎司",¥342.45,18,34,00008110-000A49811E01401E,1.0.0
2025-04-11 08:36:32,NILUTO 深层胶原蛋白抗皱提升面膜 生物胶原蛋白面膜 生物胶原蛋白深层胶原蛋白面膜 抗皱面膜 深层提升胶原蛋白面膜 36g*8片,¥397.74,220,34,00008110-000A49811E01401E,1.0.0
2025-04-11 08:36:32,Peter Thomas Roth 24K 金面膜 50 毫升,¥296.65,220,364,00008110-000A49811E01401E,1.0.0
2025-04-11 08:36:32,"ENDOCARE 去角质和清洁面膜,8470001693952 2ml*30",¥376.74,18,711,00008110-000A49811E01401E,1.0.0
2025-04-11 08:36:32,TONYMOLY 面膜 男女通用 滋润 滋润肌肤 芦荟面膜滋润干燥肌肤 1件装,¥169.98,220,711,00008110-000A49811E01401E,1.0.0
2025-04-11 08:37:58,FILORGA 菲洛嘉 面膜 男女通用 无动物实验 75ml,¥359.71,18,82,00008110-000A49811E01401E,1.0.0
2025-04-11 08:37:58,"KOSE Clear Turn Vita CICA 面膜 大容量型 517ml, 共40片 面膜 面膜 毛孔 暗沉 对策",¥474.1,220,82,00008110-000A49811E01401E,1.0.0
2025-04-11 08:37:58,Wella Professionals 头发护理面膜 适合成人使用 男女通用 专业修复面膜 143g,¥164.35,18,413,00008110-000A49811E01401E,1.0.0
2025-04-11 08:37:58,Kerastase 阻力面膜 Force Architecte 重塑面膜，6.8 盎司（约 192.8克） 6.8盎司,¥481.61,220,413,00008110-000A49811E01401E,1.0.0
2025-04-11 08:37:58,Oskia 文艺复兴时期面膜(50毫升),¥801.53,18,743,00008110-000A49811E01401E,1.0.0
2025-04-11 08:37:58,ELEMIS 艾丽美 Peptide4 四重肽丰盈滋养睡眠面膜，50毫升,¥416.51,220,743,00008110-000A49811E01401E,1.0.0
2025-04-11 08:39:51,"ANAI RUI 姜黄维生素 C 粘土面膜 - 玫瑰面膜 - 鳄梨绿茶泥面膜,SPA 面膜套装 粘土面膜70g+玫瑰面膜70g+鳄梨绿茶泥面70g+刷子",¥290.88,220,44,00008110-000A49811E01401E,1.0.0
2025-04-11 08:39:51,"L'Oréal Paris 巴黎欧莱雅 面膜,含维生素 C 和水杨酸,即时光泽精华液面膜,Revitalift Clinical, 26g*6片",¥224.78,18,375,00008110-000A49811E01401E,1.0.0
2025-04-11 08:39:51,LANEIGE 面膜 男女通用 补水 舒缓 滋养 隔夜 无过敏原隔夜面膜增强水分屏障 2.04液体盎司(约60毫升),¥196.53,220,375,00008110-000A49811E01401E,1.0.0
2025-04-11 08:39:51,"Institut Esthederm 密集透明质酸面膜 保湿 去皱,75ml",¥308.35,18,722,00008110-000A49811E01401E,1.0.0
2025-04-11 08:39:51,FOREO UFO 智能面膜护理仪，珍珠粉，只需90秒即可完成面膜护理，拥有加热、冷却、LED光疗和声波脉动技术，可连接智能手机app,¥1343.83,220,722,00008110-000A49811E01401E,1.0.0
2025-04-11 08:41:18,"Institut Esthederm 密集透明质酸面膜 保湿 去皱,75ml",¥308.35,18,13,00008110-000A49811E01401E,1.0.0
2025-04-11 08:41:18,FOREO UFO 智能面膜护理仪，珍珠粉，只需90秒即可完成面膜护理，拥有加热、冷却、LED光疗和声波脉动技术，可连接智能手机app,¥1343.83,220,13,00008110-000A49811E01401E,1.0.0
2025-04-11 08:41:18,KOSE 高丝 Clear Turn 美肌职人 蜂蜜面膜 大容量 面膜 30枚,¥416.21,220,395,00008110-000A49811E01401E,1.0.0
2025-04-11 08:41:18,Dior 迪奥 面膜 男女通用 保湿 无动物实验 肌肤平滑 79ml,¥477.1,18,723,00008110-000A49811E01401E,1.0.0
2025-04-11 08:41:18,DOCTORCOS *提升皮肤面膜套装 | 硅胶面膜 + 面膜安瓿(3.3 盎司) + 填充皱纹霜(1.6 盎司) | *部提升套装 | 颈部和眼部提升 | 韩国皮肤护理,¥975.47,220,723,00008110-000A49811E01401E,1.0.0
2025-04-11 08:47:45,Peter Thomas Roth彼得罗夫24K黄金面膜 助肌肤提升紧致亮泽 150ml,¥628.1,18,238,00008110-000A49811E01401E,1.0.0
2025-04-11 08:47:45,优质1st Derma Laser VC100面膜白色7张,¥369.48,220,238,00008110-000A49811E01401E,1.0.0
2025-04-11 08:47:45,Kanebo 佳丽宝 面膜 女性 滋润 2.62盎司(约74.5克),¥1032.25,18,549,00008110-000A49811E01401E,1.0.0
2025-04-11 08:47:45,L’ANZA 护发面膜 修复头发 200ml 适合成人 女性 重建头发强度 提供轻松顺滑,¥254.97,220,549,00008110-000A49811E01401E,1.0.0
2025-04-11 08:47:45,LANEIGE Bella 原创唇部睡眠面膜晚霜 20 克,¥614.69,18,880,00008110-000A49811E01401E,1.0.0
2025-04-11 08:47:45,"Genabelle Glutathione 亮肤安瓶面膜 - 轻盈,密集亮肤面膜 25ml*5片",¥252.94,220,880,00008110-000A49811E01401E,1.0.0
2025-04-11 08:49:38,Kanebo 佳丽宝 面膜 女性 滋润 2.62盎司(约74.5克),¥1032.25,18,69,00008110-000A49811E01401E,1.0.0
2025-04-11 08:49:38,L’ANZA 护发面膜 修复头发 200ml 适合成人 女性 重建头发强度 提供轻松顺滑,¥254.97,220,69,00008110-000A49811E01401E,1.0.0
2025-04-11 08:49:38,LANEIGE Bella 原创唇部睡眠面膜晚霜 20 克,¥614.69,18,400,00008110-000A49811E01401E,1.0.0
2025-04-11 08:49:38,"Genabelle Glutathione 亮肤安瓶面膜 - 轻盈,密集亮肤面膜 25ml*5片",¥252.94,220,400,00008110-000A49811E01401E,1.0.0
2025-04-11 08:49:38,SkinMedica 面膜 男女通用 专业护肤品 水凝胶技术减少眼部浮肿 1件装，1.17g*12片,¥269.09,18,728,00008110-000A49811E01401E,1.0.0
2025-04-11 08:49:38,Wella Professionals 护发面膜 滋养 500ml 适合成人 男女通用 修复受损,¥210.43,220,728,00008110-000A49811E01401E,1.0.0
2025-04-11 08:51:20,PROOT 紧肤一体式洗脸提拉面膜 含 Hyalpol 基质抗衰 管状长效面膜 旅行 友好型,¥311.68,18,265,00008110-000A49811E01401E,1.0.0
2025-04-11 08:51:20,Andalou Naturals 面膜 男女通用 抗氧化 紧肤 50g,¥112.27,220,265,00008110-000A49811E01401E,1.0.0
2025-04-11 08:51:20,Davines 护发面膜 滋养并修护干燥受损的头发 248ml 成人适用 男女通用,¥257.97,18,595,00008110-000A49811E01401E,1.0.0
2025-04-11 08:51:20,AHAVA Time To Treat 面部更新***护肤面膜 100 毫升,¥367.44,220,595,00008110-000A49811E01401E,1.0.0
2025-04-11 08:53:08,"THESAEM Cica 舒缓面膜 350g, 30片 - 日常*面膜 - 积雪草、透明质酸和泛醇 - 保湿精华 含素食片 - 韩国护肤",¥328.46,18,276,00008110-000A49811E01401E,1.0.0
2025-04-11 08:53:08,"ANAIRUI 姜黄维生素 C 粘土面膜,适用于*和黑斑,维生素 C 和 E 粘土面膜,适用于黑头、毛孔、皱纹、细纹、保湿、洁肤面膜,120g",¥236.61,18,587,00008110-000A49811E01401E,1.0.0
2025-04-11 08:53:08,L’Oréal Paris 护发面膜 佛手柑香 144ml 1件装,¥128.29,220,587,00008110-000A49811E01401E,1.0.0
2025-04-11 08:55:17,"ANAIRUI 姜黄维生素 C 粘土面膜,适用于*和黑斑,维生素 C 和 E 粘土面膜,适用于黑头、毛孔、皱纹、细纹、保湿、洁肤面膜,120g",¥236.61,18,69,00008110-000A49811E01401E,1.0.0
2025-04-11 08:55:17,L’Oréal Paris 护发面膜 佛手柑香 144ml 1件装,¥128.29,220,69,00008110-000A49811E01401E,1.0.0
2025-04-11 08:55:17,Talika 面膜 女性 补水 舒缓 创新面膜补水柔软 补水柔软 0.71盎司(约20克),¥215.33,18,399,00008110-000A49811E01401E,1.0.0
2025-04-11 08:55:17,natureofthings 补充营养的隔夜面膜。令肌肤焕然一新、紧致和保湿。 30ml,¥224.84,220,399,00008110-000A49811E01401E,1.0.0
2025-04-11 08:55:17,Burt's Bees 面膜 男女通用 补水 天然成分 补水 6盒,¥125.95,18,726,00008110-000A49811E01401E,1.0.0
2025-04-11 08:55:17,Wella Professionals 护发面膜 保湿 500ml 适合成人使用 男女通用 加深发色,¥204.65,220,726,00008110-000A49811E01401E,1.0.0
2025-04-11 08:57:07,PURE ORIGINAL INGREDIENTS 面膜 男女通用 舒缓 舒缓,¥323.8,18,82,00008110-000A49811E01401E,1.0.0
2025-04-11 08:57:07,"APPTI 双 V 形下巴减速器面部提升面膜,紧致紧致面膜下巴补丁 V 字型提升面膜,适用于女士男士面部和颈部苗条 25g*5片",¥268.09,18,393,00008110-000A49811E01401E,1.0.0
2025-04-11 08:57:07,Shiseido 资生堂 去角质和清洁面膜 1 件（1x 125 毫升）,¥444.67,220,393,00008110-000A49811E01401E,1.0.0
2025-04-11 08:57:07,Aphrona LED 面部皮肤护理光子面膜，FDA批准-蓝光，红光（白色）,¥1551.7,18,721,00008110-000A49811E01401E,1.0.0
2025-04-11 08:57:07,Natura Bissé 面膜 男女通用 无动物实验测试 有助于紧致更新滋润皮肤改善整体外观 75ml,¥875.94,220,721,00008110-000A49811E01401E,1.0.0
2025-04-11 08:59:16,SpaLife 神话般水果面膜系列 23g*24片,¥247.69,18,105,00008110-000A49811E01401E,1.0.0
2025-04-11 08:59:16,KOSE 高丝 Clear Turn 超浓郁保湿 面膜 EX 単品,¥401.53,220,105,00008110-000A49811E01401E,1.0.0
2025-04-11 08:59:16,Natura Bissé 悦碧施均衡洁肤清洁面膜，75毫升,¥528.74,18,467,00008110-000A49811E01401E,1.0.0
2025-04-11 08:59:16,U-NEED 100 片韩国面膜(10 种 x 10 片)天然面膜 | 天丝 | 皮肤护理 | 韩国制造 | 保湿和紧致 | 皮肤亮肤和色素平衡,¥608.52,220,467,00008110-000A49811E01401E,1.0.0
2025-04-11 08:59:16,Guinot 面膜 深层滋润干燥暗沉肌肤 营造健康光泽 适合干性肌肤 50ml 1件装,¥261.85,18,778,00008110-000A49811E01401E,1.0.0
2025-04-11 08:59:16,Medavita Lunghezze 角蛋白奇迹时尚发膜 150毫升 - 光滑面膜,¥365.65,220,778,00008110-000A49811E01401E,1.0.0
2025-04-11 09:01:28,Guinot 面膜 深层滋润干燥暗沉肌肤 营造健康光泽 适合干性肌肤 50ml 1件装,¥261.85,18,64,00008110-000A49811E01401E,1.0.0
2025-04-11 09:01:28,Medavita Lunghezze 角蛋白奇迹时尚发膜 150毫升 - 光滑面膜,¥365.65,220,64,00008110-000A49811E01401E,1.0.0
2025-04-11 09:01:28,"WIS 透明质酸精华全脸面膜,深层保湿*精华保湿面膜,适用于暗沉干燥皮肤护理,抗皱和细纹,24 个组合装",¥365.63,18,395,00008110-000A49811E01401E,1.0.0
2025-04-11 09:01:28,Hada Labo Tokyo 面膜 通用 补水 抗皱 塑形 抗衰老,¥124.19,220,395,00008110-000A49811E01401E,1.0.0
2025-04-11 09:01:28,Perricone MD 面膜 男女通用 专业护肤 改善提亮肤质 净化细化毛孔 2液体盎司(约59毫升),¥450.99,18,725,00008110-000A49811E01401E,1.0.0
2025-04-11 09:01:28,Aveeno 艾惟诺 脚面膜 通用 脚 无香料 滋润 保湿,¥337.03,220,725,00008110-000A49811E01401E,1.0.0
2025-04-11 09:03:39,FILORGA 菲洛嘉 面膜 女性 撕开小包敷在脸上15分钟后取下按摩吸收精华液 每周一次或两次 提拉效果面膜 平滑肌肤滋润效果更年轻 20ml,¥122.73,18,121,00008110-000A49811E01401E,1.0.0
2025-04-11 09:03:39,AXIS-Y 面部护理面膜 男女通用 去角质 100ml,¥269.2,220,121,00008110-000A49811E01401E,1.0.0
2025-04-11 09:03:39,Sisley 希思黎 面膜 男女通用 去角质 西思雅深层清洁 57g,¥646.13,18,451,00008110-000A49811E01401E,1.0.0
2025-04-11 09:03:39,"Karuna Hydrating+ 护手面膜,奶油油注入手面膜,含山茶花,重新*-1 个计数",¥192,220,451,00008110-000A49811E01401E,1.0.0
2025-04-11 09:03:39,MINON 氨基酸保湿补水面膜 舒缓修护 22mL×4枚|4片共88ml,¥380.9,18,763,00008110-000A49811E01401E,1.0.0
2025-04-11 09:03:39,Raya 叶绿素面膜 (607) | 适合所有皮肤的紧致面部护理面膜 | 有助于减少细纹和皱纹 60ml,¥252.86,220,763,00008110-000A49811E01401E,1.0.0
2025-04-11 09:06:19,FACETORY 面膜 通用 滋润 舒缓 活力 养颜 不测试动物 保湿,¥358.31,18,100,00008110-000A49811E01401E,1.0.0
2025-04-11 09:06:19,Hadabisei Kracie 面膜 3D *保湿霜|4片共120ml,¥255.73,220,100,00008110-000A49811E01401E,1.0.0
2025-04-11 09:06:19,THALGO 面膜 男女通用 专业沙龙和水疗中心 干敏正油性肌肤 填充细纹 1.69液体盎司(约50毫升),¥310.96,18,411,00008110-000A49811E01401E,1.0.0
2025-04-11 09:06:19,Maui Moisture 护发面膜 保湿 340毫升 适合成人使用 男女通用 保湿,¥109.64,220,411,00008110-000A49811E01401E,1.0.0
2025-04-11 09:06:19,Garnier SkinActive Black Skin 常规面部护理套装含黑色面膜、胶束爽肤水和 AHA BHA 精华，1 件。,¥298.07,18,776,00008110-000A49811E01401E,1.0.0
2025-04-11 09:06:19,AHC Hydra Soother 纤维素面膜(5 片),¥236.68,220,776,00008110-000A49811E01401E,1.0.0
2025-04-11 09:08:49,Garnier SkinActive Black Skin 常规面部护理套装含黑色面膜、胶束爽肤水和 AHA BHA 精华，1 件。,¥298.07,18,22,00008110-000A49811E01401E,1.0.0
2025-04-11 09:08:49,AHC Hydra Soother 纤维素面膜(5 片),¥236.68,220,22,00008110-000A49811E01401E,1.0.0
2025-04-11 09:08:49,OGX 护发面膜 6.0 液体盎司 适合成人 女性 滋润,¥310.35,18,387,00008110-000A49811E01401E,1.0.0
2025-04-11 09:08:49,Neutrogena 露得清 面膜 通用 补水 补水 补水补充水分护肤保湿,¥368.66,220,387,00008110-000A49811E01401E,1.0.0
2025-04-11 09:08:49,Aveeno 艾惟诺 手面膜 男女通用 保湿 无油 保湿 1盎司(约28.35克),¥1095.85,18,715,00008110-000A49811E01401E,1.0.0
2025-04-11 09:08:49,Aveda 护发面膜 无动物实验测试 434ml 适合成人使用 女性 护理,¥733.58,220,715,00008110-000A49811E01401E,1.0.0
2025-04-11 09:11:04,LANEIGE 唇部*面膜 - 甜糖 20g,¥175.54,18,234,00008110-000A49811E01401E,1.0.0
2025-04-11 09:11:04,Queen's Premium Mask 快速保湿救援面膜|4片共35ml,¥330.75,220,234,00008110-000A49811E01401E,1.0.0
2025-04-11 09:11:04,L'OREAL PROFESSIONNEL PARIS 护发面膜 滋润 240ml 液体盎司 适合成人使用 男女通用 深层滋润发丝,¥249.21,18,545,00008110-000A49811E01401E,1.0.0
2025-04-11 09:11:04,Argan Magic 护发面膜 滋养 12.0盎司 适合成人 男女通用 保湿,¥349,220,545,00008110-000A49811E01401E,1.0.0
2025-04-11 09:11:04,"ANAI RUI 姜黄面膜,含木刷的维生素C粘土面膜,用于*、改善毛孔、容光焕发、光滑肌肤,6.7盎司(约180克)",¥252.94,18,875,00008110-000A49811E01401E,1.0.0
2025-04-11 09:11:04,Smoothies 面膜贴 通用 无刺激性 帮助抚平额头皱纹,¥286.19,220,875,00008110-000A49811E01401E,1.0.0
2025-04-11 09:13:34,L'OREAL PROFESSIONNEL PARIS 护发面膜 滋润 240ml 液体盎司 适合成人使用 男女通用 深层滋润发丝,¥249.21,18,87,00008110-000A49811E01401E,1.0.0
2025-04-11 09:13:34,Argan Magic 护发面膜 滋养 12.0盎司 适合成人 男女通用 保湿,¥349,220,87,00008110-000A49811E01401E,1.0.0
2025-04-11 09:13:34,"ANAI RUI 姜黄面膜,含木刷的维生素C粘土面膜,用于*、改善毛孔、容光焕发、光滑肌肤,6.7盎司(约180克)",¥252.94,18,417,00008110-000A49811E01401E,1.0.0
2025-04-11 09:13:34,Smoothies 面膜贴 通用 无刺激性 帮助抚平额头皱纹,¥286.19,220,417,00008110-000A49811E01401E,1.0.0
2025-04-11 09:13:34,MISEDI 面部护理面膜 男女通用 轻便 28g,¥236.02,18,745,00008110-000A49811E01401E,1.0.0
2025-04-11 09:13:34,SHVYOG 面膜 男女通用 抗衰老 无动物测试,¥212.62,220,745,00008110-000A49811E01401E,1.0.0
2025-04-11 09:15:51,"Macadamia Professional 护发面膜 适合中至粗发质的滋养保湿面膜 8.0 液体盎司 成人适用 男女通用 使头发顺滑丝滑,无毛躁。改善头发健康,增加光泽和弹性",¥150.89,18,248,00008110-000A49811E01401E,1.0.0
2025-04-11 09:15:51,The Mane Choice 护发面膜 滋润 12.0液体盎司 适合成人使用 男女通用 滋润皮肤,¥143.14,220,248,00008110-000A49811E01401E,1.0.0
2025-04-11 09:15:51,"Omer 中性 成人 Apnoe 单玻璃面膜,黑色镜面镜片,均码",¥342.08,18,578,00008110-000A49811E01401E,1.0.0
2025-04-11 09:15:51,"Dr. Scholl's 超去角质足部面膜,温和去皮软化,1 对一脚蹬短靴足部面膜 1.5 盎司",¥173.13,220,578,00008110-000A49811E01401E,1.0.0
2025-04-11 09:18:27,"Omer 中性 成人 Apnoe 单玻璃面膜,黑色镜面镜片,均码",¥342.08,18,105,00008110-000A49811E01401E,1.0.0
2025-04-11 09:18:27,"Dr. Scholl's 超去角质足部面膜,温和去皮软化,1 对一脚蹬短靴足部面膜 1.5 盎司",¥173.13,220,105,00008110-000A49811E01401E,1.0.0
2025-04-11 09:18:27,L’Oréal Paris 面膜 男女通用 清洁 排毒 平滑 48g,¥285.75,18,417,00008110-000A49811E01401E,1.0.0
2025-04-11 09:18:27,Mario Badescu Skin Care 面膜 男女通用 皮肤科学 清洁毛孔不致干燥 提拉皮肤,¥146.94,220,417,00008110-000A49811E01401E,1.0.0
2025-04-11 09:18:27,"2N V 线面部紧致面膜,面部修身脸颊面膜,双下巴减速器,可重复使用的下巴提升面膜,带绷带带,用于紧致面部皮肤,使 V 字下巴保湿(7 件套 + 绷带)",¥197.56,18,747,00008110-000A49811E01401E,1.0.0
2025-04-11 09:18:27,Merle Norman 面膜 女性 去角质 抗皱 无油 活力复苏 柔软 去角质 170g,¥394.53,220,747,00008110-000A49811E01401E,1.0.0
2025-04-11 09:21:28,"Freeman 面膜 美白 保湿 滋养 提供维生素 旅行 无动物实验测试 这款Freeman天然面膜组合包括我们天然系列的12个小袋,这样您就可以补充喜爱的护肤必备品。 10ml*12片",¥115.05,220,-44,00008110-000A49811E01401E,1.0.0
2025-04-11 09:21:28,Saborino 眼影贴 Vitatat C 30片装 【1分钟即可完成!早上用多合一面膜 】,¥405.85,18,287,00008110-000A49811E01401E,1.0.0
2025-04-11 09:21:28,DECLÉOR 面膜 女性 补水 便携式 补水 1.7盎司(约48.3克),¥215.1,220,287,00008110-000A49811E01401E,1.0.0
2025-04-11 09:21:28,Estee Lauder 雅诗兰黛 完美清洁 | 净莹柔肤洁面乳，净化面膜 | 条件滋养| 非发泡霜 | 5盎司（约141.74克），150毫升,¥258.06,18,598,00008110-000A49811E01401E,1.0.0
2025-04-11 09:21:28,Twist 护发面膜 滋润 241g 卷发 男女通用,¥187.17,220,598,00008110-000A49811E01401E,1.0.0
2025-04-11 09:24:01,Elizavecca 伊丽莎白长耳熊 免洗睡眠面膜 韩国小青猪胶原蛋白猪皮面膜 美白补水保湿滋润 100g,¥200.7,18,126,00008110-000A49811E01401E,1.0.0
2025-04-11 09:24:01,House of Dohwa 大米洗脸面膜 l 韩国产品 - 3.38 液体盎司,¥269.93,220,126,00008110-000A49811E01401E,1.0.0
2025-04-11 09:24:01,Juice Beauty 面膜 男女通用 排毒 滋润 营养 无动物测试 0.85盎司(约24.2克),¥416.24,18,437,00008110-000A49811E01401E,1.0.0
2025-04-11 09:24:01,VO5 头发护理面膜 防脱发 29ml 干性头发 男女通用,¥230.62,220,437,00008110-000A49811E01401E,1.0.0
2025-04-11 09:24:01,Blue Lagoon - 深层清洁二氧化硅面膜 | 可持续生物活性冰岛护肤品(2.5 盎司 | 75 毫升),¥847.13,18,749,00008110-000A49811E01401E,1.0.0
2025-04-11 09:24:01,泡泡护肤深潜 AHA + PHA 去角质面膜(1.5 盎司),¥228.78,220,749,00008110-000A49811E01401E,1.0.0
2025-04-11 09:27:20,Blue Lagoon - 深层清洁二氧化硅面膜 | 可持续生物活性冰岛护肤品(2.5 盎司 | 75 毫升),¥847.13,18,105,00008110-000A49811E01401E,1.0.0
2025-04-11 09:27:20,泡泡护肤深潜 AHA + PHA 去角质面膜(1.5 盎司),¥228.78,220,105,00008110-000A49811E01401E,1.0.0
2025-04-11 09:27:20,Fresh 面膜 男女通用 补水 它闻起来像新鲜的玫瑰花 补水 提亮肤色 100ml,¥567.73,18,416,00008110-000A49811E01401E,1.0.0
2025-04-11 09:27:20,SHEA MOISTURE 护发面膜 加强 11.5液体盎司 适合成人 男女通用 深度护理和滋润,¥126.75,220,416,00008110-000A49811E01401E,1.0.0
2025-04-11 09:27:20,7th Heaven 面部护理面膜 男性 排毒 清洁 旅行装 排毒 1件装,¥89.45,18,746,00008110-000A49811E01401E,1.0.0
2025-04-11 09:27:20,LATHER 面膜 女性 防晒 舒缓 滋润 保湿 无动物实验 保湿 4盎司(约113克),¥341.02,220,746,00008110-000A49811E01401E,1.0.0
2025-04-11 09:30:19,Blue Lagoon - 深层清洁二氧化硅面膜 | 可持续生物活性冰岛护肤品(2.5 盎司 | 75 毫升),¥847.13,18,105,00008110-000A49811E01401E,1.0.0
2025-04-11 09:30:19,泡泡护肤深潜 AHA + PHA 去角质面膜(1.5 盎司),¥228.78,220,105,00008110-000A49811E01401E,1.0.0
2025-04-11 09:30:19,Fresh 面膜 男女通用 补水 它闻起来像新鲜的玫瑰花 补水 提亮肤色 100ml,¥567.73,18,416,00008110-000A49811E01401E,1.0.0
2025-04-11 09:30:19,SHEA MOISTURE 护发面膜 加强 11.5液体盎司 适合成人 男女通用 深度护理和滋润,¥126.75,220,416,00008110-000A49811E01401E,1.0.0
2025-04-11 09:30:19,7th Heaven 面部护理面膜 男性 排毒 清洁 旅行装 排毒 1件装,¥89.45,18,746,00008110-000A49811E01401E,1.0.0
2025-04-11 09:30:19,LATHER 面膜 女性 防晒 舒缓 滋润 保湿 无动物实验 保湿 4盎司(约113克),¥341.02,220,746,00008110-000A49811E01401E,1.0.0
2025-04-11 09:33:15,Blue Lagoon - 深层清洁二氧化硅面膜 | 可持续生物活性冰岛护肤品(2.5 盎司 | 75 毫升),¥847.13,18,105,00008110-000A49811E01401E,1.0.0
2025-04-11 09:33:15,泡泡护肤深潜 AHA + PHA 去角质面膜(1.5 盎司),¥228.78,220,105,00008110-000A49811E01401E,1.0.0
2025-04-11 09:33:15,Fresh 面膜 男女通用 补水 它闻起来像新鲜的玫瑰花 补水 提亮肤色 100ml,¥567.73,18,416,00008110-000A49811E01401E,1.0.0
2025-04-11 09:33:15,SHEA MOISTURE 护发面膜 加强 11.5液体盎司 适合成人 男女通用 深度护理和滋润,¥126.75,220,416,00008110-000A49811E01401E,1.0.0
2025-04-11 09:33:15,7th Heaven 面部护理面膜 男性 排毒 清洁 旅行装 排毒 1件装,¥89.45,18,746,00008110-000A49811E01401E,1.0.0
2025-04-11 09:33:15,LATHER 面膜 女性 防晒 舒缓 滋润 保湿 无动物实验 保湿 4盎司(约113克),¥341.02,220,746,00008110-000A49811E01401E,1.0.0
2025-04-11 09:36:13,Blue Lagoon - 深层清洁二氧化硅面膜 | 可持续生物活性冰岛护肤品(2.5 盎司 | 75 毫升),¥847.13,18,105,00008110-000A49811E01401E,1.0.0
2025-04-11 09:36:13,泡泡护肤深潜 AHA + PHA 去角质面膜(1.5 盎司),¥228.78,220,105,00008110-000A49811E01401E,1.0.0
2025-04-11 09:36:13,Fresh 面膜 男女通用 补水 它闻起来像新鲜的玫瑰花 补水 提亮肤色 100ml,¥567.73,18,416,00008110-000A49811E01401E,1.0.0
2025-04-11 09:36:13,SHEA MOISTURE 护发面膜 加强 11.5液体盎司 适合成人 男女通用 深度护理和滋润,¥126.75,220,416,00008110-000A49811E01401E,1.0.0
2025-04-11 09:36:13,7th Heaven 面部护理面膜 男性 排毒 清洁 旅行装 排毒 1件装,¥89.45,18,746,00008110-000A49811E01401E,1.0.0
2025-04-11 09:36:13,LATHER 面膜 女性 防晒 舒缓 滋润 保湿 无动物实验 保湿 4盎司(约113克),¥341.02,220,746,00008110-000A49811E01401E,1.0.0
2025-04-11 09:39:10,Blue Lagoon - 深层清洁二氧化硅面膜 | 可持续生物活性冰岛护肤品(2.5 盎司 | 75 毫升),¥847.13,18,105,00008110-000A49811E01401E,1.0.0
2025-04-11 09:39:10,泡泡护肤深潜 AHA + PHA 去角质面膜(1.5 盎司),¥228.78,220,105,00008110-000A49811E01401E,1.0.0
2025-04-11 09:39:10,Fresh 面膜 男女通用 补水 它闻起来像新鲜的玫瑰花 补水 提亮肤色 100ml,¥567.73,18,416,00008110-000A49811E01401E,1.0.0
2025-04-11 09:39:10,SHEA MOISTURE 护发面膜 加强 11.5液体盎司 适合成人 男女通用 深度护理和滋润,¥126.75,220,416,00008110-000A49811E01401E,1.0.0
2025-04-11 09:39:10,7th Heaven 面部护理面膜 男性 排毒 清洁 旅行装 排毒 1件装,¥89.45,18,746,00008110-000A49811E01401E,1.0.0
2025-04-11 09:39:10,LATHER 面膜 女性 防晒 舒缓 滋润 保湿 无动物实验 保湿 4盎司(约113克),¥341.02,220,746,00008110-000A49811E01401E,1.0.0
2025-04-11 09:42:06,Blue Lagoon - 深层清洁二氧化硅面膜 | 可持续生物活性冰岛护肤品(2.5 盎司 | 75 毫升),¥847.13,18,105,00008110-000A49811E01401E,1.0.0
2025-04-11 09:42:06,泡泡护肤深潜 AHA + PHA 去角质面膜(1.5 盎司),¥228.78,220,105,00008110-000A49811E01401E,1.0.0
2025-04-11 09:42:06,Fresh 面膜 男女通用 补水 它闻起来像新鲜的玫瑰花 补水 提亮肤色 100ml,¥567.73,18,416,00008110-000A49811E01401E,1.0.0
2025-04-11 09:42:06,SHEA MOISTURE 护发面膜 加强 11.5液体盎司 适合成人 男女通用 深度护理和滋润,¥126.75,220,416,00008110-000A49811E01401E,1.0.0
2025-04-11 09:42:06,7th Heaven 面部护理面膜 男性 排毒 清洁 旅行装 排毒 1件装,¥89.45,18,746,00008110-000A49811E01401E,1.0.0
2025-04-11 09:42:06,LATHER 面膜 女性 防晒 舒缓 滋润 保湿 无动物实验 保湿 4盎司(约113克),¥341.02,220,746,00008110-000A49811E01401E,1.0.0
2025-04-11 09:45:01,Blue Lagoon - 深层清洁二氧化硅面膜 | 可持续生物活性冰岛护肤品(2.5 盎司 | 75 毫升),¥847.13,18,105,00008110-000A49811E01401E,1.0.0
2025-04-11 09:45:01,泡泡护肤深潜 AHA + PHA 去角质面膜(1.5 盎司),¥228.78,220,105,00008110-000A49811E01401E,1.0.0
2025-04-11 09:45:01,Fresh 面膜 男女通用 补水 它闻起来像新鲜的玫瑰花 补水 提亮肤色 100ml,¥567.73,18,416,00008110-000A49811E01401E,1.0.0
2025-04-11 09:45:01,SHEA MOISTURE 护发面膜 加强 11.5液体盎司 适合成人 男女通用 深度护理和滋润,¥126.75,220,416,00008110-000A49811E01401E,1.0.0
2025-04-11 09:45:01,7th Heaven 面部护理面膜 男性 排毒 清洁 旅行装 排毒 1件装,¥89.45,18,746,00008110-000A49811E01401E,1.0.0
2025-04-11 09:45:01,LATHER 面膜 女性 防晒 舒缓 滋润 保湿 无动物实验 保湿 4盎司(约113克),¥341.02,220,746,00008110-000A49811E01401E,1.0.0
2025-04-11 09:47:57,Blue Lagoon - 深层清洁二氧化硅面膜 | 可持续生物活性冰岛护肤品(2.5 盎司 | 75 毫升),¥847.13,18,105,00008110-000A49811E01401E,1.0.0
2025-04-11 09:47:57,泡泡护肤深潜 AHA + PHA 去角质面膜(1.5 盎司),¥228.78,220,105,00008110-000A49811E01401E,1.0.0
2025-04-11 09:47:57,Fresh 面膜 男女通用 补水 它闻起来像新鲜的玫瑰花 补水 提亮肤色 100ml,¥567.73,18,416,00008110-000A49811E01401E,1.0.0
2025-04-11 09:47:57,SHEA MOISTURE 护发面膜 加强 11.5液体盎司 适合成人 男女通用 深度护理和滋润,¥126.75,220,416,00008110-000A49811E01401E,1.0.0
2025-04-11 09:47:57,7th Heaven 面部护理面膜 男性 排毒 清洁 旅行装 排毒 1件装,¥89.45,18,746,00008110-000A49811E01401E,1.0.0
2025-04-11 09:47:57,LATHER 面膜 女性 防晒 舒缓 滋润 保湿 无动物实验 保湿 4盎司(约113克),¥341.02,220,746,00008110-000A49811E01401E,1.0.0
2025-04-11 09:50:55,Blue Lagoon - 深层清洁二氧化硅面膜 | 可持续生物活性冰岛护肤品(2.5 盎司 | 75 毫升),¥847.13,18,105,00008110-000A49811E01401E,1.0.0
2025-04-11 09:50:55,泡泡护肤深潜 AHA + PHA 去角质面膜(1.5 盎司),¥228.78,220,105,00008110-000A49811E01401E,1.0.0
2025-04-11 09:50:55,Fresh 面膜 男女通用 补水 它闻起来像新鲜的玫瑰花 补水 提亮肤色 100ml,¥567.73,18,416,00008110-000A49811E01401E,1.0.0
2025-04-11 09:50:55,SHEA MOISTURE 护发面膜 加强 11.5液体盎司 适合成人 男女通用 深度护理和滋润,¥126.75,220,416,00008110-000A49811E01401E,1.0.0
2025-04-11 09:50:55,7th Heaven 面部护理面膜 男性 排毒 清洁 旅行装 排毒 1件装,¥89.45,18,746,00008110-000A49811E01401E,1.0.0
2025-04-11 09:50:55,LATHER 面膜 女性 防晒 舒缓 滋润 保湿 无动物实验 保湿 4盎司(约113克),¥341.02,220,746,00008110-000A49811E01401E,1.0.0
2025-04-11 09:53:49,Blue Lagoon - 深层清洁二氧化硅面膜 | 可持续生物活性冰岛护肤品(2.5 盎司 | 75 毫升),¥847.13,18,105,00008110-000A49811E01401E,1.0.0
2025-04-11 09:53:49,泡泡护肤深潜 AHA + PHA 去角质面膜(1.5 盎司),¥228.78,220,105,00008110-000A49811E01401E,1.0.0
2025-04-11 09:53:49,Fresh 面膜 男女通用 补水 它闻起来像新鲜的玫瑰花 补水 提亮肤色 100ml,¥567.73,18,416,00008110-000A49811E01401E,1.0.0
2025-04-11 09:53:49,SHEA MOISTURE 护发面膜 加强 11.5液体盎司 适合成人 男女通用 深度护理和滋润,¥126.75,220,416,00008110-000A49811E01401E,1.0.0
2025-04-11 09:53:49,7th Heaven 面部护理面膜 男性 排毒 清洁 旅行装 排毒 1件装,¥89.45,18,746,00008110-000A49811E01401E,1.0.0
2025-04-11 09:53:49,LATHER 面膜 女性 防晒 舒缓 滋润 保湿 无动物实验 保湿 4盎司(约113克),¥341.02,220,746,00008110-000A49811E01401E,1.0.0
2025-04-11 09:56:45,Blue Lagoon - 深层清洁二氧化硅面膜 | 可持续生物活性冰岛护肤品(2.5 盎司 | 75 毫升),¥847.13,18,105,00008110-000A49811E01401E,1.0.0
2025-04-11 09:56:45,泡泡护肤深潜 AHA + PHA 去角质面膜(1.5 盎司),¥228.78,220,105,00008110-000A49811E01401E,1.0.0
2025-04-11 09:56:45,Fresh 面膜 男女通用 补水 它闻起来像新鲜的玫瑰花 补水 提亮肤色 100ml,¥567.73,18,416,00008110-000A49811E01401E,1.0.0
2025-04-11 09:56:45,SHEA MOISTURE 护发面膜 加强 11.5液体盎司 适合成人 男女通用 深度护理和滋润,¥126.75,220,416,00008110-000A49811E01401E,1.0.0
2025-04-11 09:56:45,7th Heaven 面部护理面膜 男性 排毒 清洁 旅行装 排毒 1件装,¥89.45,18,746,00008110-000A49811E01401E,1.0.0
2025-04-11 09:56:45,LATHER 面膜 女性 防晒 舒缓 滋润 保湿 无动物实验 保湿 4盎司(约113克),¥341.02,220,746,00008110-000A49811E01401E,1.0.0
2025-04-11 09:59:42,Blue Lagoon - 深层清洁二氧化硅面膜 | 可持续生物活性冰岛护肤品(2.5 盎司 | 75 毫升),¥847.13,18,105,00008110-000A49811E01401E,1.0.0
2025-04-11 09:59:42,泡泡护肤深潜 AHA + PHA 去角质面膜(1.5 盎司),¥228.78,220,105,00008110-000A49811E01401E,1.0.0
2025-04-11 09:59:42,Fresh 面膜 男女通用 补水 它闻起来像新鲜的玫瑰花 补水 提亮肤色 100ml,¥567.73,18,416,00008110-000A49811E01401E,1.0.0
2025-04-11 09:59:42,SHEA MOISTURE 护发面膜 加强 11.5液体盎司 适合成人 男女通用 深度护理和滋润,¥126.75,220,416,00008110-000A49811E01401E,1.0.0
2025-04-11 09:59:42,7th Heaven 面部护理面膜 男性 排毒 清洁 旅行装 排毒 1件装,¥89.45,18,746,00008110-000A49811E01401E,1.0.0
2025-04-11 09:59:42,LATHER 面膜 女性 防晒 舒缓 滋润 保湿 无动物实验 保湿 4盎司(约113克),¥341.02,220,746,00008110-000A49811E01401E,1.0.0
2025-04-11 10:02:34,Blue Lagoon - 深层清洁二氧化硅面膜 | 可持续生物活性冰岛护肤品(2.5 盎司 | 75 毫升),¥847.13,18,105,00008110-000A49811E01401E,1.0.0
2025-04-11 10:02:34,泡泡护肤深潜 AHA + PHA 去角质面膜(1.5 盎司),¥228.78,220,105,00008110-000A49811E01401E,1.0.0
2025-04-11 10:02:34,Fresh 面膜 男女通用 补水 它闻起来像新鲜的玫瑰花 补水 提亮肤色 100ml,¥567.73,18,416,00008110-000A49811E01401E,1.0.0
2025-04-11 10:02:34,SHEA MOISTURE 护发面膜 加强 11.5液体盎司 适合成人 男女通用 深度护理和滋润,¥126.75,220,416,00008110-000A49811E01401E,1.0.0
2025-04-11 10:02:34,7th Heaven 面部护理面膜 男性 排毒 清洁 旅行装 排毒 1件装,¥89.45,18,746,00008110-000A49811E01401E,1.0.0
2025-04-11 10:02:34,LATHER 面膜 女性 防晒 舒缓 滋润 保湿 无动物实验 保湿 4盎司(约113克),¥341.02,220,746,00008110-000A49811E01401E,1.0.0
2025-04-11 10:05:30,Blue Lagoon - 深层清洁二氧化硅面膜 | 可持续生物活性冰岛护肤品(2.5 盎司 | 75 毫升),¥847.13,18,105,00008110-000A49811E01401E,1.0.0
2025-04-11 10:05:30,泡泡护肤深潜 AHA + PHA 去角质面膜(1.5 盎司),¥228.78,220,105,00008110-000A49811E01401E,1.0.0
2025-04-11 10:05:30,Fresh 面膜 男女通用 补水 它闻起来像新鲜的玫瑰花 补水 提亮肤色 100ml,¥567.73,18,416,00008110-000A49811E01401E,1.0.0
2025-04-11 10:05:30,SHEA MOISTURE 护发面膜 加强 11.5液体盎司 适合成人 男女通用 深度护理和滋润,¥126.75,220,416,00008110-000A49811E01401E,1.0.0
2025-04-11 10:05:30,7th Heaven 面部护理面膜 男性 排毒 清洁 旅行装 排毒 1件装,¥89.45,18,746,00008110-000A49811E01401E,1.0.0
2025-04-11 10:05:30,LATHER 面膜 女性 防晒 舒缓 滋润 保湿 无动物实验 保湿 4盎司(约113克),¥341.02,220,746,00008110-000A49811E01401E,1.0.0
2025-04-11 10:08:27,Blue Lagoon - 深层清洁二氧化硅面膜 | 可持续生物活性冰岛护肤品(2.5 盎司 | 75 毫升),¥847.13,18,105,00008110-000A49811E01401E,1.0.0
2025-04-11 10:08:27,泡泡护肤深潜 AHA + PHA 去角质面膜(1.5 盎司),¥228.78,220,105,00008110-000A49811E01401E,1.0.0
2025-04-11 10:08:27,Fresh 面膜 男女通用 补水 它闻起来像新鲜的玫瑰花 补水 提亮肤色 100ml,¥567.73,18,416,00008110-000A49811E01401E,1.0.0
2025-04-11 10:08:27,SHEA MOISTURE 护发面膜 加强 11.5液体盎司 适合成人 男女通用 深度护理和滋润,¥126.75,220,416,00008110-000A49811E01401E,1.0.0
2025-04-11 10:08:27,7th Heaven 面部护理面膜 男性 排毒 清洁 旅行装 排毒 1件装,¥89.45,18,746,00008110-000A49811E01401E,1.0.0
2025-04-11 10:08:27,LATHER 面膜 女性 防晒 舒缓 滋润 保湿 无动物实验 保湿 4盎司(约113克),¥341.02,220,746,00008110-000A49811E01401E,1.0.0
2025-04-11 10:11:30,Blue Lagoon - 深层清洁二氧化硅面膜 | 可持续生物活性冰岛护肤品(2.5 盎司 | 75 毫升),¥847.13,18,155,00008110-000A49811E01401E,1.0.0
2025-04-11 10:11:30,泡泡护肤深潜 AHA + PHA 去角质面膜(1.5 盎司),¥228.78,220,155,00008110-000A49811E01401E,1.0.0
2025-04-11 10:11:30,Fresh 面膜 男女通用 补水 它闻起来像新鲜的玫瑰花 补水 提亮肤色 100ml,¥567.73,18,466,00008110-000A49811E01401E,1.0.0
2025-04-11 10:11:30,SHEA MOISTURE 护发面膜 加强 11.5液体盎司 适合成人 男女通用 深度护理和滋润,¥126.75,220,466,00008110-000A49811E01401E,1.0.0
2025-04-11 10:11:30,7th Heaven 面部护理面膜 男性 排毒 清洁 旅行装 排毒 1件装,¥89.45,18,796,00008110-000A49811E01401E,1.0.0
2025-04-11 10:11:30,LATHER 面膜 女性 防晒 舒缓 滋润 保湿 无动物实验 保湿 4盎司(约113克),¥341.02,220,796,00008110-000A49811E01401E,1.0.0
2025-04-11 10:11:30,MARIO BADESCU薄荷蜗牛面膜,标准装,11.08,00008110-000A49811E01401E,1.0.0
2025-04-11 10:11:30,Meelll胶原蛋白面膜护肤套装,套装,337.84,"买337.84享9.7折优惠",00008110-000A49811E01401E,1.0.0
2025-04-11 10:11:30,Hairitage护发面膜,8.0液体装,11.08,00008110-000A49811E01401E,1.0.0
2025-04-11 10:11:30,Baxter of California海泥面膜,187.02,,,00008110-000A49811E01401E,1.0.0
2025-04-11 10:11:30,TONYMOLY男士海洋面膜,187.02,00008110-000A49811E01401E,1.0.0
2025-04-11 10:11:30,GARNIER卡尼尔面部护理套装,,"满300减10+免运费",,00008110-000A49811E01401E,1.0.0
2025-04-11 10:11:30,Eminence植物精华面膜,714.44,00008110-000A49811E01401E,1.0.0