product,price
玉泽皮肤屏障修护保湿面霜50g/精华液30ml补水保湿修护玉泽面霜,暂无报价
韩后山茶花提拉紧致抗初老面霜淡化皱纹滋润焕亮,¥61.9
玉泽皮肤屏障修护盈润保湿面霜50g补水保湿敏感肌适用官方正品,暂无报价
【红宝石3件套】珀莱雅红宝石面霜3.0紧致淡纹抗皱护肤品女男送礼,暂无报价
【官方正品】韩后山茶花抗皱紧致面霜淡化皱纹滋润抗衰老提亮肤色,¥61.9
医用级面霜24H高保湿修护补水敏感修护屏障控油抗皱退红舒缓面霜,¥54
【官方正品】珀莱雅红宝石面霜3.0抗皱紧致淡纹保湿护肤品女送礼,暂无报价
医美级面霜24H高保湿抗皱修护屏障补水敏感控油抗皱退红舒缓面霜,¥54
华美科b5修复面霜补水保湿舒缓泛红印痕修护屏障换季维稳肌肤敏感,¥62.1
韩国Torriden桃瑞丹面霜啫喱透明玻尿酸深层补水保湿滋润清爽护肤,¥158
【经典老国货】黄芪霜去黄提亮紧致滋润祛斑补水保湿控油美白面霜,暂无报价
维生素B5大白罐保湿面霜学生补水滋润嫩白修复乳液润肤乳男女550g,¥39.9
植物主义准孕妇面霜学生用化妆品天然纯补水保湿准孕期哺乳期护肤,¥43
【官方旗舰】珀莱雅源力面霜2.0修护舒缓保湿紧致抗皱胶原国货女,暂无报价
B5安肤面霜修护屏障受损秋冬保湿去黄提亮修复泛红敏感肌专用正品,¥69
【官方旗舰】珀莱雅红宝石面霜3.0紧致淡纹保湿抗皱滋养修护控油,暂无报价
儒意B5修复维生素舒缓泛红过敏屏障修护换季补水敏感维稳保湿面霜,¥58.9
【巨补水】Curel珂润润浸保湿滋润乳霜40g敏感肌必备面霜,暂无报价
美加净珍珠银耳滋养霜干燥补水身体乳液滋润护肤保湿霜老牌面霜,¥29.9
雅漾恒润保湿凝露深层温和滋润舒缓敏感肌补水滋润维稳敏感肌面霜,暂无报价
润凰黄芪霜老牌国货面霜补水保湿改善脸部暗黄暗沉粗糙干裂保湿霜,¥49.9
百雀羚面霜八杯水倍润精华霜50g保湿补水滋润霜嫩肤秋冬护肤正品,暂无报价
百雀羚水润保湿面霜深层锁水补水保湿滋润面部防干燥护肤官方正品,暂无报价
珀莱雅面霜珀莱雅水动力面霜50g 保湿霜乳液补水护肤品化妆品正品,¥59.8
【正品】佳雪芦荟保湿霜修复女50克中度高度倍润极高度补水滋润,¥38.8
百雀羚面霜8杯水倍润精华霜补水保湿滋润清爽不油腻正品男女可用,暂无报价
玉泽皮肤屏障修护盈润保湿霜50g/臻安乳液50g补水滋润改善泛红,暂无报价
百雀羚八杯水倍润精华面霜补水保湿滋润锁水50保湿霜保湿官方正品,暂无报价
【老牌国货】黄芪霜去黄提亮抗皱嫩白淡纹抗氧化补水保湿面霜正品,¥28.3
2.0瑷尔博士益生菌面霜舒缓修护屏障改善泛红补水保湿滋润霜秋冬,暂无报价
瑷尔博士升级舒安面霜舒缓肌肤补水保湿滋润改善泛红修护敏感国货,暂无报价
珀莱雅红宝石面霜3.0双环肽胜肽抗皱淡化细纹紧致饱满正品护肤品,暂无报价
【官方旗舰】珀莱雅红宝石面霜3.0紧致饱满水润透亮淡纹抗皱女,暂无报价
百雀羚面霜维E精华霜补水水润保湿霜早晚霜秋冬滋润男女护肤品,暂无报价
黄芪面霜紧致抗皱抗衰老祛黄气保湿补水滋润秋冬季正品官方旗舰店,¥108
老牌国货黄芪霜去黄提亮保湿滋润改善暗黄提亮肤色抗皱面霜VOODOO,¥29.9
诗丸修护面霜改善泛红补水保湿准孕妇护肤品舒缓敏感肌肌肤屏障,¥184.14
【老牌国货】正品绵羊油面霜全身保湿滋润防干燥防干裂嫩肤润肤乳,¥20.66
正品老牌国货维生素E绵羊油润肤乳保湿补水干燥干裂全家滋润面霜,¥24.8
超润保湿珂润新品面霜水润滋润神经酰胺成分敏感肌护理,暂无报价
EMWM绵羊油凡士林润肤乳保湿补水防干裂干燥止痒面霜全家可用秋冬,暂无报价
袋鼠妈妈面霜保湿霜擦脸霜小麦补水保湿水润嫩肤改善干燥护肤燕窝,¥74
儿童面霜秋冬季滋润高保湿防干裂补水舒缓新生婴儿擦脸护肤宝宝霜,¥19.9
半亩花田盈润舒缓神经酰胺面霜高保湿补水滋润护肤平价女学生正品,暂无报价
【官方旗舰】珀莱雅红宝石面霜3.0六胜肽保湿紧致滋润淡纹细腻女,暂无报价
法国菁纯面霜紧致抗皱提亮舒缓衰老补水保湿滋润男女士清爽型正品,¥138
珀莱雅红宝石面霜3.0双环肽胜肽抗皱淡纹补水紧致饱满滋润护肤品,暂无报价
溪木源面霜山茶花舒敏修护精华霜滋润补水保湿修护屏障敏感肌正品,¥39.87
正品儿童面霜保湿滋润秋冬季补水舒缓宝宝面霜新生婴儿润肤霜擦脸,¥19.9
珀莱雅新水动力面霜补水保湿滋润护肤品柔润清爽学生女士正品专柜,暂无报价
凡士林保湿霜补水提亮肤色烟酰胺润肤霜嫩白紧致滋润面霜抗皲防裂,¥54
EMWM凡士林牛油果润肤乳保湿补水防干裂干燥面霜全家可用秋冬,暂无报价
快秀大白保湿霜婴儿补水滋润面霜新生保湿不含全身身体敏感烟酰胺,暂无报价
正牌【北京同仁堂】黄芪霜去黄补水非美白暗沉淡黄褐斑祛老年色斑,暂无报价
自然堂冰肌多肽抗皱霜紧致抗皱补水淡纹官方旗舰店面霜正品,暂无报价
维生素B5润肤面霜高保湿补水滋润修护敏肌秋冬婴儿大白罐乳液正品,¥36
栀子花保湿霜学生补水面霜乳液保湿滋润秋冬修护防裂润肤乳大干皮,¥19.9
官方正品上海友谊雪花膏补水保湿面霜嫩白提亮滋润肤霜国货老牌子,¥23.9
法国原装进口高保湿焕白面霜秋冬抗皱紧致淡纹滋润补水修复125ML,¥29.1
【国货之光】迷奇抗皱面霜补水保湿修护紧致淡细纹高级神奇美容蜜,¥69
迷奇高级神奇美容蜜抗皱面霜修护紧致补水保湿滋润经典国货护肤品,¥69
华美科面霜修复肌肤屏障受损修护保湿滋润补水脸泛红敏感晒后舒缓,暂无报价
377美白祛斑面霜去黄提亮肤色淡化色斑紧致抗皱熬夜修护补水保湿,暂无报价
孔凤春特护面霜舒缓面霜高保湿补水修护敏感肌清爽果冻霜学生夏日,暂无报价
凡士林保湿面霜锁水润肤乳液清爽不油腻精华干皮液敏敏肌男女可用,¥29.5
华美科医用修复面霜保湿滋润美白修复屏障敏感泛红提亮肤色面部,¥90
韩束面霜红蛮腰霜淡化细纹抗氧糖焕亮紧致补水中年妈妈护肤品正品,暂无报价
【官方旗舰】美加净保湿面霜补水保湿紧致肌肤滋润护肤品女旗舰店,暂无报价
【正品行货】科颜氏高保湿面霜角鲨烷深层补水滋润专柜版50/125ml,¥208
【顺丰包邮】OLAY玉兰油超红瓶面霜第四代胜肽修护抗老抗皱滋润,暂无报价
虾青素睡眠面膜抗氧化涂抹美白熬夜去黄提亮暗沉夜间补水修复免洗,¥69
强生婴儿面霜保湿补水婴幼儿童护脸霜宝宝润肤霜滋润舒缓罐装学生,暂无报价
珀莱雅面霜紧致抗皱弹力早晚霜提拉提亮补水保湿淡化细纹正品男女,暂无报价
山茶花面霜高中生补水保湿熬夜去黄气提亮抗初老修护秋冬保湿面霜,¥25.9
百雀羚面霜保湿霜8杯水倍润精华霜女士锁水补水秋冬季擦脸护肤品,暂无报价
华美科面霜焕白紧致抗皱淡化细纹褪黑色素祛黄提亮肤色补水面霜,¥54
美加净面霜杏仁油倍润霜滋润护肤品补水润肤保湿清爽护肤保湿霜,暂无报价
青蛙王子面霜宝宝保湿婴儿山茶油补水儿童护肤清爽修护润肤乳舒缓,¥44.9
VOODOO维生素B5保湿面霜补水控油干裂全身滋润大白罐持久留香正品,¥24.8
美加净酵米焕活保湿精华霜2.0紧致抗皱舒缓面霜滋润护肤品,暂无报价
珀莱雅提亮肤色淡斑面霜补水保湿提亮肤色改善暗沉控油滋润早晚霜,¥88
芦荟精华面霜补水保湿淡皱紧致滋润嫩白提亮肤色温和淡黄抗初老,¥79
【正品】大白罐550g补水保湿面霜修护肌肤防干裂舒缓身体乳霜学生,¥39.9
【药企研发】B5面霜500g敏肌滋润高保湿补水泛红修护痘印滋大白罐,¥78.9
润本小桃喜保湿面霜婴幼儿童保湿滋润补水润肤宝宝霜爆改妆前乳,¥34.9
珀莱雅面霜水动力保湿盈润霜补水保湿霜滋润清爽不油护肤官方正品,暂无报价
【国货经典】老上海雪花膏护肤品补水保湿滋润面霜老牌女士锁水,¥9.54
林清轩面部精华霜紧致抗皱补水保湿淡化细纹脸部精华霜正品旗舰店,暂无报价
华美科医用修复面霜换季补水屏障修护舒缓泛红过敏敏感维稳保湿霜,¥90
秀肤生面霜舒缓保湿补水敏感肌秋冬滋润清爽修护不油腻韩国正品,¥98
9WISHES玻尿酸椰子水面霜清爽水润秋冬保湿敏感肌可用韩国正品,暂无报价
兰亭三因璀璨胶原紧塑精华面霜抗皱紧致补水保湿提亮滋润嫩肤提亮,¥79
【官方正品】韩后山茶花抗皱紧致面霜淡化皱纹滋润抗衰老提亮肤,¥61.9
华美科神经酰胺面霜修复护肌肤屏障受损补水保湿敏肌脸部晒后泛红,¥54
植护儿童保湿面霜婴幼儿擦脸宝宝霜身体润肤乳秋冬季滋润官方正品,¥39.9
植护面霜宝宝婴儿护肤秋冬保湿霜滋润补水新生擦脸乳液儿童霜家用,¥39.9
植护儿童面霜宝宝婴儿面霜保湿补水滋润肤霜擦脸乳液防皴秋冬好物,¥24.9
百雀羚面霜淡化法令纹细纹提拉紧致抗皱填充松弛下垂面部乳霜正品,暂无报价
【到手95g】珀莱雅源力面霜2.0修护舒缓保湿紧致抗皱胶原面霜女,暂无报价
hfp面霜牛油果倍润特护霜修护补水保湿滋润清爽不油腻易吸收,暂无报价
Tondi韩国VC微囊焕采精华霜7重VC嫩肤抗糖抗皱补水美白保湿正品,¥49.9
协和维E维C特润霜补水保湿舒缓面霜维生素e乳身体乳男女50g,¥35.3
澳洲原装进口绵羊油面霜新配方清爽不油腻秋冬缓解干痒可做身体乳,¥33.15
B5安肤面霜修护屏障受损退红保湿去黄提亮修复泛红敏感肌官方正品,¥69
【纯天然】玻尿酸猪油柿叶膏美白淡斑去黄滋润嫩肤抗皱去细纹面霜,¥29.9
LiLiA橘子面霜妆前乳隐形毛孔隔离秋冬保湿滋润补水贴霜提亮正品,¥40.67
绵羊保湿霜干燥补水保湿清爽滋润嫩肤擦脸面霜润肤乳全身可用男女,¥59.9
上海友谊雪花膏正品110g女士面霜高补水保湿霜滋润肤霜经典老国货,¥20.9
欧诗漫珍珠赋源弹嫩面霜乳液修护屏障淡化细纹紧致补水保湿小橘灯,暂无报价
东洋之花B5面霜补水保湿紧致抗皱淡纹提亮抗初老修护舒缓滋润正品,暂无报价
珀莱雅水动力盈润霜补水保湿霜滋润护肤品锁水清爽水润护肤品正品,暂无报价
【老牌经典国货】黄芪霜提亮嫩白超补水保湿改善肌肤滋润控油面霜,暂无报价
百雀羚面霜女水润保湿霜补水滋润干皮乳液正品男士秋冬正品,暂无报价
东洋之花维生素B5精华水补水保湿淡化细纹紧致肌肤美白舒缓修护霜,暂无报价
百雀羚多效紧致弹润精华霜保湿补水舒缓紧致抗皱面霜官方旗舰正品,暂无报价
丝塔芙大白罐保湿滋润面霜脸部小红帽挖勺不含烟酰胺敏感肌适用,暂无报价
官方正品老牌国货黄芪抗皱补水面霜保湿细纹滋润改善暗黄提亮肤色,¥39.9
谢馥春补水保湿面霜正品经典国货面部润肤老牌子雪花膏保湿霜男女,¥38.2
袋鼠妈妈孕产妇专用补水保湿面霜秋冬季无添加滋润孕期可用擦脸霜,¥68
377美白祛斑面霜保湿补水滋润秋冬季紧致抗皱润肤霜乳液正品官方,暂无报价
植物主义面霜牛油果高保湿补水孕妇擦脸霜怀孕期滋润紧致精华霜,¥45
珀莱雅3.0红宝石面霜20g保湿补水滋润抗皱紧致淡纹护肤品正品保证,¥189.7
胶原蛋白面霜瓶装补水防裂清爽不油腻乳液擦脸霜抗氧保湿美白面霜,¥19.9
【精致焕白】薇诺娜修白面霜光透皙白修护日霜晚霜隔离3.0升级版,暂无报价
【顺丰包邮】OLAY玉兰油大红瓶面霜空气霜抗老抗皱紧致保湿滋润,暂无报价
【国货】润本小桃喜面霜宝宝真空春夏儿童保湿霜补水婴儿擦脸霜,暂无报价
安安金纯橄榄油滋养倍润补水霜清爽保湿滋润面霜护肤品女国货正品,¥30.7
美加净保湿银耳珍珠滋养护肤品国货补水润肤滋润乳液正品男女面霜,¥29.9
郁美净儿童霜袋装正宗宝宝婴儿面霜润肤霜乳液滋润补水保湿护肤品,暂无报价
理肤泉B5舒缓多效修复敏感面霜泛红淡化印痕修护保湿屏障补水,暂无报价
【韩国AYPOAH】抗皱焕颜小黑瓶面霜绷带促胶原抗衰老滋润紧致提拉,¥68
【北京同仁堂】黄芪霜改善暗黄滋润保湿补水提亮肤色面霜女用正品,¥59
【正品】美加净保湿润肤霜银耳珍珠霜补水美白面霜保湿滋润擦脸油,¥22.8
春娟宝宝霜保湿滋润儿童面霜婴儿面霜儿童霜补水滋养擦脸润肤全身,¥30.9
华美科医用皮肤修护面霜修复屏障舒缓保湿滋润补水修护泛红敏感肌,暂无报价
马齿苋高保湿面霜清爽补水舒缓肌肤防裂嫩肤提亮敏肌可用润肤霜,¥39
仁和维生素B5面霜补水保湿舒缓肌肤全身滋润清爽不粘腻大白罐面霜,¥49.9
积雪草面霜滋养修护霜补水滋润舒缓干燥过敏泛红改善暗沉柔润肌肤,¥33.6
北大研发OHBT黄芪面霜美白去黄淡斑熬夜除皱补水保湿紧致淡纹抗老,¥59.3
Alivaya瑞士进口面霜抗皱提拉美白紧致淡纹提亮肤色去黄滋润补水,¥39.8
片仔癀珍珠霜保湿补水面霜嫩肤滋润提拉紧致皇后牌面霜草本祛痘,¥49.9
【官方旗舰店】B5大白罐保湿面霜女男士补水滋润紧致抗皱衰老正品,¥59.99
艾珂薇n4面霜补水修护泛红滋润敏感修复舒缓清爽紧致秋冬保湿面霜,暂无报价
【官方正品】大白罐550g保湿润肤乳舒缓肌肤深层修复孕妇可用,暂无报价
馥珮维生素原B5舒润面霜补水保湿改善干粗糙泛红毛孔柔嫩肌肤屏障,¥26.9
大头鸟蓝甘菊舒缓精华面霜补水保湿滋润嫩肤防皲裂儿童面霜批发,¥49.9
维生素B5大白罐补水保湿霜全身滋润防干裂去鸡皮留香身体乳润肤乳,暂无报价
芙丽芳丝保湿沁润面霜50g补水滋肤清爽乳液秋冬保湿学生男女,暂无报价
皮肤科推荐面霜大绿罐熬夜面霜补水保湿弹润细腻滋润提亮护肤正品,¥49
【正品】美加净银耳珍珠滋养霜大瓶装保湿滋润面霜乳液护肤品男女,¥22.8
孔凤春双抗焕采护肤精华面霜抗氧糖抗皱紧致舒缓保湿补水正品学生,¥69.9
珀莱雅水动力盈润霜补水保湿霜滋润护肤品锁水保湿精华面霜秋冬女,暂无报价
VOODOO烟酰胺面霜嫩白提亮肤色修护紧致滋润抗皱补水保湿控油熬夜,¥29.9
国货黄芪保湿霜补水保湿面霜去黄提亮肤色改抗皱抗老润肤乳液正品,¥29.9
华美科面霜紧致抗皱淡化细纹褪黑祛黄提亮肤色熬夜不垮脸补水面霜,¥54
官方正品优时颜冷光面霜修护舒缓厚屏障抗皱面部补水保湿霜水润,¥107.66
维生素C胶原蛋白面霜补水保湿滋润熬夜修护VC抗糖抗氧化去黄提亮,¥39.9
华美科医用面霜修护24H高保湿去红血丝补水敏感肌晒后修复不油腻,¥54
【正品正宗】黄芪抗皱紧致面霜去皱纹提拉紧致补水保湿提亮肤色,¥68
法国LAMAOE菁纯面霜紧致抗皱提亮舒缓衰老补水保湿滋润男女士正品,¥88
珀莱雅水动力面霜保湿补水霜清爽不油腻学生女锁水护肤品正品,暂无报价
凡士林男士面霜擦脸护肤品补水保湿润肤霜乳液秋冬季抹脸油保湿霜,¥98.9
妮维雅柔美润肤霜面霜秋冬补水保湿滋润男女身体200ml原装多用,¥21.8
马齿苋面霜高浓度锁水补水保湿滋润防干裂秋冬润肤霜敏肌男女可用,¥36
百雀羚保湿水嫩面霜24小时持久保湿护肤持久水润保湿霜润肤霜正品,暂无报价
AOEO山茶花舒缓焕肌精华面霜抗皱紧致补水高保湿晚霜官方正男女,¥98.6
【新品上市】LAN兰时光兰花冷霜保湿面霜滋润补水秋冬男女护肤品,¥289
瑷尔博士面霜益生菌面霜2.0舒缓修护屏障改善泛红补水保湿滋润霜,暂无报价
HBN泛醇B5特润霜修护神经酰胺补水保湿护肤品,暂无报价
馥珮马油霜补水滋润高保湿嫩肤改善干燥暗黄粗糙防干裂不油腻面部,暂无报价
【官方正品】大白罐550g润肤保湿面霜防干裂全身滋润身体乳护手霜,¥58.9
美肤宝黄金弹力面霜补水保湿滋润紧致抗皱淡化细纹护肤品正品女,暂无报价
王嘉尔同款维B5面霜修护泛红滋润嫩肤补水保湿改善暗沉保湿滋润,¥49.9
袋鼠妈妈准孕妇护肤品专用羊初乳精华霜补水保湿滋润嫩肤面霜可用,暂无报价
【白云山】红血丝脸发烫泛红增厚角质层脸红脸蛋修护激素高原脸,暂无报价
露得清A醇面霜晚霜晚A淡化面部细纹补水保湿视黄醇紧致小蓝管晚霜,暂无报价
儿童芦荟燕窝冰沙霜宝宝面霜晒后降温补水舒缓干痒红夏季户外旅行,¥19.9
官方正品山茶花抗皱紧致面霜淡化皱纹滋润抗衰老提亮提亮肤肤色,¥61.9
仁和匠心人参多肽精华面霜美白保湿补水滋润护肤紧致抗皱抗衰老女,¥29.9
老牌黄芪面霜老牌子女去黄提亮抗皱紧致抗衰老嫩白补水滋润去细纹,暂无报价
洋甘菊舒缓保湿霜面部美容院专用补水保湿面霜防干裂大包装批发,¥59
正品百雀羚凡士林保湿霜60g保湿护肤小黄油润肤霜官方正品男女,¥29.7
百雀羚面霜八杯水保湿润肤补水霜5g0补水滋润锁水嫩肤官方正品,暂无报价
珀莱雅面霜补水保湿滋润乳液清爽不油腻早晚霜官方正品男女,¥69
PANAPOPO大白罐面霜维生素B5保湿霜滋润肌肤补水防干裂起皮润肤乳,¥49
大白罐面霜舒缓泛红身体乳保湿滋润嫩肤修护屏障防干燥裂国产正品,¥3.88
北大研发×儒意30%黄芪美白面霜烟酰胺去黄提亮肤色紧致抗皱抗,暂无报价
经典国货】黄芪霜改善暗黄肌肤补水滋润保湿提亮肤色正品面霜女用,¥59.9
b5修复面霜高保湿滋润补水修复肌肤屏障受损敏感肌脸部泛红夏季,¥69
377精华面霜美白补水淡斑去黄提亮肤色嫩肤防干裂专用男女正品牌,¥59
达肤妍修护面霜男女士舒缓保湿改善泛红敏感肌适用官方旗舰店正品,暂无报价
红色小象传明酸精华霜补水保湿护肤品水润肌肤平价水乳护肤品正品,暂无报价
德国AnneMarie Borlind安娜柏林再生LL紧致晚霜50ml,¥66
红色小象传明酸宝妈妈成人植物敏感肌补水保湿焕亮面霜60g正品,暂无报价
GNW海茴香高保湿儿童面霜果冻霜温和补水春夏清爽擦脸舒缓不黑脸,¥75.65
欧诗漫 珍珠粉嫩水光保湿霜50g 补水保湿滋润提亮紧致 旗舰正品女,暂无报价
韩束红蛮腰多肽胶原弹嫩精华霜补水保湿抗皱紧致细腻护肤品正品,¥32.99
自然堂凝时小紫瓶休眠面霜抗氧修护淡化细纹提亮补水保湿熬夜晚霜,暂无报价
珀莱雅3.0红宝石面霜50g保湿补水滋润抗皱紧致护肤品母亲节礼品,¥199.7
百雀羚面霜三生花水光润泽高保湿霜50g长效锁水保湿紧致弹嫩正品,暂无报价
韩束巨水光保湿精华面霜补水弹润霜提亮紧致滋润肤色早晚正品,¥24.8
【RNW保湿面霜+RNW保湿精华水】大白罐保湿补水乳液秋冬混合干皮,暂无报价
烟酰胺积雪草面霜舒缓保湿舒缓泛红印痕晒后屏障修护换季维稳乳霜,¥35.8
小迷糊控油面霜清爽控油补水保湿面霜国货正品男女学生,暂无报价
馥珮新活抗皱面霜保湿补水改善干燥粗糙肤质中老年妈妈霜护肤品,暂无报价
红色小象日本晚樱微肌精华霜润泽柔滑弹润保湿平价正品保障女,暂无报价
袋鼠妈妈面霜凝萃弹润面霜补水保护水润保湿霜准孕妇擦脸霜正品,暂无报价
巴黎欧莱雅面霜零点霜熬夜面霜玻尿酸导入乳霜女士护肤品牌正品,暂无报价
芦荟精华面霜补水保湿抗皱紧致滋润美白提亮肤色温和祛黄抗衰老,¥79
薇诺娜高保湿修护面霜50g水泵霜干皮深入补水滋润敏感肌舒缓正品,暂无报价
日本Curel珂润面霜滋润补水保湿锁水乳液女修复神经酰胺男士正品,¥168
孔凤春马齿苋面霜面部补水保湿干燥沙漠肌水润肌肤保湿乳秋冬面霜,暂无报价
法兰琳卡紧致抗皱嫩肤霜补水保湿舒缓淡纹护肤品精华面霜正品,暂无报价
【官方自营】百雀羚灵芝御时塑弹胶原精华霜修护抗初老紧致舒缓,暂无报价
适乐肤面霜润肤C霜补水保湿护手修护敏感舒缓干痒全身可用无香型,¥51.9
北大研发×儒意A醇双抗淡纹面霜紧致抗皱抗衰老美白提亮补水保湿,暂无报价
善草纪三代茉莉高保湿面霜补水保湿二代茶树控油面霜官方正品,¥59
CeraVe适乐肤补水保湿修护滋润面霜屏障神经酰胺润肤霜,暂无报价
谷雨月见仙人掌补水保湿面霜滋润舒缓泛红学生党男女清爽秋冬干燥,暂无报价
妮维雅多用柔美润肤霜200/100ml护肤家庭量贩装面霜身体保湿滋润,暂无报价
VOODOO大白罐维生素B5保湿面霜全身滋润防干裂去鸡皮润肤身体乳女,暂无报价
美加净酵米焕活面霜保湿紧致抗皱补水控油舒缓修护精华滋润护肤品,¥40.9
溪木源积雪草高保湿面霜敏肌舒缓补水保湿清爽滋润肌肤新升级,暂无报价
安安金纯积雪草深层补水清爽老牌保湿国货滋润护肤品学生面霜正品,¥22
百雀羚弹簧面霜保湿抗皱紧致舒缓修护赋活紧塑修护面霜护肤品,暂无报价
VC焕亮维生素抗糖精华面霜抗氧化熬夜肤色提亮滋润保湿补水敏感,¥69.9
孔凤春面霜双抗护肤精华面霜抗氧糖抗皱紧致舒缓保湿补水正品学生,¥69.89
大宝维他命C焕白淡斑精华乳50ml透光乳保湿祛斑烟酰胺美白面霜,暂无报价
华美科医用面霜紧致抗皱抗老衰淡纹滋润补水美提亮白去黄晒后修复,¥54
屈臣氏卓沿白金舒润水凝保湿补水面霜45g乳霜滋润温和舒缓敏感肌,¥66
珀莱雅面霜美白淡斑祛斑祛黄提亮光感肌保湿擦脸霜官方正品男女,暂无报价
【清北专研】东洋之花b5高保湿面霜修复敏感肌肤屏障受损修护滋润,暂无报价
华美科神经酰胺修护屏障面霜高保湿补水滋润改善泛红清爽不油腻,¥74
百雀羚维生素精华霜锁水保湿紧致淡纹柔嫩滋润防干燥嫩肤官方正品,暂无报价
官方正品大白罐550g润肤面霜秋冬婴儿补水保湿身体乳护手霜敏感肌,¥88.01
老牌国货绵羊油润肤乳维生素E保湿补水防干燥防干裂全家滋润面霜,¥19.9
大白罐维生素E保湿霜牛油果保湿身体乳霜润肤乳面霜正品,¥2.38
百雀羚水清漾沁肤菁纯霜补水润肤霜官方 面霜50g带防伪码全新塑封,暂无报价
百雀羚面霜水润保湿霜补水滋润清爽男女面部乳液秋冬正品四季可用,暂无报价
谢馥春润颜保湿面霜50g*4盒老牌升级雪花膏补水保湿经典正品国货,¥48
孔凤春面霜马齿苋保湿面部补水秋冬莹润舒缓干燥肌肤水润学生正品,暂无报价
欧诗漫珍珠粉嫩水光高保湿霜补水保湿清爽不粘腻水光面霜化妆品女,暂无报价
【旗舰正品】珀莱雅密集保湿面霜补水保湿锁水清爽不黏腻滋润护肤,暂无报价
皇后牌片仔癀珍珠霜补水保湿面霜淡化痘印祛痘去黄护肤老牌国货,暂无报价
郁美净儿童面霜30g软管便携装补水保湿宝宝面霜滋润护肤擦脸霜,暂无报价
欧莱雅第二代小蜜罐花蜜胶原面霜玻色因女士护肤品2.0面霜,¥41.98
欧珀莱【AUPRES】均衡淡纹修护柔润乳霜面霜补水保湿弹嫩滋润肌肤,暂无报价
珀莱雅密集保湿精粹面霜补水清爽面霜水润换季缓解干燥护肤品女,暂无报价
欧诗漫光耀钻白清爽面霜美白淡斑淡痘印提亮肤色清爽乳液护肤品,暂无报价
肌肤未来熬夜光感弹润面霜补水保湿弹润细腻滋润提亮护肤正品,暂无报价
百雀羚面霜水光润泽高保湿霜改善肌肤干燥密集补水滋润护肤品清仓,暂无报价
溪木源芋螺环肽嘭嘭霜赋活修护紧致面霜舒缓保湿抗初老抗皱精华霜,暂无报价
美加净正品酵米焕活精华面霜紧致饱满水润透亮淡纹抗皱保湿面霜,暂无报价
法国专柜高保湿胶原面霜125ml大容量家庭装秋冬保湿补水去黄美白,暂无报价
【母亲节礼物】欧诗漫珍珠肌活赋源弹嫩霜小橘灯淡纹修护面霜官方,暂无报价
兰亭菁纯胶原蛋白抗皱面霜抗衰老紧致补水滋润提亮保湿官方正品,¥89.9
润根源婴幼儿保湿清爽精华霜嫩肤无添加植萃温和补水护肤润肤正品,¥78
半亩花田神经酰胺面霜保湿补水干皮滋润护肤平价敏感肌女学生正品,暂无报价
肌肤未来熬夜光感弹润面霜50g补水保湿提拉紧致舒缓肌肤品牌正品,¥44.3
韩束红石榴滋养霜补水保湿紧致抗皱滋润清爽不油腻女乳液秋冬面霜,¥24.7
药企研发儒意10%视黄醇精华霜去黄提亮祛斑紧致抗皱抗氧美白面霜,暂无报价
【送赠品】孔凤春面霜马齿苋莹润补水保湿面霜保湿霜学生秋冬面霜,¥19.8
孔凤春马齿苋面部补水保湿面霜呵护干燥敏感肌温和水润肌肤保湿乳,¥15.9
半亩花田菁萃水润精华霜护肤化妆品敏感肌补水保湿修护面部女学生,暂无报价
雅霜老牌雪花膏上海家化老牌国货补水保湿滋润面霜身体乳液护肤品,¥29.9
雅霜老牌桂花香上海家化老牌国货补水保湿滋润面霜身体乳液护肤品,¥29.9
东洋之花黄芪抗皱面霜去黄提亮抗糖抗氧化淡化细纹补水保湿送妈妈,暂无报价
欧橘377美白面霜祛斑淡印补水保湿烟酰胺去黄提亮紧致淡纹抗初老,¥79
南京同仁堂抗皱面霜补水保湿正品紧致嫩肤美白抗皱抗衰老男女皱纹,¥76
红色小象南极冰川单胞菌精华面霜套装补水保湿水润肌肤保湿肌肤,暂无报价
倩碧黄油乳液面霜保湿霜清爽补水滋润保湿舒润修护官方正品,暂无报价
百雀羚面霜女补水保湿滋润清透霜保湿霜护肤品官方旗舰店官网正品,暂无报价
小奶罐升级版秋冬可用玫瑰烟酰胺菁纯面霜积雪草控油舒缓冰沙霜,¥22.9
肌肤未来舒缓匀亮面霜50g改善泛红敏感肌褪红保湿补水提亮肤色,暂无报价
维生素原B5保湿面霜补水晒后舒缓修护泛红敏感改善暗沉熬夜学生党,暂无报价
【官方】宫佩凡士林牛油果面霜保湿补水防干裂干燥润肤乳全家可用,暂无报价
正品儿童面霜修护舒缓保湿滋润补水宝宝面霜新生婴儿润肤霜擦脸霜,¥19.9
林清轩正品面霜山茶花高保湿面霜补水保湿水润护肤面部水润派样,¥9.89
【官方旗舰】珀莱雅密集保湿面霜补水锁水清爽不黏腻护肤品国货,暂无报价
【北大研发】TOCI 577熊果苷焕肤面霜保湿补水滋润焕白去黄修护,暂无报价
泊本高保湿面霜补水滋润清爽舒缓干皮敏感肌强屏障锁水旗舰店正品,¥52.79
自然堂凝时肌活霜50g抗糖抗皱补水淡纹紧致提亮滋润保湿官方正品,暂无报价
【官方】黄芪润肤霜补水保湿滋润防干裂干燥改善暗黄提亮面霜国货,¥25.9
春娟黄芪霜改善暗沉祛黄面霜男女滋润保湿补水提亮肤色老牌子国货,¥56.9
一叶子深润紧颜精华霜补水保湿面霜弹嫩水润男女紧致肌肤抗皱正品,暂无报价
佰草集新玉润菁华霜保湿面霜补水清爽不油腻水润滋润保湿护肤正品,暂无报价
【正品国货】老上海雪花膏礼盒滋润补水保湿肌肤面霜清爽型润肤霜,¥1.96
三代欧莱雅小蜜罐面霜金致臻颜花蜜胶原紧致抗皱护肤品保湿滋润,暂无报价
欧诗漫珍珠大红瓶奢颜面霜提拉紧致改善粗糙提亮滋润妈妈保湿霜女,暂无报价
SensaV敏飞舒缓保湿润肤霜温和修护面霜滋润敏感干燥补水官方正品,暂无报价
御泥坊葡萄籽面霜补水保湿滋润肌肤精华霜擦脸的学生女品牌正品,暂无报价
b5高保湿面霜修复敏感肌肤屏障受损修护滋润补水乳液晒后修复锁水,¥49.9
VOODOO大白罐维生素原B5保湿霜身体保湿补水滋润全身干裂留香面霜,¥24.8
934/943神经酰胺柔肤面霜保湿滋润补水修护敏感肌肤受损舒缓乳霜,暂无报价
北大研发x儒意燕窝面霜美白去黄提亮肤色紧致抗皱淡纹抗衰保湿女,¥43.9
康雪老牌国货燕窝面霜滋润保湿面霜补水去黄紧致淡纹防裂抗氧化,暂无报价
RNW抗氧面霜深层补水滋润秋冬舒爽密集舒润保湿护肤乳液官方正品,暂无报价
孔凤春面霜桃花酵萃精华全身深层补水润保湿学生女秋冬季面霜护肤,暂无报价
VOODOO积雪草保湿面霜补水抗氧化去黄提亮舒缓修复泛红清爽不油腻,¥29.9
安安积雪草雪融补水霜100g冰沙清爽高补水保湿滋润面霜护肤女正品,暂无报价
欧诗漫面霜珍珠营养美白柔润霜瓷妆补水保湿滋润提亮女护肤品正品,暂无报价
母亲节礼盒丨薇诺娜面霜光透皙白隔离日晚霜先修后白防晒修护美白,暂无报价
北京同仁堂黄芪焕颜霜50g正品保湿补水延缓暗黄提亮肤色抗衰老护,¥49.8
珀莱雅面霜补水保湿提亮肤色赠美白淡斑精华女改善暗沉滋润早晚霜,暂无报价
艾珂薇n4面霜补水保湿夏季紧致控油护肤50ml送60ml面膜保湿面霜,暂无报价
d夏天春夏芦荟面霜补水保湿抗皱紧致美白提亮温和中年,¥158
【英国院线】原装进口377美白祛斑霜淡斑去黄提亮保湿黄黑皮专用,¥49
清北研发.377美白面霜祛斑去黄提亮肤色补水保湿淡纹紧致抗皱衰老,¥69
【正品】大白罐儿童面霜保湿补水滋润身体乳全身防干裂舒缓学生用,¥39.9
大白补水润肤滋润全身维生素保湿B5保湿霜干裂面霜持久留香身体,暂无报价
百雀羚水润高保湿面霜滋润补水男女士干皮擦脸护肤正品官方旗舰店,¥29.89
玉泽皮肤屏障修护保湿霜50ml滋润保湿补水 干敏肌可用官方旗舰,暂无报价
【正品行货】海蓝之谜经典精华面霜60ml 淡纹滋养保湿强韧精华,暂无报价
韦雪推荐×儒意超A醇双抗面霜淡纹紧致抗皱抗衰老美白淡斑补水保,¥55.8
美加净面霜银耳珍珠润肤蜜100ml护肤品补水保湿干燥男女学生国货,暂无报价
尊蓝烟酰胺保湿美白面霜乳液干裂补水滋润控油男士护肤品学生清爽,¥79
颐莲嘭嘭霜3.0玻尿酸保湿修护面霜乳液补水滋润舒缓屏障修护肤品,¥90
馥珮熊果苷光感透亮面霜滋润补水保湿提亮改善暗黄粗糙抗氧化面霜,¥26.8
【新品】ddg地基面霜维稳肌肤敏感温和修护去红舒源修护面霜乳液,¥49
大宝B5特护霜保湿滋润修护屏障舒缓泛红干皮敏感肌必备,暂无报价
【情人节礼物】谷雨第三代美白修护保湿滋润面霜补水保湿去黄修护,暂无报价
植物医生山茶花盈润补水保湿润肤霜深层补水保湿官方旗舰店正品,暂无报价
【保税直发】日本Curel珂润进口面霜保湿乳霜锁水敏感补水滋润,暂无报价
馥珮熊果苷光感透亮面霜提亮肤色保湿补水熬夜滋润抗氧润肤霜男女,¥26.8
[正品行货]科颜氏高保湿面霜保湿补水滋润修护舒缓乳液护肤品礼盒,暂无报价
片仔癀臻润珍珠膏补水保湿面霜提亮祛痘暗沉细纹面霜正品,暂无报价
【国货老牌】绵羊油润肤乳全身可用防干燥滋润保湿霜羊毛脂雪花膏,¥19.9
【官方旗舰】珀莱雅红宝石面霜3.0红宝石水乳套装抗皱淡纹保湿女,暂无报价
馥珮积雪草光感透嫩面霜滋润补水抗氧清爽敏肌舒缓学生党保湿面霜,暂无报价
绵羊油嫩肤补水保湿霜缓解干燥水润不油全身可用水嫩肌肤温和,¥1.08
自然之名酵母面霜植萃补水滋润提亮保湿修护亮肤舒缓屏障正品,¥69
儿童面霜保湿补水滋润防干裂改善粗糙起皮冬天嫩肤宝宝儿童霜正品,¥19.9
云南麦子洋甘菊面霜天然补水保湿清爽滋润舒缓晒后修复敏感肌肤护,¥42.9
曼秀雷敦肌研极润面霜水润霜水分露滋润女士补水锁水学生正品面霜,暂无报价
积雪草面霜嫩白提亮肤色修护紧致滋润抗皱补水保湿控油抗初老熬夜,¥37.9
格丽松九朵云奇迹马油面霜韩国正品滋润霜补水持久保湿弹性膏正品,¥67
韩国Dr.Althea 345  抗氧面霜滋润保湿修护乳液祛痘50ml补水,暂无报价
馥珮新活抗皱保湿补水滋润霜脸部面部润肤霜滋润改善肤质锁水面霜,¥14.8
美加净杏仁油倍润霜补水保湿舒缓干燥防干裂面霜学生护肤品男女,暂无报价
欧莱雅第二代小蜜罐滋润版补水保湿胶原面霜补水紧致抗皱便携装女,暂无报价
欧莱雅花蜜轻盈面霜小蜜罐金致抗皱胶原紧致滋润补水轻盈保湿正品,暂无报价
SK-II修护精华霜大红瓶面霜80g保湿滋润紧致清爽版护肤品,¥627
377美白祛斑霜补水保湿提亮祛黄熬夜抗衰老紧致分解黑色素面霜50g,¥158
【经典老牌国货】金泰康雪花膏滋润补水保湿改善干燥粗糙全身可用,¥12.9
【宫本武藏】特级黄芪霜以黄去斑周期速掉改善肤暗黄滋润护肤保湿,暂无报价
馥珮维生素B5舒润面霜舒缓补水保湿滋润抗氧化润肤霜强韧屏障男女,暂无报价
【北大研发】OHBT377美白祛斑霜强效淡斑淡印提亮肤色补水保湿霜,¥54.2
【3瓶正装】玉泽皮肤屏障修护保湿霜补水保湿滋润舒缓修护敏感肌,暂无报价
【官方旗舰】珀莱雅源力面霜2.0修护舒缓保湿紧致抗皱胶原紧致女,暂无报价
亚玛莉莎透亮爆奶霜四季精华霜补水保湿紧致淡化细纹爆水珠面霜,¥29.9
【官方正品】珀莱雅源力面霜2.0修护舒缓保湿抗皱紧致淡纹,暂无报价
一叶子花而生面霜白百合美白淡斑精华霜提亮保湿润肤霜官方正品,暂无报价
肌肤未来舒缓匀亮面霜改善泛红敏感肌褪红保湿补水提亮肤色女正品,暂无报价
VOODOO大白罐维生素原B5保湿霜身体补水保湿滋润全身干裂留香面霜,¥24.8
老国货黄芪霜去黄提亮淡纹抗皱面霜补水保湿滋润黄芪护手霜VOODOO,¥29.9
袋鼠妈妈燕窝保湿面霜准孕妇补水霜孕期护肤品专用小麦套装水润,暂无报价
谷雨美白奶罐面霜保湿滋润修护淡斑美白霜熬夜提亮肤色学生护肤,暂无报价
泊本高保湿小蓝罐面霜补水滋润舒缓干敏感肌强屏障锁水旗舰店正品,¥28.41
hfp金盏花保湿面霜补水修护舒缓滋润清爽不油腻油皮易吸收护肤品,暂无报价
【母亲节礼物】珀莱雅3.0红宝石面霜紧致淡纹补水保湿滋润抗皱女,¥151.99
【油皮专属】小迷糊面霜清爽控油长效哑光补水保湿面霜国货学生,暂无报价
美加净银耳珍珠润肤蜜100ml补水清爽保湿美加净面霜滋养滋润面霜,暂无报价
康雪澳洲绵羊油润肤乳凡士林高保湿滋润防干燥防干裂粗糙全家可用,¥19.9
佰草集面霜肌本清源菁华霜滋润型高保湿佰草集护肤品女清爽不油腻,¥62.9
馥珮馥佩山茶花紧致精华霜补水保湿抗皱清爽妈妈护肤品国货正品,¥28.3
馥珮积雪草光感透嫩面霜秋冬滋润保湿润肤霜熬夜必备提亮肤色学生,¥26.8
老牌子国货黄芪霜抗皱以黄去黄淡纹补水保湿紧致滋润提亮中药面霜,¥15.9
丝塔芙四维修护面霜45ml补水保湿乳液敏感肌护肤品神经酰胺积雪草,暂无报价
BM肌活糙米面霜补水保湿滋润紧致维稳清爽控油干皮乳液华熙生物女,¥57.9
【官方旗舰】珀莱雅密集保湿面霜补水锁水乳液面部滋润女学生国货,暂无报价
馥珮维生素原B5舒润面霜补水保湿强韧屏障清爽滋润秋冬防干裂唇膏,暂无报价
肌肤未来熬夜光感弹润面霜秋冬女补水保湿润泽舒缓,暂无报价
凡士林补水面霜保湿滋润熬夜修护控油美白提亮肤色冬季润肤乳脸部,暂无报价
馥珮积雪草光感透嫩面霜滋润保湿清爽补水提亮细腻肌肤润肤霜男女,¥26.8
孔凤春面霜马齿苋莹润保湿面霜秋冬补水保湿滋润舒缓学生党护肤品,¥12.89
北大研发儒意面霜美白去黄淡斑紧致抗皱衰老抗氧化去皱纹补水保湿,暂无报价
50g水密码沙漠绿洲面霜高保湿修护屏障舒缓敏感肌干皮滋润礼盒,暂无报价
【官方旗舰】一叶子面霜酪梨补水保湿温和不油腻锁水滋润女护肤品,¥24.9
【100g】玉泽油敏修护面霜皮肤屏障保湿霜补水保湿敏感肌,暂无报价
RNW面霜滋润秋冬深层补水舒爽密集舒润保湿霜乳液男女士官方正品,暂无报价
药企研发儒意377多效美白祛斑霜抗氧去黄提亮淡痘印补水紧致抗老,¥99
袋鼠妈妈准孕妇面霜补水保湿滋养霜怀孕期护肤品化妆品滋润修护,¥79
Curel珂润面霜高保湿面霜敏感肌补水保湿护肤霜香港原装40g万宁,暂无报价
【520情人节礼物】谷雨3.0美白奶罐面霜保湿滋润修护淡斑美白熬夜,暂无报价
LUMENE极地面霜水润优姿婷芬兰极地滋润保湿补水秋冬保湿面霜水润,暂无报价
ZUZU靓颜润透爆奶霜靓颜润透补水滋润保湿面霜肌肤锁水提亮肤色,¥17.82
VOODOO大白罐维生素B5保湿面霜全身滋润防干裂去鸡皮夏季清爽不黏,¥24.8
欧诗漫安心大白罐舒颜焕亮修护霜敏感肌补水保湿晒后舒缓修红,¥84.15
水密码红石榴滋润面霜50g抗皱纹抗衰老补水秋冬提亮肤色抗皱保湿,暂无报价
老牌国货紫苏控油精华面霜补水保湿祛痘收缩毛孔去黄提亮平衡水油,¥39.9
【官方旗舰】珀莱雅红宝石面霜3.0双环肽胜肽抗皱紧致饱满淡纹女,暂无报价
【清爽质地】TOCIB5舒缓润护霜敏感修护淡印屏障补水保湿面霜乳液,¥36.9
EEC鱼子紧致滋润面霜补水保湿淡化细纹抗衰抗皱孕妇可用正品,¥29
达肤妍B5臻研乳霜舒缓修护保湿面霜控油润肤护肤霜官方正品保证,暂无报价
北大研发OHBT胶原蛋白面霜紧致抗皱衰老美白去黄淡斑抗氧化去皱纹,¥48.8
林清轩山茶花高保湿霜补水保湿沁润肌肤缓解干燥保湿面霜官方正品,暂无报价
【官方旗舰】百雀羚绿宝石帧颜面霜淡纹保湿霜紧致抗皱抗初老护肤,暂无报价
美加净光感透白精华霜美白焕亮面霜改善暗沉修护泛红官方旗舰正品,暂无报价
玻色因抗皱面霜紧致补水保湿滋润提亮正品肤色,暂无报价
【保税直发】雅诗兰黛多效智妍面霜75ml*2滋润版保湿紧致深层补水,¥999
欧诗漫 沁润舒活精华霜50g 补水保湿锁水肌肤滋润 正品,暂无报价
一叶子花而生面霜控油精华霜高保湿补水面霜滋养紧致双抗润肤霜,暂无报价
积雪草补水面霜保湿滋润熬夜修护控油美白提亮肤色冬季润肤乳脸部,¥35.8
NCCU金盏花爆水霜保湿补水滋润轻薄秋冬季不油腻清爽熬夜改善暗沉,¥24.9
山茶花嫩白高保湿面霜青少年学生专用补水保湿滋润舒缓修护敏感肌,暂无报价
万紫千红润肤脂40g茉莉香润肤脂栀子花香金秋折桂鹅梨帐中香,¥25.41
馥珮维生素原B5舒润面霜秋冬保湿滋润敏肌缓解干燥补水润肤护手霜,暂无报价
康雪美白淡斑精华霜提亮肤色改善暗沉祛黄褐斑老年斑烟酰胺去黄气,¥59.9
TUCO法老面霜提拉抗皱紧致透亮淡纹烟酰胺滋润保湿舒缓晚霜女,¥308
优时颜黑引力面霜面部保湿修护抗皱紧致舒缓肌肤秋冬护肤正品组合,¥112
【官方旗舰】珀莱雅红宝石面霜3.0淡纹紧致饱满透亮保湿抗皱冬女,暂无报价
【母亲节礼物】谷雨山参胶原霜抗老抗皱淡纹紧致面霜滋润熬夜修护,暂无报价
【官方旗舰】珀莱雅红宝石面霜3.0六胜肽补水保湿紧致滋润淡纹女,暂无报价
【到手三件套】珀莱雅红宝石面霜3.0紧致饱满水润透亮淡纹抗皱女,暂无报价
佰草集官方旗舰店面霜补水保湿紧致肌肤面部精华霜新玉润菁华霜女,暂无报价
露得清超A醇面霜晚霜紧致抗皱早c晚a淡化细纹保湿双抗,暂无报价
【李昀锐同款】百雀羚绿宝石帧颜面霜淡纹紧致抗皱保湿面霜护肤品,暂无报价
HBN黑钻精萃面霜2.0视黄醇维A醇抗皱提拉紧致淡纹修护母亲节礼物,暂无报价
【买一送一】相宜本草红景天焕亮修护乳霜淡纹抗皱面霜紧致修护,暂无报价
温碧泉八杯水嫩肤霜深层补水保湿锁水面霜男女早晚秋冬护肤品,暂无报价
卓文后雪花膏临安梦华高铁同款上海国产老牌国货女人补水保湿面霜,¥188
国产欧瑞莲大面霜菁润多效柔润霜150ml 润泽滋养正品保湿补水滋润,¥41.8
【虞书欣同款】自然堂小紫瓶精华霜促新生促胶原促修护抗初老面霜,暂无报价
【节日礼盒】【无烟酰胺】丝塔芙大白罐保湿霜滋润宝宝树获奖敏肌,暂无报价
【安心大白罐】欧诗漫安心面霜舒颜焕亮修护霜提亮修护敏感肌官方,暂无报价
hfp大白瓶烟酰胺美白去黄提亮改善暗沉肤色乳液补水保湿熊果苷女,暂无报价
优时颜黑引力面霜保湿补水霜面部紧致淡纹抗皱提拉护肤品男女通用,¥270
尊蓝美白控油面霜补水润肤乳液秋冬滋润保湿不油腻男士护肤品学生,¥59.99
东洋之花维生素B5精华霜重组胶原蛋白补水保湿抗皱淡化细纹抗初老,暂无报价
瑷尔博士闪充面霜玻色因抗皱紧致补水保湿修护面部屏障滋润,暂无报价
【安心大白罐】欧诗漫舒颜焕亮修护霜舒缓修护面霜日霜保湿官方,暂无报价
CeraVe适乐肤神经酰胺屏障修护润肤霜340gC霜长效不粘腻张凌赫,暂无报价
荷诺依克多因舒缓修护面霜修红霜保湿晒后修护乳霜男女,暂无报价
寻荟记儿童面霜宝宝干痒舒缓补水保湿修护凝胶润肤儿童专用护肤品,暂无报价
米蓓尔舒缓修护霜玻尿酸修护肌肤屏障面霜敏感肌乳液清爽补水保湿,暂无报价
北大×药企研发 TOCI美白祛斑面霜去黄提亮保湿补水熬夜淡化痘印,¥59.89
【正品行货】娇兰御廷兰花卓能焕活面霜30ml保湿修护抗皱紧致护肤,暂无报价
韩国进口绿手指B5润肤霜全身可用清爽保湿乳霜滋润补水面霜200ml,¥59
VOODOO维生素大白B5身体保湿补水滋润全身干裂去鸡皮留香面霜正品,¥24.8
北大研发×韦雪推荐儒意10%视黄醇精华霜紧致抗老抗氧美白祛斑,¥55.8
泊本高保湿面霜敏感肌小蓝罐舒缓干皮补水修护长效锁水保湿旗舰店,¥65
溪木源山茶花水乳敏感肌补水舒缓修护保湿套装学生护肤女官方刮码,¥86.9
孔凤春面霜修护保湿面霜舒缓马齿苋敏感肌学生国货补水能耐霜夏日,¥46.8
郁美净奶罐霜200g高保湿舒润霜鲜奶植物滋润补水新生婴幼儿童面霜,暂无报价
肌肤未来二代面霜烟酰胺提亮肤色补水保湿改善暗沉熬夜修护学生女,暂无报价
林清轩山茶花高保湿霜滋润肌肤沁润补水保湿清爽水润面霜官方正品,¥64.9
优时颜黑引力面霜补水保湿滋润控油干皮油皮抗皱紧致淡纹修护舒缓,¥249
欧诗漫保湿霜珍珠粉嫩水光保湿霜补水保湿锁水滋润护肤秋冬常备女,暂无报价
孔凤春特护霜清爽版保湿补水面霜敏感肌舒缓修护日晒泛红军训学生,¥130
植物主义面霜保湿霜海藻面部保湿锁水护肤化妆品官方正品国货学生,¥28.3
植物主义牛油果滋润保湿面霜脸部滋润补水学生敏敏肌秋冬季女可用,¥43
馥珮熊果苷光感透亮面霜补水保湿霜熬夜提亮抗氧化滋润肌肤男女生,暂无报价
【母亲节礼物】珀莱雅红宝石面霜3.0红宝石水乳套装抗皱淡纹正品,暂无报价
郁美净儿童舒缓安睡霜小宝宝面霜补水保湿滋润小粉团润肤乳50+10g,暂无报价
一叶子酪梨保湿修护柔肤霜 补水保湿修护屏障敏感肌秋冬面霜女,暂无报价
百雀羚面霜多效紧致弹润精华霜50g抗皱舒缓保湿补水官方护肤正品,暂无报价
相宜本草八倍凝水霜清爽补水保湿滋润面霜水润不紧绷易吸收不粘腻,¥18.5
【官方旗舰】珀莱雅红宝石面霜3.0紧致饱满水润双环钛淡纹抗皱,暂无报价
孔凤春面霜双抗精华抗氧糖抗皱紧致舒缓玻色因保湿霜秋冬护肤套装,¥69.9
优时颜黑引力面霜替换芯补水滋润抗皱淡化细纹保湿紧致修护细腻女,¥221
【宫本武藏】特级黄芪霜以黄去斑改善肤暗黄滋润护肤保湿周期速掉,暂无报价
馥珮维生素C精华霜烟酰胺面霜保湿补水霜焕白抗氧提亮老牌国货,暂无报价
美肤宝反重力面霜紧致抗皱淡纹滋润乳霜修护保湿霜官方旗舰店正品,暂无报价
美加净杏仁油倍润霜80g国货滋润保湿润肤补水护肤干燥清爽油腻,暂无报价
馥珮积雪草光感透嫩面霜舒缓抗氧提亮改善干痒红滋润保湿补水男女,¥26.8
【大瓶装】溪木源山茶花面霜屏障修护敏感肌舒缓乳液补水保湿滋润,¥95.9
珀莱雅面霜水动力盈润霜高保湿霜补水滋润护肤品清爽不油腻正品女,¥30.91
积雪草雪融补水霜100g修护控油舒缓维稳水杨酸收缩毛孔去黑头面霜,¥22
美加净面霜美白亮肤光感透白白米精华霜美白祛斑官方正品保湿面霜,暂无报价
大宝B5特润霜70g+VC焕白乳50ml早C晚B淡斑舒缓敏感肌维他命B5滋润,暂无报价
优时颜冷光面霜舒缓淡纹抗皱补水褪红修护霜保湿面霜替换芯护肤女,¥145
澳洲绵羊油面霜持久保湿滋润防干燥起皮温和舒缓三合一秋冬润肤霜,¥19.9
【节日礼物】DHC蝶翠诗紧致焕采润白霜美白淡斑保湿紧致祛斑,暂无报价
儒意玻色因胶原抗皱面霜抗衰老补水保湿紧致淡化细纹美白去黄抗氧,¥89
悦诗风吟绿茶透明质酸面霜干皮补水保湿锁水舒缓紧致抗皱控油女,暂无报价
儒意10%视黄醇玻色因精华霜紧致抗皱孕妇抗衰老美白修护保湿面霜,¥55.8
HBN特证版原白霜α-熊果苷曜白微精华霜50g美白面霜祛斑减黄,暂无报价
【深层滋补】日本水之印五合一抗老面霜90保湿滋润补水抗皱进口,¥38.71
【王一博同款】百雀羚面霜绿宝石帧颜淡纹霜紧致抗皱保湿修护面霜,暂无报价
大宝维他命B5保湿舒缓修护乳95ml皮肤屏障补水清爽乳四季可用,暂无报价
优时颜黑引力面霜保湿补水霜紧致滋润淡纹抗皱舒缓修护肤品送妈妈,¥249
自然堂雪域修护保湿霜舒缓水润面霜滋润敏感肌护肤品官方正品女,暂无报价
毕生之研厚脸皮面霜乳液修护屏障保湿敏感肌滋润祛痘舒缓敏感肌女,¥149
谷雨美白奶罐面霜熬夜减黄提亮淡斑修护保湿美白次抛精华舒缓焕亮,暂无报价
孔凤春马齿苋补水保湿面霜清爽不油腻秋冬保湿面霜舒缓学生男女,¥19.9
肌肤未来VB烟酰胺面霜补水保湿舒缓提亮肤色护肤品学生女,¥51.9
东洋之花维生素B5补水精华面霜淡化美白细纹保湿紧致抗皱保湿霜,暂无报价
一叶子破壁玫瑰活力霜补水保湿滋养润肤护肤品呵护肌肤正品保障,暂无报价
【保税直发】欧莱雅花蜜2.0轻盈面霜小蜜罐金致臻颜抗皱送1.0眼霜,暂无报价
孔凤春面霜精华液双抗护肤精华抗氧抗糖抗皱紧致舒缓保湿正品套装,¥69.9
【专研敏感肌】敏飞修护面霜维稳舒缓补水保湿滋润肌肤防干裂学生,¥106.2
护肤脂滋润型补水保湿秋冬防干燥护手脚肤身体乳面霜百雀羚护手霜,¥6.32
佰草集双石斛高保湿面霜乳液女补水保湿修护敏肌舒缓滋润秋冬面霜,暂无报价
欧诗漫 珍珠金致焕妍抗皱面霜 提拉紧致改善细纹补水保湿正品旗舰,暂无报价
高姿黑金面霜乳液女补水保湿提拉紧致抗皱淡化细纹干纹细腻肌肤,暂无报价
一叶子红石榴紧致弹嫩精华霜补水保湿滋润肌肤补充活力肌肤面霜,暂无报价
美加净美白面霜紧致亮肤光感透白淡斑精华霜官方正品保湿提亮面霜,暂无报价
一叶子花而生积雪草B5面霜高保湿补水滋润舒缓敏感肌特护,暂无报价
科颜萃修护B5面霜泛醇特润霜高保湿滋润补水舒缓敏感肌温和面部,¥89.1
欧莱雅金致臻颜松露水乳霜套装补水保湿紧致抗皱修护护肤品送妈妈,暂无报价
欧诗漫面霜珍珠白净透润白赋活霜美白淡斑补水保湿滋润去黄正品女,暂无报价
美加净光感美白霜去黄淡化色斑痘印烟酰胺提亮肤色补水保湿面霜,暂无报价
【到手92g】欧诗漫安心大白罐舒缓修护面霜保湿提亮送妈妈礼物,暂无报价
相宜本草红景天焕亮修护乳霜紧致修护保湿提亮抗氧霜官方正品,暂无报价
沃森博士祛痘膏提亮修护淡痘印褪红印改善黯沉保湿舒缓控油祛痘印,¥79
【官方旗舰】百雀羚恒采新颜菁纯面霜补水保湿紧致淡纹抗皱滋润霜,暂无报价
一叶子面霜修护修色精华乳霜补水保湿紧致肌肤专柜正品保障,暂无报价
【屈臣氏断货王】儒意燕窝面霜美白去黄提亮肤色紧致抗皱淡纹抗衰,暂无报价
大宝早C晚B套装焕白淡斑VC乳+B5修护乳液烟酰胺美白敏感肌保湿,暂无报价
蜜诗肌黄芪老牌经典国货补水保湿改善暗黄提亮肌肤控油肤色面霜,¥13.9
【官方旗舰】百雀羚沁润密集保湿清透霜补水保湿舒缓肌肤水润透亮,暂无报价
相宜本草山茶花面霜九代焕活紧致抗皱鲜养保湿滋润旗舰店官方正品,暂无报价
兰亭菁纯胶原蛋白抗皱面霜抗衰老提拉春夏紧致补水提亮保湿面部乳,¥89.9
hfp牛油果特护霜新款倍润修护补水保湿滋润清爽肽酯腺苷淡纹面霜,¥95.62
孔凤春面霜马齿苋舒缓保湿面霜控油保湿补水擦脸油脸部护肤品学生,¥14.9
RNW面霜保湿深层滋润舒爽舒润补水乳液清爽秋冬季专用官方正品,暂无报价
百雀羚面霜水润长效保湿霜补水滋润舒缓干燥国货护肤品女官方正品,暂无报价
【王一博同款】百雀羚绿宝石帧颜面霜淡纹修护紧致抗皱抗初老国产,暂无报价
自然堂弹嫩紧致抗皱修护晚安霜50g 正品晚霜修护保湿补水滋润面霜,暂无报价
馥珮熊果苷光感透亮面霜焕白提亮肤色补水保湿滋润肌去暗沉润肤霜,¥26.8
溪木源山茶花面霜敏感肌刮码修护舒缓补水保湿官方补水保湿秋冬品,¥53.1
水润保湿霜补水保湿护肤品滋润滋养控油清爽熬夜抗皱面霜化妆品女,¥28
兰亭三因璀璨胶原重组紧塑精华面霜紧致抗皱补水保湿提亮抗老面霜,¥79
