product,price
2.0瑷尔博士水乳益生菌水乳补水保湿舒缓修护敏感熬夜肌平衡水油,¥65
瑷尔博士益生菌熬夜水乳补水保湿修护屏障修正泛红舒缓肌肤2.0,¥69
瑷尔博士益生菌熬夜水乳1.0修护保湿补水舒缓护肤油皮学生党,¥61.55
薇诺娜修红舒缓安肤乳50g 敏感肌修护舒缓改善泛红调节肤色紧绷感,暂无报价
半亩花田盈润舒缓神经酰胺乳液补水保湿化妆护肤品学生党男女正品,暂无报价
薇诺娜精华乳补水保湿舒缓敏感肌可用修护屏障滋润换季正品学生女,¥106.9
百雀羚乳液水润长效保湿乳清爽保湿不油腻打造专属水润肌正品保障,¥57
hfp大白瓶烟酰胺美白去黄提亮改善暗沉肤色乳液补水保湿熊果苷女,¥189
薇诺娜极润保湿乳液深层补水滋润舒缓敏感肌护肤品旗舰店官方正品,¥90
协和维生素B5多效修护精华乳补水舒缓保湿面霜乳提升皮肤细腻润肤,¥43.7
【药房直售】协和维生素e乳亮肤防干裂补水熬夜去黄滋润保湿面霜,暂无报价
【官方正品】韩后山茶花精华乳抗皱紧致滋润淡化皱纹提升肌肤,¥58
瑷尔博士益生菌水乳1.0补水保湿修护屏障维稳焕亮温和不刺激正品,暂无报价
【送双抗水乳】珀莱雅双抗水乳液套装抗糖抗氧补水保湿护肤女送礼,暂无报价
【屈臣氏售罄王】儒意山茶花美白乳液补水光果甘草抗糖祛黄护肤品,暂无报价
377官方正品水乳套装熊果苷去黄提亮保湿抗衰老美白护肤优选推荐,¥129
瑷尔博士水乳2.0益生菌熬夜补水保湿修护屏障舒缓干混油皮学生党,¥148.94
袋鼠妈妈水乳精华乳保湿乳小麦乳液补水茶树舒缓控油护肤保湿正品,暂无报价
协和维生素e乳保湿补水滋润面霜乳液VE身体乳维e乳国货,暂无报价
John Jeff维生素B5乳液(轻盈版)补水清爽保湿缓解干燥油皮姐夫,¥69
谷雨雪肌水乳套装美白霜减黄提亮肤色补水保湿熬夜修护肤品正品女,¥68.9
珀莱雅乳液正品美白淡斑祛斑祛黄提亮改善痘印暗沉护肤品化妆品女,¥78.8
自然堂冰肌多肽抗皱乳紧致抗皱补水淡纹官方旗舰店护肤品女,暂无报价
植物主义牛油果乳液准妈妈面部精华乳学生用化妆品补水保湿护肤品,¥43
欧诗漫珍珠白乳液120ML美白淡斑改善暗沉提亮肤色保湿收缩毛孔女,¥108
郁美净鲜奶乳液面霜保湿补水国货滋润男女官方温和旗舰店正品护肤,¥79.8
稀物集松茸菌菇液晶乳清爽滋润保湿补水乳液官方正品护肤品学生党,¥158
珀莱雅水动力乳深层补水保湿滋润清爽润泽盈润护肤品正品假一赔十,¥65
玉泽清痘调护平衡乳50ml补水保湿水油平衡水杨酸控油油痘肌,¥75
曼秀雷敦肌研乳液保湿补水滋润舒缓肌肤紧绷感面部女学生护肤正品,暂无报价
ddg511清透特护乳液补水保湿清爽维稳强韧肌肤屏障平衡水油男女,¥75.65
欧莱雅复颜抗皱乳液110ml紧致淡化细纹清爽保湿不油腻女士,¥119
[国内专柜]倩碧(CLINIQUE)黄油125ml/200ml卓越润肤乳清爽/滋润,¥159
珀莱雅紧致肌密乳液护肤品紧致补水淡化保湿细纹精华抗皱官方正品,¥126
珀莱雅乳液正品专柜保湿补水女水动力盈润乳,¥59
百雀羚舒润补水安肤乳滋润紧致抗皱修护乳液旗舰店官网正品,¥143
兰亭玻尿酸舒缓保湿乳液护肤保湿滋润水油平衡清爽补水保湿正品,¥49.9
【官方旗舰】珀莱雅密集保湿精粹乳液补水锁水滋润护肤品清爽女,¥36.1
HBN双A精华乳2.0视黄醇精华乳液紧致毛孔维A醇熬夜精华,¥199
【节日送礼】溪木源积雪草水乳液护肤套装清爽补水保湿敏感肌可用,¥59.9
颐莲嘭嘭面霜Pro补水保湿修护滋润舒缓高保湿福瑞达玻尿酸正品3.0,暂无报价
颐莲3.0面霜高保湿补水滋润舒缓修护屏障受损敏感肌嘭嘭霜pro升级,暂无报价
【送红宝石水乳】珀莱雅红宝石水乳液套装补水抗皱淡纹护肤女礼物,暂无报价
老牌国货黄芪精华乳液抗皱衰老补水保湿嫩肤去黄提亮紧致淡纹大瓶,¥19.9
协和维生素B5多效修护乳保湿补水舒缓皮肤敏感面霜乳液100ml,¥46.8
hfp低聚糖水感保湿乳液补水控油清爽滋润不油腻妆前打底水乳套装,¥189
瑷尔博士水乳益生菌水乳液补水保湿修护平衡水油熬夜修护肤品正品,¥52.8
【敏肌修红】薇诺娜修红舒缓安肤乳补水保湿敏感肌改善泛红修护,暂无报价
CeraVe适乐肤神经酰胺屏障修护润肤乳236ml神酰C乳保湿舒缓张凌赫,¥87.79
玉泽皮肤屏障神经酰胺修护调理乳补水保湿修护乳液敏感肌适用,¥109
法国极光水乳液抗皱紧致衰老补水保湿滋润提亮男女士清爽型正品,¥138
百雀羚乳液草本系列水润深层保湿乳草本精粹深层补水清爽保湿女士,¥48.73
高姿匀净透亮乳液单瓶女士保湿补水提亮肤色面霜护肤品女官方正品,暂无报价
珀莱雅乳液正品专柜保湿补水女水动力盈润乳水嫩护肤正品,¥65
馥珮馥佩水感美肌乳液保湿补水滋润春夏季油皮学生男女擦脸护肤品,暂无报价
百雀羚乳液 草本系列水润深层保湿乳草本精粹深层补水清爽保湿女,¥53
植物主义准孕妇乳液化妆品天然纯补水保湿滋润学生可用护肤品,¥43
瑷尔博士水乳益生菌修护水乳清爽补水保湿滋润油皮干皮学生党,暂无报价
瑷尔博士水乳2.0益生菌水乳清爽滋润补水保湿舒缓修护平衡水油,¥65
大宝维他命B5保湿舒缓修护乳95ml男女生学生保湿滋润肌肤修护乳液,暂无报价
药房同款I正品维生素E乳滋润补水保湿面霜身体乳护手霜紧致皮肤,¥48.9
【刮码】溪木源水乳山茶花舒敏修护精华乳舒缓敏感肌褪红保湿正品,¥49.9
日本无印水乳化妆水高保湿乳液爽肤水面部清爽滋润型男女套装补水,¥37.6
自然堂水润保湿柔肤乳清爽保湿深层补水乳液学生平价官方正品,¥42
美容院神经酰胺润肤乳二裂酵母舒护滋润干燥积雪草玻尿酸保湿乳液,¥39
珀莱雅乳液紧致抗皱补水保湿舒缓修护敏感肌肤水乳护肤品正品男女,¥285.1
自然堂冰肌修护保湿乳液补水舒缓屏障修护持久保湿,暂无报价
【官方正品】维生素C水乳套装熬夜去黄提亮修护补水保湿抗氧抗糖,暂无报价
孔凤春马齿苋嫩肤乳液保湿补水女学生春夏娇嫩肌舒缓肌肤清透滋养,暂无报价
瑷尔博士水乳2.0益生菌修护水乳补水保湿滋润换季熬夜学生党正品,¥65
溪木源山茶花舒敏精华乳褪红修护屏障保湿舒缓肌肤护肤品女正品,¥46.9
珀莱雅乳液水漾肌密清润乳120ml水润保湿补水乳护肤品套装正品,¥103
韩束红蛮腰多肽胶原弹嫩柔肤乳100ml抗皱紧致补水保湿护肤正品,¥34.9
丁家宜美白水乳套装祛斑祛黄提亮肤色修护补水保湿乳液护肤礼盒装,¥78.8
珀莱雅水动力乳液深层补水保湿透润锁水润泽提亮控油清爽不紧绷,¥59
韩束红蛮腰多肽胶原弹嫩柔肤乳100ml补水保湿抗初紧致抗皱正品,¥59
珀莱雅水漾肌密清润乳液补水保湿舒缓清爽温和护肤品旗舰店正品,¥108
老牌国货燕麦水乳套装熬夜去黄提亮抗氧抗衰老抗皱乳液控油敏感肌,¥29.9
植物主义水乳学生党熬夜肌肤提亮爽肤水乳液补水保湿护肤品夏季,暂无报价
山茶花提亮肤色水乳套装补水爽肤水乳液面霜洗面奶抗氧化去黄,¥23.9
真丽斯平衡修护倍润乳干皮补水保湿舒缓滋润不黏腻保湿乳学生党,¥89
植物主义牛油果保湿乳护肤品持久温和保湿乳液女学生可用正品旗舰,¥43
百雀羚乳液多效紧致赋颜精华乳补水保湿紧致抗皱护肤品官方旗舰店,暂无报价
法兰琳卡烟酰胺透润紧致乳液补水保湿紧致提亮肤色男女正品护肤乳,暂无报价
百雀羚三生花舒缓安肤乳液温和补水保湿滋润修护敏感肌可用正品,¥36.9
珀莱雅紧致抗皱乳液补水保湿水润淡化细纹提拉紧致抗皱护肤品男女,¥91.8
老牌京卫本草玻尿酸乳液保湿补水面霜秋冬季清爽滋润护肤国货正品,¥37.97
小红书推荐山茶花水乳套装敏感肌补水保湿滋润舒缓修护肤品学生女,¥35.8
康雪维生素C熬夜精华水乳套装去黄提亮补水保湿收缩毛孔抗氧抗糖,¥33.92
【官方】大白罐B5维生素保湿霜补水保湿面霜防干裂全身润肤二合一,¥36
安安金纯芦荟深层补水乳液保湿滋润提拉紧致护肤品化妆品官网正品,¥33.9
【官方旗舰】百雀羚草本精萃水润长效保湿乳舒缓滋润乳液护肤品女,暂无报价
【618抢】珀莱雅源力精华乳液2.0补水保湿维稳抗皱修护舒缓泛红,¥268
珀莱雅水动力盈润乳液补水保湿清爽温和水润护肤品化妆品官方正品,¥79.9
Embryolisse旗舰店妆前乳隔离补水保湿隐形毛孔法国宝大深蓝浅蓝,¥68
【买1套送1套量】珀莱雅源力精华乳液修护屏障抗皱补水保湿护肤女,暂无报价
百雀羚肌初赋活焕颜乳淡纹紧致抗初老补水保湿抗皱乳液官方正品,¥89.8
精华乳胶原多肽弹嫩亮肤保湿提拉紧致淡纹改善干燥粗糙护肤乳液女,¥79
半亩花田神经酰胺乳液补水保湿滋润修护化妆护肤品学生党男女正品,¥35.9
精油乳液善草纪茉莉乳液保湿补水清爽舒润经典款古韵清香护肤清新,¥73.3
官方正品玻尿酸保湿乳液补水保湿滋润提亮肤色不油腻面部护肤,¥49.9
VOODOO维生素大白B5保湿滋润面霜干裂全身持久留香身体润肤身体乳,¥24.9
维生素B5保湿乳液舒缓肌肤持久锁住水润美白|孕妇可用,¥39
植物主义雪耳酵活准孕妇乳液甘草化妆品纯补水保湿滋润紧致护肤品,¥39
377美白保湿乳液精华乳补水保湿去黄提亮抗氧化祛斑烟酰胺素颜乳,¥39.9
【旗舰店】兰亭玻尿酸舒缓保湿乳液高效保湿混皮控油补水舒缓护肤,¥49.9
珀莱雅水动力盈润乳100ml补水保湿乳液护肤化妆品官方旗舰店正品,¥63.9
积雪草保湿乳液小分子灌肤女补水美容院专用面部做脸护肤品大容量,¥29
RNW水乳套装B5玻尿酸深层补水保湿护肤品泛醇旗舰店乳液爽肤水,暂无报价
精心硅VE乳 200g 北京精心硅ve乳正品保湿滋润滋养硅e乳男女通用,¥38.8
积雪草水乳爽肤水乳液温和补水保湿提亮熬夜修护控油收缩毛孔正品,¥28.8
百雀羚水乳长效保湿润泽肌肤清爽补水春夏乳液滋润保湿滋润乳男女,¥55.4
自然之名酵母植萃卓能透润精华乳100ml透亮嫩肤保湿学生女正品,¥89
华美科焕亮水乳补水保湿烟酰胺去暗黄提亮改善暗沉淡色沉熬夜修护,¥68
北大研发OHBT玻色因熊果苷精华水乳套装抗氧抗糖淡纹紧致美白补水,暂无报价
蓝胖子维生素B5水乳套装补水保湿抗氧去黄舒缓泛红修护提拉紧致女,¥39.9
泰国乳液ATREUS水嫩凝肌补水保湿补水清爽提亮乳液精华三合一嫩肤,暂无报价
【屈臣氏优选】儒意白松露抗皱水乳抗氧化初老补水保湿紧致淡纹女,¥42.8
【药房同款】维生素E乳修复保湿补水面霜护手霜身体乳维生素e乳,¥48.8
自然堂雪域精粹纯粹滋润乳液补水保湿滋润舒缓女学生护肤正品,暂无报价
谷雨光感水乳两套装美白霜补水保湿提亮肤色修护滋润护肤品正品女,¥97.9
谷雨雪肌水乳套装美白霜提亮肤色补水保湿修护去黄熬夜护肤品正品,¥68.9
花谷果灵芝舒缓湿敷水乳爽肤补水精华保湿修护春夏护肤女学生推荐,¥89.9
袋鼠妈妈青少年护肤套装学生保湿乳补水控油9-18岁青少年润肤乳,¥89
欧诗漫珍珠营养美肤水乳套装补水保湿亮肤美白淡斑护肤提亮正品女,¥79.9
【母亲节礼物】红宝石乳液套装抗皱淡纹紧致肌肤正装化妆品礼盒,¥139
珀莱雅紧致肌密乳液抗皱提拉紧致补水润养保湿淡化细纹官方正品,¥68
【经典国货】玻尿酸维e高保湿乳滋润补水保湿美白提亮全身护肤乳,¥39.9
【新品上市】自然堂雪域修护保湿乳修护屏障舒缓控油乳液,¥99
珀莱雅紧致抗皱乳液补水保湿淡化细纹控油提亮水乳护肤品正品男女,¥99.1
【母亲节礼物】珀莱雅紧致肌密水乳套装妈妈抗皱淡纹补水保湿护肤,暂无报价
欧莱雅乳液复颜视黄醇保湿乳液补水锁水紧致抗皱淡化细纹女110ml,¥119
维生素e透亮紧致焕颜乳滋润保湿清爽润肤不油腻面部护肤旅行便携,¥19.9
薇诺娜乳液修红舒缓安肤乳改善泛红调节肤色紧绷感修护舒缓敏感肌,暂无报价
【新品擀面杖】大宝早C晚A护肤套组维他命A醇60ml+VC焕白乳50ml,¥154.9
【官方旗舰】珀莱雅焕润保湿水乳套装补水淡纹修护紧致护肤女送礼,暂无报价
Clinique/倩碧黄油无油/有油乳液面霜补水保湿控油干皮维稳正品,¥118
玉泽皮肤屏障修护调理乳50ml 国货润肤护肤补水保湿乳液敏肌适用,¥95
珀莱雅海洋活能密集保湿乳补水保湿滋润不腻学生护肤品国货正品,¥29.8
欧诗漫珍珠白乳乳液保湿补水美白祛斑淡斑祛黄提亮护肤品官方正品,¥109
泊本姜黄素控油舒缓精华乳80g 温和祛痘去闭口乳液护肤品敏感肌,¥64.9
丝塔芙牛油果保湿身体乳润肤乳滋润修护肌肤敏感肌适用,¥49
林清轩双抗乳液抗糖抗氧化提亮肤色保湿滋润紧致肌肤女护肤,¥70
【官方旗舰】百雀羚水清漾保湿精华乳100ml补水保湿舒缓滋润乳液,暂无报价
屈臣氏正品S.A卓沿白金舒润保湿修护乳液50ml 补水保湿舒缓敏感肌,¥67
珀莱雅水动力系列盈润乳补水保湿深层长效清爽滋润官方正品化妆品,¥65
珀莱雅乳液正品专柜保湿乳液身体乳保湿清爽补水面部护肤品学生党,¥67.31
冰溪皮肤屏障修护乳50g 舒缓不刺激清爽修护敏感肌肤水乳补水保湿,暂无报价
植物主义准孕妇保湿乳液女补水秋冬滋润润肤乳素颜面霜懒人裸妆,¥28.2
美容院灌肤乳液专用孕妇可用面部乳液大瓶面霜补水滋润身体乳女士,¥26
欧诗漫珍珠金致焕妍紧肤乳提拉紧致补水深层保湿护肤品官方正品,¥118
适合40-60-75岁中老年妈妈补水保湿抗皱提拉紧致胶原蛋白精华乳女,¥66.64
瑷尔博士水乳2.0益生菌平衡修护水乳补水保湿滋润清爽肤水油干皮,¥65
康雪老国货熊果苷水乳套装补水保湿去黄提亮紧致淡纹抗皱护肤男女,¥29.9
山茶花提亮肤色水乳套装补水爽肤水乳液面霜洗面奶护肤品平价学生,¥23.9
博优研3A视黄醇精华乳抗皱紧致提亮VC抗自由基维a醇精华乳,¥128
欧诗漫美白淡斑乳液提亮肤色补水保湿祛黄水乳化妆护肤品男女,¥102.89
真丽斯平衡修护乳控油补水保湿夏季清爽乳液舒缓修护强韧屏障学生,¥84.5
hfp乳液大白瓶烟酰胺美白提亮改善暗沉肤色乳液补水男女保湿正品,¥179
京卫本草透明质酸乳液补水保湿滋润面霜正品国货护肤品玻尿酸乳液,¥40.92
美加净酵米焕活保湿精华乳液舒缓滋润保湿紧致肌肤官方旗舰店正品,¥41
珀莱雅水动力乳液保湿水润补水润泽清爽护肤品官方正品假一赔十,¥65
自然堂乳液水润保湿柔肤乳100ml补水保湿滋润焕肤学生护肤品正品,¥59.9
珀莱雅水动力乳液深层补水保湿滋润清爽润泽盈润护肤品官方正品,¥65
保湿补水正品神经酰胺止身体痒全身干燥痒起皮脱皮四季用干性男女,¥39
【官方旗舰】百雀羚水清漾保湿精华乳液100ml补水滋润清爽正品,¥72
欧诗漫珍珠白乳液滋润提亮肤色补水保湿收缩毛孔护肤品官方正品女,¥59.9
欧诗漫乳液美白祛斑祛黄淡印提亮补水保湿舒缓肌肤水乳套装正品女,¥85
珀莱雅官方正品乳液120g补水美白祛斑提亮抑黑淡斑光感研白化妆品,¥89
百雀羚水润长效保湿乳水润光滑深层锁水提亮肤色补水滋润官方正品,¥57
植物主义保湿乳液护肤品水乳补水收缩毛孔控油清爽不油腻学生,¥28
B5修复霜修护屏障舒缓肌肤修护泛红印痕滋润保湿敏感肌b5修复霜,¥36.5
瑷尔博士闪充反重力水乳微晶水修护紧致抗皱补水保湿舒缓敏感肌,¥109
虾青素抗氧化熬夜精华乳液美容院抗老抗糖去黄提亮面部暗沉补水,¥29
美肤宝水份源保湿乳液面部补水滋润锁水清爽不粘腻易吸收正品,¥49
【改善泛红】薇诺娜修红舒缓安肤乳50g 敏感肌修护屏障舒缓保湿,¥76
【药房直售】协和维生素e乳去黄亮肤补水保湿防干裂淡纹嫩白紧致,¥23.8
老牌国货玻尿酸维E保湿乳液补水滋润去黄提亮护肤维生素e乳液正品,¥39.9
【官方】黄芪润肤乳嫩白去黄提亮补水保湿滋润防干裂面霜全身可用,¥19.9
珀莱雅水乳液动力盈润乳补水保湿滋润防干燥起皮护肤品学生版男女,¥58
百雀羚维生素E精华乳润肤霜男女士保湿抗皱紧致乳液面霜官方正品,¥48.8
【同款加量】薇诺娜乳液面霜特润保湿柔肤乳滋润保湿修护舒缓敏感,¥61.2
韩国妆前乳化妆师专用肌肤屏障舒缓乳液补水保湿抗氧抗糖提拉紧致,¥19.9
珀莱雅乳液正品专柜保湿补水女水动力盈润乳收缩毛孔紧致肌肤,¥59
胶原蛋白抗皱乳液补水保湿提拉紧致嫩白祛黄去细纹抗衰老精华乳,¥58
老牌黄芪保湿修护精华乳液国货紧致抗皱衰老水乳套装大瓶去黄提亮,¥19.9
JohnJeff绿茶多酚乳液即时吸油控油抗氧化提亮肤色油皮无负担姐夫,¥71.1
片仔癀牌清盈祛痘乳液男女控油保湿清痘乳液改善痘肌保湿舒缓控油,¥48.9
水肌美保湿乳液补水锁水修护精华液滋润养改善情人节礼物女士护肤,¥66.35
珀莱雅水动力盈润乳100ml补水保湿乳液护肤化妆品官方正品,¥63
欧诗漫珍珠白净透润白保湿凝乳美白乳液补水保湿提亮祛斑淡印,¥44.1
大宝早B晚A护肤套组A醇淡纹紧致B5乳修护舒缓B5霜特润四季干油皮,¥124.9
【官方旗舰】可复美胶原乳重组胶原蛋白修护保湿修护乳G101,¥151.3
珀莱雅乳液紧致抗皱淡化细纹补水保湿乳提亮肤色中年护肤品水乳女,暂无报价
植物主义保湿乳液润肤乳海藻舒缓保湿精华清爽补水准孕妇学生可用,¥57
瑷尔博士水乳2.0益生菌水乳液清爽温和补水保湿熬夜修护平衡水油,¥65
溪木源水乳山茶花精华乳舒缓保湿修护补水褪红敏感肌女化妆品护肤,¥69.21
薇诺娜极润保湿乳液65g舒缓敏感肌可用干皮补水乳液面霜官方正品,¥114.3
维生素C熬夜精华水乳套装去黄提亮补水保湿抗糖抗氧收缩毛孔正品,¥21.9
欧诗漫乳液美白淡斑祛黄提亮补水保湿清爽滋润水乳套装正品牌男女,¥69
珀莱雅水漾肌密乳液水润控油润泽补水保湿控油锁水护肤品官方正品,¥108
美容院积雪草小分子水乳大瓶灌肤保湿滋润舒肤敏干油皮补水滋润乳,¥29
【滋润】薇诺娜乳液面霜特润乳液高保湿秋冬面霜舒缓补水官方正品,¥81.9
珀莱雅乳液补水保湿舒缓滋润嫩肤清爽提亮肤色护肤品水乳正品男女,¥79
欧诗漫紧致抗皱乳液淡化细纹提拉紧致滋养修护补水润肤护肤品男女,¥127
德国balea芭乐雅vc精华乳液淡斑嫩白保湿乳液提亮肤色保湿VC乳液,¥22.3
谷雨月见仙人掌精华乳套装补水保湿滋润干皮舒缓化妆护肤品学生女,¥48.8
大宝早C晚A护肤套组维他命A醇60ml+VC焕白乳50ml淡,¥155.9
林清轩二裂酵母多肽精华乳滋润保湿抗皱淡化细纹弹嫩紧致肌肤官方,暂无报价
一叶子莲花水漾保湿乳液补水亮肤植物酵素酪梨清爽控油正品女学生,¥33.9
【新品】ROHTO乐敦海外旗舰店日本乐敦CC乳液vc亮白保湿锁水乳女,¥59.42
可复美修复乳40gR乳液重组胶原蛋白敷料激光术后皮炎湿疹修护正品,¥115.2
大宝早B晚A护肤套装B5修护乳95ml+维他命A醇60ml淡,¥126.9
华美科水乳套装护肤品补水保湿学生党祛斑美白抗皱医用护肤品正品,¥68
韩束护肤乳液单品女清爽美白补水保湿品牌按压瓶老牌子好用正品,¥37.3
进口保湿乳液脸部去黄提亮强效补水舒缓美白清爽护肤套盒专用正品,¥159
精心硅VE乳200g北京协和医院保湿手霜补水面霜正品身体乳,¥38.8
有效期26.1月Dag山茶花柔肤保湿乳液修护补水水乳二合一清仓学生,¥23.68
【官方旗舰】百雀羚恒采新颜焕颜育肤乳补水保湿紧致抗皱乳液,¥104
佰草集乳液干皮玲珑乳补水保湿清爽面部精华乳液护肤品化妆品秋冬,¥109
珀莱雅密集保湿乳液补水滋润锁水清爽不粘腻易吸收秋冬季护肤品女,¥36.9
相宜本草百合高保湿润养乳补水锁水滋润乳液清爽护肤品正品,¥69
120ml水密码冰川矿泉精华乳液补水保湿滋润保湿乳霜专柜同款,¥29.9
【清仓】汇美舍玫瑰保湿精华乳面部乳液补水提亮4D玻尿酸改善干纹,¥39.1
百雀羚维他命b5修护保湿乳液补水面霜舒缓干痒泛红正品润肤乳脸部,¥34.9
春娟黄芪保湿乳液100g老牌国货护肤品牛油果清爽补水缓解干燥,¥62.99
羊胎素抗皱精华乳 高保湿补水紧致提拉嫩白祛黄去细纹抗初老乳液,¥68
【官方旗舰】欧诗漫珍珠白净透润白保湿乳液深层补水美白淡斑护肤,¥109
维生素e透亮紧致焕颜乳滋润保湿清爽润肤不油腻补水弹嫩旅行便携,¥19.9
ddg511清透特护水乳舒缓修护屏障敏感肌混油皮保湿乳液小样正品女,¥78
低聚糖保湿乳液清爽控油不油腻水乳补水保湿滋润护肤品面霜男女,¥28.32
百雀羚乳液水润长效保湿乳清爽补水保湿滋润舒缓擦脸护肤品正品女,¥36.52
谷雨白千松露控油水乳套装补水保湿改善闭口祛痘修护油皮清爽护肤,¥61.9
小黄油135g舒缓保湿精华乳液面霜深层补水保湿清爽不油腻锁水控油,¥29.45
百雀羚乳液护肤品保湿水嫩倍现精华100ml补水国货护肤学生正品,¥69
珀莱雅水动力盈润乳100ml快补水高保湿锁水清爽化妆品官方正品,¥79.1
欧诗漫乳液美白淡斑补水保湿祛黄提亮温和敏感肌可用护肤品正品女,¥78.9
珀莱雅水漾肌密乳液水润控油深层持久补水保湿清爽护肤品官方正品,¥108
珀莱雅水动力盈润乳补水保湿滋润乳液女护肤化妆品精华官方正品,¥69.9
TJE多肽水乳霜三效合一120ml爆水清爽型补水保湿滋润水润舒缓乳液,¥24.4
溪木源水乳层孔菌控油安护精华水舒缓敏感感肌补水保湿学生正品,暂无报价
袋鼠妈妈小麦倍护乳液保湿乳清爽滋润补水深嫩肤清爽护肤品正品,¥89.6
珀莱雅乳液补水保湿提亮肤色清爽滋润肌肤水乳护肤品官方正品男女,¥49
百雀羚乳液 水润长效保湿乳100ml深层补水滋润锁水女护肤品老品牌,¥39
维生素b5保湿乳液舒缓敏感肌修复淡化红血丝保湿乳干敏皮秋冬乳液,¥19.9
【正品行货】科颜氏安白精华乳液烟酰胺焕亮减黄修护保湿,暂无报价
百雀羚乳液维他命B5舒缓修护精华乳保湿全身可用身体浴后乳,¥35.8
百雀羚三生花舒缓高保湿精华乳液100ml抗皱保湿舒缓敏感适用正品,¥15.8
【正品行货】Kiehl‘s/科颜氏金盏花舒缓平衡乳液125ml 滋润修护,暂无报价
【正品保障】珀莱雅2.0双抗乳液正装抗糖抗氧去黄提亮补水保湿女,¥75.6
【韩国原装 保税直发】Innisfree悦诗风吟绿茶精华乳液160ml,¥23.8
【保税直发】whoo后拱辰享气韵生乳液110ml滋润保湿水油平衡,暂无报价
whoo后天气丹光耀焕活滋养乳中样50ml小样保湿乳液紧致 Pro版,暂无报价
福瑞达颐莲御龄紧致臻享水乳抗皱紧致保湿亮肤色淡化细纹官方正品,暂无报价
【正品保障】珀莱雅红宝石乳液60ml补水滋润抗皱淡纹紧致饱满女,¥34.2
Dr.Alva瑷尔博士抗初老赋颜乳补水保湿乳液 注意日期介意不要拍,¥39.9
百雀羚乳液女蓓丽玻尿酸焕颜保湿乳120ml莹润保湿护肤品官网正品,暂无报价
大宝SOD蜜95ml身体乳液面霜滋润抗氧化补水保湿男女素颜护肤正品,暂无报价
DECORTE黛珂 牛油果天然植物乳液150ml 平衡水油收毛孔保湿舒缓,¥106
精华乳液高保湿乳抗皱紧致补水滋润提亮去黄脸部水乳正品女护肤品,暂无报价
无盒秀丽韩御时鎏金凝润乳液,¥65
精华乳液保湿乳抗皱紧致补水去黄滋润提亮抗衰老水乳正品女护肤品,¥23.8
玫瑰嫩白保湿精华乳液500ml 补水抗皱滋润亮肤美容院专用灌肤水疗,¥19.31
BH润肤冰肌乳妆前打底补水保湿脸部持久滋润控油润肤乳官方正品女,¥42.42
片仔癀美白乳液祛斑补水保湿提亮肤色去黄去暗沉轻肌菁纯清润乳液,¥58
自然堂乳液紧致抗皱焕活乳补水保湿滋润淡化细纹化妆品女正品,¥99
玫琳凯1号滋养润肤乳液水乳套装女保湿补水面霜一号乳滋润护肤品,¥69
康婷瑞倪维儿凝水保湿乳100g补水保湿亮肤天然乳液正品化妆品,¥49
正品康婷瑞倪维儿凝水保湿乳100克补水保湿滋润乳液化妆品基础装,¥49
自然堂乳液凝时鲜颜乳液面部保湿提拉紧致舒缓肌肤护肤品官方正品,暂无报价
孔凤春马齿苋舒缓精华乳液保湿补水女学生薄皮专用换季护肤品国货,暂无报价
大宝SOD蜜清爽保湿凝露100ml多规格海藻精华乳液补水保湿清透面霜,暂无报价
韩束水动力焕能乳100ml 控油焕亮紧致弹润温和补水保湿乳液护肤女,暂无报价
【超级爆款】珂润保湿水润乳液120ml敏感肌补水学生党男女必备,¥145
黛珂DECORTE 牛油果植萃乳液150mL 保湿弹润饱满,¥107
林清轩祛痘乳控油净痘细肤乳祛痘修护细腻毛孔修护油痘肌男女生,暂无报价
高姿白金乳液面霜女焕亮补水保湿滋润化妆品护肤品高姿官方旗舰店,暂无报价
欧诗漫 珍珠金致焕妍紧肤乳 金致抗皱滋润保湿补水亮肤正品女,暂无报价
法兰琳卡山茶花鲜活亮润精华乳100g保湿乳液补水润肤正品包邮,暂无报价
敏肌推荐特安舒润乳液舒缓保湿补水改善敏感泛红血丝强韧屏障正品,¥67.8
珀莱雅紧致抗皱乳液补水保湿淡化细纹提亮肤色抗初老水乳护肤品女,¥79
OLAY玉兰油大红瓶乳液塑颜金纯精华乳补水保湿细滑女士护肤品,¥189
瑷尔博士反重力水乳套装微晶水补水保湿滋润紧致抗皱清爽国货男女,暂无报价
【母亲节礼物】珀莱雅循环水乳套装修护抗皱舒缓干敏肌保湿护肤品,暂无报价
【滋润保湿】薇诺娜特润保湿柔肤乳液面霜补水修护滋润学生舒缓,暂无报价
欧诗漫 珍珠肌源紧致菁华乳 抗皱抗初老抗衰保湿补水提亮女正品,暂无报价
RNW控油精华乳面部清爽控油补水滋润舒缓肌肤精华乳液学生女正品,暂无报价
法兰琳卡紧致精华乳液补水保湿舒缓护肤品水乳套装女男学生乳液霜,暂无报价
欧诗漫珍珠白乳液美白淡斑补水保湿提亮肤色滋润水乳霜套装护肤女,暂无报价
【保税直发】SKII骨胶致活肤修护补水保湿护肤抗皱乳液紧致100g,暂无报价
Elixir怡丽丝尔优悦活颜保湿乳液滋润保湿紧致抗皱美白正品,¥119.4
雪玲妃二裂酵母水乳液面霜套装护肤品套装清爽女男补水保湿修护,暂无报价
孔凤春神经酰胺乳液补水保湿滋润修护屏障泛红护肤品学生女军训,¥24.9
温碧泉八杯水嫩肤乳脸部高补水保湿清爽乳液水润保湿男女面部护肤,¥29.25
馥珮水嫩美肌保湿乳110ml 男女脸部补水保湿滋润护肤品乳液,暂无报价
欧诗漫珍珠金致焕妍紧肤乳液滋润补水保湿锁水提亮肤色护肤女正品,暂无报价
【送2套水乳】珀莱雅循环修护水乳套装养肤抗皱舒缓干敏肌护肤女,暂无报价
whoo后天气丹乳中样25ml*4滋养肌肤提拉紧致肌肤收缩毛孔抗氧化-W,¥73.2
维生素精华乳液烟酰胺泛醇保湿补水抗皱强韧屏障改善滋润干燥肌肤,¥74
【官方正品】玻尿酸维e乳补水保湿滋润去黄提亮改善肌肤干燥男女,¥39.9
百雀羚乳液 水润长效保湿乳100ml深层补水滋润锁水女护肤品旗舰店,¥59.8
377美白精华乳淡化色斑补水保湿修护烟酰胺美白祛斑乳液,¥59.9
安安金纯橄榄油美白滋润保湿乳液淡斑祛斑提亮肤色补水清爽不油腻,¥45.6
华美科双抗精华液抗皱纹紧致抗衰老抗氧化去黄抗初老面霜水乳套装,¥54
进口NING399美白精华乳烟酰胺淡斑抗氧化改善暗沉提亮去黄水乳女,暂无报价
抗氧化抗衰老燕麦水乳熬夜修护祛黄提亮抗皱纹保湿孕妇温和敏感肌,¥29.9
官方正品七子白水乳黄芪去黄提亮抗皱淡纹抗衰老熬夜保湿控油乳液,¥15.9
珀莱雅水动力乳液深层保湿补水长效持久水润清爽润泽护肤品套装,¥65
珀莱雅赋能鲜颜细滑乳液淡化细纹干纹紧致弹润抗皱滋润乳小红瓶女,¥129
胶原蛋白精华乳液保湿乳补水嫩白控油抗皱祛黄紧致提拉抗初老,¥58
神仙乳紧致乳液高保湿乳补水嫩白抗皱祛黄紧致提拉擦脸油抗初老,¥128
正品山茶花水乳套装补水保湿提亮肤色爽肤水乳液面霜学生党护肤品,¥49.9
珀莱雅水动力乳液深层补水长效保湿持久清爽水润护肤品官方正品,¥65
露得清水杨酸葡萄柚抗痘乳液118ml 温和保湿清爽修护临期,¥85
艾珂薇水乳n4乳液舒缓平乳修护敏感保湿补水平价清爽修复学生正品,¥98.1
兰亭玻尿酸舒缓保湿乳液高效保湿清爽不油腻混皮控油补水舒缓护肤,¥49.9
正品玻尿酸维e乳液保湿滋润抗氧淡斑去黄提亮改善粗糙全身可用女,¥39.9
大宝维他命C焕白淡斑精华乳面霜滋润保湿祛斑美白透光乳滋润面霜,¥69.09
烟酰胺精华乳液舒缓屏障泛红干燥粗糙焕亮保湿控油清爽不油腻面霜,¥69
自然堂雪域精粹纯粹滋润乳液120ml补水锁水紧致保湿抗氧滋润型女,¥79
老牌国货维E玻尿酸保湿乳液补水滋润熬夜去黄提亮护肤维生素e乳液,暂无报价
珀莱雅乳液水动力深层持久补水保湿滋润锁水清爽官方正品护肤品,¥62
老牌国货维生素E保湿乳液补水滋润提亮肤色全身舒缓肌肤男女正品,¥59.9
珀莱雅乳液补水保湿乳清爽滋润不油腻提亮肤色水乳护肤品正品男女,¥59
补水保湿正品神经酰胺止身体痒全身干燥脱皮起皮痒秋四季干性男女,¥39
珀莱雅紧致肌密精华乳抗皱紧致补水保湿修护淡化细纹 正品,¥46.9
珀莱雅盈润乳液水动力长效补水保湿水润润泽透亮锁水护肤品正品,¥59
溪木源山茶花舒缓修护精华乳强韧屏障敏肌适用保湿滋润修红乳液女,¥80.75
玉泽乳液皮肤屏障修护神经酰胺调理乳维稳敏感肌补水保湿舒缓泛红,¥44.9
珀莱雅乳液美白淡斑提拉紧致舒缓补水保湿爽肤水乳护肤品正品男女,¥89
珀莱雅乳液补水保湿乳面霜清爽滋润提亮肤色学生党护肤品正品男女,¥49
珀莱雅乳液补水保湿清爽滋润收缩毛孔提亮肤色水润护肤乳霜正品女,¥67.1
薇诺娜极润保湿乳液深层补水修护滋润护肤舒缓敏感肌适用官方正品,¥48.6
【官方旗舰】百雀羚维他命B5修护舒缓精华乳保湿补水紧致抗皱乳液,¥30.43
袋鼠妈妈保湿乳护肤品小麦补水茶树燕窝系列乳液舒缓补水控油套装,¥68.3
Kiehl's/科颜氏高保湿乳液温和水润补水保湿舒缓润肤契尔氏水乳,¥280
【保税直发】倩碧匀净卓妍润肤乳液100ml美白淡斑提亮抗氧化,暂无报价
院线研发酵母多肽能量乳提拉紧致抗皱滋润清爽补水保湿玻色因乳液,¥68.7
瑷尔博士2.0水乳修护滋润熬夜维稳保湿补水舒缓正品护肤品套装女,¥160
屈臣氏胶原弹润乳液100ml轻盈保湿清爽不油腻易吸收正品,¥19.9
美肤宝精萃透白亮肤乳液120ml 提亮肤色补水保湿滋润精粹官方正品,¥36.8
欧诗漫乳液珍珠白净透丰润采凝乳补水保湿美白淡斑提亮护肤正品女,暂无报价
【药房同售】维生素e乳保湿补水滋润面霜学生水乳润肤乳身体乳女,¥5.98
一叶子花而生白百合美白淡斑精华乳官方正品提亮补水保湿乳液水润,¥23.6
欧诗漫平衡控油精华乳液补水保湿控油祛痘舒缓油皮清爽男女护肤品,暂无报价
袋鼠妈妈小麦保湿乳倍护乳液清爽滋润补水保湿深舒缓护肤舒缓正品,¥108
羊胎素抗皱乳液 保湿滋润补水紧致抗初老祛黄嫩白秋冬正品精华乳,¥68
梦妆益生神经酰胺屏障保湿润肤乳修护舒缓保湿去角质官网正品,¥88
珀莱雅乳液赠美白淡斑补水保湿提亮肤色祛黄祛斑化妆品护肤品男女,¥94.88
珀莱雅乳液补水保湿乳清爽滋润舒缓肌肤水润水乳护肤品品牌正品女,¥79
百雀羚水嫩倍现精华乳液正品补水保湿嫩肤滢润嫩滑水润化妆护肤品,暂无报价
珀莱雅乳液补水保湿护肤品滋润肌肤水乳提亮肤色细致毛孔正品男女,¥79
美容院装大瓶玻尿酸保湿水光乳液补水收敛毛孔滋润锁水水油平衡,¥40
宫佩去黄提亮VC水润水乳套装补水保湿去黄提亮抗氧化熬夜肌女厂家,暂无报价
【药房同款】维生素E乳保湿补水滋润面霜身体乳液学生水乳面霜女,暂无报价
欧莱雅水乳套装女士玻尿酸水光充盈导入乳液玻色因补水护肤品,¥96
自然堂乳液雪润皙白晶采乳液美白淡斑祛斑补水保湿滋润专柜正品,¥45
美加净银耳珍珠维生素E乳100ml护肤补水保湿润肤滋润舒缓面霜乳液,¥11.9
薇诺娜修红舒缓安肤乳 面膜 敏感肌补水保湿改善泛红修护屏障乳霜,暂无报价
COSME DECORTE 黛珂牛油果乳液150ml,¥107
孔凤春二裂酵母补水保湿舒缓呵护减黄焕亮女学生党护肤品水乳套装,¥15.9
欧诗漫 珍珠粉嫩轻盈保湿乳100ml 补水滋润亮肤 专柜旗舰店正品女,暂无报价
敏感肌专用修红改善泛红薇诺娜肤乳15g补水保湿滋润学生男女正品,¥37.8
孔凤春保湿乳液舒缓控油保湿面霜干皮补水男女护肤品面部乳霜精华,¥21.8
二代欧莱雅金致臻颜花蜜奢胶原护肤大中样套装水乳液面霜提拉紧致,¥99
【正品行货】适乐肤C乳神经酰胺屏障补水修护润肤乳保湿身体乳液,暂无报价
适乐肤C乳神经酰胺屏障补水修护润肤乳保湿身体乳液,暂无报价
自然堂乳液凝时鲜颜肌活乳液紧致抗皱淡化细纹补水保湿滋润女正品,¥58.5
林清轩 二裂酵母多肽精华水乳套装滋润保湿抗皱淡化细纹弹嫩紧致,暂无报价
倩碧黄油乳液有油/无油50ml中样补水保湿控油滋润旅行装,暂无报价
自然堂雪域修护保湿乳修护屏障舒缓控油乳液护肤品女化妆品正品,暂无报价
【全新升级】欧莱雅花蜜胶原水乳套装小蜜罐补水保湿淡纹紧致抗皱,¥63.6
377水乳套装熊果苷美白提亮去黄补水提亮补水正品抗衰老润肤护肤,¥129
孔凤春乳液神经酰胺水乳套装护肤舒缓保湿修护乳强韧屏障修护泛红,暂无报价
伊肤泉安肤修护保湿乳舒缓敏感肌改善泛红维稳屏障清爽乳液旗舰店,¥127.44
【敏感肌专研】薇诺娜乳液套特润保湿柔肤乳舒缓修护补水保湿面膜,暂无报价
可复美修复乳R型乳重组胶原蛋白敷料皮炎湿疹术后修复乳液4支正品,暂无报价
大宝SOD蜜285ml面霜补保湿滋润护手霜擦脸霜身体乳润肤乳男女学生,暂无报价
片仔癀牌灵芝臻颜淡纹乳100ml滋润保湿改善细纹紧致补水焕肤乳,暂无报价
高夫多效防御乳液男士补水保湿润肤擦脸旗舰店官方正品,暂无报价
美肤宝臻妍乳液紧致抗皱提拉补水保湿淡化细纹老牌子官方正品女,暂无报价
大宝维他命B5保湿舒缓修护乳皮肤屏障泛红补水清爽积雪草乳液,暂无报价
珀莱雅紧致抗皱水乳淡化细纹提亮肤色补水保湿乳液修护滋养护肤品,¥38.9
薇诺娜特润保湿柔肤乳两支装 深润锁水改善屏障修护舒缓敏感肌用,¥249
【官方正品】欧诗漫水乳套装美白淡斑乳液面霜柔肤水补水保湿滋润,¥34.9
维e烟酰胺护肤甘油保湿补水防干裂提亮肤色改善肌肤妆前乳不卡粉,¥19.9
CeraVe适乐肤烟酰胺修护精华乳保湿神经酰胺乳液补水强韧屏障60ml,¥128
【正品行货】海蓝之谜精萃乳125ml保湿抗皱淡纹焕亮紧致 礼物礼盒,¥1282
珀莱雅红宝石精华乳赋能鲜颜紧致抗皱紧致淡纹补水保湿滋润保湿乳,¥99
一叶子光透匀亮乳液美白淡斑补水保湿提亮肌肤紧致弹嫩护肤品正品,¥13.9
【母亲节礼物】珀莱雅红宝石精华2.0淡纹紧致抗皱保湿乳液护肤品,暂无报价
孔凤春马齿苋舒缓嫩肤乳液补水换季保湿润养护肤品面霜学生女国货,¥25.9
自然堂凝时鲜颜乳液烟酰胺补水保湿紧致护肤品化妆品女保湿乳正品,暂无报价
温碧泉安呵保湿乳液脸部补水保湿温和润肤滋润呵护改善干燥安呵乳,暂无报价
大宝早C晚B套装焕白淡斑VC乳+B5修护乳液烟酰胺美白敏感肌保湿,暂无报价
菲诗小铺金盏花清润水乳保湿护肤礼盒套装正品,暂无报价
韩束红蛮腰2.0水乳套装紧致抗皱补水保湿多肽胶原环六肽护肤品,暂无报价
自然堂乳液凝时鲜颜肌活乳液120ml补水保湿紧致滋润抗皱淡化细纹,¥58.5
Sulwhasoo雪花秀滋阴乳液125ml,¥120
【有效期1年26年5月左右】RNW水乳洁面深层清洁补水精华水乳液,¥59.9
【钜惠来袭】馥兰子保湿滋润水润乳液增强肌肤屏障呵护润泽肌肤,暂无报价
伊露莹臻润水乳爽肤水保湿精华补水乳液收缩滋润毛孔护肤套装正品,¥39.9
珀莱雅水漾肌密清润乳补水保湿清爽控油提亮肤色护肤品正品男女,¥119
珀莱雅乳液水漾肌密清润乳120ml水润保湿补水舒缓清爽护肤化妆品,¥119.9
珀莱雅水动力盈润乳补水保湿滋润锁水清爽温和护肤化妆品官方正品,¥69
珀莱雅乳液紧致抗皱淡纹补水保湿滋润清爽不油水乳套装正品牌男女,¥205
【官方旗舰】百雀羚弹嫩赋活焕亮精华乳紧致抗皱舒缓补水保湿乳液,¥43.9
珀莱雅乳液补水保湿乳水润乳清爽滋润提亮肤色收缩毛孔学生党男女,¥67.1
【新品上市】大宝B5特护霜舒缓特润保湿滋润面霜敏肌屏障修护70g,暂无报价
馥珮积雪草面霜补水保湿舒润美肌熬夜提亮肤色抗氧化滋润秋冬乳液,¥26.8
毕生之研DS乳AR乳脂平衡特护玫瑰痤疮脂溢性皮修复修红敏感肌油皮,暂无报价
孔凤春马齿苋嫩肤乳液补水保湿换季舒缓缓解干燥学生男女秋冬面霜,¥25.89
ORBIS奥蜜思澄光润白凝乳50ml祛斑美白保湿 清爽型L,¥89
溪木源山茶花水乳套装补水保湿舒缓修护敏感肌护肤女溪木源刮码,¥49.9
林清轩双抗精华乳新品水润滋养紧致保湿乳面部护肤官方正品旗舰店,¥72
【保税直发】黛珂DECORTE牛油果乳液保湿补水细腻肌肤,¥98.01
毕生之研控油细毛孔调理乳保湿面霜舒缓修护屏障保湿滋润精华乳液,¥68.6
377美白淡斑润肤乳 滋润控油淡化色斑提亮美白温和肌肤控油保湿乳,¥59.9
【经典老国货】黄芪霜提亮嫩白祛黄祛斑补水抗皱紧致滋润抗衰老,暂无报价
优斐斯UFACE菁润舒缓乳液 调节肌肤水油平衡保湿锁水滋养肌肤正品,¥83.9
VOODO0水杨酸祛痘水乳控油褪红修护敏肌清爽补水保湿收缩毛孔女男,¥29.9
【囤货装】薇诺娜修红舒缓安肤乳敏感肌补水保湿改善泛红修护屏障,¥178
植卡美乳液提拉紧致补水保湿清爽轻薄不油腻精华乳正品,¥168
雪玉B5舒缓保湿霜 100g B5舒缓保湿霜保湿修护敏感面霜开学用品,¥78
谷雨白千松露控油祛痘水乳液舒缓泛红面霜护肤套装细腻毛孔正品,暂无报价
大宝ABC功效护肤维他命A醇淡纹B5修护特润舒缓VC乳焕白淡斑四季,¥194.9
欧诗漫珍珠白净透润白保湿乳补水保湿美白淡斑乳液提亮护肤品,¥92.56
一叶子覆盆子紧实细肤乳液女补舒缓湿液清爽不油腻旗舰官方网妈妈,暂无报价
悦木之源灵芝焕能强韧乳液维稳修护保湿菌菇乳液100ml,¥88
孔凤春马齿苋面部补水保湿面霜润肤乳液舒缓保湿干燥秋冬敏肌男女,暂无报价
御泥坊矜纯臻白小金瓶复颜乳120ml 美白祛斑淡化斑点暗黄补水,¥25.3
自然堂凝时鲜颜肌活乳补水保湿抗皱紧致护淡化细纹滋润肤乳肤正品,暂无报价
自然堂弹嫩紧致抗皱滋养乳液120ml 滋润补水保湿修护锁水淡化皱纹,暂无报价
袋鼠妈妈儿童保湿平衡水油润肤乳青少年初中高中男女孩学生保湿乳,¥89
大宝维他命C焕白淡斑精华乳50ml+水凝保湿精华水150ml玻尿酸补水,暂无报价
美肤宝五珍弹力保湿紧致乳液抗皱提亮紧致修护去细纹套装女正品,¥135
【抖音同款】BUV牛油果轻润舒护精粹乳保湿锁水焕肤滋养男女通用,¥138
精华乳液高保湿乳补水嫩白抗皱滋润祛黄脸部紧致提拉抗衰老正品,¥58.9
胶原蛋白抗皱保湿精华乳 补水提拉紧致淡斑美白去细纹抗衰老乳液,¥57.3
美加净银耳珍珠维生素E乳液长效保湿舒缓修护润肤清爽护肤不油腻,¥67.4
珀莱雅光感美白补水保湿淡斑祛斑紧致舒缓化妆护肤精华乳官方正品,¥109
雅诗兰黛智妍紧塑焕白精华乳100ml白胶原乳液,¥345
欧莱雅男士青春肌源紧致乳液145ml抗皱舒缓控油补水保湿护肤品,暂无报价
左颜右色玻尿酸保湿乳补水润肤乳液秋冬滋润保湿不油腻男士护肤品,¥33.92
京卫本草胎盘乳液110ml 滋润保湿补水紧致 正品经典国货 男女可用,¥16.8
凌博士青春乳保湿抗初精华紧致抗皱补水玻尿酸正品护肤品,¥74.9
大宝维生素E乳300ml增强版人参黄芪滋润长效修护ve保湿身体乳液,暂无报价
舒缓保湿乳修复屏障泛红敏感肌肤滋润补水亮肤稳定肌底精华乳面霜,¥17.9
康雪正品人参水乳面部抗皱淡纹熬夜祛黄熬夜改善暗沉乳液保湿补水,¥29.9
雪玲妃神经酰胺水乳舒缓保湿乳全方位补水修护肌肤自然水润护肤品,¥34
水乳套装护肤品女学生水润肌肤保湿补水柔肤水精华乳平价爽肤水女,暂无报价
百雀羚焕龄紧致精华乳液抗皱紧致提拉抗初老乳液补水保湿,¥133
珀莱雅密集保湿精粹乳改善肌肤补水保湿乳液清爽护肤化妆品女学生,¥36.9
大宝维他命C焕白淡斑精华乳50ml烟酰胺美白提亮不复黑去黄祛斑,暂无报价
毕生之研厚脸皮乳屏障修护乳液温和保湿淡化痘印舒缓肌肤厚脸皮霜,暂无报价
靓妃多肽臻萃嫩颜乳乳液紧致抗皱保湿补水滋润正品护肤颜乳精华乳,¥160
自然堂弹嫩紧致抗皱滋养乳液滋润补水保湿修护锁水淡化皱纹正品女,暂无报价
修正特护保湿乳液补水滋润肌肤水润敏感肌皮肤屏障改善干燥护肤品,¥21.3
佰草集太极乳液紧致抗皱补水保湿保湿乳液修护乳清爽控油不油腻女,暂无报价
欧莱雅金致臻颜松露奢养肌活乳液紧致修护女士面部护肤品新升级款,¥135
孔凤春马齿苋嫩肤保湿霜干燥保湿肌肤舒缓深层补水面霜乳液学生女,暂无报价
毕生之研厚脸皮乳霜屏障修护敏感肌补水保湿修红面霜乳液淡红舒缓,¥96.3
孔凤春马齿苋嫩肤保湿乳液补水保湿舒缓润肤细腻护肤品学生党男女,¥25.38
大宝维他命A淡纹细润嫩肤乳60ml+集萃美白防晒75g抗皱紧致女护肤,暂无报价
溪木源山茶花水乳套装舒缓修护敏感肌补水保湿舒缓修护男女护肤品,¥108
欧诗漫营养透白平衡露美白淡斑乳液滋润保湿修护舒缓提亮肌肤正品,¥31.45
谷雨光果甘草雪肌乳套装精华祛黄提亮肤色保湿改善暗沉爽肤水正品,¥69.9
【新品】大宝维他命C焕白淡斑精华乳美白提亮不复黑去黄祛斑,暂无报价
DABAO大宝维他命C焕白淡斑精华乳B5乳保湿去黄提亮舒缓修护肌肤,暂无报价
