product,price
积雪草b5面膜补水嫩白去黄气暗沉提亮保湿熬夜修复正品官方旗舰店,¥54
瑷尔博士面膜贴2.0益生菌玻尿酸补水保湿深层修护熬夜敏感肌学生,¥28.8
韦雪同款童颜胶原蛋白灌注面膜抗皱紧致补水美白保湿淡纹抗氧化FL,¥39.9
膜法世家玻尿酸面膜补水保湿改善干燥熬夜敏感肌男女通用官方正品,暂无报价
【小红书爆款】VC面膜熬夜抗糖抗氧化抗衰老补水保湿提亮改善暗沉,暂无报价
【官方正品】377美白淡斑面膜补水保湿去黄晒后修护抗氧化抗衰老,¥29.9
【第3代升级】正品春雨面膜蜂胶精华水润补水保湿干油皮滋养舒缓,¥69
【神经酰胺面膜】完子心选神经酰胺修护面膜女补水保湿敏感肌适用,¥64.89
韩国MEDIHEAL/美迪惠尔面膜补水保湿紧致焕亮舒缓干燥敏感服帖,¥49.6
瑷尔博士面膜2.0益生菌玻尿酸补水保湿熬夜修护敏感肌积雪草学生,¥35.9
沃森博士377美白淡斑面膜烟酰胺去黄提亮保湿补水抗皱抗衰老氧化,¥58
积雪草B5面膜补水修护舒缓泛红清爽收缩毛孔敏感肌用去黄提亮学生,¥19.8
【50片】玻尿酸面膜补水保湿去黄提亮熬夜修复暗沉去细纹控油抗痘,¥35.9
大米面膜十片装毛穴抚子亮白补水舒缓锁水滋润天然保湿贴片式修护,¥13.71
正品玻尿酸美白面膜脸部补水保湿淡斑去黄淡痘印祛痘敏肌可用女,¥35.9
八杯水面膜批发补水保湿美白去黄提亮熬夜收缩毛孔平价学生党干皮,暂无报价
【官方】八杯水面膜补水保湿熬夜提亮肤色收毛孔控油紧致护肤男女,¥73
嫩肤拒绝干黄脸补水保湿美白淡化斑祛痘印紧致收缩毛孔蜗牛黑面膜,¥199
美容院同款玫瑰软膜粉补水祛痘收缩毛孔美白嫩白修复控油美容面膜,¥39.9
赵露思同款绿茶清洁泥膜去黑头面膜补水保湿收缩毛孔控油去粉刺,¥29.9
北大研发玻尿酸懒人免洗睡眠面膜补水非美白去黄气暗沉修复涂抹,¥69
刘亦菲推荐美白淡斑面膜377补水保湿烟酰胺亮白提亮男女熬夜祛黄,¥39.8
敷尔佳B5舒缓修护贴补水面膜保湿舒缓敏感减轻泛红正品,¥113
韩后仙人掌达人精华面膜补水熬夜提亮滋润保湿面膜正品,¥45.46
福瑞达颐莲玻尿酸水光保湿小耳朵补水舒缓修护面膜2.0学生正品,¥128
【震撼上新】玉泽维生素原B5速安特护冻干面膜舒缓修护B5保湿面膜,¥149
【50片】山茶花面膜透亮舒缓补水正品平衡水油清爽保湿学生熬夜女,¥25.9
【刘亦菲推荐】Puwu烟酰胺焕白面膜紧致去黄提亮补水保湿抗老美白,¥27.89
正品婴儿肌面膜补水保湿美白抗皱淡化细纹皱纹修护提亮去暗沉学生,¥19.9
华美科377美白祛斑面膜补水保湿祛黄美白提亮肤色淡化色斑377面膜,暂无报价
10/30片牛奶面膜补水保湿滋润淡斑提亮肤色控油熬夜学生党女男士,¥9.9
英国FLOWERWAY水晶番茄面膜美白补水提亮保湿K抗氧抗衰老熬夜面膜,¥77.42
敷尔佳沙漠烟酰胺美白面膜植物保湿修护贴补水锁水保湿修护肌肤女,暂无报价
小红书法令纹贴神器提拉紧致正品淡化细纹学生抗皱细纹补水女面膜,¥22.9
【50片】玻尿酸面膜补水保湿紧致提亮熬夜修护暗沉去细纹控油抗痘,¥35.9
福瑞达颐莲分体面膜补水保湿精华修护玻尿酸救急熬夜学生国货正品,暂无报价
韩国正品JMsolution面膜肌司研补水保湿提亮修复急救补水细腻弹润,¥36.2
绽妍维生素B5面膜晒后补水敏肌维稳滋润舒缓平衡保湿面膜面部健康,¥80.5
敷尔佳抗皱紧致补水提亮面膜囤货任选,¥106.9
敷尔佳亮肤臻白面膜补水美白去黄气暗沉淡斑提亮肤色,¥251
敷尔佳灯泡膜虾青素传明酸补水保湿修护肌肤面膜,¥100.3
敷尔佳依克多因睡眠面膜补水保湿敏感修护维稳滋养焕亮免洗涂抹,暂无报价
敷尔佳乳糖酸控油敛肤面膜祛痘面部深层补水保湿锁水5片,¥100.3
敷尔佳清痘净肤修护贴祛痘面膜油痘肌修护补水保湿女,¥100.3
温博士维生素原B5水杨酸细嫩焕肤面膜200g涂抹保湿干油敏适用黑头,¥49.9
妆蕾RAY泰国面膜3盒装补水保湿滋润焕亮肤色减黄修护旗舰店正品,暂无报价
敷尔佳沙漠面膜植物保湿修护贴补水锁水保湿修护肌肤女,¥69
水杨酸痘肌修护棉片果酸净痘面膜去黑头粉刺闭口收缩毛孔刷酸痘贴,¥29.9
韩国Dr.Jart+蒂佳婷面膜绿丸蓝色补水深层保湿舒缓镇静急救进口,¥59
RNW面膜水光弹润玻尿酸保湿紧致修护补水舒缓敏感肌可用熬夜急救,¥77.9
绽妍维生素B5面霜敏感肌清爽滋润干油皮保湿补水护肤水乳面部健康,¥89
敷尔佳B5舒缓修护贴补水面膜保湿锁水敏感肌2片,¥19.8
欧莱雅奶白面膜补水美白去黄气暗沉淡斑提亮肤色烟酰胺官方旗舰店,¥59
维生素b5面膜补水保湿去黄气暗沉熬夜急救修复屏障舒缓泛红积雪草,暂无报价
韦雪推荐胶原蛋白发光面膜涂抹式人皮面膜补水保湿抗衰老抗皱紧致,暂无报价
韩国春雨面膜经典蜂蜜补水保湿熬夜敏感肌脸部锁水学生护肤正品,¥67.9
闪亮叶黄素护眼润目贴缓解眼疲劳干涩滋润眼部舒缓流眼泪穴位贴,暂无报价
玫瑰软膜粉面膜清洁泥膜补水保湿去黄亮肤收缩毛孔淡斑美容院同款,¥39.9
KAZOO松茸瓷肌焕肤软膜套装抗氧提亮改善暗沉补水涂抹清洁面膜,¥489
2.0瑷尔博士面膜益生菌面膜补水保湿深层修护熬夜敏感肌学生党,¥46.8
韩国tondi 芦荟胶正品官方补水淡印祛痘舒缓学生男女通用睡眠面膜,暂无报价
玉泽维生素原B5速安特护霜速护受损屏障改善红印舒缓,¥168
华美科补水冰膜积雪草修护敏感泛红舒缓深层保湿晒后修复面膜正品,¥59
【存子同款】草本润目贴缓解眼干涩疲劳叶黄素清凉舒缓穴位润眼贴,¥3.3
【医院同款】医用冷敷贴水光针术后补水修复激光祛斑非面膜械字号,暂无报价
【孕妇可用】南京同仁堂美白祛斑面膜补水保湿美白去黄去斑妊娠斑,¥39.8
虾青素烟酰胺美白次抛精华液vc双抗氧化暗沉去黄提亮紧致抗皱淡斑,¥65
玻尿酸面膜补水保湿锁水20到60岁提亮肤色润肤保湿面膜紧致嫩肤女,¥25.9
瑷尔博士面膜2.0益生菌积雪草补水保湿修护舒缓泛红熬夜敏感学生,¥45.8
欧莱雅玻色因pro安瓶面膜玻尿酸补水保湿修护淡纹女抗皱紧致修护,¥39
【保税直发】蒂佳婷面膜锁水蓝丸绿丸深层补水修复舒缓 5片*4盒,¥69.99
欧莱雅玻色因安瓶面膜玻尿酸面膜vc提亮面膜补水保湿抗皱紧致,暂无报价
【到手25片】欧莱雅黑精华面膜补水保湿紧致抗初老抗皱护肤品修护,暂无报价
2.0瑷尔博士益生菌面膜熬夜舒缓补水保湿敏感肌男女面膜正品,¥23.97
Dr.Alva瑷尔博士2.0益生菌积雪草熬夜面膜补水保湿熬夜修护面膜女,暂无报价
斐思妮面膜积雪草绿膜补水提亮保湿舒缓修护面膜旗舰店正品保障,暂无报价
葵花叶黄素润目贴缓解眼疲劳干涩润目亮眼学生成人提神冰敷润眼贴,暂无报价
蜗牛原液面膜补水保湿美白抗皱初老紧致提拉淡斑祛斑控油祛痘正品,¥219
【存子同款】润目贴叶黄素天然草本眼贴干涩冷敷学生护眼缓解穴位,¥4.74
韩束红蛮腰水乳套装补水保湿紧致抗皱抗糖提亮抗初老洁面霜护肤品,暂无报价
敷尔佳水杨酸杏仁酸焕肤面膜涂抹温和水杨酸控油肌祛痘男女30g,暂无报价
瑷尔博士益生菌面霜2.0版补水保湿修护屏障保湿补水修护干油皮,¥88.11
1 00片八杯水面膜清洁美补水白保湿收缩毛孔嫩肤熬夜面膜学生女男,暂无报价
颐莲玻尿酸精萃微乳面膜美白护肤提亮肤色补水提拉开学季蛋皮面膜,暂无报价
【存存同款】润目贴叶黄素天然草本眼贴冷敷护眼贴润缓解疲劳眼部,暂无报价
AOEO凝润漾颜海葡萄面膜海藻八重玻尿酸补水保湿官方旗舰店男女士,暂无报价
Eiio面膜水光熬夜提亮褪红补水保湿紧致舒缓敏肌可用官方正品,暂无报价
Dr.Alva瑷尔博士酸奶面膜涂抹式去黄提亮舒缓熬夜肌修护补水保湿,¥56
韩国Torriden桃瑞丹低分子5D玻尿酸精华面膜积雪草舒缓补水保湿,¥8.9
NOVO蚕丝压缩面膜纸水疗湿敷专用面部一次性薄干面膜扣补水保湿女,暂无报价
海氏海诺卡通润目贴护眼贴叶黄素润眼贴眼睛冷敷贴疲劳学生护目贴,¥7.9
溪木源面膜山茶花补水保湿水润舒护敏感肌奶皮舒缓消红官方正品,暂无报价
草本润目贴护眼贴缓解视疲劳叶黄素清凉眼周穴位贴舒缓放松眼部贴,暂无报价
FAN BEAUTY DIARY海葡萄面膜范冰冰凝水补水保湿舒缓修护面膜,¥299
【30送20】八杯水面膜补水保湿淡斑收缩毛孔提亮抗皱修护控油贴片,¥1.05
【5盒52片囤货】RNW补水面膜保湿敏感急救熬夜舒缓男女学生党正品,暂无报价
GIK柔嫩莹润贴21片 8809656781774,暂无报价
非压缩蚕丝面膜纸一次性美容院省水服帖水疗湿敷补水无眼帘面膜贴,暂无报价
欧莱雅45片玻色因PRO安瓶面膜补水保湿修护官方正品,暂无报价
眼青春眼贴缓解眼疲劳模糊干涩近视淡化黑眼圈眼袋红血丝学生熬夜,暂无报价
葵花润目贴叶黄素眼贴放松眼睛缓解眼疲劳学生成人提神冰敷润眼贴,暂无报价
【送女友】欧莱雅黑精华面膜紧致焕亮补水保湿玻色因安瓶修护淡纹,暂无报价
马齿苋舒缓补水喷雾敏感肌急救舒缓褪红保湿修护屏障妆前爽肤水,¥19.9
【40片】孔凤春面膜马齿苋舒缓面膜补水保湿老牌国货学生平价护肤,暂无报价
葵花叶黄素护眼润目贴缓解眼疲劳干涩滋润眼部舒缓流眼泪穴位贴,暂无报价
叶黄素眼贴学生成人缓解眼睛疲劳热敷冷敷儿童草本冰敷眼罩青少年,暂无报价
【老牌国货】黄芪免洗睡眠面膜抗老抗皱紧致补水保湿熬夜去黄提亮,¥19.9
溪木源积雪草面膜补水保湿清爽舒护水润学生党平价官方旗舰正品,暂无报价
北大研发×TOCIα-熊果苷面膜三重焕白补水保湿舒缓提亮收毛孔,¥29.5
RNW清洁面膜双色泥膜官方旗舰店女补水保湿深层清洁毛孔去黑头男,暂无报价
救急熬夜福瑞达颐莲分体面膜玻尿酸精华补水保湿修护学生国货正品,暂无报价
屈层氏断货王儒意美蒂菲玫瑰软膜粉套装美白补水去黄提亮肤色面膜,¥61
医用冷敷贴晒后修复补水美白祛痘痘印淡斑红血丝学生女专用美容,暂无报价
医用冷敷贴镇静舒缓学生女非面膜多层修复重建屏障冷敷理疗,暂无报价
海氏海诺草本润目贴叶黄素眼贴学生护眼贴眼睛干涩疲劳润目贴可爱,暂无报价
【防伪可查】韩国JMsolution肌司研面膜急救补水暗沉保湿提亮蜂胶,¥4.9
珀莱雅双抗面膜2.0抗糖抗氧化提亮肤色抗皱去细纹熬夜党官方正品,¥57.6
【到手28片】瑷尔博士益生菌面膜升级2.0补水保湿积雪草维稳修护,¥89.9
全棉面膜纸湿敷长久持水一次性分层上下脸干面膜贴眼膜纸半脸面膜,¥3.99
2.0瑷尔博士益生菌面膜舒缓补水修复保湿敏感肌男女正品面膜,¥77
<官方正品>山羊奶眼膜贴去黑眼圈眼袋眼部保湿去细纹眼霜提拉紧致,暂无报价
Tondi洋甘菊冻膜睡眠面膜女免洗熬夜补水保湿嫩白提亮肤色熬夜党,¥24.9
欧莱雅玻色因面膜B5安瓶面膜玻尿酸精华面膜紧致补水改善干燥皮肤,暂无报价
正品润目贴叶黄素护目贴舒缓干涩疲劳天然草本眼部穴位护眼润眼贴,¥3.96
艾草眼贴眼部护眼贴缓解眼疲劳眼干涩淡化黑眼圈眼袋滋润补水贴,¥2.99
【清华北大研发】儒意原型VC面膜补水去皱纹抗老紧致美白去黄提亮,暂无报价
全棉W型鼻膜纸一次性干鼻贴膜湿敷收缩毛孔鼻部专用纸护理美容院,¥3.72
华美科美白胶原蛋白面膜紧致抗皱淡纹美白抗衰老黄暗保湿补水秋冬,暂无报价
寻荟记面膜芦荟保湿面膜保湿学生党熬夜温和男女通用正品,¥28.9
敷尔佳水杨酸杏仁酸焕肤面膜涂抹温和控油肌祛痘男女,暂无报价
【正品】50包纯天然海藻小颗粒面膜美白巨补水提亮肤色淡斑美容院,暂无报价
海氏海诺草本润目贴护眼贴叶黄素眼贴放松眼睛干涩疲劳穴位润目贴,暂无报价
黄芪胶原免洗睡眠面膜抗皱淡纹抗衰老紧致祛黄提亮补水懒人次抛式,暂无报价
敷尔佳卉呼吸松茸舒润霜补水修护保湿舒缓正品强韧屏障维稳敏感肌,暂无报价
透真377美白淡斑面膜补水保湿提亮肤色祛黄水润收缩毛孔淡痘印女,暂无报价
韩国诞兴薇小鲸鱼面膜 4款补水保湿敏肌修护滋润泡沫再生精华,¥36.72
欧亿姿湿敷棉敷脸专用拍爽肤水薄款补水面膜纸卸妆化妆棉其他彩妆,暂无报价
清仓白膜医用透明质冷敷酸修复敷料术后敏感皮肤补水痤疮,¥312
NOVO蚕丝压缩面膜纸水疗湿敷专用美容院一次性薄干面膜扣超薄纯棉,暂无报价
宫本武藏美白祛斑面膜去黄补水保湿淡化痘印抗氧暗沉老年斑黑黄皮,¥55.5
优小贴叶黄素冰敷眼罩上班族熬夜护眼贴舒缓眼疲劳润目贴午休遮光,暂无报价
一叶子嫩花果面膜亮肤补水学生女保湿清洁玻尿酸去黑头收缩毛孔,¥9.9
【到手35片】珀莱雅2.0源力面膜肌源修护优效补水保湿女改善干燥,¥199.9
【老牌国货】黄芪面膜抗皱抗衰抗老紧致淡纹补水保湿熬夜去黄提亮,暂无报价
【韦雪推荐.Alivaya抗老面膜祛皱紧致淡纹抗氧糖焕白提亮去黄保湿,暂无报价
【到手24片】瑷尔博士益生菌面膜升级补水2.0保湿维稳修护舒缓,¥75.8
PMPM白睡莲烟酰胺补水保湿面膜舒缓熬夜肌提亮嫩肤水油平衡学生女,暂无报价
【护眼神器】叶黄素黑眼圈眼青春缓解护眼贴眼袋疲劳眼部润眼贴,¥0.91
【保税直发】5盒装 Dr.Jart+蒂佳婷蓝色药丸面膜 深层补水保湿,¥122.9
【清仓出】日本白羽毛法令纹贴提拉紧致抗皱淡化细纹睡眠面膜正品,¥1.99
【33片】RNW面膜玻尿酸保湿补水学生敏感肌熬夜急救贴片官方正品,暂无报价
瑷尔博士防晒霜乳隔离水润清爽不油腻SPF30通勤防紫外线学生党,暂无报价
艾莉薇韩国进口面膜三文鱼籽女泛红退红维稳修复敏感肌淡化痘印,暂无报价
屈臣氏热卖儒意水光面膜补水去皱纹抗衰老紧致美白去黄提亮面膜女,暂无报价
【东洋之花】白松露涂抹面膜补水保湿去黄提亮熬夜急救改善暗沉女,暂无报价
LEADERS/丽得姿美蒂优氨基酸保湿面膜 艾斯10片/盒 保湿紧致贴片,¥59
欧亿姿卸妆棉片化妆棉方形全压边厚款加大纯棉美容院专用其他彩妆,暂无报价
正品芦荟胶保湿补水学生脸部淡化痘印晒后修护舒缓凝胶脱学生男女,暂无报价
化妆棉卸妆棉片加大厚款卸眼脸唇部清洁湿敷补水用卸妆巾其他彩妆,暂无报价
老牌国货黄芪眼膜去黑眼圈眼袋细纹抗皱紧致保湿抗衰女男熬夜急救,暂无报价
JM急救补水面膜,¥36.5
医用冷敷术后敷料学生修复敏感受损肌祛痘补水修护保湿肌肤字号,¥2.97
【告别垮脸】v脸提拉绷带去皱纹浮肿提拉紧致脸部淡化法令纹面膜,¥98.8
蚕丝面膜纸超薄一次性湿敷分层上下脸美容院干膜纸眼膜纸半脸面膜,暂无报价
维康叶黄素护眼眼贴学生热敷蒸汽眼罩缓解眼疲劳遮光睡眠助眠眼罩,暂无报价
视黄醇睡眠面膜免洗紧致抗皱夜间补水保湿非修复秋冬涂抹式正品,¥129
草本润目眼睛眼贴冷敷疲劳眼部穴位干涩叶黄素清凉舒缓缓解模糊,¥5.9
【3盒】RNW玻尿酸补水面膜+RNW水杨酸组合熬夜急救学生正品囤货装,暂无报价
Alivaya玫瑰精油面膜美白补水抗皱淡纹熬夜抗氧提亮养肤舒缓修护,暂无报价
B5积雪草爽肤水补水保湿敷收缩毛孔舒缓精华修护肤化妆水男女正品,暂无报价
德玛贝尔软膜玫瑰紫苏涂抹式清洁面膜补水保湿舒缓修复美容院专用,¥89
【正品】积雪草涂抹面膜脸部保湿嫩白补水去黄提亮改善暗沉抗氧化,¥1.56
全棉非压缩不带眼面膜纸柔软亲肤一次性干纸膜DIY美容院多用黑兰,¥3.89
敷尔佳多元益生修护贴 保湿修护肌肤爽滑滋润尝鲜装2片,暂无报价
【造物者官方旗舰店】小鱼海棠同款山茶花精华软膜补水细毛孔面膜,¥199.9
【老牌国货】猪油膏柿子叶粉嫩白淡斑去黄柿叶膏祛斑纯天然护肤膏,暂无报价
欧亿姿卸妆棉片卸妆专用脸部一次性加大厚款珍珠纹化妆棉其他彩妆,暂无报价
卸妆棉卸妆用脸部一次性湿敷纯棉菱形厚款大片化妆棉便携其他彩妆,暂无报价
【VC焕亮】免洗睡眠面膜熬夜去黄提亮滋润美白面膜保湿抗氧化学生,暂无报价
【正品行货】SK-II前男友面膜贴片面膜美白装小样面膜美白补水,¥149
正品眼青春眼贴缓解眼疲劳模糊干涩眼部黑眼圈眼袋学生中老年护眼,暂无报价
【买一送一】敷尔佳透明质酸钠次抛修护液补水保湿修护脆弱肌肤,¥213
【老国货】眼青春护眼贴缓解眼部疲劳模糊干涩滋润眼周熬夜正版,¥0.9
冰敷眼罩缓解眼疲劳叶黄素眼贴冷感敷清凉神器冰敷润眼部护眼贴,¥8.8
小鱼海棠推荐去黑头祛粉刺闭口收缩毛孔鼻贴套装导出液清洁神器,暂无报价
【官方正品】VC面膜熬夜抗糖抗氧化抗衰老提亮改善暗沉补水保湿,¥19.9
【3盒】RNW蜂蜜面膜保湿补水急救熬夜舒缓去黄气暗沉男女学生正品,暂无报价
萃季睡眠抗皱贴法令纹鱼尾纹抬头纹额纹川字纹贴紧致眉间皱纹面膜,暂无报价
韩国进口美白面膜烟酰胺补水保湿紧致提亮肤色修复去暗沉收缩毛孔,¥108
老国货草本七子白面膜熬夜去黄抗氧化紧致抗衰老保湿补水控油舒缓,暂无报价
vc精华精油面部左旋维c美白祛斑精华液左旋VC精华液嫩白补水焕颜,暂无报价
维生素E熊果苷紧润面膜补水保湿抗皱紧致免洗过夜涂抹式睡眠面膜,暂无报价
【到手40片】欧莱雅玻色因面膜B5安瓶面膜玻尿酸精华面膜紧致补水,暂无报价
黄金蜂窝多肽补水保湿抗纹急救修护熬夜暗黄提拉紧致粗糙男女面膜,暂无报价
葵花护眼贴叶黄素儿童少年视力模糊眼干痒冷敷成人眼贴舒缓眼疲劳,暂无报价
南京同仁堂臻颜美白面膜 补水保湿柔润嫩白淡斑 男女改善色斑肌肤,暂无报价
叶仙妍水果补水面膜芦荟保湿护肤祛斑缩毛孔控油舒缓嫩肤面膜学生,¥5.77
HABA角鲨烷油1代精纯美容油修护精华油30ml滋养保湿补水舒缓护肤,¥71
【拍1发3】白松露酵母精华面膜涂抹面膜保湿脸部补水提亮熬夜急救,¥1.36
壬二酸水杨酸新手化妆品一整套学生淡妆组合全套彩妆初学者套装不,暂无报价
欧诗漫OSM珍珠美白淡斑补水保湿水光提亮祛黄熬夜多效面膜组合装,¥499
一次性压缩面膜纸膜蚕丝超薄补水疗隐形压缩面膜美容院湿敷专用,暂无报价
白松露抗氧面膜葵花补水保湿祛黄提亮熬夜抗痘改善暗沉面部健康,暂无报价
小鱼海棠积雪草涂抹面膜变白抗氧化淡黄提亮补水保湿熬夜急救妆前,¥5.8
泡脚药包去湿气寒气祛湿排毒暖宫驱寒除湿排湿女士女性艾草足浴包,暂无报价
【保税直发】AHC B5 玻尿酸第三代小安瓶面膜补水舒缓保湿5片/盒,¥66.9
韩国too cool for school凃酷滋养补水抗皱鸡蛋面膜 1片嫩滑提亮,暂无报价
水密码面膜水光肌水光润透保湿面膜密集补水美白贴锁水清洁女正品,¥19.8
官方DMC正品冻膜黑头面部清洁面膜涂抹毛孔深层补水粉刺控油,¥40.8
颐莲玻尿酸补水喷雾女保湿滋润爽肤水化妆水护肤水颐莲补水喷雾,暂无报价
积雪草玻尿酸免洗睡眠面膜补水保湿收缩毛孔熬夜滋润提亮润肤冻膜,¥10
法兰琳卡植物安瓶精华补水保湿面膜水光正品男女面贴膜官方正品,暂无报价
【买一送一】高倍防晒霜SPF50+隔离保湿防水防汗防紫外线全身可用,暂无报价
学生军训冷凝胶晒后修复补水保湿褪红防晒伤滋润冷敷护肤芦荟凝胶,¥3.6
【正品】马来西亚烟酰胺甘油液面部嫩白抗皱提亮肤色补水保湿淡纹,暂无报价
北大研发×TOCI亚马逊白泥膜深层清洁去黑白头闭口粉刺收毛孔控油,暂无报价
【药企研发】TOCI面膜焕白去暗黄玻尿酸补水保湿舒缓收缩毛孔,暂无报价
【抗痘祛红】DR.WU达尔肤复合酸面膜祛痘闭口粉刺退红杏仁酸果酸,暂无报价
【造物者官方旗舰店】山茶花软膜粉收毛孔提亮清洁面膜保湿情人节,暂无报价
【清仓出】白羽毛贴淡化法令纹小熨斗川字纹眉间贴悬针纹睡眠面膜,暂无报价
欧莱雅黑精华面膜紧致抗皱黑精华提拉玻尿酸保湿玻色因安瓶面膜,¥207.4
瑞士进口NULAD30%玻色因B5面膜紧致淡纹抗老提亮收缩毛孔美白去黄,暂无报价
D18神经酰胺保湿修护面膜提亮嫩肤紧致补水酵母面部精华学生正品,暂无报价
白色蕾丝面膜纸美容院一次性DIY水疗湿敷补水鬼脸面膜贴黑兰纸膜,¥4.29
VOODOO熊果苷焕肤面膜补水保湿熬夜收缩舒缓急救收缩毛孔提亮学生,¥19.9
【正品行货】海蓝修护精萃沁润保湿补水赋活面膜高档六片整盒,¥734
冷凝胶军训晒后修复脸部冰敷褪红舒缓补水收缩毛孔学生党乳液面膜,¥3.1
【抢60片】面膜贴补水保湿熬夜提亮嫩肤清爽控油女学生10片/60片,¥8.26
【官方正品】珀莱雅红宝石面膜紧致抗皱补水保湿淡化细纹送女友,¥55.8
孔凤春面膜马齿苋舒缓面膜保湿滋润补水面膜护肤品女老牌国货面膜,¥16.9
VOODOO正品烟酰胺面膜去黄焕亮暗沉收缩毛孔补水保湿抗氧熬夜面膜,¥19.9
PMPM白松露水乳套装补水去黄提亮肤色熬夜肌弹嫩肤舒缓保湿抗初老,暂无报价
欧莱雅面膜奶白美白透密集淡斑沁白精华暗沉淡斑提亮肤色补水保湿,¥375
欧诗漫珍珠美白淡斑面膜学生护肤品改善祛斑提亮淡化色斑补水保湿,¥599
欧莱雅第三代紫熨斗眼霜玻色因抗皱提拉紧致抗老咖啡因淡化细纹女,暂无报价
美迪惠尔补水面膜三盒 NMF水库针剂27ml*10片/盒新水润保湿面膜,¥399
【到手21片】谷雨奶皮面膜补水保湿焕亮修护学生党熬夜去黄提亮肤,¥155.9
福瑞达颐莲水光肌修护分体2.0升级面膜10D高保湿清爽小耳朵面膜,¥45.9
黄芪面霜老牌子女去黄提亮抗皱紧致抗衰老嫩白补水滋润去细纹,暂无报价
韩后红山茶花紧致补水保湿面膜敏感肌必备抗氧化,¥19.9
冰眼贴叶黄素冰凉贴夏季冰贴降温缓解眼部疲劳冰敷眼罩女生,¥4.7
芙清水杨酸控油祛痘去闭口去黑头粉刺非果酸深层清洁面部涂抹面膜,暂无报价
胶原蛋白童颜胶原灌注面膜紧致蛋白抗皱补水提亮滋润保湿发光正品,¥69.9
龙虎眼贴决明子蓝莓草本润目贴护眼贴学生成人凉感冷敷缓解眼疲劳,暂无报价
北大研发&儒意松露面膜烟酰胺美白去黄提亮去皱纹紧致抗皱抗衰老,暂无报价
康雪积雪草睡眠面膜免洗抗氧化熬夜去黄提亮去皱纹抗衰老敏肌可用,暂无报价
Puwu20%复合酸B5面膜收缩毛孔去黑头粉刺补水保湿祛痘淡印舒缓女,暂无报价
美白淡斑祛斑面膜补水保湿熬夜修护去黄提亮肤色学生,暂无报价
正品芦荟胶补水保湿祛痘淡印修护舒缓修复收缩毛孔凝胶芦荟无添加,暂无报价
白松露涂抹面膜抗氧化抗黄气暗沉熬夜救星保湿嫩肤提亮女性专用,暂无报价
北大研发儒意2%水杨酸祛痘面膜补水保湿控油缩毛孔祛痘印黑头美白,暂无报价
【到手25片】谷雨奶皮面膜甘草修护熬夜提亮肤色补水保湿新年礼物,¥678
普纤娜面膜补水保湿提亮肤色收缩毛孔敏感肌修复蚕丝孕妇学生面膜,暂无报价
膜法世家孟子义推荐玻尿酸甘油B5修护舒缓补水保湿提亮湿敷精华水,暂无报价
【母亲节礼物】欧莱雅奶白面膜烟酰胺焕亮淡斑膨润面膜补水保湿,¥109
无盒春雨面膜黄色蜂蜜经典款蓝色补水面膜滋润保湿修复款去黄韩国,¥25.5
瑷尔博士2.0益生菌补水保湿积雪草温和修护泛红肌肤舒缓男女面膜,¥12.8
一叶子面膜花而生补水保湿控油抗氧紧致平价面膜组合多规格正品,¥33.49
面膜补水淡斑学生女收缩毛孔深层滋润保湿控油去黄提亮肤色不刺激,¥4.85
网红面膜普纤娜胶原蛋白精华爆水亮颜面膜10片/盒补水保湿正品,¥4.42
御泥坊江南烟雨海藻面膜补水保湿水润面膜20片官方正品男女,¥26.9
米蓓尔面膜山茶花酵萃水润亮泽敏感肌焕亮女男面膜学生华熙生物,¥16.9
敷尔佳葡萄籽溯颜弹嫩乳液面膜补水保湿淡纹紧致敏感肌适用5片,¥94
透真b5积雪草面膜舒缓泛红补水保湿嫩白提亮熬夜修复学生新款正品,暂无报价
377美白祛斑面膜补水保湿祛黄祛痘提亮肤色淡化痘印紧致抗皱抗衰,暂无报价
兰家超薄蚕丝压缩面膜隐形一次性补水湿敷水疗专用美容院同款正品,暂无报价
【急救灌肤】Sensav敏飞保湿修护面膜促进吸收补水滋润官方正品,暂无报价
新款彩色学生胶体无痕亲肤星星遮痕刺激祛痘遮痘抗痘痘贴痘痘贴,¥1.88
多肽胶囊免洗睡眠面膜美白补水保湿修护烟酰胺懒人睡眠面膜,¥6.12
孔凤春马齿苋舒缓面膜补水保湿换季舒缓学生党平价护肤品老牌国货,¥19.8
My Clarins娇韵诗 O椰睡眠面膜50ml 免洗涂抹式晚霜【包税直发】,¥203
葵花叶黄素眼贴缓解疲劳模糊儿童黑眼圈成人近视干涩护眼学生冰敷,¥6.9
艾珂薇n4面霜补水保湿夏季紧致控油护肤50ml送60ml面膜保湿面霜,暂无报价
敷尔佳滢润修护喷雾300ml补水保湿修护肌肤护肤,暂无报价
烟酰胺10%精华原液抗氧化熬夜提亮 透亮白 去黄湿敷淡斑淡化痘印,暂无报价
VC美白补水面膜祛黄熬夜急救祛痘提亮肤色淡化痘印紧致抗皱抗衰,¥19.9
【经典老国货】黄芪霜提亮嫩白祛黄祛斑补水抗皱紧致滋润抗衰老,暂无报价
维C精华液美白提亮肤色收缩毛孔保湿补水嫩肤淡斑祛痘VC基底原液,¥3.75
瑞士进口美白面膜淡斑补水保湿去黄提亮肤色抗老紧致淡纹熬夜修护,暂无报价
护眼青春神器眼贴缓解疲劳学生模糊熬夜干涩近视淡化黑眼圈红血丝,¥1.58
半亩花田烟酰胺果酸身体乳保湿滋润补水全身润肤乳香味持久留香,暂无报价
海藻玻尿酸胶原蛋白面膜男女通用补水保湿抗皱水晶面膜官方正品,¥8.8
蜜诗肌水杨酸壬二酸凝胶组合祛痘膏青春痘痘印去粉刺黑头抗痘控油,暂无报价
润而不油妆前隔离贴贴霜隐形毛孔不卡粉橘子面霜控油打底霜学生女,暂无报价
优选1 00片八杯水面膜清洁补水保湿收缩毛孔嫩肤蚕丝面膜学生女男,暂无报价
【清仓出】紧致抗皱睡眠纹贴改善川字纹去眉间皱纹法令纹睡眠面膜,暂无报价
【TOP爆款74片】小迷糊多效面膜礼盒补水保湿熬夜舒缓嫩肤面膜贴,¥73.5
【VC去黄】维C面膜熬夜抗糖抗氧化抗皱衰老补水保湿提亮改善暗沉,¥19.9
左旋VC原液修复肌肤收缩分解毛孔黑色素色斑美白补水维生素保湿,¥2.05
护眼眼贴缓解疲劳眼部青春模糊干涩眼袋淡化黑眼圈熬夜学生土豆片,¥1.65
欧诗漫OSM积雪草舒养修护面膜珍珠水光改善泛红滋润肌肤水润护肤,¥519
【到手30片】春日来信面膜换季爆款保湿晒后修复急救保湿修复屏障,¥76.42
【蓝莓叶黄素】护眼贴儿童学生成人疲劳缓解干涩模糊熬夜去黑眼圈,暂无报价
fanbeautiful面膜范冰冰同款芍药龙血面膜补水保湿补水正品龙血树,¥78
闪亮护眼贴缓解眼疲劳眼干眼涩黑眼圈叶黄素冷敷眼贴学生成人通用,暂无报价
绽妍维生素原B5保湿面霜水乳滋养补水保湿缓解干燥泛红面部修护,¥113
【国货正品】黄芪次抛精华液抗皱嫩肤紧致提亮抗氧化抗初老去细纹,暂无报价
【多仓发货】韩国进口急救蜂蜜珍珠补水保湿提亮JM面膜正品,¥9.9
儿童面膜纸宝宝婴儿小孩子专用湿敷蚕丝工艺婴儿专用面膜纸一次性,暂无报价
老牌国货】黄芪面膜去黄提亮补水保湿抗皱抗氧化淡细纹紧致爽肤水,暂无报价
【清北研发】Alivaya20%复合酸B5面膜控油修护收毛孔褪红清痘舒缓,暂无报价
润百颜白纱布屏障调理面膜贴玻尿酸贴片面膜修红保湿华熙生物正品,暂无报价
瑷尔博士精华前导精华液补水保湿清爽温和修护肌底液熬夜学生党,暂无报价
AOEO海葡萄凝润漾颜面膜精华玻尿酸面膜补水保湿修护男女学生正品,¥30.58
博全美维生素原B5水杨酸净澈面膜清洁毛孔去黑头面膜补水润肤平价,¥2.59
黄芪洗面奶国货老牌子抗皱抗氧化去黄提亮深层清洁温和控油洁面乳,暂无报价
正品积雪草涂抹面膜去黄提亮熬夜党补水保湿抗氧化改善暗沉学生女,¥3.6
欧诗漫OSM美白淡斑润白水光积雪草安心补水保湿多效面膜组合装,¥389
添妃面膜8D玻尿酸水润隐形深透保湿学生男女补水不干燥正品,¥15.24
ubuk面膜痘痘淡痘印spt面膜提拉紧致acn面膜男女通用stn面膜,¥127.6
【正品行货】科颜氏全身保湿护肤乳250ml 补水滋润面部护理面霜,暂无报价
叶黄素护眼喷雾清洗眼部缓解疲劳眼睛干涩洗眼液学生党眼部护理液,暂无报价
韩国SNP海洋燕窝补水保湿面膜女滋润紧致舒缓精华紧致贴片正品,¥31.3
OLAY玉兰油抗糖小白瓶面膜烟酰胺美白补水保湿提亮去黄气女正品,¥108.99
【官方】熊果苷保湿补水爽肤水提亮肤色熬夜湿敷专用精粹水学生党,¥39
维E护肤甘油补水保湿舒缓干燥肌肤熬夜急救提亮肤色柔嫩全身男女,¥1.67
医用冷敷贴美白补水保湿学生女祛痘印修复去红血丝抗舒缓,¥14.26
【专柜正品】倩碧面膜 水嫩保湿夜间滋养面膜涂抹面膜100ml,¥255
【2盒120贴】眼部经络贴眼干眼涩模糊护眼贴缓解眼疲劳改善不适,¥9.2
正品库拉索芦荟胶补水保湿提亮肤色晒后护理收缩毛孔护肤学生男女,暂无报价
欧莱雅复颜玻尿酸安瓶面膜玻尿酸精华提亮肤色补水保湿细纹,¥68.9
虾青素抗氧化精华液抗皱抗衰老改善暗沉去黄防氧化小安瓶精华原液,暂无报价
北大研发x儒意积雪草B5补水保湿面膜控油清爽祛痘淡化痘印修泛红,¥54
小黑头棒清洁泥膜去黑头粉刺闭口深层清洁收缩毛孔涂抹面膜洁面LI,暂无报价
FANCL芳珂美白面膜提亮淡斑肤色改善暗沉6片装日本进口国内专柜版,¥186
白松露抗氧面膜涂抹抗衰老保湿美白提亮肤色祛黄改善暗沉熬夜急救,¥15.9
【30片】Hola/赫拉奶皮嘟嘟牛奶补水保湿熬夜舒缓烟酰胺提亮面膜,¥88.9
【全新升级】珀莱雅2.0双抗爽肤水乳液面膜抗糖抗氧去黄提亮补水,¥215.9
hfp整肌修护面膜舒缓补水保湿熬夜急救免洗发光面膜虾青素抗氧化,¥117
瑷尔博士益生菌面膜升级补水保湿女男积雪草维稳修护泛红熬夜救急,¥244.8
北大研发×儒意95%积雪草泡泡面膜去黑头粉刺深层清洁收缩毛孔,暂无报价
孔凤春面膜烟酰胺发光面膜舒缓补水保湿去黄气改善暗沉焕亮护肤品,暂无报价
胎盘富勒烯精华液嫩肤补水收缩美白祛斑保湿去黄淡化细纹提亮肤色,暂无报价
非压缩蚕丝面膜纸一次性美容院用省水服帖水疗湿敷补水保湿面膜贴,暂无报价
"KIEHLS科颜氏金盏花舒缓滋润保湿面膜100ml【瓶盖碎,介意勿拍】",¥140
华美科次抛精华液保湿修护泛红强韧修复屏障医用精华液淡印医用级,¥90
OHBT胶原蛋白补水面膜虾青素美白提亮肤色抗初老保湿淡纹改善暗沉,暂无报价
【到手25片】春日来信面膜换季爆款保湿晒后修复急救保湿修复屏障,¥78.9
跨境sadoer面膜尿酸补水精华安瓶保湿修护抗氧维生素滋养肌肤清仓,¥5.52
LuLuLun烟酰胺美白面膜抗糖抗氧化补水保湿去黄提亮肤色淡斑男女,暂无报价
100包小颗粒海藻面膜天然补水保湿美白淡斑控油收缩毛孔祛痘20包,¥8.9
RNW面膜水光嘭弹玻尿酸保湿紧致舒缓修护补水熬夜急救敏感肌可用,暂无报价
【保税直发】蒂佳婷灰药丸面膜补水保湿5片装,¥13.7
【正品行货】SK-II前男友面膜补水保湿紧致提亮肤色护肤无盒小样,¥390
瑷尔博士益生菌水乳面膜套装正品女男补水保湿熬夜修护舒缓泛红,¥168.3
"韩国进口:嘉兰杜汀保湿舒缓修复面膜,修复敏感肌补水护肤抗皱处理",¥73.5
Fresh馥蕾诗 红茶光采焕颜白罐面膜100ml涂抹式修复紧致,¥171
【钜惠囤货】谷雨奶皮面膜补水保湿光果甘草熬夜焕亮修护送礼好物,¥145
欧莱雅面膜小白方烟酰胺美白淡斑抗皱膨润面膜补水保湿提亮肤色,¥125
韩国JMsolution肌司研JM面膜深水急救补水保湿水光针剂1/2/3盒装,¥6.9
华美科透明质酸钠面膜补水保湿滋润晒后镇静舒缓改善泛红修复屏障,¥58
【清仓出】绿茶泥膜深层清洁补水嫩白涂抹式面膜去黑头学生男女,¥1.51
康雪七子白面膜熬夜舒缓去黄抗氧化紧致抗衰老保湿补水控油老牌子,¥15.9
五重VC面膜女滋润补水保湿提亮肤色改善暗沉毛孔粗大熬夜护肤专用,¥7.19
跨境新款动物斑马图案嫩肤面膜晒后粗糙弹润美白补水抗皱祛痘学生,¥8.1
【正品】白松露涂抹式面膜补水保湿抗痘熬夜急救去黄提亮学生男女,¥1.38
【抢1.00片】8八杯水面膜贴保湿适用干燥粗糙熬夜暗黄肌肤学生女,¥10.4
d18神经酰胺面膜二裂酵角鲨烷母补水葆湿修护提亮平价女学生党夏,¥13.3
【保税直发】PDC酒粕面膜古法日本本土碧迪皙贴片保湿补水10片装,¥72
【3罐装】Lab101/瑞沛胶囊先生 补水保湿涂抹式小药丸面膜,¥19.8
Avene雅漾舒缓保湿面膜50ml 新包装【包税直发】,¥170
【到手20片】欧莱雅奶白面膜焕亮淡斑烟酰胺377淡纹膨润补水保湿,¥135
FanBeauty明星同款海葡萄凝水面膜补水保湿修美白水光肌女学生党,¥665
【正品行货】海蓝之谜净澈焕肤碧玺面膜50ml 柔润清洁绿泥面膜,暂无报价
【临期清仓】3盒装 蒂佳婷干皮面膜秋冬补水提亮修复受损,¥75.99
带防伪!益肤微分子玻尿酸水光修护面膜 (小蓝罐)20支/盒日期25.11,¥35
3秒镇静保湿韩国AIPPO烟酰胺棉片补水积雪草湿敷妆前保湿镇静舒缓,¥84.9
膜法世家绿豆泥膜控油祛痘去黑头清洁毛孔温和敏感肌涂抹式面膜女,暂无报价
华桑葆骊初妍嫩肤面膜5片装激光修复冷敷贴无菌(效期2026年的),¥46.7
理肤泉b55片盒装+1片面膜补水保湿紧急修护敏感积雪草玻尿酸面膜,¥110
【免洗睡眠面膜】源头虾青素鸡蛋面膜补水保湿提亮肤色美白抗氧化,¥8.6
【抢60片】美白面膜贴补水保湿熬夜焕亮清爽控油女学生10片/60片,¥8.26
【官方正品】日本白羽毛去法令纹贴提拉紧致抗皱淡化嘴角额头眼膜,¥2.9
透真虾青素面膜美白去黄提亮抗皱紧致弹润修护补水保湿毛孔收缩,暂无报价
PMPM白睡莲烟酰胺保湿平衡补水精华学生党水乳套装锁水干皮沙漠皮,暂无报价
hfp熊果苷美白补水面膜保湿祛暗哑提亮肤色去黄淡斑水润面膜男女,¥47.2
spt面膜痘痘淡痘印cal面膜紧致提拉acn面膜ubuk贴片面膜,¥127.6
韩国Torriden桃瑞丹玻尿酸深层补水修护面膜提拉oliveyoung面膜,¥68.2
动物花草面膜纸一次性干面膜贴水疗湿敷DIY鬼脸面膜可爱风变脸膜,¥5.9
歌剧遮瑕小样分装试色盘三色正品六色遮瑕膏歌剧正装三文鱼色魅影,暂无报价
【正品行货】海蓝之谜沁润精粹面膜6片一盒 保湿补水赋活面膜,暂无报价
皇后牌片仔癀珍珠霜补水保湿面霜淡化痘印祛痘去黄护肤老牌国货,暂无报价
【密集补水】三亚玫瑰谷JESS名后玫瑰精油焕肤密集补水面膜6片,¥53.8
下分区蚕丝面膜纸美容院纸膜非压缩面膜湿敷省水面膜纸DIY鬼脸贴,¥3.31
【紧致修护】欧莱雅玻尿酸膨润淡纹面膜补水保湿紧致修护国庆送礼,¥89.9
10片价!理肤泉B5面膜多效保湿维稳屏障舒缓补水保湿 贴片式,¥79.99
美迪萃 角质玻尿酸精华面膜10片散装 60片盒装 补水保湿 官网正品,¥207
Olay玉兰油胜肽面膜补水保湿抗皱紧致抗衰老信号霜小样提拉淡纹,¥136.62
OHBT紫苏乳糖酸软膜套盒补水美白提亮去黄去黑头收缩毛孔泥膜粉女,¥114
娜蔻丝汀红糖磨砂涂抹式面膜收缩毛孔保湿提亮125G,¥210
tondi雏菊免洗洋甘菊冻膜舒缓补水泛红保湿干痒起皮敏感睡眠面膜,¥13.54
DHC紧致焕采润白霜5步合1黄金霜提拉紧致保湿懒人霜 50g,暂无报价
半亩花田精萃水润水乳套装补水保湿提亮肤色修护护肤品化妆品全套,暂无报价
【正品保障】珀莱雅解渴面膜+1.0双抗水乳紧急补水祛黄提亮学生女,¥99
(暨肽伊)暨致美正品玻尿酸面膜补水保湿美白收缩毛孔修护滋养,¥58.3
七子粉蛋壳草本撕拉面膜霜补水保湿提拉紧致改善暗沉肤涂抹式免调,暂无报价
3片玉泽舒缓保湿B5冻干面膜玻尿酸补水敏感肌皮肤修护到26年11,¥9.9
【保湿淡斑】欧莱雅奶白面膜美白提亮烟酰胺复颜积雪草补水修护女,¥77
小迷糊面膜黑面膜玻尿酸小水库补水保湿面膜学生正品,¥78.8
珀莱雅双抗面膜,¥169
伊肤泉胶原水晶面膜修护退红舒缓滋养补水保湿舒缓皮肤泛红改善,¥172.9
白松露涂抹面膜熬夜党急救补水保湿滋养修护改善暗沉去黄脸部护肤,¥1.39
【柿叶膏正品正版】柿叶膏补水保湿古法养肤细腻润肤膏纯天然植萃,¥1.37
小灯泡精华液补水保湿嫩白淡斑祛暗黄提亮肤色收缩毛孔淡化,¥3.99
欧亿姿开孔可拉伸湿敷棉敷脸专用化妆棉片脸部补水面膜纸其他彩妆,暂无报价
【国货正品】维E橄榄护肤甘油脸部嫩白抗皱提亮肤色补水保湿滋润,¥1.7
老牌国货黄芪眼膜抗皱去黑眼圈眼袋细纹紧致保湿抗衰女男熬夜急救,¥15.9
柠檬维C精华睡眠面膜水润补水保湿脸部晒后修复涂抹面膜大容量,¥3.87
颐莲爽肤水春夏保湿补水玻尿酸湿敷水海泉官方正品女学生男士大瓶,暂无报价
【国货品牌】黄芪甘油抗皱抗衰抗老紧致淡纹中年补水保湿提亮面膜,暂无报价
维生素B5大白罐补水保湿霜全身滋润防干裂去鸡皮留香身体乳润肤乳,暂无报价
敷尔佳白膜黑膜绿膜灯泡积雪草清痘面膜补水祛痘舒缓保湿医用面膜,¥97.9
白松露涂抹面膜美白补水保湿去黄提亮抗痘熬夜急救改善暗沉黄皮肤,¥15.9
水杨酸15%壬二酸祛痘膏祛青春痘去痘坑痘疤去痘印去粉刺闭口男女,暂无报价
韩国正品拱辰系列洗面奶180ml深层清洁毛孔温和舒缓控油洁面乳霜,¥41.5
维生素b5泛醇面霜大白罐 春夏补水保湿舒缓晒后锁水改善屏障受损,¥14.9
妠瓷兰焕彩滋润蚕丝面膜 补水修复美白水光面膜,¥1194
碧肤肌时光之谜焕颜紧致睡眠面膜升级新包装 100支装,¥1378
德国Lavera补水保湿酚系列紧致青春活颜嫩肤滋养面膜男女通用,¥81.2
赵露思同款玻尿酸水光安精华面膜补水保湿去黄提亮肤色抗氧化护肤,¥9.15
北大研发xOHBT水杨酸祛痘面膜控油淡化痘印补水保湿收缩毛孔男女,暂无报价
泊泉雅黄瓜芦荟面膜积雪草补水保湿熬夜学生收缩毛孔美白精华滋润,¥1.98
【夏季必备】黑头/毛孔粗大/鼻红肿/粉刺除/螨虫黑头/毛孔清,¥8.9
老牌国货黄芪免洗睡眠面膜抗皱抗衰老熬夜祛黄胶原补充涂抹式面膜,¥29.9
玻尿酸补水喷雾水润抗衰老脸部补水保湿水舒缓肌肤定妆水润爽肤水,¥1.64
AHC正品玻尿面膜水光修复尿酸补水滋润保湿提亮嫩肤净颜黄金面膜,暂无报价
日本乐敦CC精华补水套装乐敦CC面膜+乐敦CC洁面温和清洁保湿控油,¥113.61
寻荟记清洁泥膜面膜清洁毛孔保湿去黑头面部面泥控油净化细腻毛孔,暂无报价
【抗痘褪红】DR.WU达尔肤复合酸面膜30g祛痘闭口粉刺杏仁酸果酸,暂无报价
寻荟记芦荟面膜补水清爽保湿滋润面膜男女护肤品正品面膜学生党,¥21.9
【5盒装】玫瑰密集补水面膜 深层补水保湿亮白肌肤水润 JESS名后,¥238
面膜深层补水保湿美白面膜提亮肤色舒缓收缩毛孔保湿控油润肤男女,¥101
科兰黎注能小金珠微囊面膜抗皱细嫩提亮独立次抛,¥230
悦诗风吟面膜密集保湿安瓶精华秋冬补水保湿滋润舒缓贴片面膜正品,¥211
酒粕面膜日本进口VICELaBO涂抹式补水美肌酒粕面膜170g,¥24.5
La colinne科丽妍紧肌缓皱系列面膜 50ml 抗皱紧致保湿提亮,¥554
【去黑头神器】积雪草泡泡面膜深层清洁收缩毛孔祛黑头粉刺学生党,暂无报价
孔凤春马齿苋爽肤水面部舒缓补水保湿军训女学生化妆水清爽护肤品,暂无报价
谷雨雪肌水乳套装提亮肤色护肤品补水保湿去黄熬夜修护抗糖正品女,暂无报价
韩国JM肌司研博士乐派冻干面膜鲜注保湿舒缓盈润焕亮紧致补水正品,¥34.9
孔凤春马齿苋舒缓补水保湿晒后修复敏感肌专用面膜,¥52.4
RNW面膜锁水补水舒缓肌肤长效保湿清爽温和不刺激学生党熬夜护肤,暂无报价
白松露抗氧面膜涂抹控油保湿去黄提亮熬夜改善暗沉美白神器学生党,¥15.9
研译油橄榄精华面膜积雪草修红敏肌舒缓修护小玉膜补水美白保湿,¥14.1
【巨补水】八杯水玻尿酸面膜贴补水保湿收缩毛孔紧致护肤品学生女,¥1.3
韩国JM面膜肌司研急救蜂蜜燕窝珍珠补水保湿滋养提亮学生女士正品,¥9.9
到手10片~烟酰胺美白面膜25g果苷补水保湿滋润肌肤提拉紧致修护,¥8.84
竹炭去黑头螨虫去粉刺神器深层清洁收缩毛孔撕拉面膜膏鼻头贴男女,暂无报价
【院线|同款】医用冷敷贴补水去红血丝晒伤术后修复敏感肌肤男女,¥3.9
【到手35片】谷雨奶皮面膜甘草修护补水保湿熬夜提亮肤色学生正品,¥229
寻荟记芦荟水保湿补水晒后湿敷水油平衡化妆爽肤水男女学生,¥27.97
赵露思同款VC面膜补水保湿美白去黄提亮抗氧化熬夜急救修护泛红女,¥19.9
【小红书爆款】VC面膜美白熬夜抗糖抗氧化抗衰老补水保湿改善暗沉,¥19.9
宫佩377美白祛斑面膜补水保湿去黄提亮肤色淡斑痘印抗皱紧致正品,暂无报价
Alivaya瑞士进口面霜抗皱提拉美白紧致淡纹提亮肤色去黄滋润补水,¥32.3
法国原装进口高保湿焕白面霜秋冬抗皱紧致淡纹滋润补水修复125ML,暂无报价
澳兰黛儿童面膜儿童水蜜桃面膜赵露思同款 学生版 儿童专用面膜贴,暂无报价
正品去法令纹贴抗皱神器淡纹贴改善淡化川字纹眼角鱼尾纹抬头纹,暂无报价
BIOAOUA大米原浆面膜补水保湿抗皱提拉滋润收缩紧致毛孔学生控油,¥3.77
【送女友】谷雨光果甘草雪肌精华奶皮面膜焕亮补水保湿修护学生党,¥149
eec豆乳面膜补水保湿修复美白控油学生党女生祛痘淡斑孕妇专用,¥18.2
NING进口美白面膜祛斑抗糖抗氧化烟酰胺去黄提亮补水保湿熬夜女,暂无报价
Alivaya焕白面膜VC熬夜去黄提亮补水保湿紧致全脸抗氧化精华面膜,暂无报价
胶原蛋白灌注面膜熬夜去黄深层清洁提亮提拉紧致抗氧化人皮面膜FL,暂无报价
屈臣氏售罄王儒意芦荟壬二酸清洁泥膜收缩毛孔去黑头粉刺闭口痘痘,暂无报价
润百颜玻尿酸屏障调理次抛精华白纱布面膜修护补水保湿华熙生物,¥86.2
胶原蛋白面膜去皱美白补水收缩毛孔面膜免洗面膜女去黄人脸面皮,¥8.81
【正品保障】珀莱雅双抗面膜2.0补水保湿女面部提亮肤色滋润正品,¥52.9
Biotherm碧欧泉护肤精华面膜 保湿补水亮肤 27g*6片,¥324
aminomason阿蜜浓梅森氨基酸蓝铜胜肽面膜女补水保湿肌肤男,¥87.99
琪雅正品 琪雅微精华蓝铜面膜 补水保湿紧致透亮 修复敏感肌 退红,¥496
正品红蛮腰抗皱面膜贴补水保湿提拉紧致提亮肤色肌肤敏感肌女生,¥19.9
华熙生物甜朵多元玻尿酸净润面膜修复补水保湿修护舒缓脸部敏感肌,¥118.5
新品】福瑞达颐莲玻尿酸水光盈润软膜粉补水保湿舒缓养护院线级,¥168.88
王一博C咖美白罐面膜补水保湿淡斑去黄提亮肤色提拉紧致涂抹面膜,暂无报价
hfp果酸精粹水油皮控油乳糖酸爽肤水补水保湿去黑头粉刺毛孔闭口,暂无报价
颐莲补水喷雾控油保湿玻尿酸护肤定妆女爽肤水化妆水颐莲喷雾湿敷,暂无报价
【抢40片】玻尿酸面膜美白补水收缩毛孔淡斑护肤品学生女10/50片,¥6.83
my CLARINS小娇韵诗O椰晚霜50ml睡眠面膜夜间修复晚霜保湿滋润,¥192.79
"美容院爆款,MF时代面膜 补水保湿修复面膜,术后修复…",¥53.84
欧莱雅L'OREAL安瓶面膜女补水保湿玻尿酸面膜修护护肤有香无香型,¥8.49
羊胎素胎盘精华液补水保湿美白红血丝淡斑提亮抗皱亮肤正品毛孔,暂无报价
烟酰胺5%精华原液精华液抗氧化熬夜提亮肤色美白控油收缩毛孔,¥3.91
左旋vc精华原液胶囊祛斑去黄收缩毛孔抗衰老修护抗皱美白维生素c,暂无报价
蜜诗肌壬二酸水杨酸烟酰胺祛青春痘去痘印痘坑痘粉刺任二酸去黑头,¥9.9
分区面膜非压缩蚕丝面膜纸一次性补水轻薄透纸湿敷纸院线面膜黑兰,¥5.46
芦荟胶保湿补水提亮肤色嫩肤改善抗痘淡印晒后修复不黏腻面霜正品,¥4.8
MALIN+GOETZ泡沫净化焕亮面膜清洁补水保湿提亮马林狗子泡泡面膜【5天内发货】,¥99
【正品行货】科颜氏Kiehl's亚马逊白泥清洁面膜净化毛孔125ml*3,¥888
珀莱雅双抗精华液3.0抗氧化抗糖面部提亮肤色乳液面霜双抗面膜2.0,¥121
馥珮早C晚B组合精华液补水保湿VC爽肤水熊果苷B5面部精华变白抗氧,暂无报价
Avene雅漾抗衰植物A醇面膜霜 75ml 补水保湿抗皱紧致,¥304
【一大箱】多肽贵妇面膜贴补水保湿美白抗皱提拉紧致淡斑抗衰老女,¥3.98
加强版七子白粉倪海厦中药面膜粉玉肌粉倪师纯本草药材优质超细粉,¥83.4
芦荟胶+维生素E+E乳+面膜贴+碗 套装补水保湿祛痘淡印修复5件套,¥9.8
30送20】玻尿酸冻干面膜补水保湿紧致提亮熬夜修护去细纹控油抗痘,¥1.09
积雪草精华原液 修复敏感肌肤 祛除痘印疤痕收缩毛孔去红血丝保湿,¥5
买30送20八杯水面膜补水保湿控油提亮收缩毛孔紧致舒缓修护敏感肌,¥1.1
韩国同款黑头棒温和清洁毛孔深层吸附便携涂抹式泥膜学生党适用,¥2.76
【2支装】芦荟胶晒后修复保湿补水凝胶痘印去痘舒缓淡化收缩修护,¥3.46
双重祛痘小粉水正品男女生去痘印祛痘膏强效淡化黑头粉刺修复肌肤,暂无报价
【到手13片】谷雨奶皮面膜甘草修护补水保湿熬夜提亮肤色学生正品,¥109.9
华美科氨甲环酸精华液美白去黄提亮淡斑淡印修护舒缓褪红湿敷水,¥69
添妃面膜8D玻尿酸水润隐形深透保湿学生男女春夏补水不干燥正品,¥15.4
Fresh紧致弹润面膜礼盒30ml*3罐润泽焕肤生日礼物送女友,¥318
澳莱莉积雪草舒缓修护蚕丝面膜6贴装滋养肌肤美颜养肤,¥37.6
【三重胶原蛋白】山羊奶眼膜贴去眼袋黑眼圈紧致抗皱熬夜修护滋润,暂无报价
国妆特证!儒意8%377美白淡斑面膜补水保湿去黄提亮肤色淡化痘印,¥43.9
SNP爱神菲仙人掌精华面膜天然绿洲植物萃取集中保湿补水舒缓10片,¥30.1
【老牌国货】硫磺洗面奶洁面乳除螨控油抗痘粉刺去黑头去暗黄清洁,¥6.9
美白精华奶皮面膜补水提亮保湿肤色舒缓甘草修护学生淡斑抗皱美白,¥25.5
氧肤时光肌肽睡眠面膜第三代免洗补水保湿焕亮涂抹式面膜官方正品,¥72.24
300张 李佳埼吸油面纸男女士控油吸油纸面部吸脸油纸脸部便携去油,¥7.5
小迷糊多效面膜组合补水保湿熬夜舒缓嫩肤面膜礼盒75片官方正品,¥73.5
马齿苋面膜熬夜控油修护敏感肌舒缓泛红干燥巨补水保湿去粗糙起皮,¥15.9
Fresh馥蕾诗面膜四件套礼盒装 红茶玫瑰双效脸部面膜旅行装中小样,¥321
【正品】50包天然海藻面膜小颗粒嫩白补水淡斑收缩毛孔美容院10包,暂无报价
留丽补水面膜纯棉竹炭压缩面膜纸一次性果冻装糖果颗粒补水面膜扣,暂无报价
寻荟记芦荟胶芦荟水补水保湿祛痘晒后修护舒缓男女学生党湿敷必备,暂无报价
Hola赫拉沁润珍珠玻尿酸深层补水面膜润透面膜贴,¥14.16
高光美白补水面膜嫩肤熬夜修护屏障舒缓泛红改善敏感提亮补水保湿,¥19.9
【巨补水】SensaV敏飞面膜控油祛痘改善毛孔温和修护敏感泛红肌肤,¥9.99
透真美白睡眠面膜免洗去黄提亮保湿抗氧化暗沉熬夜修护抗皱淡斑霜,暂无报价
klairs蔻徕氏鲜能维C亮肤精华清爽不刺激爆款进口官方正品35ml,¥63
LA MER海蓝之谜 密集赋活精华面膜75ml,¥874
【开学好物】瑷尔博士益生菌2.0舒安水感面膜舒缓保湿熬夜修护,¥298
【黄奕同款】果本修护小油膜补水保湿修护泛红舒缓面膜,¥8.9
JMsolution肌司研面膜急救舒缓玻尿酸补水高保湿面膜贴正品韩国,¥4.9
【补水不紧绷】韩国JMSolution肌司研水盈面膜补水保湿修复镇静,¥4.9
欧诗漫珍珠美白淡斑面膜补水保湿烟酰胺去黄提亮护肤修复面膜,¥141
北大研发OHBT紫苏软膜美白补水抗老清洁去黄黑头淡斑控油面膜套盒,¥158
泊蔻PORCOPE润颜保湿养肤面膜补水保湿护肤改善干燥水嫩贴片面膜,¥74.06
【官方旗舰店】紧致抗皱睡眠纹贴改善川字纹去眉间皱纹睡眠面膜,暂无报价
英树面膜透明质酸保湿修护5片玻尿酸贴水润滋润弹嫩修护贴片补水,¥399
正品去法令纹贴抗皱提拉紧致淡化嘴角纹法令纹懒人免洗睡眠纹贴,¥3.99
草本润目贴叶黄素润眼贴眼干涩疲劳冷敷艾草护眼贴清凉眼部穴位贴,¥2.69
祛黑头导出液去黑头去闭口粉刺毛孔收缩美容院专用收缩毛孔精华液,¥3.76
RNW蜂蜜面膜水润保湿补水急救熬夜舒缓去黄气暗沉男女学生党正品,暂无报价
正品白羽毛抗皱淡纹贴改善淡化法令纹川字纹眼角纹鱼尾纹抬头纹,¥1.99
【3盒送2片囤货RNW补水面膜保湿敏感急救熬夜舒缓男女学生党正品,暂无报价
【变白专家】淡化黑色素可用全身洗澡珍珠膏去鸡皮乳面霜提亮肤色,¥2.9
Clarins娇韵诗清透润白修护面膜晚安霜面霜50ml【包税直发】,¥335
香港直邮日本进口高丝Kose婴儿肌面膜纸玻尿酸保湿补水舒缓50片,¥49.9
