product,price
瑷尔博士精华前导精华液补水保湿清爽温和修护肌底液熬夜学生党,暂无报价
华美科早C晚A精华液保湿紧致抗皱焕亮肌肤抗衰老改善暗沉a醇精华,¥65
377美白淡斑精华液烟酰胺抗氧补水化痘印去黄提亮改善暗沉肤色,¥49
【官方正品】韩后山茶花抗皱紧致精华液淡化皱纹滋润抗衰老提亮肤,¥48
积雪草b5面膜补水嫩白去黄气暗沉提亮保湿熬夜修复正品官方旗舰店,¥54
华美科左旋VC次抛焕亮精华液紧致抗皱抗衰老烟酰胺抗氧化去黄提亮,¥95
虾青素烟酰胺美白次抛精华液vc双抗氧化暗沉去黄提亮紧致抗皱淡斑,¥65
刘亦菲推荐377美白精华液烟酰胺VC提亮肤色去黄淡痘印抗糖抗氧化,¥39.9
【官方旗舰】珀莱雅源力精华2.0淡纹紧致水润修护强韧维稳敏感肌,¥199
【徐艺洋同款】温博士B5精华水细毛孔控油去闭口提亮换季修护补水,暂无报价
烟酰胺 377美白精华液控油去黄提亮祛斑收缩毛孔补水保湿紧致抗皱,¥39.9
药企研发×OHBT烟酰胺美白祛斑精华液抗氧去黄提亮淡痘印补水抗老,¥49.3
欧莱雅黑精华第三代小黑瓶青春密码精华肌底液保湿补水抗皱75ml,¥99
韦雪同款×OHBT白千松露精华油以油养肤美白提亮去黄抗皱抗衰老女,暂无报价
优时颜冷光精华抗皱紧致淡纹保湿修护舒缓褪红脸部精华液男女通用,¥120.32
北大研发xOHBT胶原蛋白次抛精华液美白提亮去黄紧致抗氧化抗皱女,暂无报价
【官方正品】雅顿粉胶二代30粒次抛面部精华胶囊抗皱雅顿金胶精华,暂无报价
官方正品兰黛小棕瓶护肤品水乳套装补水保湿抗皱抗衰老化妆品全套,¥253
片仔癀牌珍珠臻颜精华液美白淡斑面部护理干皮保湿淡黑,¥65.5
【保税直发】CLARINS娇韵诗黄金双萃精华滋润版50ml保湿补水,暂无报价
华熙生物BM肌活小蓝棒盈润亮肤保湿精华露三合一修护肌肤精华液女,¥35.9
瑷尔博士精华前导精华玻尿酸熬夜修护肌底液修护保湿补水学生党,¥42.8
Rellet/颐莲玻尿酸安肌修护精华液高保湿超玻因舒缓保湿修护正品,¥53.9
欧橘发光爽肤水补水保湿精华非去黄提亮收缩毛孔湿敷水乳化妆护肤,¥59
美加净酵米保湿微凝珠精华液紧致仙米瓶美白提亮去黄抗皱抗衰老,¥84
补水保湿精华小黑瓶青春密码酵素精华肌底液紧致抗皱抗衰老女圣诞,¥27.34
正品羊胎盘素精华液抗皱抗衰老液补水保湿嫩白淡斑祛暗黄收缩毛孔,暂无报价
果酸精华液祛痘印痘坑亮白去黑头控油补水修复收缩毛孔水杨酸男女,¥79
蒂花之秀黄芪VC精华液 浓稠液体爽肤水 保湿补水 替代面膜 亮肤,¥39.9
珀莱雅双抗精华液抗氧化抗糖乳液去黄提亮肤色精华补水保湿女正品,¥69.9
欧莱雅第四代黑精华肌底液紧致抗老面部精华抗皱保湿收缩毛孔补水,¥33.9
虾青素精华液美白提亮去黄改善暗沉肤色VC烟酰胺双抗氧糖面部官方,¥68
雅漾青春焕活维他精华液凝霜30M 补水保湿滋润舒缓敏肌提亮肤色,¥87.9
瑷尔博士前导精华液玻尿酸补水保湿温和改善修护熬夜肌底液学生党,¥42.8
【保税直发】资生堂第三代红腰子精华100ml红妍肌活精华补水保湿,暂无报价
377烟酰胺美白精华液淡斑印补水保湿VC去黄提亮抗皱抗初老抗氧化,¥23.92
德国balea芭乐雅vc精华50ml维生素C面部补水保湿乳液美白淡化痘印,¥37.8
正品韩束红蛮腰多肽胶原弹嫩精华液30ml补水保湿紧致抗皱护肤品,¥69
24k黄金玻尿酸抗皱原液收缩毛孔祛痘紧致美白补水去皱抗衰精华液,暂无报价
377美白精华液女烟酰胺VC提亮肤色去黄淡斑抗皱去痘印抗糖抗氧化,¥27.7
【官方正品】377美白淡斑面膜补水保湿去黄晒后修护抗氧化抗衰老,¥29.9
绽妍维生素B5面霜敏感肌清爽滋润干油皮保湿补水护肤水乳面部健康,¥83
【买一送一】敷尔佳透明质酸钠次抛修护液补水保湿修护脆弱肌肤,¥213
绽妍维生素原B5保湿面霜水乳滋养补水保湿缓解干燥泛红面部修护,¥113
敷尔佳蓝铜胜肽安肤乳保湿舒缓修护紧致敏感肌50ml,¥113
敷尔佳卉呼吸松茸舒润霜补水修护保湿舒缓正品强韧屏障维稳敏感肌,暂无报价
敷尔佳蓝铜胜肽安肤紧致精华保湿水润脸部军训,¥168
敷尔佳依克多因睡眠面膜补水保湿敏感修护维稳滋养焕亮免洗涂抹,¥98.76
敷尔佳亮肤臻白面膜补水美白去黄气暗沉淡斑提亮肤色,¥251
【保税直发】双支装雅诗兰黛小棕瓶精华100ml/瓶保湿补水,暂无报价
【胖东优选】377美白淡斑面膜补水保湿提亮肤色祛痘淡化抗皱紧致,¥29.8
【官方正品】DR.WU达尔肤杏仁酸精华液8%(三重酸)低敏祛痘净闭,暂无报价
【药房直售】协和维生素e乳亮肤防干裂补水熬夜去黄滋润保湿面霜,暂无报价
【专柜同款】译龄精华25抗皱精华补水保湿紧致御初老精华面部正品,暂无报价
华美科精华液祛斑精华液淡化痘印去黄提亮抗皱抗衰老提拉紧致正品,¥58
维生素B5大白罐补水保湿霜全身滋润防干裂去鸡皮留香身体乳润肤乳,暂无报价
抗皱精华液面部提拉紧致原液补水保湿淡化皱纹抬头纹法令纹细纹,¥39.9
"【保税直发】The Ordinary ""B""油面部精华30ml滋润保湿强韧修护",暂无报价
【老牌国货】黄芪霜去黄提亮抗皱嫩白淡纹抗氧化补水保湿面霜正品,¥29.9
丝瓜爽肤水补水保湿清爽控油舒缓晒后修复敏感肌可用可湿敷化妆水,¥59
【正品行货】修丽可维CE抗氧化精华30ml提亮紧致淡纹修护抗初老,暂无报价
25年5月22瑷尔博士闪充精华液抗初老紧致抗皱淡纹抗氧修护精华露,¥99
【正品行货】娇兰帝皇蜂姿第四代复原蜜精华50ml+5ml*6 保湿修护,暂无报价
娇韵诗黄金双萃精华30ml液御龄紧致淡纹面部修护维稳弹润澳洲专柜,¥221.85
【正品行货】赫莲娜悦活青春修护精华露 30ml/50ml/75ml,暂无报价
韩束红蛮腰水乳套装补水保湿紧致抗皱抗糖提亮抗初老洁面霜护肤品,暂无报价
雅诗兰黛小棕瓶精华露50ml修护抗老护肤品套装礼盒生日礼物送老婆,暂无报价
【保税直发】兰蔻极光焕白精华50ml提亮肌肤淡斑精华液,¥289
PURITO Centella积雪草无香精华液安瓿舒缓镇静面部血清韩国60ml,¥15.8
馥珮养颜紧致精华液面部精华收缩毛孔修复面部提拉紧致旗舰店正品,暂无报价
【正品行货】兰蔻小黑瓶新精华肌底液7ml*8支小样淡斑补水祛痘斑,暂无报价
Clinique/倩碧 肽A紫光瓶淡纹精华液50ml 修护紧致淡纹,暂无报价
小灯泡精华液补水保湿嫩白淡斑祛暗黄提亮肤色收缩毛孔淡化,¥3.99
【正品行货】科颜氏淡斑精华液淡化痘印VC抗氧美白双效提亮30ml,暂无报价
BATUOLI VC精华液,¥6.9
老牌国货黄芪精华液抗皱祛黄淡纹补水保湿熬夜舒缓抗初老面部精华,暂无报价
贝嫂推荐 熬夜油Sarah Chapman面部精华液VC抗皱视黄醇A醇抗老,¥198
【正品行货】双瓶!雅顿2.0橘灿精华30ml*2瓶美白紧致焕亮精华液,暂无报价
精华液10ML自然堂雪域精华液10ML精华水精华中小样旅行装试用装,¥9.99
补水精华韩国正品包邮!belif/碧研菲精华75ml 浴室10秒保湿滋润,¥75
【正品行货】悦木之源ORIGINS薄皮美白精华50ml清爽不黏修红祛黄,暂无报价
Murad慕拉得VC臻白精华30ml淡化痘印提亮肤色保湿紧致抗皱,¥248
【原装正品】Clinique倩碧紫光面霜50ml修护抗皱淡纹焕颜经典版,暂无报价
自然堂雪松淡斑精华液40ml补水保湿紧致淡纹肌提亮肤色,¥78.9
虾青素抗氧化精华液抗皱抗衰老改善暗沉去黄防氧化小安瓶精华原液,暂无报价
【正品行货】SK-II小灯泡50ml光蕴臻采焕亮精华露美白修护淡斑,暂无报价
易烊千玺同款【节日送礼限定礼盒】珀莱雅双抗精华水乳套装护肤品,暂无报价
油皮福音~Aesop伊索薄盈保湿精华露100mL轻盈保湿香芹籽精华无油,¥149
华美科精华液氨甲环酸美白祛斑医用传明酸提亮肤色改善暗沉精华液,¥90
PMPM白松露水乳套装补水去黄提亮肤色熬夜肌弹嫩肤舒缓保湿抗初老,暂无报价
瑷尔博士反重力水乳套装微晶水补水保湿滋润紧致抗皱清爽国货男女,暂无报价
Lancome兰蔻塑颜三管精华50ml 提拉紧致美白抗老化淡细纹补水保湿,¥358
vc精华精油面部左旋维c美白祛斑精华液左旋VC精华液嫩白补水焕颜,暂无报价
TOCI 6%杏仁酸精华液祛痘去闭口粉刺果酸去黑头收缩毛孔水杨酸,暂无报价
【官方正品】韩下浓缩精华密集保湿舒缓 维稳补水平衡肌底修护,¥266.05
国货377美白淡斑精华液补水保湿祛黄提亮烟酰胺熊果苷面部精华油,¥3.88
烟酰胺5%精华原液精华液抗氧化熬夜提亮肤色美白控油收缩毛孔,¥3.91
【早C晚A】珀莱雅乳液早C晚A精华3.0保湿抗皱抗氧控油紧致淡纹女,¥699
【母亲节礼物】雅诗兰黛小棕瓶精华50ml+乳霜75ml+大容量六件礼,暂无报价
欧莱雅第三代紫熨斗眼霜玻色因抗皱提拉紧致抗老咖啡因淡化细纹女,暂无报价
Clarins/娇韵诗黄金双萃精华液30ml 御龄维稳干皮淡纹紧致控油,¥259
【专柜礼盒】兰蔻小黑瓶面部精华肌底液50ml修护维稳肤质细腻,¥397
【正品保障】珀莱雅源力精华3.0保湿修护弹嫩紧致抗皱舒缓泛红女,暂无报价
海蓝之谜浓缩修护精华15ml舒缓紧致护肤品套装礼盒520礼物送女友,暂无报价
雅诗兰黛第七代小棕瓶面部精华,¥970
【保税直发】雅诗兰黛小棕瓶特润精华面部精华露补水保湿修护礼物,¥415
网红大白罐婴儿保湿润肤面霜女秋冬季补水滋润身体乳液官方正品,¥69.5
6瓶打包价!资生堂红腰子红妍肌活精华露10ml小样 维稳修护精华,¥86.99
【送礼佳品】SK-II小红瓶精华液面部滋润紧致嘭弹礼盒款50ml/75ml,¥587
兰蔻小黑瓶精华 修护敏感泛红淡纹抗老化 保湿弹润年轻精华液30ml,¥218
日本乐敦CC精华液VC亮白晒后舒护保湿收缩毛孔面部美容提亮液6支,¥350
雅诗兰黛第七代小棕瓶精华+樱花水套装 保湿抗老修护面部精华液,¥1985
马齿苋舒缓补水喷雾敏感肌急救舒缓褪红保湿修护屏障妆前爽肤水,¥19.9
Aesop伊索澄莹面部精华素维C保湿提亮修护60mL,¥581
高品质抗氧化抗皱羊胎盘素精华液胶囊美白淡斑去红血丝小鸡腿细纹,¥117
维C精华液美白提亮肤色收缩毛孔保湿补水嫩肤淡斑祛痘VC基底原液,¥3.75
Olay玉兰油淡斑小白瓶体验装水感透白光曜精华露液淡斑提亮小样,¥14.11
【贵妇级送礼必备】欧莱雅乳液面霜松露套装保湿紧致修护焕亮抗皱,暂无报价
左艺滤镜精华液油面部vc淡化痘印祛黄提亮烟酰胺补水保湿官方正品,¥67.4
【正品行货】倩碧302镭射瓶50ml匀净精华液双管双效提亮肤色,¥441.74
OLAY玉兰油超红瓶精华露塑颜臻粹淡化细纹紧致提拉护肤品,暂无报价
【大容量50ml】珀莱雅3.0双抗精华乳液氧糖双抗紧致水润祛黄提亮,¥151
创福康蓝铜胜肽精华面部健康次抛补水保湿屏障修护紧致淡纹抗初老,¥378
实力出圈!初辑舒缓修护精华】深度补水快速褪红敏感肌维稳必备,暂无报价
欧莱雅黑精华第四代黑精华青春密码礼盒水乳抗衰老抗皱提亮肤色,¥699
新版!美国ReVive利维肤口水精华光彩丰盈紧致提拉保湿补水护肤,¥2623
烟酰胺10%精华原液抗氧化熬夜提亮 透亮白 去黄湿敷淡斑淡化痘印,暂无报价
美白祛斑精华液提亮烟酰胺肤色淡斑毛孔抗皱抗衰老补水原液保湿,暂无报价
欧莱雅第四代黑精华肌底液紧致提亮补水保湿提亮肤色玻色因水乳液,¥255
华美科玻色因精华液抗衰老紧致抗氧化提亮去暗黄水光针涂抹精华液,¥68
VOODOO虾青素胶原蛋白次抛精华液抗氧化补水保湿改善暗沉淡化细纹,¥29.9
玻尿酸精华液烟酰胺爽肤水补水保湿提亮肤色大瓶精华原液保湿水,¥9.9
欧莱雅黑精华青春密酵素精华肌底液补水保湿紧致提亮玻色因淡纹,¥335
可可缇亚keya壬二酸精华液官方正品补水保湿去黑头闭口痘痘控油【5月27日发完】,¥108.98
珀莱雅双抗精华液30ml抗氧抗糖抗老化提亮肤色减黄乳液3.0,¥95
【保税直发】娇韵诗小瓷瓶焕白淡斑精华液50ml(效期25.10),¥275
【正品行货】SK-II神仙水旅行套装4件套试用装小样skll清莹露面霜,¥287.1
【到手4瓶正装量】珀莱雅3.0红宝石面霜精华紧致淡纹抗皱补水送礼,¥389.9
无盒红色小象纯净保湿精华液30ml面部脸部补水怀孕期正品清仓,¥21.25
闪亮叶黄素护眼润目贴缓解眼疲劳干涩滋润眼部舒缓流眼泪穴位贴,暂无报价
【保税直发】法国Clarins娇韵诗双萃精华100ml抗皱维稳修护紧致,¥739
【官方旗舰店】孙颖莎推荐理肤泉塑颜新生精华液30ml双支茉莉酸,¥518
雨伊人雨薇肌秘精致修复舒缓清肤修护美肤水美容院直发,¥70
UFACE优斐斯舒缓修护精华液500ml抗敏感大瓶装补水退红倍润润泽,¥733
中科院线研发OHBT水杨酸祛痘精华液20%壬二酸淡化痘印收缩毛孔,¥47.2
官方DMC正品冻膜黑头面部清洁面膜涂抹毛孔深层补水粉刺控油,¥40.8
华美科次抛精华液保湿修护泛红强韧修复屏障医用精华液淡印医用级,¥90
NING早c晚a精华液抗糖抗氧抗老化美白去黄淡印补水去细纹紧致抗皱,暂无报价
葵花叶黄素护眼润目贴缓解眼疲劳干涩滋润眼部舒缓流眼泪穴位贴,¥4.99
【送礼佳品】SK-II/sk2小银瓶精华液淡化斑印提亮肤色50ml礼盒款,¥745
德国balea芭乐雅vc精华乳液淡斑嫩白保湿乳液提亮肤色保湿VC乳液,¥22.3
雅诗兰黛肌光 打斑弹 专研光透焕白精华素50ml淡痘印美白,¥280
dofankin进口收缩毛孔精华液粗大修复面部收敛毛孔去痘印粉刺闭口,¥115.92
新品左旋vc精华原液胶囊抗衰老抗皱美白维生素c祛斑去黄收缩毛,暂无报价
孔凤春茶树叶控油精油脸部补水保湿舒缓敏肌精华平衡水油油皮精华,暂无报价
B5积雪草爽肤水补水保湿敷收缩毛孔舒缓精华修护肤化妆水男女正品,暂无报价
福瑞达颐莲御龄紧致臻享水乳抗皱紧致保湿亮肤色淡化细纹官方正品,暂无报价
娇兰帝皇蜂姿修护复原蜜第三代黄金复原精华抗老紧致补水保湿30ml,¥259
欧莱雅第四代黑精华青春密酵素小黑瓶精华肌底液补水保湿提亮肤色,¥188.9
Kiehl's/科颜氏小白瓶淡斑精华115ml,¥394.88
正品兰蔻全新精华肌底液50ml小黑瓶肌底液100ml面部修护保湿,¥599
正品兰蔻100ml小黑瓶肌底液50ml第二代精华肌底液液修护紧致,¥548
敷尔佳水杨酸杏仁酸焕肤面膜涂抹温和水杨酸控油肌祛痘男女30g,暂无报价
【官方旗舰店】理肤泉b3紫秒精华净透焕白30ml+小样美白淡化痘印,¥330
【保税直发】妮维雅630精华30ml+美白面霜50ml焕白淡斑抗氧套装,¥289
进口澳版Swisse斯维诗天然玻尿酸面部保湿精华液淡纹提亮美白补水,¥39.2
【正品行货】雅诗兰黛第七代小棕瓶面部特润修护精华50ml+15ml*3,¥588
欧莱雅乳液面霜第四代黑精华补水保湿紧致焕亮抗皱抗初老开学好礼,¥233
【正品】马来西亚烟酰胺甘油液面部嫩白抗皱提亮肤色补水保湿淡纹,暂无报价
菜鸟和配方师第二代姜黄素祛痘精华修护维稳保湿面部精华去粉刺,暂无报价
自然堂正品凝时鲜颜小紫瓶精华液40ml提亮紧致抗皱护肤品补水保湿,¥44.9
娇韵诗CLARINS塑颜紧致轮廓提拉V轮廓紧致精华50ml保湿收缩毛孔,¥303
法国院线高端品牌 福利品!赛贝格臻颜精华60ml/30ml 效期2025/6,¥180
欧莱雅黑金精华 金致臻颜精华液 保湿紧致抗皱 护肤品玻色因PRO,¥249.9
妮维雅早c晚a630美白精华乳30ml+植物抗皱精华液30ml护肤品套装,¥208
【国货正品】黄芪次抛精华液抗皱嫩肤紧致提亮抗氧化抗初老去细纹,暂无报价
华美科早C晚A精华液提亮肤色a醇精华抗老抗皱医用美白抗皱精华液,¥65
Goodal果达儿青橘vc精华液面部精华烟酰胺去黄提亮黑色素抗氧初老,¥33.4
HABA角鲨烷油1代精纯美容油修护精华油30ml滋养保湿补水舒缓护肤,¥71
华美科早c晚a精华液抗糖抗氧抗老化美白去黄补水去细纹紧致抗皱,¥92
袋鼠妈妈光感提亮次抛精华抗暗沉补水温和不刺激准孕妇护肤品,¥159
眼青春眼贴缓解眼疲劳模糊干涩近视淡化黑眼圈眼袋红血丝学生熬夜,¥1.3
【老牌国货】猪油膏柿子叶粉嫩白淡斑去黄柿叶膏祛斑纯天然护肤膏,暂无报价
欧莱雅黑精华第四三小黑瓶青春密码肌底液补水保湿提亮肤色乳液,¥199
欧莱雅真c瓶乳液维C白精华液提亮紧致淡化细纹提拉紧致抗氧面膜,¥150
一叶子精华液白百合美白淡斑精华液烟酰胺提亮补水保湿提亮正品,¥21
【韦雪同款】CEMOY澳诗茉21天精华抗皱紧致护肤面部精华抗老修护,暂无报价
欧莱雅20霜玻色因面霜抗皱紧致抗老舒缓修护补水保湿淡纹护肤品,暂无报价
Kiehl's/科颜氏 集焕白亮肤淡斑精华30ml 淡化痘印美白提亮,¥162
佳雪神鲜水肌底精华液80ml神仙水高烟酰胺保湿补水提亮肤色,¥104.73
自然堂凝时鲜颜肌活修护小紫瓶精华液35ml第五代 裸瓶,¥60.5
初辑冷静精华屏障修护舒缓改善泛红晒后痒敏感肌强韧保湿精华液,暂无报价
【正品行货】科颜氏玻尿酸修护精华露30ml 元气弹小红瓶 修护精华,暂无报价
正品六胜肽抗皱精华液原液抗衰老补水保湿紧致美白,暂无报价
纯手工祛斑柿叶膏老牌配方推荐霜后猪油柿子植物纯天然美白面霜,¥1.19
胎盘富勒烯精华液嫩肤补水收缩美白祛斑保湿去黄淡化细纹提亮肤色,暂无报价
夸迪次抛面部精华美容抗糖抗氧改善肤色暗沉,¥79.05
早C晚A!Murad慕拉得VC精华和A醇精华细腻肌肤紧致抗皱一套早C晚A,¥478
法国蒂可丽Decleor精华油保湿苦橙花/绿橘/白兰天竺/薰衣草15ml,¥190
维E护肤甘油补水保湿舒缓干燥肌肤熬夜急救提亮肤色柔嫩全身男女,¥1.67
【官方旗舰】三式万象春光精华面部紧致抗皱护肤品传明酸精华液,¥378
优时颜抗糖精华优时颜淡斑精华提亮肤色套装祛黄水润改善肤色改善,¥238
华美科氨甲环酸精华液美白祛斑淡化黑色素去黄褐斑医用级淡斑精华,暂无报价
【官方正品】维生素C熬夜精华乳液去黄提亮修护补水保湿抗氧抗糖,暂无报价
【母亲节礼物】雅诗兰黛小棕瓶精华+眼霜 保湿抗老修护由眼及面,¥1555
正品保障】珀莱雅乳液源力精华3.0补水修护弹嫩舒缓泛红修护维稳,¥199
皇后牌片仔癀珍珠霜补水保湿面霜淡化痘印祛痘去黄护肤老牌国货,暂无报价
华美科玻色因精华液紧致淡纹抗皱抗衰老烟酰胺去黄提亮保湿抗氧化,¥88
【12.12热卖中】珀莱雅乳液3.0源力精华补水保湿维稳修护舒缓泛红,¥125.9
377美白精华液左旋vc烟酰胺淡斑抗氧化提亮去黄改善暗沉肤色祛斑,¥95
【正品行货】雅诗兰黛七代小棕瓶精华30ml+五代小棕瓶眼霜15ml,¥852
透真虾青素精华液紧致抗皱美白提亮去黄去细纹抗氧化改善面部原液,暂无报价
【保税直发】雅诗兰黛面部精华第七代小棕瓶100ml 效期25.11,¥439
【到手两瓶正装量】珀莱雅乳液3.0源力精华保湿维稳修护舒缓泛红,¥172.3
欧莱雅第二代小蜜罐滋润版补水保湿胶原面霜补水紧致抗皱便携装女,暂无报价
【正品行货】科颜氏全身保湿护肤乳250ml 补水滋润面部护理面霜,暂无报价
SKINO肌漾修艳精华三大功效淡化红黑痘印舒缓修复源头阻黑孕妇可,¥65.89
黄芪面霜老牌子女去黄提亮抗皱紧致抗衰老嫩白补水滋润去细纹,¥1.49
【12.12加购中】欧莱雅乳液面霜胶原水乳霜套装保湿淡纹紧致抗皱,¥154
珀莱雅红宝石精华30ml赋能鲜颜淡纹紧致活肤精华液面部提亮女正品,¥119
Aesop伊索无油精华轻盈保湿精华露100ml 夏季清爽控油提亮保湿,¥269
水杨酸15%壬二酸祛痘膏祛青春痘去痘坑痘疤去痘印去粉刺闭口男女,暂无报价
雅诗兰黛紧塑线雕精华乳液面部提拉紧致祛黄提亮100ML小银瓶,¥875
Biologique Recherche 原液之谜 护肤精华乳液 30ml,¥1287
自然美青春氨基酸精华液30ml涂抹修复美容,¥329
正品SarahChapman亮颜精华油日间焕肤补水提亮滋润10ml/30ml,¥398
老牌国货黄芪眼膜去黑眼圈眼袋细纹抗皱紧致保湿抗衰女男熬夜急救,暂无报价
【小弹簧次抛1.0】创福康活性胶原透明质酸钠精华液面部修护紧致,¥55.9
【到手40ml】译龄精华20/25/30分龄紧致御初老精华40ml正品授权,暂无报价
欧莱雅乳液面霜清润葡萄籽洁面水乳套装补水保湿焕亮修护开学好礼,¥198
【明星CP】珀莱雅3.0红宝石精华面霜环肽A醇保湿紧致抗皱淡化细纹,¥109.89
馥珮熊果苷精华液VC精华发光水精粹水爽肤水补水保湿去黄气湿敷水,暂无报价
膜法世家孟子义推荐玻尿酸甘油B5修护舒缓补水保湿提亮湿敷精华水,暂无报价
【母亲节礼物】欧莱雅乳液面霜松露洁面水乳精华补水保湿紧致抗皱,¥1198
福利品 赛贝格/DrSebagh臻颜无暇精萃精华液-效期2025/6.,¥172
【正品行货】SK-II神仙水精华液送女友礼盒紧致保湿抗老补水礼物,暂无报价
药企研发alivaya清痘B5精华液水杨酸去黑头闭口焕白修护收毛孔,暂无报价
修丽可色修精华乳液30ml 修红祛痘印抗敏感提亮肤色保湿滋润控油,¥275.99
韩束红蛮腰水乳套装补水保湿紧致抗皱抗糖提亮抗初老环六肽护肤品,暂无报价
第六代精华液8倍细胞级新生喜默因抗老修护精华,¥3.9
华美科虾青素祛斑精华液淡斑抗糖抗氧美白淡化色斑提亮改善暗沉,¥59
倩碧302镭射瓶精华淡化斑点痘印提亮肤色镁白匀净卓妍多效30ml*2,¥958
日本玫瑰舒缓液缓解眼疲劳眼干清凉近视明目眼涩血丝亮眼正品,¥6.99
福瑞达颐莲玻尿酸水漾新肌日抛精华液保湿水润舒缓肌肤温和精华,暂无报价
尿素霜维E去鸡皮保湿滋润防干燥脱皮护肤霜去角质补水留香春夏,暂无报价
瑷尔博士防晒霜乳隔离水润清爽不油腻SPF30通勤防紫外线学生党,暂无报价
【母亲节礼物】珀莱雅乳液3.0源力精华补水修护舒缓紧致强韧肌肤,¥181.98
颐莲补水喷雾控油保湿玻尿酸护肤定妆女爽肤水化妆水颐莲喷雾湿敷,暂无报价
【官方正品】维E橄榄护肤甘油脸部嫩白抗皱提亮肤色补水保湿滋润,¥1.7
【送女友送长辈】珀莱雅3.0水乳精华礼盒早c晚a焕亮保湿修护紧致,¥166.99
自然美保湿抗皱精华液30ml原831005(8s160-p)正品补水,¥284.6
娇韵诗 双萃精华焕活精华露20ml 熬夜修护抗皱滋养,¥160
TOCI精研577焕白精华液提亮肤色淡痘印去暗黄补水保湿烟酰胺原液3,¥29.9
【1套水乳正装量】珀莱雅红宝石水乳套装抗皱保湿化妆水护肤品女,暂无报价
欧莱雅真C瓶30ml精华液12%原型VC提亮肤色抗氧化紧致抗皱保湿淡纹,¥179
新品 xove瑞士白松露面部护肤精华赋活瓶保湿补水抗皱提亮抗初老,¥162
【鹭卓推荐】百花萃墨红水玫瑰精华爽肤水舒缓修护敏感肌湿敷正品,暂无报价
华美科氨甲环酸美白祛斑精华液次抛淡斑提亮肤色淡化痘印保湿修护,¥90
正品黄芪祛斑提亮改善保湿黄褐斑补水国货肤色正品雀斑老年斑,¥300
帕玛氏(Palmer's)孕妇专用护肤品美白淡斑淡痘印焕亮肤精华30ml,暂无报价
德国芭乐雅vc精华乳液淡化斑点补水保湿改善暗沉去黄提亮肤色50ml,¥22.23
海氏海诺草本润目贴叶黄素眼贴学生护眼贴眼睛干涩疲劳润目贴可爱,¥7.9
维生素VC精华液熬夜去黄提亮淡斑补水保湿收缩毛孔抗皱抗氧化正品,¥18.7
创意多巴胺彩色kitty猫纹身防水少女持久仿真卡通可爱时尚可洗贴,¥1.3
【保税】 NIVEA妮维雅630双能瓶抑黑抗糖精华30ml+630精华30ml,¥519
谷雨仙人掌果沁精华40ml 提亮肤色面部精华液补水保湿收缩毛孔女,¥71.1
德国Kneipp克奈圃抗氧化按摩精油100ml适用各种肤质有机再生修复,¥28.8
【清仓出】白羽毛贴淡化法令纹小熨斗川字纹眉间贴悬针纹睡眠面膜,¥3.42
100%左旋vc粉去黄提亮肤色淡痘印斑点晒后修复去黑色素vc精华,¥6.5
养出漫画手√玻尿酸修正护手霜精华液女学生滋润保湿美白面部健康,¥6.8
OHBT水杨酸次抛果酸精华液刷酸祛痘淡化痘印收缩毛孔粗大面部闭口,¥77.9
Dr.Alva瑷尔博士酸奶面膜涂抹式去黄提亮舒缓熬夜肌修护补水保湿,¥56
正品芦荟胶补水保湿祛痘淡印修护舒缓修复收缩毛孔凝胶芦荟无添加,暂无报价
歌剧遮瑕小样分装试色盘三色正品六色遮瑕膏歌剧正装三文鱼色魅影,暂无报价
【正品】AESTURA瑷丝特兰积雪草淡斑精华舒缓改善屏障40ml,¥57.42
Murad慕拉得维C面部精华30ml果酸双管VC嫩肤提亮果酸焕肤亮白,¥345
半亩花田烟酰胺果酸身体乳保湿滋润补水全身润肤乳香味持久留香,暂无报价
可复美敷料皮肤修复液体敷料创面护理补水次抛状面部护理修护精华,¥119
法国原装进口高保湿焕白面霜秋冬抗皱紧致淡纹滋润补水修复125ML,暂无报价
欧玛橄榄精华乳液60g 褪退红 修护维稳 抗初老御龄 紧致淡纹 清爽,¥498
古の丝芙双抗精华小棕瓶抗皱紧致淡纹舒缓保湿提亮抗氧抗糖去黄气,¥146.2
【官方旗舰店】理肤泉塑颜新生精华液 茉莉酸肌肤改善皱纹30ml,¥290
馥珮养颜紧肤精华液滋养保湿补水紧致抗初老改善细纹面部精华男女,¥12.9
【VC焕亮】免洗睡眠面膜熬夜去黄提亮滋润美白面膜保湿抗氧化学生,暂无报价
瑷尔博士闪充反重力水乳微晶水修护紧致抗皱补水保湿舒缓敏感肌,¥288
【老牌国货】黄芪小安瓶精华液抗皱淡纹抗初老补水保湿提亮爽肤水,暂无报价
馥珮早C晚B组合精华液补水保湿VC爽肤水熊果苷B5面部精华变白抗氧,暂无报价
屈臣氏热销儒意胶原蛋白虾青素抗皱次抛精华液美白淡斑紧致去细纹,¥89.6
虾青素抗氧化精华液去黄改善暗沉提亮肤色淡斑补水保湿抗皱抗衰老,¥12.9
珀莱雅源力修护精华液肌底修复敏感肌收缩毛孔神经酰胺保湿学生女【5月6日发完】,¥75
NSRO3%传明酸熊果苷精华液祛暗沉去黄提亮淡化痘印补水烟酰胺原液,¥29.8
Kiehls 科颜氏 淡斑精华115ml 正品,¥398
PMPM白睡莲烟酰胺保湿平衡补水精华学生党水乳套装锁水干皮沙漠皮,暂无报价
klairs蔻徕氏鲜能维C亮肤精华清爽不刺激爆款进口官方正品35ml,¥63
【正品行货】修丽可控油祛痘水杨酸闭口粉刺果酸精华乳液面霜30ml,暂无报价
欧诗漫护肤品水活奇迹智润套装水乳补水提亮礼盒保湿滋润正品带盒,¥80
Fresh/馥蕾诗玫瑰润泽密集保湿双萃精华100ml 补水滋润精萃液干皮,¥320
【官方正品】珀莱雅早C晚A双抗红宝石精华2件套抗皱紧致乳液面霜,¥197
【12.12热卖】珀莱雅精华双抗3.0源力2.0乳液保湿抗皱滋养修护女,¥272
【官方正品】珀莱雅乳液能量精华液抗皱修护淡纹紧致保湿舒缓弹润,¥199
2.0版珀莱雅源力面霜修护舒缓泛红敏感补水保湿滋润精华面霜,¥64.3
Avene雅漾B3浓缩丰盈精华液 舒缓滋养减少细纹 30ml【包税直发】,¥284
科颜氏0.3%A醇视黄醇夜间精华28ml脸部抗皱淡化细纹抗氧化,¥168
【官方正品】珀莱雅双抗精华液3.0抗氧化抗糖抗皱细纹双抗水乳霜,¥109
瑞士进口Alivaya精华油面部舒缓修护全脸紧致抗皱保湿亮肤去细纹,¥49.8
莫施v凝萃臻颜精华液30ml抗氧化提拉紧致淡细纹滋养提亮修颜,¥84.8
【保税直发】NIVEA妮维雅630双能瓶抑黑抗糖去黄焕白淡斑精华30ml,¥420
彩丰行 白藜芦醇嫩肤极致美白再生精华液50ml  行货正品包邮,¥190
LAN兰时光精华液面部护肤肌底液修护屏障舒缓维稳补水保湿焕亮,¥115
积雪草精华原液 修复敏感肌肤 祛除痘印疤痕收缩毛孔去红血丝保湿,¥4.17
左旋vc精华原液胶囊祛斑去黄收缩毛孔抗衰老修护抗皱美白维生素c,暂无报价
屈臣氏睿致肌肌源塑颜密集肌活精华液30ml睿致肌精华液紧致抗衰老,¥81.4
韩国goodal果达儿冰蓝鱼腥草透明质酸舒缓精华敏感肌补水保湿镇静,¥88
NOVO旅行分装瓶按压式超细定妆喷雾瓶分装乳液爽肤水消毒酒精喷瓶,暂无报价
NOVO旅行分装瓶真空按压式喷雾瓶化妆品小喷壶便携补水妆前隔离,¥7.9
东洋之花妆前隔离贴贴霜隐形毛孔不卡粉橘子面霜控油打底霜学生女,暂无报价
Origins悦木之源 A肽面部保湿精华30-48ml 【包税直发】,¥415
北大研发XOHBT天然植萃护肤精油保湿滋润美白淡纹留香全身按摩油,暂无报价
【专柜正品】修丽可色修精华 舒缓修护保湿修红快速褪红 官方正品,¥650
润而不油妆前隔离贴贴霜隐形毛孔不卡粉橘子面霜控油打底霜学生女,暂无报价
lookx二代视黄醇a醇k老精华40ml紧致k老淡纹细化,¥518
日本ROHTO乐敦CC亮白精华液3支装祛痘印淡斑修复祛斑VC美容液20ml,¥169
SK-II/sk2小灯泡/小银瓶/小红瓶精华液淡化斑淡印补水保湿,¥571.8
艾斯黎全能面霜 超强修复抗老 成分牛硬实力 50ml1 周修复去细纹,¥1098
【正品行货】科颜氏玻尿酸修护精华露30ml 提拉紧致强韧维稳,¥309
Chanel香奈儿光采粉肌美白精华30ml 轻盈水润,¥467
妍诗美时光新肌精华液撕码带盒子26年后到期,¥145
377美白精华液女烟酰胺VC提亮肤色去黄淡斑去痘印抗糖抗氧化精华,¥39.9
【保税直发】碧欧泉身体护理套装滋润保湿滋养紧致柔嫩肌肤,¥169
敷尔佳净颜精华凝露控油祛痘补水保湿维稳油痘肌匀亮肌肤25ml,¥99
维e橄榄护肤甘油保湿补水嫩白修护抗皱老牌脸部妆前打底嫩肤精华,¥18.6
片仔癀珍珠臻白套装祛斑补水提亮淡斑改善暗沉烟酰胺国货护肤品女,暂无报价
全棉面膜纸湿敷长久持水一次性分层上下脸干面膜贴眼膜纸半脸面膜,¥3.99
谷雨雪肌水乳套装提亮肤色护肤品补水保湿去黄熬夜修护抗糖正品女,暂无报价
壬二酸水杨酸新手化妆品一整套学生淡妆组合全套彩妆初学者套装不,暂无报价
正品娇韵诗黄金赋活双萃精华20ml中小样熬夜提拉紧致修护眼轻感,¥165
北大研发XOHBT熊果苷甘油精华液保湿VC去黄提亮淡斑舒缓褪红抗皱,¥39.8
欧莱雅臻白晶透淡斑双萃精华液注白瓶377淡斑精华烟酰胺去黄提亮,¥109
Lab101瑞沛   B5保湿精华(30ml),¥51.6
专柜欧莱雅金致臻颜牡丹奢养粉研焕白精华液30ml提亮美白秒白精华,¥198
自然堂凝时鲜颜紧致精华液10抗老ml保湿试用装小样抗皱正品补水提,¥7.8
Clarins娇韵诗塑颜紧致轮廓提拉V脸精华50/100ml消除水肿瘦脸精华,¥345
【保税】6组 妮维雅630双能瓶淡斑精华30ml/50ml+10ml*3,¥1380
珀莱雅双抗水保湿提亮抗糖抗氧化补水保湿水正品保证防伪可查,¥96
馥珮维生素原B5精华液玻尿酸补水保湿面部精华舒缓修护敏感泛红,¥14.22
Decorte黛珂AQ舒活手部精华液 50mL 柔润保湿【包税直发】,¥208
【正品保障】珀莱雅红宝石面霜3.0保湿补水抗皱紧致抗老官方正品,¥33.9
悦芙媞精华修红精华退红修护肌肤屏障改善维稳泛红保湿精华液舒缓,¥61.9
花露水喷头经典玻璃瓶195ml适用喷雾头95ml玻璃瓶泵头按压喷嘴头,暂无报价
【早c晚a】珀莱雅3.0双抗精华红宝石精华抗皱面部提亮抗糖抗氧化,¥344
海氏海诺草本润目贴护眼贴叶黄素眼贴放松眼睛干涩疲劳穴位润目贴,暂无报价
【婴儿级温润】YABI绵羊油维生素E润肤乳保湿补水防干裂干燥面霜,暂无报价
维生素C+VE提亮肤色改善暗沉抗皱 补充营养嫩肤淡化痘印斑点,¥5.4
【拍1发3】白松露酵母精华面膜涂抹面膜保湿脸部补水提亮熬夜急救,¥1.36
膜法世家玻尿酸面膜补水保湿改善干燥熬夜敏感肌男女通用官方正品,暂无报价
非压缩蚕丝面膜纸一次性美容院省水服帖水疗湿敷补水无眼帘面膜贴,暂无报价
正品库拉索芦荟胶补水保湿提亮肤色晒后护理收缩毛孔护肤学生男女,暂无报价
透真377美白淡斑面膜补水保湿提亮肤色祛黄水润收缩毛孔淡痘印女,暂无报价
DHC紧致焕采润白霜5步合1黄金霜提拉紧致保湿懒人霜 50g,暂无报价
雅漾修复霜40ml舒缓修护倍护霜保湿补水救急面霜舒缓,暂无报价
左旋VC原液修复肌肤收缩分解毛孔黑色素色斑美白补水维生素保湿,暂无报价
稀物集二代松茸菌菇水乳套装补水保湿控油维稳修护舒缓滋润正品,¥87.9
颐莲玻尿酸补水喷雾女保湿滋润爽肤水化妆水护肤水颐莲补水喷雾,暂无报价
面部精华液男女通用,¥450
氨甲环酸精华液祛斑褐斑美白补水传明酸湿敷水修护舒缓泛红精华,暂无报价
【保税】12瓶 Olay玉兰油多肽精华液40ml烟酰胺维C肽亮白保湿,¥2400
1 00片八杯水面膜清洁美补水白保湿收缩毛孔嫩肤熬夜面膜学生女男,暂无报价
临期25年6月到期 Dr.Alva瑷尔博士福瑞达玻尿酸凝胶125g,¥119
倩碧维C安瓶面部精华液VC冻干粉提亮肤色温和焕亮抗氧化8.5ml*4,¥540.56
袋鼠妈妈双抗精华液黑白松露水准孕妇护肤品抗皱紧致面霜抗老套装,暂无报价
自然美青春氨基酸精华液深层保湿修红抗敏30ml,¥314
丁香好物抗皱舒缓保湿紧致精华液修护脆弱肌稳定屏障敏感肌护肤,¥218
金缕梅萃取液收缩毛孔粗大控油补水去黑头闭口粉刺,¥4.25
孔凤春马齿苋爽肤水面部舒缓补水保湿军训女学生化妆水清爽护肤品,暂无报价
【老国货】黄芪抗皱精华油抗氧减黄提亮抗老淡细纹提拉紧致爽肤水,暂无报价
氨甲环酸精华液传明酸湿敷原液补水修护去黄提亮黄褐斑官方旗舰店,¥68.9
【清北研发】Alivaya精华水抗老抗皱淡纹去黄提亮爽肤水补水湿敷,暂无报价
欧莱雅琉金蜜精华花蜜鎏金润养四胜肽弹润肌底修护新年礼物送女生,¥161
伊诗贝格全身轮廓紧致组合 v脸精华v脸面膜面霜身体精华,¥438
超抗小白瓶第四代抗糖精华液30ml美白保湿护肤品烟酰胺正品,暂无报价
Bioeffect蓓欧菲益肌白金浓萃精华面霜50ml 补水修护,¥1084
美容院同款维e护肤甘油保湿补水防干裂身体乳擦脸妆前不卡粉神器,¥6.74
北大研发OHBT玻色因熊果苷精华水乳套装抗氧抗糖淡纹紧致美白补水,暂无报价
欧莱雅爽肤水精华液真C双A瓶精华VC水保湿紧致抗皱修护面部早C晚A,¥55.2
自然堂粉钻玫瑰乳液110ml正品太空玫瑰水乳套装礼盒重力紧致抗皱,¥74.7
雅诗兰黛特润小棕瓶精华100ml 虎年限定款 维稳修护抗初老,¥234.9
欧莱雅(LOREAL)套装护肤品礼盒复颜玻尿酸水乳黑精华补水淡纹修,¥324
【官方旗舰店】孙颖莎推荐理肤泉紫秒精华+隔离清透乳身体套装,¥407
【女神节礼盒】珀莱雅3.0双抗精华水乳液洁面抗糖氧提亮去黄补水,¥219.99
TOCI 8%油橄榄精华液舒缓敏感改善泛红控油补水保湿维稳修护屏障,暂无报价
萃季睡眠抗皱贴法令纹鱼尾纹抬头纹额纹川字纹贴紧致眉间皱纹面膜,暂无报价
正品兰蔻小黑瓶精华20ml二代肌底液维稳紧致改善暗沉补水保湿中样,¥134
<官方正品>山羊奶眼膜贴去黑眼圈眼袋眼部保湿去细纹眼霜提拉紧致,暂无报价
【修颜必备】SKINO肌漾3.0修印精华淡化红黑痘印舒缓修红改善痘肌,¥65.9
叶黄素护眼喷雾清洗眼部缓解疲劳眼睛干涩洗眼液学生党眼部护理液,暂无报价
保税直发 日本原装FANCL无添加美肌抗皱BC再生精华素18ml 3795,¥270
蜜诗肌水杨酸壬二酸凝胶组合祛痘膏青春痘痘印去粉刺黑头抗痘控油,暂无报价
【正品保障】珀莱雅乳液早C晚A3.0双抗红宝石精华抗糖氧抗皱淡纹,¥122.99
【全新升级】欧莱雅乳液面霜四代黑精华肌底液紧致焕亮修护抗皱老,¥143
北大研发儒意玫瑰护肤甘油液以油养肤美白抗氧去黄补水保湿精华油,¥59.8
【韩国原装 保税直发】Innisfree悦诗风吟绿茶精华乳液160ml,¥23.8
Za隔离霜防晒遮瑕妆前美白三合一隔离乳懒人化妆早八通勤官方旗舰,暂无报价
狄芙DFU三抗焕亮抗皱精华液抗皱紧致面霜精华面部补水保湿舒缓女,¥509.15
半亩花田精萃水润水乳套装补水保湿提亮肤色修护护肤品化妆品全套,暂无报价
【熬夜必备】眼霜高中生淡化细纹眼圈脂肪粒男女学生修复紧致眼袋,暂无报价
敷尔佳水杨酸杏仁酸焕肤面膜涂抹温和控油肌祛痘男女,暂无报价
珀莱雅双抗精华液3.0弹嫩透亮保湿补水舒缓修护抗皱紧致淡化细纹,¥207
【正品保障】珀莱雅双抗精华乳液3.0保湿紧致抗皱修护舒缓护肤女,¥148.99
华美科抗皱精华液补水保湿紧致抗衰老虾青素去暗黄暗沉提亮抗氧化,¥68
MY Clarins小娇韵诗点涂小绿罐焕肤精华 13ml 舒缓修护控油,¥173
兰蔻全新第三代小黑瓶肌底液100ml 超修精华,¥632
简美人美肌养护液滋润修护退红修复皮肤养颜,¥136
薇诺娜臻白焕亮淡斑精华液30ml祛斑美白特殊用途化妆品,¥329
斐思妮面膜积雪草绿膜补水提亮保湿舒缓修护面膜旗舰店正品保障,暂无报价
华美科水乳套装护肤品补水保湿学生党祛斑美白抗皱医用护肤品正品,¥68
药企研发&OHBT蓝铜胜肽精华油抗皱抗衰老紧致淡纹焕白以油养肤女,¥69
雅诗兰黛小棕瓶精华特润修护抗老抗皱紧致补水保湿50ml,¥260
颐莲爽肤水春夏保湿补水玻尿酸湿敷水海泉官方正品女学生男士大瓶,¥42.8
SK-II神仙水230ml精华露爽肤水面部精华液保湿控油送女友抗皱,¥1289
【母亲节礼物】珀莱雅2.0源力面霜+3.0源力精华舒缓修护抗皱正品,¥169.99
【到手60ml】珀莱雅乳液3.0双抗精华正装提亮肤色去黄抗氧糖淡纹,¥162.99
【2瓶正装量】珀莱雅乳液3.0双抗精华替换芯抗氧抗糖去黄提亮补水,¥148.99
【正品保障】珀莱雅3.0红宝石面霜精华紧致抗皱a醇抗初老饱满滋润,¥159
羊胎素胎盘精华液补水保湿美白红血丝淡斑提亮抗皱亮肤正品毛孔,暂无报价
维生素C+ve提亮肤色改善暗沉抗皱 补充营养嫩肤淡化痘印斑点精华,¥5.23
【药房同售】维生素e乳保湿补水滋润面霜学生水乳润肤乳身体乳女,¥5.98
珀莱雅弹润透亮青春精华液30ml双抗精华早C晚A抗糖抗氧化2.0双抗,¥75
白成一道光!熊果苷原液 嫩白亮肤补水精华淡化沉淀痘印 熬夜暗黄,¥3.94
【清仓出】紧致抗皱睡眠纹贴改善川字纹去眉间皱纹法令纹睡眠面膜,暂无报价
雅诗兰黛线雕精华30ml提拉紧致淡褪法令纹保湿抗氧,¥185
胎盘精华液补水保湿美白红血丝淡斑提亮抗皱收缩正品毛孔羊胎素,¥2.76
NING美白精华烟酰胺原液面部美白提亮去黄改善暗沉肤色淡斑精华液,暂无报价
【官方正品】珀莱雅乳液红宝石精华3.0紧致抗皱淡纹温和修护提亮,¥75.9
科颜氏淡斑美白精华淡化去痘印VC安白瓶脸面部提亮去黄115ml,¥395
【礼盒送礼】韩束白蛮腰精华乳美白祛斑补水保湿抗皱紧致乳液,暂无报价
片仔癀臻白礼盒美白淡斑套装补水祛斑产品提亮肤色水乳精华系列,暂无报价
【官方】原b5玻尿酸补水喷雾保湿小分子妆前不卡粉晒后修护舒缓女,暂无报价
强强联合!2.0升级版Murad慕拉得维A醇视黄醇精华液30ml+面霜50ml,¥546
现货 Repechage瑞波琴海藻水精华 面部抗皱抗初老,¥428
老国货黄芪霜去黄提亮淡纹抗皱面霜补水保湿滋润黄芪护手霜VOODOO,¥29.9
透真3577美白水乳套装祛斑淡痘印去黄提亮护肤品补水保湿精华面霜,暂无报价
双重祛痘小粉水正品男女生去痘印祛痘膏强效淡化黑头粉刺修复肌肤,¥2.9
【正品行货】SK-II神仙水30ml*8护肤精华露保湿控油爽肤水搭档,¥718
【官方旗舰店】理肤泉清痘洁面泡沫+塑颜新生精华套装保湿控油,¥350
日本JC自由之丘弹润精华液面部麦角硫因发光精华50ml,¥252
维E橄榄护肤甘油液滋养嫩肤水润保湿滋养秋冬清爽小巧方便携带,暂无报价
【官方旗舰店】孙颖莎推荐理肤泉紫秒精华+B5修复霜40ml美白提亮,暂无报价
【官方旗舰店】理肤泉新版B5+修复霜100ml四氢茉莉酸精华30ml套装,¥404
Guerlain娇兰帝皇蜂姿焕活复原蜜面部滋润精华液抗皱抗衰老,¥280
包邮 德国安娜柏林焕颜玻尿酸24h保湿补水嫩白精华50ml,¥156
【官方旗舰店】理肤泉视黄醇精华+B5修复唇膏组合淡纹紧致滋润,¥299
【清仓出】三七猪油膏柿子叶粉手工熬制嫩白淡斑去黄化妆去细纹,¥1.4
"玫琳凯vc幻时佳高阶维C精华露,拆盒单支,美白,正品,淡斑",暂无报价
VOODOO虾青素胶原蛋白次抛精华液抗氧化改善暗沉补水保湿淡化细纹,¥29.9
欧诗漫珍珠沁润修护臻选套装礼盒水乳精华补水保湿去黄专柜正品,¥116
【正品行货】雅诗兰黛特润修护肌活精华露 30ml小棕瓶ANR面部精华,¥424.58
ROPO诺卜紧致焕颜无龄精华液植物维A醇补骨脂酚补水保湿紧致抗皱,¥99
授权带防伪!美国REPECHAGE瑞波琴多肽四肽精华瑧蓝弹润紧致淡纹,¥758
华美科壬二酸积雪草祛痘膏凝胶祛痘祛痘坑祛痘印去黑头去粉刺组合,¥58
Medik8温和VC焕活抗氧精华液30ml提亮紧致日间淡化痘印面部精华,¥264
Vichy薇姿 胶原蛋白16重链精华液30ml 提拉紧致,¥424
Topix Replenix珞蓓诗CF绿茶多酚咖啡因舒缓修护抗氧化精华液30ml,¥329
PMPM白松露精华液褪黄提亮酵母保湿补水盈亮修护防初老,¥44
华美科精华液紧致抗皱抗衰老面部精华脸部提拉淡纹补水去黄提亮,¥88
正品欧莱雅黑精华肌底紧致第四代精华液提亮精华补水保湿抗皱小样,¥39
大宝B5特护霜保湿滋润修护屏障舒缓泛红干皮敏感肌必备,暂无报价
精华液补水保湿嫩白淡斑祛暗黄提亮肤色收缩毛孔淡化第六代精华液,¥3.9
YSL圣罗兰 玻色因精华30ML 替换芯 正品,¥244
mkk植物精华祛痘消痘痘吸油收毛孔温和肌肤学生党光滑嫩肤女正品,¥41.65
左旋vc美白精华原液胶囊祛斑去黄收缩毛孔抗衰老修护抗皱维生素c,暂无报价
馥珮马来西亚甘油维E乳紧致补水抗皱保湿滋润全身润肤乳乳液面霜,暂无报价
【夏季必备】黑头/毛孔粗大/鼻红肿/粉刺除/螨虫黑头/毛孔清洁器,¥8.9
华美科焕亮水乳补水保湿烟酰胺去暗黄提亮改善暗沉淡色沉熬夜修护,¥68
韩国AESTURA瑷丝特兰积雪草淡斑精华亮白舒缓改善屏障保湿提亮,¥52.63
光采熊果苷VC抗氧精华多种肤质适用提亮暗黄净含量30ml,¥3.95
Repechage瑞波琴海藻水精华面部抗皱抗初老,¥406
【送早C晚A水乳】珀莱雅3.0双抗+红宝石精华早C晚A紧致淡纹提亮,暂无报价
【到手125ml】珀莱雅3.0源力精华+3.0双抗精华乳液补水保湿正品女,¥289.99
Clarins娇韵诗 光芒小瓷瓶50ml 美白淡斑焕亮面部精华液透亮,¥277
【新年礼物】珀莱雅源力精华3.0保湿修护弹嫩紧致抗皱舒缓泛红女,¥156.9
YSL/圣罗兰 玻色因精华替换芯30ml 淡化细纹弹润充盈强韧,¥244
【到手5件】珀莱雅3.0双抗精华面部精华补水保湿抗糖抗氧焕亮肤色,¥127
美后说蓝酮肽修护精华乳液舒缓修护屏障精华液保湿补水细腻光泽,¥389
精华液收缩毛孔细腻肌肤舒缓修护水润保湿淡纹改善油痘化妆不卡粉,¥470
氨甲环酸精华液美白祛斑细腻光滑高效保湿一盒100支,¥425
德国原装Balea芭乐雅vc精华乳淡斑淡痘印维c提亮肤色50ml 10支装,¥374
冷凝胶军训晒后修复脸部冰敷褪红舒缓补水收缩毛孔学生党乳液面膜,¥3.1
康雪积雪草睡眠面膜免洗抗氧化熬夜去黄提亮去皱纹抗衰老敏肌可用,暂无报价
绵羊油按摩膏敏感肌补水保湿霜深层清洁毛孔污垢面部美容院脸部,暂无报价
韦雪同款OHBT大容量爽肤水美白补水保湿抗老氧收缩毛孔湿敷精华液,暂无报价
欧诗漫珍珠白净透润白精华液5ml*7只=35ml美白淡斑小白灯中样小样,¥29.8
一叶子花而生玫瑰玻尿酸精华液学生党平价嫩肤修护水油平衡正品,¥13.5
积雪草精华液去红血丝舒缓敏感肌修护复原液脸部抗衰老,暂无报价
北大研发XOHBTB5修护霜舒缓泛红印痕嫩白修护保湿积雪草面霜男女,¥37.9
尧香堂椰子精粹肌源焕采精华液30ml高保湿补水滋养强韧屏障肌底液,¥85.11
【正品行货】SK-II神仙水精华液紧致抗皱淡纹补水节日护肤品礼盒,暂无报价
【正品行货】SK-II神仙水230ml+30ml*5护肤精华露补水保湿修护,¥1392
【韩国直发】Drunk Elephant醉象多肽抗皱修护精华30ml紧致提拉C【5月8日发完】,¥304
屈层氏断货王儒意美蒂菲玫瑰软膜粉套装美白补水去黄提亮肤色面膜,¥61
华美科神经酰胺修护霜补水保湿舒缓维稳改善泛红敏感修护肌肤屏障,¥54
润百颜修光棒次抛精华液保湿抗氧化VC抗糖焕亮玻尿酸华熙生物正品,¥37.1
华美科抗皱精华液紧致抗衰老补水保湿抗氧化去黄提亮去暗沉虾青素,¥68
玻色因抗皱精华液提拉紧致抗衰老去皱纹补水去黄提亮肤色,¥3.51
蜜诗肌壬二酸水杨酸烟酰胺祛青春痘去痘印痘坑痘粉刺任二酸去黑头,暂无报价
Clinique倩碧小蓝瓶净颜抗皱精华 30ml 消除痤疮【包税直发,¥309
敷尔佳乳糖酸控油敛肤精华祛痘收敛毛孔补水保湿痘肌,¥114
艾珂薇n4面霜补水保湿夏季紧致控油护肤50ml送60ml面膜保湿面霜,暂无报价
澳雯丽正品红蝎素精华液 祛皱淡纹面部提拉紧致收缩毛孔涂抹精华,¥389
老牌国货黄芪霜补水保湿抗皱抗衰老去黄淡斑提亮肤色淡化细纹面霜,¥15.9
10%高浓度进口烟酰胺原液精华提亮肤色换白抗皱紧致面部肌肤定制,暂无报价
ddg果篮精华果酸杏仁酸控油亮肤去角质闭口细腻肌肤vc精华,暂无报价
马齿苋药用湿疹舒敏修红祛痘粉刺修护补水护肤原液,¥5.5
透真二裂酵母精华液紧致抗皱抗衰老面部脸部提拉淡纹补水抗老正品,暂无报价
Valmont法尔曼蜜润精华30ml,¥728
OSM珍珠白净透淡斑精华乳,¥29.6
Kiehl's科颜氏超纯高浓度精华液 30ml 补水滋润丰盈【包税直发】,¥473
【新年礼物】珀莱雅3.0双抗精华乳液抗糖抗氧祛黄提亮透亮细腻女,¥145.99
Bioderma贝德玛净白淡斑精华液15ml 提亮肌肤,¥284
【韩国直发】Drunk Elephant/醉象聚变日间紧致亮肤精华保湿B【5月8日发完】,¥528
Kiehl's/科颜氏 夜间修复精华液100ml蓝精灵保湿舒缓熬夜修护,¥699
hfp果酸精粹水油皮控油乳糖酸爽肤水补水保湿去黑头粉刺毛孔闭口,暂无报价
杜克修丽可色修精华植萃亮妍精华露淡化痘印保湿提亮舒缓正品小样,¥105
蓝莲花八重玻尿酸精华液屏障修护抗皱紧致补水去黄提亮淡纹抗初老,暂无报价
【官方直售】初辑舒缓修护精华液强韧屏障修红敏感肌补水保湿精华,暂无报价
TATCHA盈润焕采精华乳30g紫米精华保湿细嫩补水透亮平滑饱满柔嫩,¥165
华美科5%氨甲环酸精华液祛斑美白补水去黄淡化色斑修复医美爽肤水,¥69
【保税直发】早C晚A 妮维雅630焕白精华30ml+植物A醇嘭嘭瓶30ml,¥309
韩国ISOI伊所爱玫瑰臻白淡斑精华液美白保湿提亮35ml官方旗舰正品,¥239
烟酰胺10%精华原液提亮肤色美白保湿补水清爽控油,暂无报价
玫瑰果油面部脸部精华舒缓补水保湿修复淡纹去皱抗氧化改善黑色素,暂无报价
透真烟酰胺美白淡斑精华露去黑色素亮白去黄提亮补水保湿去斑滋润,暂无报价
戴春林玫瑰精华露50Ml水润保湿嫩颜润泽肌肤精华,¥98.31
广药白云山脚后跟防干裂修复膏手脚秋冬保湿滋润去死皮皲裂膏女,¥21.59
Avene雅漾cg亮白抗衰精华液30ml 提亮肌肤减少色斑【包税直发】,¥279
Fresh馥蕾诗 茶馥臻粹赋能精华露 火山茶精华30-50ml,¥674
谷雨山参胶原霜第三代抗老抗皱淡纹紧致面霜秋冬保湿滋润熬夜修护,¥114
山茶花平衡爽肤水精华乳祛黄提亮补水保湿提亮肤色收缩毛孔嫩白,暂无报价
【东洋之花】白松露涂抹面膜补水保湿去黄提亮熬夜急救改善暗沉女,暂无报价
正品羊胎盘素精华液抗皱抗衰老液补水保湿嫩白斑点祛暗黄收缩毛孔,暂无报价
艺霏虾青素蓓润莹润修护精华液小棕瓶中小样试用装量提亮肤色正品,¥10.9
日本进口原液精华液抗皱抗衰老提亮保湿去黄紧致肌肤淡化皱纹热销,¥39.9
绽媄娅舒缓修护精华液30ml积雪草补水保湿面部精华敏感肌屏障修护,暂无报价
蜜诗肌水杨酸壬二酸祛痘膏祛青春痘去痘坑痘疤去痘印去粉刺男女,暂无报价
章小蕙推荐!伊诗贝格v脸精华eisenberg轮廓紧致精华液,¥59
维E橄榄护肤甘油抗皱脸部嫩白提亮肤色补水保湿滋润提拉紧致维e乳,¥1.7
馥珮马来西亚玻尿酸护肤精华甘油3.0脸面部补水提亮肤色保湿滋润,暂无报价
海璞诺抗皱紧致精华乳依克多因抗初老修护淡纹补水保湿乳液霜80ml,¥140
老牌国货草本黄芪水乳套装去黄提亮抗皱抗氧淡纹舒缓修护熬夜提亮,¥20.32
NING水杨酸收缩毛孔精华液粗大修复面部收敛毛孔祛痘印去闭口粉刺,暂无报价
【经典国货】维e护肤甘油补水保湿脸部精华不卡粉不油腻化妆推荐,暂无报价
儒意99%积雪草B5精华油淡化细纹以油养肤美白提亮去黄抗皱抗衰老,¥40.7
寻荟记速修胶40g升级专利保湿褪红降温修护换季舒缓成分真空保鲜,暂无报价
【澳洲发货】欧舒丹星光瓶30ml+眼部精华15ml焕活微囊基底精华,¥800.27
【母亲节礼盒】珀莱雅3.0源力精华+面霜2.0修护维稳强韧淡纹正品,¥899
【官方】黄芪抗皱紧致面霜去皱纹提拉紧致补水保湿提亮肤色抗衰老,¥138
瑷尔博士水乳2.0益生菌平衡修护水乳补水保湿滋润清爽肤水油干皮,¥65
欧莱雅复颜视黄醇水乳套装补水保湿紧致抗皱女士护肤品套装正品,¥112
祛黑头导出液去黑头去闭口粉刺毛孔收缩美容院专用收缩毛孔精华液,¥3.76
积雪草祛痘精华原液修复敏感肌肤消敏镇定收缩激素毛孔红血丝保湿,¥4.99
【正品】白松露涂抹式面膜补水保湿抗痘熬夜急救去黄提亮学生男女,¥15.9
马齿苋植物萃取液修复敏感肌祛痘粉刺延缓衰老补水原液美白,¥3.4
正品芦荟胶补水保湿祛痘淡印修护舒缓修复收缩毛孔芦荟男女无添加,暂无报价
TOCI 10%VC焕肤精华液提亮肤色去黄暗黄补水保湿收缩毛孔去痘印,暂无报价
【到手2瓶正装量】珀莱雅3.0红宝石面霜爽肤水紧致抗皱淡纹补水女,¥209.99
北大研发x儒意水杨酸祛痘次抛精华液淡化痘印收毛孔黑头粉刺闭口,暂无报价
2.0 瑷尔博士面霜益生菌滋润面霜舒缓修护屏障改善泛红补水保湿,¥88.8
提拉紧致次抛精华液抗皱淡化细纹鱼尾纹皱纹法令纹抬头纹抗氧抗衰,暂无报价
50ml带防伪码!3.0版珀莱雅双亢抗精华液虾青素提亮肤色抗老30ml,¥108.99
熊果苷精华液原液 嫩白亮肤补水淡化沉淀痘印熬夜  做最闪亮的光!,暂无报价
维生素E熊果苷紧润面膜补水保湿抗皱紧致免洗过夜涂抹式睡眠面膜,暂无报价
PORCOPE肌底液美颜美容改善干燥精华面部补水保湿时光凝时肌底液,暂无报价
【经典正宗】黄芪抗皱紧致面霜去皱纹提拉紧致补水保湿提亮肤色,¥128
北大研发×TOCIα-熊果苷面膜三重焕白补水保湿舒缓提亮收毛孔,暂无报价
国药特造美白祛斑精华液专注祛黄淡斑细嫩肌肤孕妇安心用,¥178
欧舒丹星光瓶焕活微囊肌底精华液组合黄腊菊面霜女士面部护肤套装,¥823.65
光甘草定原液30ml面部精华液去黄去暗沉提亮肤色VC烟酰胺,¥8.88
海氏海诺面部健康医用透明质酸钠水光原液痤疮修复玻尿酸精华保湿,¥118.8
【正品】泰国vc面霜提亮嫩白淡斑去黄补水保湿抗皱氧化vc精华面霜,¥5.74
VC粉外用 全身混合身体乳左旋维c粉加磨砂膏褪黑色素祛斑黄,¥6.5
SK-II 淡斑小银瓶精华50mL 提亮肤色,¥710
【保税直发】NIVEA妮维雅630双能瓶抑黑抗糖去黄焕白淡斑精华50ml,¥459
透真玻尿酸原液补水保湿面部精华液紧致收缩毛孔提亮肤色,¥26.85
补水真的好绝!德国Dermaroller玻尿酸正品美白精华液淡斑30支装,¥227.99
华熙生物珂岸精华乳面部抗皱滋润保湿修护屏障双重护肤大豆氨基酸,暂无报价
雅诗兰黛新升级专研纤雕精华 提拉紧致轮廓抗老修护焕亮30,¥185
可孚壬二酸乳膏脸部祛痘淡化痘印去黑头闭口痘痘清爽控油面部健康,暂无报价
【到手72.5ml】欧莱雅乳液面霜四代黑精华肌底液修护抗皱紧致焕亮,¥187
Chantecaille香缇卡升级版钻石级精华液30ml 淡化细纹,¥2187
Eucerin优色林表观遗传透明质酸填充精华液 30ml减少皱纹提拉紧致,¥414
FVRYD进口祛痘精华液祛痘印修复淡化痘印去黑色素沉淀闭口粉刺,¥76.6
【原装正品】Decorte黛珂二代小紫瓶精华100ml肌底液维稳补水保湿,¥542
宫本武藏美白祛斑面膜去黄补水保湿淡化痘印抗氧暗沉老年斑黑黄皮,¥55.5
强强联合!Murad慕拉得维C精华面霜提亮改善暗沉修复光伤害细腻,¥588
美白祛斑精华液去黑色素去黄老年斑黄褐斑雀斑男女通脸上手斑,¥178
视黄醇睡眠面膜免洗紧致抗皱夜间补水保湿非修复秋冬涂抹式正品,¥129
欧莱雅男士补水保湿滋润乳护肤不粘腻清爽易吸收正装50ml官方正品,¥61.89
法国原装进口长管隔离防晒霜妆前打底保湿遮瑕美白持久不卡粉素颜,¥25.17
CEMOY白金流明精华水乳套装女紧致补水保湿学生熬夜舒缓滋润护肤,暂无报价
优时颜黑引力精华A醇面部提拉紧致淡纹补水保湿抗皱护肤效期25.10,¥6.71
颐莲玻尿酸精萃微乳面膜美白护肤提亮肤色补水提拉开学季蛋皮面膜,暂无报价
颐莲嘭润修护水乳2.0补水舒缓滋润修护高保湿玻尿酸敏感肌干皮,暂无报价
华美科氨甲环酸精华液祛斑美白补水去黄淡化色斑医美级修复爽肤水,¥69
百雀羚抗皱抗衰老护肤品套装淡斑补水紧致精华水乳套盒老牌国货,暂无报价
【买一送一】vc美白喷雾全身变白脸部可用补水保湿抗氧爽肤水精华,¥6.6
【到手64ml】珀莱雅3.0双抗精华源力精华提亮去黄乳液舒缓泛红女,¥129.99
华美科377美白祛斑霜提亮肤色补水保湿淡斑淡化黑色素脸部美白霜,¥68
傣医生旺肤霜旺肤精华花瓣水,¥165.98
肌活糙米精华肌底液控油平衡补水保湿润肤面部提亮祛黄舒缓修护,暂无报价
韩束红蛮腰水乳套装面霜补水保湿紧致双抗皱抗糖提亮抗初老护肤品,暂无报价
可复美胶原棒次抛精华水重组胶原蛋白玻尿酸补水保湿舒缓,¥329
雅因子stor极光精华祛黄提亮淡印补水保湿精华液阻黑去黄嫩滑肌肤,¥42.6
六胜肽抗皱原液玻尿酸面部精华液收缩毛孔美白去斑补水去皱纹正品,¥1.93
现货 德国AnneMarieBorlind安娜柏林抗皱重组美肤紧致精华露50ml,¥309
北大研发×儒意95%积雪草泡泡面膜去黑头粉刺深层清洁收缩毛孔,暂无报价
欧莱雅小黑瓶青春密码酵素肌底液紧致黑精华三代欧莱雅黑精华抗氧,¥293
【虾青素胶囊精华液+维e软胶囊芦荟胶黄芪霜】抗皱紧致美白祛斑,¥4.79
孔凤春马齿苋补水喷雾保湿便携面部爽肤水控油舒缓敏感肌学生护肤,暂无报价
黑头导出液去黑头粉刺毛孔紧致液细腻收缩毛孔美容院深层清洁专用,¥4.35
国货正品积雪草爽肤水湿敷去黄提亮纯露泛红干痒修护屏障收缩毛孔,暂无报价
进口水杨酸精华液收缩毛孔祛痘去黑头精华淡化痘印痘坑修复男女士,暂无报价
【祛痘套装】DR.WU达尔肤杏仁酸精华液8%(三重酸)低敏祛痘净闭,暂无报价
【新品】妮维雅植A精华A醇补骨脂酚抗皱淡纹紧致敏感肌30ml植物,¥59.8
养生堂冬孕精华熬夜淡纹面部抗皱紧致补水保湿舒缓修复屏障精华液,¥209
Clinique倩碧302镭射瓶匀净淡斑精华液双管双效提亮肤色,¥433
[正品行货]雅诗兰黛SOS闪修精华舒缓褪红修护敏感肌淡褪痘印礼盒,¥799
【韩国直发】黛珂智密紧颜精华液深层补水保湿舒缓提拉紧致B【5月8日发完】,¥698
tomorrowlabs医美修护精华30ml 抗衰抗氧胶原蛋白修复细胞促再生,¥2074
【正品保障】珀莱雅面霜3.0双抗精华祛黄提亮氧糖双抗细腻保湿女,¥125
小鱼海棠推荐去黑头祛粉刺闭口收缩毛孔鼻贴套装导出液清洁神器,暂无报价
珀莱雅双抗精华液3.0抗氧化抗糖面部提亮肤色乳液面霜双抗面膜2.0,¥121
【韩国直发】黛珂肌源修护精华液第二代小紫瓶两瓶装B【5月8日发完】,¥1498
溪木源山茶花舒敏修护精华水乳洁面霜敏感肌专用泛红保湿肌肤补水,¥149
OHBT577美白祛斑精华液烟酰胺淡斑去黄提亮肤色抗皱淡印美白精华,¥49.3
【到手6件】珀莱雅乳液双抗精华3.0抗糖抗氧修护保湿去黄提亮紧致,¥109
龙血苹果干精华 再生能力修护屏障抗衰 冻龄焕新紧致对熬夜克星,¥4.09
科颜氏元气弹精华50ml 抗初老元气弹提亮紧致抗皱补水保湿,¥227
