product,商品品牌,商品小店,price,销量,直播销量,笔记销量,商品卡销量,销售额,直播销售额,笔记销售额,商品卡销售额,相关直播,相关笔记,相关互动量,相关达人
OUOY · 偶语素颜霜懒人裸妆隔离面霜脸部遮瑕水润自然提靓肤色女,,OUOY旗舰店,78.0,7620,0,91,7529,590828.7,0.0,3566.7,587262.0,0,75,293.0,1
pink too · 素颜霜防水防汗遮瑕滋润隔离妆前乳提亮肤色自然裸妆懒人面霜学生,CYCY,CYCY景沫的店,,3387,235,138,3014,21210.36,1621.5,1504.86,18084.0,15,14,308.0,3
Haa · 四宫格小面霜熬夜袪黄保湿修护控油细致提亮护肤小众学生平价宝宝,Haa,Haa旗舰店,,1925,7,698,1220,60206.8,185.3,28423.5,31598.0,37,100,3172.0,9
丸蔻·珍珠膏素颜霜贵妇膏芳疗师制作面霜适用黑暗黄斑点肤色不均,,丸蔻旗舰店,99.9,1166,290,47,829,113857.3,28971.0,2815.3,82071.0,82,34,281.0,1
黛尔珀·dAlba空姐喷雾保湿补水第四代prime胶原蛋白妆前水精华松露面霜,黛尔珀dAlba,晓选??留学生的店,,1117,396,0,721,101971.86,46772.1,0.0,55199.76,43,0,,1
AFU阿芙·【董洁同款】11籽精华油30ml美白油45粒十一籽面霜50g以油养肤Z2,阿芙AFU,AFU阿芙旗舰店,,1087,5,0,1082,531543.0,2445.0,0.0,529098.0,41,0,,4
蜜晓 · 天然植物保湿温和护肤补水细腻嫩滑椰油可可脂面霜（可做眼霜）,,蜜蜜家独立实验室的店,19.9,970,0,144,826,18095.22,0.0,2401.22,15694.0,0,7,526.0,1
果达儿·韩国青橘VC补水保湿舒缓面霜眼膜精华面膜棉片提亮肤色淡化痘,果达儿goodal,晓选??留学生的店,,939,385,7,547,55303.4,22365.4,665.0,32273.0,42,1,15.0,1
HONEST·冷酷面霜8ml*5+17ml,百诚Honest,BeautyCircus的海外店,,786,692,0,94,31276.8,27610.8,0.0,3666.0,1,0,,1
Biossance·【章小蕙专享】角鲨烷玫瑰VC护肤套组（精华油 30mL+面霜 50mL）,BIOSSANCE,BIOSSANCE海外旗舰店,,754,536,0,218,587366.0,417544.0,0.0,169822.0,13,0,,2
谷雨·【控油祛痘水乳】白千水乳面霜套装控油祛痘细腻毛孔油痘肌护肤品,谷雨,谷雨GUYU官方旗舰店,,741,126,0,615,67756.1,9946.1,0.0,57810.0,36,0,,3
BIOHEAL BOH · 小猴子推荐boh积雪草面霜喷雾保湿补水舒缓妆前保湿有盒,BIOHEALBOH,星期8休息的店,,685,4,118,563,40415.0,236.0,6962.0,33217.0,2,4,517.0,1
谷雨·【店铺爆款】光感水乳套装+美白面霜奶皮面膜美白提亮护肤品爆款,谷雨,谷雨GUYU官方旗舰店,,617,369,0,248,186113.0,110721.0,0.0,75392.0,30,0,,1
FAN BEAUTY DIARY·巨折！【带防伪码】范冰冰海葡萄水乳面霜补水保湿正品带防伪！,FanBeautySecret,王富贵儿的美妆小店店的店,,561,4,17,540,4376.2,199.6,450.6,3726.0,1,5,146.0,1
韩方五谷 · 美白祛斑护肤套装377水乳精华面霜烟酰胺保湿补水提亮肤色去黄,韩方五谷,韩方五谷旗舰店,,555,0,1,554,19522.0,0.0,132.0,19390.0,0,11,7.0,1
谷雨 · 【光感美白提亮水乳】光感水乳套组赠美白奶罐面霜美白提亮护肤品,谷雨,谷雨GUYU官方旗舰店,,536,0,10,526,12317.3,0.0,3427.9,8889.4,0,2,20.0,1
NOWNESS娜妮思·娜妮思妆前小分子补水喷雾玻色因水乳精华面霜喷雾保湿护肤爽肤水,,NOWNESS娜妮思旗舰店,,534,12,0,522,73692.0,1656.0,0.0,72036.0,18,0,,3
Torriden·韩国桃瑞丹精华玻尿酸补水面膜低分子易吸收面霜精华保湿棉片洁面,,韩国大姐姐??的店,86.0,516,197,0,319,44180.0,16746.0,0.0,27434.0,49,0,,2
TiZO·【专享】润色精华霜养肤防晒隔离轻底妆素颜有色面霜50g,TIZO,TiZO海外旗舰店,,488,330,0,158,179584.0,121440.0,0.0,58144.0,1,0,,1
理肤天使·韩国积雪草精华液补水保湿修护镇定面霜正品爽肤水55ml skin1004,理肤天使,晓选??留学生的店,,449,125,0,324,26479.8,7363.8,0.0,19116.0,41,0,,1
3D-JP · 日本高端顶货水膜涂抹面膜面霜三合一！30片 25.10到期,3D-JP,青山山的店,,389,0,7,382,5063.3,0.0,97.3,4966.0,0,1,12.0,1
谷雨·【去黄提亮雪肌水乳】雪肌水乳套装美白奶罐面霜奶皮面膜去黄提亮,谷雨,谷雨GUYU官方旗舰店,,363,4,0,359,35957.0,416.0,0.0,35541.0,30,0,,1
BIOSME·【章小蕙直播专享】轻盈净化面霜 30mL,,玫瑰是玫瑰的海外店,,313,234,0,79,122847.0,110286.0,0.0,12561.0,5,0,,1
卡姿兰CARSLAN·素颜霜懒人保湿滋润提亮肤色保湿补水滋润面霜遮瑕裸妆学生,卡姿兰Carslan,卡姿兰carslan旗舰店,,297,108,0,189,25434.0,6912.0,0.0,18522.0,94,0,,5
迪兰可 · 素颜霜提亮遮瑕裸妆滋润持妆懒人妆面霜隔离霜学生DIRUC,迪兰可DIRUC,迪兰可旗舰店,,295,0,17,278,23305.0,0.0,1343.0,21962.0,0,54,84.0,1
AFU阿芙·11籽精华面霜经典版 保湿抗皱紧致Z1,阿芙AFU,AFU阿芙旗舰店,,250,163,0,87,69860.0,43847.0,0.0,26013.0,34,0,,1
CYCY·素颜霜懒人霜面霜自然美颜提亮肤色遮瑕裸妆前隔离遮瑕学生BB霜,CYCY,CYCY景沫的店,,242,0,18,224,1538.4,0.0,194.4,1344.0,27,5,59.0,3
娇韵诗·【星品试用】双能三部曲尝鲜盒双萃精华眼霜弹簧面霜御龄维稳抗老,娇韵诗CLARINS,CLARINS娇韵诗旗舰店,,240,121,0,119,3468.9,1802.9,0.0,1666.0,6,0,,3
宝狄妍 · 皮傲宁精华液～维稳舒护面霜！［宋］,宝狄妍BAODIYAN,Heen软软的店,,217,0,0,217,6293.0,0.0,0.0,6293.0,0,0,,0
FAN BEAUTY DIARY·白月光四部曲三重瓷白肌密淡斑套组水乳精华面霜礼盒套组,FanBeautySecret,FanBeauty美妆旗舰店,,206,193,3,10,201516.0,185336.0,3780.0,12400.0,60,1,12.0,6
OPOSI · 山茶花酵母组合四件套补水面霜乳液爽肤水洗面奶学生党平价护肤品,OPOSi,Maigoole华夏星伟的店,,177,0,14,163,11304.4,0.0,742.0,10562.4,0,8,45.0,1
klairs蔻徕氏·【直播专属/单支装】素颜霜面霜原装烟酰胺bb霜亮肤素颜霜40g*1,,klairs蔻徕氏海外旗舰店,,155,38,0,117,15035.0,3686.0,0.0,11349.0,13,0,,4
谷雨·【抗糖去黄】雪肌水乳套装+美白面霜抗糖抗氧去黄提亮爆款护肤品,谷雨,谷雨GUYU官方旗舰店,,152,97,0,55,26763.0,21043.0,0.0,5720.0,25,0,,1
beplain·韩国绿豆洗面奶泥膜卸妆油积雪草精华棉片爽肤水面霜西瓜精华放晒,碧菲音beplain,韩国大姐姐??的店,69.0,141,45,2,94,9681.0,3057.0,138.0,6486.0,48,3,15.0,2
SAMU·面霜喷雾妆前保湿舒缓泛红平衡喷雾敏感肌【报团专属】,,莎缪旗舰店,118.0,139,80,0,59,16402.0,9440.0,0.0,6962.0,21,0,,1
薇家·官方|素心腊梅精油珍珠膏，保湿抗皱 代替面霜乳液面膜 50%珍珠粉,,薇家日记WEIJIA LIFE的店,65.0,138,69,19,50,9012.0,4485.0,1277.0,3250.0,19,8,108.0,1
果达儿·韩国Goodal青柠VC精华保湿舒缓修护爽肤水面霜眼膜面膜棉片提亮,果达儿goodal,韩国大姐姐??的店,59.0,135,75,0,60,7965.0,4425.0,0.0,3540.0,49,0,,2
海得宝·五阶神经酰胺保湿面霜低敏维稳受损敏感肌苹果脸克星,海得宝MarTempo,海得宝 MarTempo旗舰店,118.0,132,23,0,109,15576.0,2714.0,0.0,12862.0,14,2,3.0,3
孔凤春KOPHENIX·双抗精华面霜cp虾青素抗氧化抗皱紧致丰盈熬夜肌必备,孔凤春KOPHENIX,孔凤春旗舰店,,129,71,4,54,9017.1,4962.9,279.6,3774.6,30,6,61.0,4
巴宝格 · 山茶花水乳推荐油皮提亮补水学生平价酵母洗面奶爽肤水乳液面霜,,香香熊物语的店,,126,0,1,125,4402.4,0.0,39.9,4362.5,0,6,14.0,1
Torriden·桃瑞丹大家族！洁面爽肤水积雪草玻尿酸精华补水面霜棉片提亮面膜,,楼派派是个代go的店,,125,43,0,82,4375.0,1505.0,0.0,2870.0,34,1,16.0,1
HEXKIN · 韩国专柜正品代购赫诗琴韦雪水光面霜光感塑颜霜紧致抗皱补水,HEXKIN,夏夏在韩国的店,,120,14,2,104,10740.0,1246.0,238.0,9256.0,28,4,12.0,1
芙丽芳丝 · 氨基酸系洗面霜温润洁面女士男士保湿洗面奶官方100g官方正品保障,芙丽芳丝Freeplus,芙丽芳丝精简护肤旗舰店,99.0,113,0,4,109,11171.0,0.0,380.0,10791.0,0,8,16.0,1
SAMU·面霜喷雾妆前保湿舒缓泛红平衡补水喷雾,,莎缪旗舰店,158.0,112,50,0,62,17696.0,7900.0,0.0,9796.0,49,0,,8
芯丝翠·【大筠专属】3D逆龄抗老精华30ml*2送D299面霜10g+新颈霜10g,芯丝翠Neostrata,芯丝翠海外旗舰店,699.0,110,91,0,19,76890.0,63609.0,0.0,13281.0,2,0,,1
宫芙·【徐璐陈彦妃吴昕同款】 第三代水光素颜面霜 养肤隔离遮瑕提亮,宫芙,宫芙旗舰店,79.0,110,8,0,102,8690.0,632.0,0.0,8058.0,11,1,8.0,5
年糕妈妈 · 秋冬深层保湿修护舒润精华面霜,年糕妈妈,年糕妈妈挑好物的店,,108,0,0,108,5292.0,0.0,0.0,5292.0,0,0,,0
HEXKIN·韦雪同款韩国赫诗琴水光面霜保湿回头霜光感抗皱素颜霜自然妆,HEXKIN,韩国大姐姐??的店,,107,28,0,79,2675.0,700.0,0.0,1975.0,49,0,,2
MARIA GALLAND·【啾鼠专享】玛丽嘉兰永恒之水30ml+5A号滋养焕活面霜3ml*2,玛丽嘉兰MARIA GALLAND,MARIA GALLAND海外旗舰店,,106,106,0,0,10494.0,10494.0,0.0,0.0,1,0,,1
薇诺娜·【屏障水乳套装】保湿水面霜舒缓保湿修护敏感肌,薇诺娜WINONA,薇诺娜官方旗舰店,,103,44,0,59,42221.0,17028.0,0.0,25193.0,74,0,,2
雅琪诺·素颜霜学生防水防汗遮瑕滋润妆前乳提亮肤色自然裸妆懒人面霜,雅琪诺YAQINUO,雅琪诺YAQINUO的店,,103,28,3,72,1296.92,335.72,32.4,928.8,25,1,10.0,2
她叙 · 【新品上市】亲肌无痕有色面霜素颜霜修饰肤色懒人底妆官方,TAASHEE她叙,TAASHEE她叙旗舰店,,102,0,12,90,19638.0,0.0,2268.0,17370.0,0,8,98.0,2
安美 · 学生裸妆遮瑕保湿补素颜霜提亮隔离乳懒人霜面霜女正品,安美amy,安美旗舰店,49.0,102,0,13,89,4915.19,0.0,554.19,4361.0,0,11,128.0,2
SAMU·面霜喷雾妆前保湿舒缓泛红平衡喷雾敏感肌【直播专属】,,莎缪旗舰店,118.0,100,42,0,58,11920.0,5076.0,0.0,6844.0,68,0,,15
diary·577美白淡斑精华面霜套组 6倍抑黑 7天去黄14天亮白28天淡斑 大筠,,diary言之有物旗舰店,,99,71,0,28,43164.0,30956.0,0.0,12208.0,3,0,,1
理肤天使·韩国skin1004益生菌密集补水精华面霜爽肤水紧致活力焕肤积雪草,理肤天使,晓选??留学生的店,,96,20,0,76,11219.68,2359.6,0.0,8860.08,41,0,,1
AFU阿芙·【董洁同款】11籽精华油30ml+11籽精华面霜30g以油养肤套组 Z2,阿芙AFU,AFU阿芙旗舰店,,95,87,0,8,34105.0,31233.0,0.0,2872.0,38,0,,1
cleardea·Mucin Collagen面霜安瓶4ml*5+单支4ml*5,,MAYBEPARTNERS海外旗舰店,399.0,94,73,0,21,37506.0,29127.0,0.0,8379.0,7,0,,3
Haa·【专属福利】传明酸小面霜熬夜多酸保湿修护控油细致提亮护肤小众,Haa,Haa旗舰店,128.0,92,46,0,46,11776.0,5888.0,0.0,5888.0,21,0,,1
REJURAN · 丽珠兰 三文鱼 紧致面霜 水乳 面膜补水保湿提亮肤色改善毛孔,丽驻兰REJURAN,三岁在韩国的店,,92,0,0,92,7636.0,0.0,0.0,7636.0,0,0,,0
秀肤生·韩国VC M白精华液BB素颜霜面霜放晒烟酰胺面部提亮去黄气晒斑修护,秀肤生Cell Fusion,晓选??留学生的店,,90,36,0,54,5291.6,2105.6,0.0,3186.0,42,0,,1
Heaven pink·【小詹同款】面霜喷雾红茶精华多效喷雾滋润补水保湿修护舒缓服帖,,Heaven Pink旗舰店,,89,0,0,89,10591.0,0.0,0.0,10591.0,6,0,,2
Carenology 95 · Carenology95/平衡喷雾120ml补水保湿舒缓爽肤水面霜喷,科娜蓝,Lucky在韩国的店,168.0,87,0,5,82,14566.0,0.0,790.0,13776.0,0,65,90.0,1
欧缇丽·【章小蕙专享】白藜芦醇提拉紧塑精华面霜套装,欧缇丽Caudalie,欧缇丽CAUDALIE旗舰店,,86,74,0,12,77400.0,66600.0,0.0,10800.0,2,0,,2
FAN BEAUTY DIARY·白月光四部曲三重瓷白肌密淡斑套组水乳精华面霜水乳组合水乳精华,FanBeautySecret,FanBeauty美妆旗舰店,,86,53,0,33,47734.0,27967.0,0.0,19767.0,58,0,,4
孔凤春KOPHENIX·孔凤春祛痘套装茶树控油水乳洁面马齿苋面霜补水保湿舒缓修护精华,孔凤春KOPHENIX,孔凤春旗舰店,,86,51,0,35,3055.9,1830.9,0.0,1225.0,30,1,9.0,2
SAMU·面霜喷雾ph妆前补水保湿修护舒缓化妆水持妆不脱妆韩国正品,,晓选??留学生的店,,84,27,0,57,7975.5,2560.5,0.0,5415.0,41,0,,1
BIOHEAL BOH·BOH三款喷雾！boh面霜喷雾 安瓶精华喷雾 提拉喷雾 妆前保湿,BIOHEALBOH,楼派派是个代go的店,,84,32,0,52,5460.0,2080.0,0.0,3380.0,34,3,17.0,1
The Ordinary·10%杜鹃花酸壬二酸悬浊乳去闭口改善痘印面霜,The Ordinary,The Ordinary海外旗舰店,115.0,82,22,0,60,9430.0,2530.0,0.0,6900.0,17,0,,1
DS DERMASENSA·【张俪专属】德玛森氏维生素K眼霜2.0 15ml+vk5ml*3+F5面霜30ml,德玛森氏DSDermasensa,DS DERMASENSA海外旗舰店,398.0,81,58,0,23,32238.0,23084.0,0.0,9154.0,1,0,,1
VOTARY·【章小蕙直播专享】焕活光采睡眠面膜 50mL 补水保湿修护免洗面霜,,玫瑰是玫瑰的海外店,999.0,80,80,0,0,79920.0,79920.0,0.0,0.0,1,0,,1
她叙·【直播专场】亲肌无痕有色面霜素颜霜修饰肤色懒人底妆官方,TAASHEE她叙,TAASHEE她叙旗舰店,,78,74,0,4,13962.0,13246.0,0.0,716.0,128,0,,15
其他 · 透亮控油系列水乳精华面霜,,Heen软软的店,,78,0,9,69,1950.0,0.0,225.0,1725.0,0,1,90.0,1
W.Lab · 韩国wlab大福懒人素颜霜面霜遮瑕滋润保湿隔离妆前女大学生平价,大福留W.Lab,LITCHI SELECT的店,,77,1,0,76,3468.0,48.0,0.0,3420.0,8,4,8.0,2
理肤天使·韩国skin积雪草精华液centella面霜/棉片/爽肤水/仿晒/洁面敏感肌,理肤天使,韩国大姐姐??的店,59.0,76,17,0,59,4484.0,1003.0,0.0,3481.0,49,0,,2
可复美·【自播专享】重组胶原蛋白冻干面膜7片/盒+焦点面霜50g,可复美,可复美旗舰店,566.0,74,52,0,22,41884.0,29432.0,0.0,12452.0,25,0,,1
理肤天使·skin1004积雪草精华焕白提亮肌肤去黄淡化痘印100ml面霜爽肤水,理肤天使,晓选??留学生的店,,74,17,0,57,8775.4,1992.4,0.0,6783.0,41,0,,1
馥珮·馥佩叶绿素洁面乳收缩黑头毛孔深层清洁控油洗面奶洁面霜洁面泥,馥珮,馥珮美妆专卖店,,73,28,1,44,2648.9,994.0,31.3,1623.6,86,3,7.0,1
DR DENNIS GROSS·【预售7天】无极精华30ml+A醇面霜50ml+洁面60ml+眼精华2ml*7套组,,DrDennisGross海外旗舰店,499.0,70,69,0,1,34930.0,34431.0,0.0,499.0,1,0,,1
QINGSHIDO·人参珍珠膏去黄懒人素颜霜提亮肤色面霜隔离替代粉底油皮美颜养肤,,美美姐护肤品配方师的店,,70,41,5,24,5575.0,3239.0,440.0,1896.0,20,2,15.0,1
理肤天使·skin1004茶树精华祛痘爽肤水控油舒缓面霜去闭口韩国,理肤天使,晓选??留学生的店,,70,22,0,48,8304.5,2592.5,0.0,5712.0,41,0,,1
美体小铺·高端系列雪绒花精华/面霜/眼霜/面膜/洗面奶  细嫩淡纹 水润 抗氧,美体小铺TheBodyShop,妞妞美肤的店,,68,14,0,54,3408.7,735.7,0.0,2673.0,7,0,,1
岂美时·QMS直补胶原蛋白3D系列当下首创生物高科技精华/面霜/面膜,,德国葫芦娃的店,,67,8,0,59,67000.0,8000.0,0.0,59000.0,31,0,,1
AFU阿芙·极光玫瑰温和洁面霜150g Z1,阿芙AFU,AFU阿芙旗舰店,,67,46,0,21,3953.0,2714.0,0.0,1239.0,21,0,,1
珀莱雅·红宝石水乳面霜礼盒淡纹紧致抗皱补水保湿,珀莱雅PROYA,珀莱雅PROYA官方旗舰店,,66,0,0,66,28248.0,0.0,0.0,28248.0,1,0,,1
diary·50%玻色因胶原面霜 送手颈精华 速充胶原分层回填淡法令纹 导航仪,,diary言之有物旗舰店,1494.0,65,0,0,65,97110.0,0.0,0.0,97110.0,1,0,,1
AFU阿芙·11籽精华油套盒+水乳+面霜30g套组 面部护肤品以油养肤抗干老  Z1,阿芙AFU,AFU阿芙旗舰店,,65,55,0,10,40885.0,34595.0,0.0,6290.0,34,0,,1
迷莲卡薇 MIRIAMQUEVEDO·迷莲卡薇眼霜面霜精华黑玫瑰鱼子酱洗发水护发素控油抗脱250ml,迷莲卡薇MiriamQuevedo,然冉冉姐海外小众护肤的海外店,207.0,64,0,0,64,13248.0,0.0,0.0,13248.0,20,0,,1
BIOHEAL BOH·boh热玛吉系列！韩国正品代购3D弹力提拉紧致精华面膜面霜眼霜,BIOHEALBOH,夏夏在韩国的店,,61,10,11,40,5213.0,878.0,935.0,3400.0,32,9,11.0,1
雅琪诺·清爽滋润素颜霜遮瑕隐匿毛隔离妆前乳提亮自然裸妆懒人面霜男女士,雅琪诺YAQINUO,极萌美护专营店,,61,33,0,28,603.9,326.7,0.0,277.2,89,0,,4
TRANSINO·【YOYO专属】美白大套组美白水乳+美白精华2支+美白焕颜面霜+赠品,传皙诺TRANSINO,TRANSINO传皙诺旗舰店,1520.0,60,42,0,18,91200.0,63840.0,0.0,27360.0,3,0,,1
蜜晓 · 人参雪莲珍珠膏代替粉底素颜霜 提亮轻薄修饰日夜可用护肤面霜,,蜜蜜家独立实验室的店,,59,0,8,51,1128.2,0.0,159.2,969.0,0,1,84.0,1
她叙·【直播专属】亲肌无痕有色面霜素颜霜修饰肤色懒人底妆,TAASHEE她叙,TAASHEE她叙旗舰店,229.0,57,11,0,46,12603.0,2069.0,0.0,10534.0,50,0,,7
CLE·保税直发CCC CREAM保湿防晒隔离润色CC有色面霜30ml SPF50 PA+++,,茹云美国便利店的海外店,,55,14,2,39,2991.15,2356.2,336.6,298.35,40,1,4.0,4
REJURAN·韩国丽珠兰全系列！回春面霜逆龄水乳金瓶银瓶精华回春面膜补水,丽驻兰REJURAN,楼派派是个代go的店,,55,20,0,35,3190.0,1160.0,0.0,2030.0,34,0,,2
FULLY·绿番茄收缩毛孔护肤 爽肤水安瓶精华液面霜清爽不油,,HAUL41海外旗舰店,118.0,53,32,0,21,6254.0,3776.0,0.0,2478.0,2,0,,1
ELEMIS·【章小蕙专享】玫瑰修护抗老套组（凝珠精华30mL+胶原面霜50mL）,艾丽美Elemis,玫瑰是玫瑰梦想橱窗的店,,53,43,0,10,84747.0,68757.0,0.0,15990.0,14,0,,2
海梨之柒·臻颜精华面霜 瑞士进口活性多糖 精华级抗皱 瞬时抚纹长效填充,,海梨之柒 Dew and Glo旗舰店,,53,19,0,34,4187.0,1501.0,0.0,2686.0,13,1,2.0,2
可复美·【自播专享】焦点面霜+焦点涂抹+焦点精华+焦点水,可复美,可复美旗舰店,1299.0,52,38,0,14,67548.0,49362.0,0.0,18186.0,4,0,,1
Torriden·韩国torriden桃瑞丹棉片玻尿酸爽肤水面霜精华积雪草面膜舒缓镇定,,小铭在韩国（采购版）的店,86.0,50,4,0,46,4300.0,344.0,0.0,3956.0,20,0,,1
red chamber·【RC妆前面霜意定粉饼礼盒】不卡粉保湿0粉感定妆吸油持久店播db,,RED CHAMBER朱栈旗舰店,,48,43,0,5,15297.0,13702.0,0.0,1595.0,50,0,,2
Omma·【护肤CP三件套】【送面霜小样+20个面膜纸+刮痧板】,,omma瑜伽的店,,48,47,0,1,46080.0,45120.0,0.0,960.0,3,0,,1
DR.C.TUNA FARMASI·Age Reversist浮游系列！浮游精华袋装面霜眼霜面膜眼膜,,COSMOgirl土耳其本地批发的店,,48,8,1,39,6687.0,1100.0,205.0,5382.0,9,2,2.0,1
珀莱雅 · 双抗水乳面霜套装提拉紧致补水抗氧抗糖,珀莱雅PROYA,珀莱雅PROYA官方旗舰店,,48,0,0,48,14304.0,0.0,0.0,14304.0,0,0,,0
其他·g面部护肤面霜提亮肤色柿子叶膏 · 1瓶【体验装】怕不够用,,live护肤的店,,46,26,0,20,1357.4,777.4,0.0,580.0,18,19,117.0,1
FULLY·绿番茄收缩毛孔护肤套装 爽肤水安瓶精华液面霜 清爽不油腻,,HAUL41海外旗舰店,126.0,45,31,0,14,5670.0,3906.0,0.0,1764.0,2,0,,1
她叙·【店播】亲肌无痕有色面霜素颜霜修饰肤色懒人底妆官方正品,TAASHEE她叙,TAASHEE她叙旗舰店,,44,24,0,20,7876.0,4296.0,0.0,3580.0,34,0,,1
灵木集·<BOBO专属>灵萃气韵奢润面霜人参山茶姜黄草本植萃抗氧保湿,,灵木集旗舰店,,44,34,0,10,11156.0,10166.0,0.0,990.0,1,0,,1
奈小白 NYE-WHITE·【喷雾】舒缓面霜喷雾妆前打底滋润补水保湿服帖不卡粉,奈小白NYE-WHITE,奈小白NYE WHITE旗舰店,,44,37,0,7,4356.0,3663.0,0.0,693.0,46,0,,6
Biossance·【子豪&琳琳专属】角鲨烷玫瑰护肤套组（精华油 30mL+面霜 50mL）,BIOSSANCE,BIOSSANCE海外旗舰店,,43,28,0,15,33497.0,21812.0,0.0,11685.0,6,0,,1
森特莲·韩国centellian24积雪草面霜精华棉片舒缓修护保湿弹力紧致,森特莲Centellian24,晓选??留学生的店,,43,17,0,26,2100.8,826.8,0.0,1274.0,41,0,,1
FULLY · 绿番茄收缩毛孔护肤套装 爽肤水安瓶精华液面霜 清爽不油腻,,HAUL41海外旗舰店,138.0,43,0,0,43,5934.0,0.0,0.0,5934.0,0,1,4.0,1
ishga·苏格兰 有机海藻海草水爽肤水精华面膜面霜保湿舒缓洗面奶,,然冉冉姐科学护肤的店,,43,2,0,41,9795.4,455.6,0.0,9339.8,20,0,,1
diary·50%玻色因胶原面霜 | 速充胶原 分层回填 拒绝流失 全嘻嘻,,diary言之有物旗舰店,,42,34,0,8,13776.0,11152.0,0.0,2624.0,1,0,,1
果达儿·韩国青橘VC补水保湿舒缓面霜眼膜精华面膜棉片提亮肤色淡化痘印,果达儿goodal,晓选??留学生的店,,41,0,4,37,3310.6,0.0,387.6,2923.0,1,1,18.0,1
贝臣 · 【超值防晒组合】专业儿童防晒面霜 防晒乳 物理防晒 清爽不假白,,Bubchen海外旗舰店,,41,0,2,39,8877.0,0.0,414.0,8463.0,0,6,68.0,1
starwindow星窗 · 妆前保湿面霜喷雾补水保湿爽肤水妆前平衡舒缓泛红控油清爽喷雾女,,starwindow星窗旗舰店,,40,0,0,40,796.0,0.0,0.0,796.0,0,0,,0
Soberbia·【两只小狗六专属】祖母绿面霜单支/双支,,Soberbia旗舰店,,40,7,0,33,44000.0,7700.0,0.0,36300.0,1,0,,1
肌肤之研·【淡纹紧致CP】50胜肽精华三型胶原面霜Z-3,,肌肤之研旗舰店,,39,30,0,9,26052.0,20040.0,0.0,6012.0,1,0,,1
果达儿 · 韩国VC精华液 补水青橘面霜面膜棉片提亮 维他命修护保湿,果达儿goodal,葡萄小姐姐在韩国的店,,39,0,0,39,3081.0,0.0,0.0,3081.0,0,0,,0
瑞妍·赋颜活力面霜(6级活性成分浓度）40+适用（效期2604）,瑞妍Cellcosmet,如溢颜选的店,,39,25,0,14,85350.0,55250.0,0.0,30100.0,57,0,,1
o.metoo·【偷偷卖！】魔女提亮龙脑水乳面霜套！230ml超大容量！27年日期,,一杯冰可乐（挖宝版）的店,,38,16,3,19,774.0,338.4,59.4,376.2,5,3,98.0,1
薇诺娜·【特护霜2.0新升级】敏感肌面霜舒敏保湿修护补水,薇诺娜WINONA,薇诺娜官方旗舰店,,37,24,0,13,8806.0,5712.0,0.0,3094.0,1,0,,1
NARS·纳斯有色面霜隔离遮瑕防护三合一提亮素颜霜L0/L1.20ml中小样试用,NARS,莹莹臻品美妆好物的店,,37,0,0,37,1472.6,0.0,0.0,1472.6,3,0,,1
透真 · 3577美白水乳套装祛斑淡痘印去黄提亮护肤品补水保湿精华面霜,透真LUCENBASE,透真旗舰店,,36,0,8,28,5004.0,0.0,1112.0,3892.0,0,24,116.0,1
泉意·八重玻尿酸精研水乳面霜三件套,,泉意WATERYIS护肤专卖店,129.0,35,5,0,30,4515.0,645.0,0.0,3870.0,29,0,,1
Ianys·【玻色因抗皱】源259！日本进口兰思面霜！精华滋养补水抗皱紧致!,IANYS,一杯冰可乐（挖宝版）的店,,35,10,0,25,2030.0,580.0,0.0,1450.0,5,0,,1
Ianys · 兰思素颜霜 懒人裸妆隔离遮瑕亮肤抗皱紧致保湿面霜原装进口,IANYS,可乐Say的店,,35,0,0,35,315.0,0.0,0.0,315.0,0,1,26.0,1
BIOHEAL BOH·BOH全系列！面霜喷雾提拉精华3D弹力面霜热玛吉面膜眼膜颈膜胶原,BIOHEALBOH,楼派派是个代go的店,,35,6,1,28,1355.6,215.4,135.0,1005.2,35,6,55.0,2
diary·根源淡斑 6倍抑黑 577美白淡斑面霜 淡斑不反复 美白不反黑 大筠,,diary言之有物旗舰店,,34,25,0,9,7412.0,5450.0,0.0,1962.0,2,0,,1
境生之源·【抗皱360】紧致抗皱淡化细纹修护提拉保湿精华面霜水乳套装套组,,境生之源旗舰店,,34,24,0,10,18570.0,12720.0,0.0,5850.0,44,2,43.0,3
果达儿·韩国Goodal青橘vc爽肤水精华液面霜补水去黄提亮滋润,果达儿goodal,小铭在韩国（采购版）的店,,33,7,0,26,1947.0,413.0,0.0,1534.0,24,0,,1
欧莱雅·金致臻颜滋润面霜玻色因提拉紧致淡纹保湿修护补水超值套组,欧莱雅LOREAL,欧莱雅星选优品的店,,32,21,0,11,12768.0,8379.0,0.0,4389.0,69,0,,4
FAN BEAUTY DIARY·【防伪可查】巨折！范冰冰海葡萄系列！水乳套面霜洁颜蜜补水保湿,FanBeautySecret,一杯冰可乐（挖宝版）的店,,32,0,6,26,3064.0,0.0,594.0,2470.0,4,1,74.0,1
C咖·【美白提亮水乳】胶原白水乳套组淡斑美白罐面霜紧致去黄面膜补水,C咖,C咖旗舰店,,32,27,0,5,9596.1,8096.6,0.0,1499.5,14,0,,1
丸蔻 · 珍珠人参多肽素颜霜贵妇膏芳疗师制作面霜适用黑暗黄斑点肤色不均,,丸蔻植物护肤的店,,32,0,10,22,3196.8,0.0,999.0,2197.8,0,12,73.0,1
卡姿兰CARSLAN·素颜霜懒人保湿滋润提亮肤色保湿补水滋润面霜遮瑕裸妆学生,卡姿兰Carslan,卡姿兰carslan旗舰店,,32,0,0,32,5088.0,0.0,0.0,5088.0,1,0,,1
JOVISSE · 洁薇丝素颜霜补水懒人霜裸妆隔离遮瑕提亮脸部全身面霜女,JOVISSE,WELOVE BEAUTY的店,,32,0,1,31,1008.0,0.0,109.0,899.0,0,6,17.0,1
TWG·V7懒人素颜霜提亮肤打底面霜贵妇膏,,清冷奶甜茶茶的店,,32,17,0,15,194.3,134.3,0.0,60.0,12,0,,1
欧诱·V7懒人素颜霜50g补水保湿遮瑕滋润裸妆自然面霜高端高级,欧诱Eurpattract,星河杂货店的店,,32,6,0,26,164.8,34.8,0.0,130.0,10,0,,1
玲珑·【达人专属】面霜+精华+眼霜全套护肤套组 紧致抗皱干油皮挚爱,玲珑,LEEN LONG玲珑旗舰店,1099.0,31,1,0,30,34069.0,1099.0,0.0,32970.0,35,0,,4
Aēsop·伊索 升华滋养面膜昇繁夜晚面膜滋润保湿修复60ml（送面霜刀）,,Tcosmetics的海外店,,31,27,0,4,22134.0,19278.0,0.0,2856.0,25,0,,1
SVR·【王阿姨】光亮维他命C20美白面霜 VC-IP高浓度 x2,舒唯雅SVR,SVR海外旗舰店,279.0,31,24,0,7,8649.0,6696.0,0.0,1953.0,2,0,,1
玲珑·【达人专属】面霜+精华+眼霜全套护肤套组 紧致抗皱干油皮挚爱,玲珑,LEEN LONG玲珑旗舰店,,31,0,0,31,37169.0,0.0,0.0,37169.0,0,0,,0
SAMU·面霜喷雾妆前保湿舒缓泛红平衡补水喷雾,,莎缪旗舰店,158.0,30,18,0,12,4740.0,2844.0,0.0,1896.0,1,0,,1
Soberbia·【两只小狗六专属】环球面霜单支/双支,,Soberbia旗舰店,,30,9,0,21,35100.0,10530.0,0.0,24570.0,1,0,,1
其他 · 【拍1发5】377美白淡斑次抛精华面霜补水保湿去黄去黑美白提亮肤,,奥黛丽厚本～的店,,30,0,3,27,572.7,0.0,59.7,513.0,0,3,11.0,1
海得宝·皮脂膜霜低敏面霜242黄金配比受损敏感肌苹果脸克星,海得宝MarTempo,海得宝 MarTempo旗舰店,,30,1,0,29,8640.0,288.0,0.0,8352.0,15,0,,3
肌肤之研·【淡纹紧致CP】50胜肽精华+三型胶原面霜淡纹紧致C,,肌肤之研旗舰店,,29,18,0,11,19762.0,12414.0,0.0,7348.0,40,0,,1
绽妍JUYOU·【miamaja专属】绽妍三重蛋白面霜修护霜+贻贝粘蛋白速修精华液,绽妍JUYOU,绽妍旗舰店,,29,21,0,8,7192.0,5208.0,0.0,1984.0,2,0,,1
幽兰·【尝鲜小美盒】ORLANE B21传奇面霜1.5ml*2+B21全能精华1ml*1淡纹,幽兰ORLANE,ORLANE海外旗舰店,,28,28,0,0,837.2,837.2,0.0,0.0,1,0,,1
京润珍珠·珍珠人参组合面霜+精华+洁颜蜜【直播专享】0402,京润珍珠gNPearl,gNpearl 京润珍珠旗舰店,888.0,28,12,0,16,24789.0,10581.0,0.0,14208.0,14,0,,2
DS DERMASENSA·【大夏天专属】德玛森氏维生素K眼霜2.0 15ml+vk5ml*3+F5面霜30ml,德玛森氏DSDermasensa,DS DERMASENSA海外旗舰店,398.0,27,22,0,5,10746.0,8756.0,0.0,1990.0,1,0,,1
SAMU·面霜喷雾妆前保湿舒缓泛红平衡补水喷雾,,莎缪旗舰店,158.0,27,24,0,3,4266.0,3792.0,0.0,474.0,2,0,,1
The Ordinary·天然保湿因子NMF+透明质酸高保湿面霜补水锁水不油腻,The Ordinary,The Ordinary海外旗舰店,63.0,27,13,0,14,1701.0,819.0,0.0,882.0,13,0,,1
The Ordinary·长效保湿NMF天然保湿因子+β葡聚糖精粹面霜保湿精华,The Ordinary,The Ordinary海外旗舰店,69.0,27,7,0,20,1863.0,483.0,0.0,1380.0,10,0,,1
SAMU·samu莎缪面霜喷雾女ph舒缓补水舒缓棉片保湿滋润妆前爽肤水精华液,,星期8休息的店,,27,0,0,27,2025.0,0.0,0.0,2025.0,0,0,,0
可复美·【自播专享】焦点面霜+焦点贴片面膜+焦点精华,可复美,可复美旗舰店,899.0,26,26,0,0,23374.0,23374.0,0.0,0.0,21,0,,1
AFU阿芙·美白精华油45粒+11籽精华面霜30g以油养肤 Z2,阿芙AFU,AFU阿芙旗舰店,,26,24,0,2,7774.0,7176.0,0.0,598.0,36,0,,1
欧莱雅·金致臻颜重组胶原水面霜正装礼盒套组补水保湿抗皱提拉紧致套组,欧莱雅LOREAL,欧莱雅星选优品的店,,25,21,0,4,17475.0,14679.0,0.0,2796.0,86,0,,4
SAMU·【舒缓平衡喷雾100ml】面霜喷雾补水保湿全新带盒,,Lyinnnnn7788的店,,25,0,0,25,1975.0,0.0,0.0,1975.0,14,0,,1
ASOA·生肌精华双支+生肌水+生肌面霜赠卸妆膏,ASOA,何苗的店,,25,2,0,23,67060.0,5420.0,0.0,61640.0,2,0,,1
MINI CARE · 源价450！周抛面霜套盒8ml*4舒缓修护屏障锁水 效期至2025.10.20,,D多肉白又白的店,59.0,25,0,0,25,1475.0,0.0,0.0,1475.0,0,0,,0
芙丽芳丝·【自播专享】氨基酸系洗面霜温润洁面女士男士保湿洗面奶官方100g,芙丽芳丝Freeplus,芙丽芳丝精简护肤旗舰店,190.0,25,9,2,14,4750.0,1710.0,380.0,2660.0,29,2,2.0,1
玉容初·藏红花赋活水油双相精华30ml面霜50g套组【店播】,玉容初,玉容初旗舰店,,25,25,0,0,16625.0,16625.0,0.0,0.0,30,0,,1
婕她·瑞士凝时面霜50ml,,咖啡可颜的店,1980.0,25,0,0,25,49500.0,0.0,0.0,49500.0,24,0,,1
OIU · 男士酷润面霜王者归来秋冬面部正品擦脸护肤霜清爽控油补水保湿,美肤花花OIU,OIU旗舰店,,25,0,2,23,2198.0,0.0,151.0,2047.0,0,2,9.0,1
ISNTREE·韩国叶臻特黎紫色洋葱棉片B5精华微针面霜面膜提亮紧致淡痘印修护,,韩国大姐姐??的店,65.0,24,19,0,5,1580.0,1255.0,0.0,325.0,49,0,,2
欧莱雅·金致臻颜重组胶原面霜精粹水正装套组眼霜淡化细纹提拉紧致套组,欧莱雅LOREAL,欧莱雅星选优品的店,,24,20,0,4,16776.0,13980.0,0.0,2796.0,51,0,,4
BIOHEAL BOH·韩国新款紫色3D胶原蛋白精华面霜喷雾保湿补水紧致提拉,BIOHEALBOH,晓选??留学生的店,,24,10,0,14,2359.2,973.2,0.0,1386.0,10,0,,1
MEDATURE·褒曼色修烟酰胺面霜舒缓30ml清爽控油修护油敏皮【小森林专属】,MEDATURE,MEDATURE旗舰店,,24,16,0,8,8352.0,5568.0,0.0,2784.0,1,0,,1
薇诺娜·【特护霜2.0】新升级敏感肌面霜舒敏保湿补水直播享赠,薇诺娜WINONA,薇诺娜官方旗舰店,,24,13,0,11,5712.0,3094.0,0.0,2618.0,52,0,,15
Heaven pink·【达人同款】面霜喷雾红茶精华30ml多效喷雾滋润补水保湿修护,,Heaven Pink旗舰店,69.0,24,1,0,23,1656.0,69.0,0.0,1587.0,1,0,,1
尧光·恒养隔离有色面霜 裸感免卸妆 奢润光泽,,尧光旗舰店,,24,19,0,5,6936.0,5491.0,0.0,1445.0,34,0,,2
理肤天使·skin1004喜马拉雅粉盐控油保湿紧致毛孔精华面霜爽肤水,理肤天使,晓选??留学生的店,,24,11,0,13,2850.9,1303.9,0.0,1547.0,41,0,,1
养心方 · 养肤素颜霜 汉方H白面霜 嫩肤提亮修 无须卸妆,,养心方的店,48.0,24,0,1,23,1312.0,0.0,208.0,1104.0,0,7,65.0,1
DR DENNIS GROSS·阿魏酸视黄醇抗皱面霜50ml*2+玻尿酸软膜*1盒,,DrDennisGross海外旗舰店,399.0,23,23,0,0,9177.0,9177.0,0.0,0.0,1,0,,1
AFU阿芙·极光玫瑰温和洁面霜150g Z2,阿芙AFU,AFU阿芙旗舰店,,23,22,0,1,1397.0,1298.0,0.0,99.0,20,0,,1
red chamber·【囤货送礼】多用膏多用液多用粉多用棒粉饼面霜套装任选店播db,,RED CHAMBER朱栈旗舰店,,23,15,0,8,2447.0,1255.0,0.0,1192.0,30,0,,1
尧光·【直播间专属】恒养隔离有色面霜 裸感免卸妆 奢润光泽,,尧光旗舰店,,23,14,0,9,6977.0,4196.0,0.0,2781.0,21,0,,1
others·Dr.Hazi H博士奢华美容面霜,Others,瓜瓜抗衰护肤精选店的店,,23,1,0,22,97694.0,3864.0,0.0,93830.0,13,0,,1
云惜 · 玫瑰焕颜精华油｜不含1滴水·无硅油无香精 紧致抗皱赠维稳面霜5ml,云惜UCnaturel,云惜UCnaturel旗舰店,,23,0,0,23,6164.0,0.0,0.0,6164.0,2,1,3.0,2
REPLENiX·【小明女王节】TOPIX维C精华液20%VC+亮白乳面霜提亮去黄改善暗沉,REPLENIX,REPLENiX珞蓓诗海外旗舰店,,22,22,0,0,12276.0,12276.0,0.0,0.0,2,0,,1
SAMU·面霜喷雾妆前保湿舒缓泛红平衡喷雾敏感肌【直播专属】,,莎缪旗舰店,158.0,22,13,0,9,3076.0,1654.0,0.0,1422.0,13,0,,5
BELARME · 黄黑皮去黄提亮淡黑改善色沉传明酸精华液虾青素面膜光甘草定面霜,,C橙意美肤的店,,22,0,3,19,2269.0,0.0,768.0,1501.0,0,6,25.0,1
Aēsop·aesop 甘菊去瑕敷面膜60ml（送面霜刀）,,Tcosmetics的海外店,,22,18,0,4,5066.0,4950.0,0.0,116.0,9,0,,1
润百颜·【骞挑万选】胶原紧塑霜面霜重组胶原蛋白紧致抗皱保湿修护【DB】,润百颜,润百颜旗舰店,399.0,21,21,0,0,8379.0,8379.0,0.0,0.0,1,0,,1
ISNTREE·韩国isntree紫色洋葱棉片B5精华微针面霜面膜提亮紧致淡痘印修护,,小铭在韩国（采购版）的店,65.0,21,10,0,11,1365.0,650.0,0.0,715.0,24,0,,1
芙丽芳丝·水润洗面霜氨基酸洁面 芙丽方丝洗面奶,芙丽芳丝Freeplus,HOZEAL美妆海外旗舰店,85.0,21,0,0,21,1785.0,0.0,0.0,1785.0,0,0,,0
BIOHEAL BOH·【增增专属】醇萃积雪草舒缓修护面霜喷雾保湿,BIOHEALBOH,BIOHEAL BOH百析珀旗舰店,,20,8,0,12,2980.0,1192.0,0.0,1788.0,2,0,,1
珀莱雅·【卖的是小样！】双抗水乳面霜（新日期）,珀莱雅PROYA,YYboot33的店,22.0,20,20,0,0,440.0,440.0,0.0,0.0,2,0,,1
PRIMADERM · sos抗衰老面部精华 去眼圈小蓝胶眼胶  SOS胜肽抗皱面霜 原圣歌兰,圣歌兰SINGULADERM,美阁庄园小众精选护肤的店,35.0,20,1,0,19,700.0,35.0,0.0,665.0,10,4,10.0,1
SW·瑞士MGY婴儿脸/紧致款涂抹面膜 提亮肤色天花板！可以过夜当面霜,,熙仔的店真是家诚实的店的店,,20,5,0,15,8980.0,2245.0,0.0,6735.0,25,0,,1
可复美·【粉丝福利】焦点精华5ml+焦点面霜1.5g+焦点贴片面膜1片,可复美,可复美旗舰店,,19,17,0,2,1518.1,1358.3,0.0,159.8,27,0,,1
BIOHEAL BOH·韩国BOH新款紫色3D胶原蛋白精华面霜喷雾保湿补水紧致提拉,BIOHEALBOH,小王不胖(好价版)的店,99.0,19,4,0,15,1881.0,396.0,0.0,1485.0,21,0,,1
DS DERMASENSA·【柏林君专属】德玛森氏维生素K眼霜2.0 15ml+vk5ml*3+F5面霜30ml,德玛森氏DSDermasensa,DS DERMASENSA海外旗舰店,398.0,19,14,0,5,7562.0,5572.0,0.0,1990.0,1,0,,1
爱怡美·【326瑞士溯源】【先付1888，到货付888】瑞士瞬时面霜 首付款！,爱怡美IEM,爱怡美旗舰店,1888.0,19,17,0,2,35872.0,32096.0,0.0,3776.0,29,0,,2
pink too · 素颜霜防水防汗遮瑕滋润妆前乳提亮肤色自然裸妆懒人面霜学生女,,玛朵蓉的店,,19,0,3,16,245.1,0.0,38.7,206.4,0,10,72.0,1
TJE·【Fan小姐专属】云朵霜50g防水防汗自然裸妆水懒人面霜素颜霜,TJE,TJE旗舰店,,19,8,0,11,1138.1,479.2,0.0,658.9,3,0,,1
aspect · 熟龄肌必买active vc精华益生菌面膜白藜芦醇面霜抗氧维C多肽,,五哥好物的店,,18,0,0,18,6480.0,0.0,0.0,6480.0,0,5,13.0,1
Carenology 95·【幽幽专享】平衡喷雾120ml补水保湿舒缓爽肤面霜喷雾修护敏感肌,科娜蓝,Carenology95科娜蓝旗舰店,129.0,18,9,0,9,2322.0,1161.0,0.0,1161.0,3,0,,1
片仔癀·【直播福袋】2025超值面霜福袋,片仔癀PZH,行知堂片仔癀美妆旗舰店,99.0,18,12,0,6,1782.0,1188.0,0.0,594.0,67,0,,1
玉容初·藏红花精华油15ml+赋活水油双相精华30ml+面霜50g 提亮【店播】,玉容初,玉容初旗舰店,,18,16,0,2,15714.0,13968.0,0.0,1746.0,30,0,,1
Itoguchi·多维度面霜全身霜 60g【日本直邮】,,维哥严选的海外店,,18,9,3,6,2652.0,1251.0,567.0,834.0,22,1,13.0,1
VT 薇缔 · 微晶系列焕颜3步曲面膜（微晶300+面膜+面霜）,薇缔VT,VT 薇缔护肤海外旗舰店,,18,0,0,18,684.0,0.0,0.0,684.0,0,20,3.0,1
片仔癀·晶感系列 美白淡斑紧致补水保湿舒缓爽肤水乳液面霜,片仔癀PZH,行知堂片仔癀美妆旗舰店,,18,12,0,6,1242.0,828.0,0.0,414.0,67,1,4.0,1
Acaderma·【小森林】焕亮K老套绿洲30ml*2+星光30ml*2+面霜一壳两芯|M07R,爱珂黛美Acaderma,Acaderma海外旗舰店,1666.0,17,16,0,1,28322.0,26656.0,0.0,1666.0,1,0,,1
可复美·【自播专享】帧域密修精华面霜50g/盒+帧域密修精华眼霜20g/盒,可复美,可复美旗舰店,978.0,17,17,0,0,16626.0,16626.0,0.0,0.0,7,0,,1
绽妍JUYOU·【家佳专属】绽妍三重蛋白面霜修护霜+贻贝粘蛋白速修精华液,绽妍JUYOU,绽妍旗舰店,,17,11,0,6,4216.0,2728.0,0.0,1488.0,1,0,,1
SK-Ⅱ·SK-II 温和护肤洁面霜120g,SK-II,海控免税GDF会员购海外旗舰店,,17,15,0,2,4743.0,4185.0,0.0,558.0,6,0,,2
REPLENiX·【晁然专属】10%TOPIX 果酸面霜提亮去黄改善暗沉肤色收缩毛孔,REPLENIX,REPLENiX珞蓓诗海外旗舰店,,17,17,0,0,6392.0,6392.0,0.0,0.0,1,0,,1
量克·LAQUANTITE糖脂叁净澈洁面霜100g【喜宝大叔】,,LA QUANTITE 量克护肤专卖店,69.0,17,5,0,12,1173.0,345.0,0.0,828.0,2,0,,1
肌肤之研·【抗老CP】50胜肽精华三型胶原面霜Z-3,,肌肤之研旗舰店,,16,16,0,0,10688.0,10688.0,0.0,0.0,1,0,,1
SARAH CHAPMAN·【翰娜Hannah专属】熬夜油30ml+胶原快充面霜30ml+glow精华油30ml,,Sarah Chapman莎娜普蔓海外旗舰店,,16,11,0,5,34080.0,23430.0,0.0,10650.0,2,0,,1
OTHER · 素颜霜护肤品面霜补水,,方土土的店,,16,0,0,16,400.0,0.0,0.0,400.0,0,4,4.0,1
欧莱雅·金致臻颜重组胶原面霜精粹水乳霜套组提拉紧致套组补水保湿,欧莱雅LOREAL,欧莱雅星选优品的店,,16,5,0,11,3184.0,995.0,0.0,2189.0,70,0,,4
欧莱雅·水乳面霜套装便携（日期差！介意WU拍！19批),欧莱雅LOREAL,Lyinnnnn7788的店,,16,1,0,15,304.9,19.9,0.0,285.0,3,0,,1
Kahina·KAHINA精雕塑颜面霜/抗氧化面膜/清洁白泥膜/黄金冻龄眼霜眼精华,,然冉冉姐海外小众护肤的海外店,,16,2,0,14,5376.0,672.0,0.0,4704.0,20,0,,1
珀莱雅·【38抢先购】能量三件套水乳眼霜面霜精华紧致保湿礼盒套装,珀莱雅PROYA,珀莱雅PROYA官方旗舰店,,16,1,0,15,17612.0,1157.0,0.0,16455.0,1,0,,1
Carenology 95·【娜娜专属】平衡喷雾120ml*3瓶保湿舒缓爽肤水面霜喷雾,科娜蓝,Carenology95科娜蓝旗舰店,,16,11,0,5,4784.0,3289.0,0.0,1495.0,1,0,,1
自然堂·喜马拉雅冰川水乳面霜男士护肤品套装深层保湿滋润,自然堂CHANDO,CHANDO自然堂官方旗舰店,,16,0,0,16,1040.0,0.0,0.0,1040.0,1,0,,1
颐莲·高保湿嘭嘭面霜玻尿酸补水保湿修护舒缓滋润,颐莲RELLET,颐莲旗舰店,,16,0,0,16,1728.0,0.0,0.0,1728.0,2,0,,1
BIOHEAL BOH · 韩国Boh积雪草面霜喷雾120ml保湿补水,BIOHEALBOH,蛋蛋是只喵??的店,58.0,15,0,0,15,870.0,0.0,0.0,870.0,0,1,199.0,1
谷雨·小奶罐面霜提亮肤色15g 刮码发货,谷雨,小丸子正品美妆的店,35.0,15,11,0,4,477.0,337.0,0.0,140.0,13,2,1.0,1
numbuzin·韩国数字系列收缩毛孔3号爽肤水5号提亮小黑瓶精华面霜保湿修护,numbuzin,韩国大姐姐??的店,108.0,15,10,0,5,1576.5,1036.5,0.0,540.0,49,2,8.0,2
丽质华堂·紫檀柔肤水100ml+精华液30ml+面霜60g,丽质华堂,丽质华堂旗舰店,,15,11,1,3,31935.0,23419.0,2129.0,6387.0,48,1,12.0,1
HEXKIN·韦雪同款~韩国赫诗琴水光面霜水光肌保湿回头霜光感塑颜霜正品,HEXKIN,小铭在韩国（采购版）的店,25.0,15,4,0,11,375.0,100.0,0.0,275.0,23,0,,1
听研·少奶奶 爆款推荐 立体塑颜建构系列【精粹水+精华+面霜】抗皱修护,听研,听研旗舰店,99.0,15,8,0,7,1485.0,792.0,0.0,693.0,3,0,,1
她叙·【直播专属】亲肌无痕有色面霜素颜霜修饰肤色懒人底妆官方,TAASHEE她叙,TAASHEE她叙旗舰店,229.0,15,11,0,4,2885.0,1969.0,0.0,916.0,59,0,,12
EVENSWISS · 瑞士进口5倍胶原精华大师精华紧致提升面膜/面霜修护胶原蛋白在生,伊瑞施EVENSWISS,不扎人的??小菠萝的店,,15,0,0,15,1335.0,0.0,0.0,1335.0,0,2,12.0,1
其他·· 正宗猪油柿叶膏50g面部护肤面霜提亮肤色柿子叶膏猪油版,,浩真商贸的店,,15,8,0,7,442.2,239.2,0.0,203.0,53,0,,1
丽颜世家 · 水光粉嫩霜素颜霜60ML素颜面霜,丽颜世家NCEKO,跟着红姐用国货的店,39.9,15,0,4,11,548.7,0.0,119.7,429.0,0,27,331.0,1
MamaAndKids · UV儿童防晒霜温和补水保湿面霜SPF23防晒乳液90ml,母婴护肤品MamaAndKids,MamaAndKids海外旗舰店,,15,0,0,15,3118.5,0.0,0.0,3118.5,0,5,0.0,1
爱怡美·<旗舰店>女神素颜霜II 抗皱面霜 淡纹素颜霜脸部推荐身体可用,爱怡美IEM,爱怡美旗舰店,,15,0,0,15,5970.0,0.0,0.0,5970.0,46,0,,8
瑷丝特兰·【全新二代】干皮安心保湿柔护细喷雾120ml补水修护爽肤水面霜喷,瑷丝特兰AESTURA 365,小王不胖(好价版)的店,99.0,14,3,4,7,1386.0,297.0,396.0,693.0,25,1,6.0,1
SK-Ⅱ·大红瓶面霜80ML＋神仙水230ML(礼盒礼袋）,SK-II,猴力有限公司的海外店,,14,13,0,1,16786.0,15587.0,0.0,1199.0,4,0,,1
她叙·【直播专属】亲肌无痕有色面霜素颜霜修饰肤色懒人底妆官方,TAASHEE她叙,TAASHEE她叙旗舰店,,14,9,0,5,2506.0,1611.0,0.0,895.0,42,0,,14
玉容初 · 藏红花精华油15ml+赋活水油双相精华30ml+面霜50g 提亮抗老修护,玉容初,玉容初旗舰店,,14,0,3,11,12222.0,0.0,2619.0,9603.0,1,2,14.0,2
ESTEE LAUDER · 红石榴套装三件套洗面奶爽肤水面霜护肤亢老滋润补水提亮,雅诗兰黛Estee Lauder,纤俏美护专营店,,14,0,0,14,6160.0,0.0,0.0,6160.0,0,1,6.0,1
可复美 · 透明质酸钠藻萃盈润保湿精华水乳液面霜深层沁润补水墩墩吨吨水乳,可复美,京薇妍美妆好物严选的店,,14,0,0,14,1372.0,0.0,0.0,1372.0,0,0,,0
BLIFT PRO SC·【王灿专属】八胜肽抗老精华30ml限时买一送一（送面霜精华小样）,,BLIFT PRO SC海外旗舰店,,13,13,0,0,7774.0,7774.0,0.0,0.0,1,0,,1
klairs蔻徕氏·【珍珠首播专属/单支装】素颜霜面霜原装烟酰胺bb霜亮肤素颜霜40g,,klairs蔻徕氏海外旗舰店,,13,0,0,13,1261.0,0.0,0.0,1261.0,0,0,,0
欧莱雅·金致臻颜滋润面霜玻色因提拉紧致淡纹保湿修护补水超值套组ZB,欧莱雅LOREAL,欧莱雅星选优品的店,,13,9,0,4,7687.0,5691.0,0.0,1996.0,51,0,,4
境生之源·【全家福套组】精华面霜水乳颈霜紧致抗皱淡纹修护舒缓保湿套装,,境生之源旗舰店,,13,3,0,10,11687.0,2697.0,0.0,8990.0,40,0,,1
尧光·恒养隔离有色面霜 裸感免卸妆 奢润光泽,,尧光旗舰店,,13,4,0,9,3617.0,1016.0,0.0,2601.0,31,0,,7
AIONAYI · 美容院水乳液面霜润肤水洁面乳,,琳小琳二号店的店,,13,0,1,12,786.0,0.0,78.0,708.0,2,10,9.0,1
AFU阿芙·水乳面霜适合干皮油皮混油！保湿补水焕亮紧致,阿芙AFU,王富贵儿的美妆小店店的店,,13,1,0,12,767.0,59.0,0.0,708.0,1,0,,1
NARS·纳斯有色面霜隔离遮瑕防护三合一提亮素颜霜 L0/L120ml中小样,NARS,爱媚丽美妆的店,,12,5,0,7,477.6,199.0,0.0,278.6,18,0,,1
DR DENNIS GROSS·3D多肽面霜  50ml x2,,DrDennisGross海外旗舰店,799.0,12,12,0,0,9588.0,9588.0,0.0,0.0,1,0,,1
欧缇丽·【章小蕙直播专享】白藜芦醇紧致淡纹套组精华30ml面霜50ml,欧缇丽Caudalie,欧缇丽CAUDALIE旗舰店,,12,5,0,7,10800.0,4500.0,0.0,6300.0,1,0,,1
惜玥·多肽组合（精华30ml+面霜50g）（夏天25.3）,惜玥nowlove,惜玥旗舰店,,12,12,0,0,6828.0,6828.0,0.0,0.0,1,0,,1
Dalton·【两只小狗六专属】海神三明治套组：海神面霜+海神安瓶,DALTON,DALTON德海顿旗舰店,,12,10,0,2,13968.0,11640.0,0.0,2328.0,2,0,,1
玫琳凯·【福利】 乳液面霜保湿水 粉妍片眼霜精华安瓶官网正品,玫琳凯MARY KAY,玫丽甄选的店,,12,5,0,7,514.8,214.5,0.0,300.3,71,0,,1
SAMU · 官方正品！samu面霜喷雾妆前保湿补水舒缓修护控油湿敷水化妆水女,,小丸子美妆合集的店,,12,0,4,8,502.5,0.0,394.5,108.0,1,3,15.0,1
JULIETTE & TOM·【章龄之专属】-法国原装进口-小蜜瓜果冻面霜 儿童保湿舒缓啫喱,,Juliette & Tom海外旗舰店,429.0,11,11,0,0,4719.0,4719.0,0.0,0.0,1,0,,1
isoi·iSoi玫瑰系列！修护精华水面霜眼膜贴橡皮擦面膜淡斑淡痘印,,楼派派是个代go的店,,11,6,0,5,1134.0,639.0,0.0,495.0,34,0,,2
ELEMIS·【章小蕙直播专享】海洋胶原玫瑰卸妆膏100g赠卸妆膏+面霜+化妆包,艾丽美Elemis,玫瑰是玫瑰梦想橱窗的店,,11,0,0,11,4950.0,0.0,0.0,4950.0,0,0,,0
玲珑·【达人专属】紧致面霜+精华+眼霜精致护肤套组 脸眼抗皱修护,玲珑,LEEN LONG玲珑旗舰店,699.0,11,10,0,1,7689.0,6990.0,0.0,699.0,65,0,,7
她叙·【店播】【早八人套组】亲肌无痕有色面霜+任意唇釉套组,TAASHEE她叙,TAASHEE她叙旗舰店,,11,5,0,6,2838.0,1290.0,0.0,1548.0,34,0,,1
绽妍JUYOU·【夏天专属】绽妍三重蛋白面霜修护霜+贻贝粘蛋白速修精华液,绽妍JUYOU,绽妍旗舰店,,11,7,0,4,2728.0,1736.0,0.0,992.0,1,0,,1
PORT BUDDY · 【38女神节礼物】朴笛377面霜精华护肤去黄提亮补水保湿改善暗沉,,PORT BUDDY銘森海外专卖店,,11,0,1,10,638.0,0.0,58.0,580.0,0,16,107.0,2
珀莱雅·高端k老！能量水乳/面霜/精华油启时系列紧致抗皱保湿提拉,珀莱雅PROYA,还没被炒鱿鱼的店,,11,2,0,9,198.0,36.0,0.0,162.0,22,0,,1
尧光·【敏肌养肤】恒养有色面霜替换装 奢润光泽 干皮敏肌养肤免卸妆,,尧光旗舰店,,11,0,0,11,3399.0,0.0,0.0,3399.0,3,1,0.0,3
美迪惠尔 · 人肉背回 | 水润保湿棉片100片补水滋润湿敷面霜懒人面膜急救补水,美迪惠尔Mediheal,欧尼是我飞韩国 | 正品的店,,11,0,1,10,1195.0,0.0,145.0,1050.0,0,7,75.0,1
春娟SINCE1980·【ZB】春娟黄芪保湿洁面水乳面霜面部水润护理经典护肤品保湿,春娟,春娟旗舰店,,11,7,0,4,502.0,266.0,0.0,236.0,30,0,,1
韩束·【明星同款】X肽面霜赋活丰盈紧塑轻润霜美容护肤保湿品牌,韩束KanS,KANS韩束旗舰店,279.0,10,10,0,0,2790.0,2790.0,0.0,0.0,23,0,,3
她叙·【直播专场】亲肌无痕有色面霜+任意唇釉套组,TAASHEE她叙,TAASHEE她叙旗舰店,,10,10,0,0,2580.0,2580.0,0.0,0.0,102,0,,13
SAMU·面霜喷雾妆前保湿舒缓泛红平衡补水喷雾,,莎缪旗舰店,158.0,10,4,0,6,1580.0,632.0,0.0,948.0,22,0,,7
欧诗漫·【直播专享】安心面霜安心大白罐舒颜焕亮修护霜次抛精华组合,欧诗漫OSM,欧诗漫旗舰店,,10,8,0,2,997.2,799.2,0.0,198.0,61,0,,2
资生堂 · 新款悦薇智感紧塑焕白霜15ml中小样 清爽型 控糖面霜,资生堂SHISEIDO,秋虎小样儿的店,,10,0,0,10,369.0,0.0,0.0,369.0,0,0,,0
MZ SKIN BY DR MARYAM ZAMANI·焕活X细胞精华+胜肽面霜清爽版【双十一专享】,MZ SKIN,瓜瓜抗衰护肤精选店的店,,10,1,0,9,27930.0,2793.0,0.0,25137.0,8,0,,1
奕间实验室 · 黑绷带面霜高端复刻·31%玻色因·御龄紧致实验室自研,,护肤实验室打工仔的店,198.0,10,0,1,9,1920.0,0.0,138.0,1782.0,0,2,16.0,1
Carenology 95·Carenology95/平衡喷雾120ml补水保湿舒缓爽肤水面霜喷雾,科娜蓝,Carenology95科娜蓝旗舰店,129.0,10,1,0,9,1270.0,109.0,0.0,1161.0,7,0,,6
尧光·恒养隔离有色面霜 裸感免卸妆 奢润光泽,,尧光旗舰店,,10,6,0,4,2680.0,1524.0,0.0,1156.0,29,0,,1
BOH·面霜喷雾泛醇CICA弱酸性修复舒缓镇静补水韩国积雪草喷雾,,昭昭在韩国go的店,,10,2,0,8,1010.0,202.0,0.0,808.0,14,0,,1
Torriden·小猴子同款 韩国桃瑞丹爽肤水面霜精华洗面奶棉片维稳低分子玻尿,,昭昭在韩国go的店,,10,6,0,4,1140.0,684.0,0.0,456.0,14,0,,1
diary·50%玻色因胶原面霜 | 速充胶原 分层回填 拒绝流失 幽幽,,diary言之有物旗舰店,,10,0,0,10,3280.0,0.0,0.0,3280.0,13,0,,1
MapleBio枫萃·双彩凝萃精华油*1盒+虾青素面霜*1瓶+双萃油体验装*4支,,枫萃生物枫燚凯兮专卖店,,9,6,0,3,11691.0,7794.0,0.0,3897.0,1,0,,1
TUCO·【醒醒专享】（几何版）法老眼霜+法老面霜抗皱淡纹紧致透亮滋润,,TUCO旗舰店,,9,7,0,2,4752.0,3696.0,0.0,1056.0,1,0,,1
芯丝翠·【大筠专属】活颜0.3%A醇夜精华30ml 赠D229面霜 10g*2,芯丝翠Neostrata,芯丝翠海外旗舰店,618.0,9,7,0,2,5562.0,4326.0,0.0,1236.0,1,0,,1
植贝 · 【买一送一】石斛养肤素颜霜自然不假白遮瑕隔离懒人面霜素颜霜,植贝,DADK的店,,9,0,1,8,115.2,0.0,12.8,102.4,0,32,27.0,1
欧利芙洋·韩国klairs寇徕氏素颜bb霜ins小众品牌！瓷光隔离面霜脸部遮瑕,欧利芙洋OLIVE YOUNG,米琪琪欧尼的店,,9,6,0,3,771.0,474.0,0.0,297.0,20,0,,1
维缇芮生·【柏林君专属】滋养修护抗皱舒缓保湿屏障强韧臻修紧实面霜50ml,,VITREGEN维缇芮生旗舰店,259.0,9,6,0,3,2331.0,1554.0,0.0,777.0,1,0,,1
skin lane·【新年福袋】肌侣大师面膜1盒+大师面霜10g+白月光面膜2片,肌侣skin lane,skinlane肌侣旗舰店,,9,8,0,1,2061.0,1832.0,0.0,229.0,37,0,,1
Biossance·角鲨烷玫瑰VC面霜 50mL,BIOSSANCE,BIOSSANCE海外旗舰店,,9,6,0,3,4491.0,2994.0,0.0,1497.0,1,0,,1
雅琪诺 · 素颜霜懒人霜面霜自然美颜提亮肤色遮瑕裸装前隔离遮瑕学生BB霜,雅琪诺YAQINUO,西阅护肤甄选的店,,9,0,4,5,115.2,0.0,51.2,64.0,0,1,78.0,1
丝幕 · 芦荟胶维生素E胶囊维e乳玫瑰油三件套补水护肤品套装滋润保湿面霜,丝幕simu,蔓莎兰婷的店,,9,0,0,9,458.19,0.0,0.0,458.19,0,4,8.0,1
尧光·恒养隔离有色面霜 裸感免卸妆 奢润光泽,,尧光旗舰店,,9,6,0,3,2391.0,1524.0,0.0,867.0,93,0,,12
雪玲妃·小黑管氨基酸洗面奶套装黑金玻色因面霜紧致抗老护肤品组合,雪玲妃Xuelinfe,雪玲妃 SNEFE旗舰店,168.0,9,4,0,5,1432.0,592.0,0.0,840.0,9,0,,1
pink too · 素颜霜防水防汗遮瑕滋润妆前乳提亮肤色自然裸妆懒人面霜学生女,韩舜妆HORNCOS,HORNCOS韩舜妆护肤的店,,9,0,6,3,97.8,0.0,61.8,36.0,0,11,331.0,1
珀莱雅 · 时光流金礼盒·能量两件套水乳面霜眼霜精华油紧致抗皱淡纹保湿,珀莱雅PROYA,珀莱雅PROYA官方旗舰店,,9,0,0,9,5922.0,0.0,0.0,5922.0,0,0,,0
梦丽多日·【番茄专属】防晒全效组合 防晒+晒后急救修复清洁CP棒冰沙面霜,梦丽多日mongdies,mongdies梦丽多日海外旗舰店,339.0,8,7,0,1,2712.0,2373.0,0.0,339.0,1,0,,1
GETTING·【鱼儿很鱼专属】参润草本有色精华面霜懒人必备妆前隔离素颜霜,,GETTING旗舰店,,8,4,0,4,1672.0,836.0,0.0,836.0,11,0,,1
她叙·【安吉专属】肌无痕有色面霜+任意唇釉套组,TAASHEE她叙,TAASHEE她叙旗舰店,,8,8,0,0,2064.0,2064.0,0.0,0.0,1,0,,1
ALYSCAMPS·【张婉婷专属】感官植萃洁颜油50ml+多维女士高定面霜50ml,,ALYSCAMPS海外旗舰店,,8,8,0,0,808.0,808.0,0.0,0.0,1,0,,1
DS DERMASENSA·【家佳专属】德玛森氏维生素K眼霜2.0 15ml+vk5ml*3+F5面霜30ml,德玛森氏DSDermasensa,DS DERMASENSA海外旗舰店,398.0,8,8,0,0,3184.0,3184.0,0.0,0.0,1,0,,1
可复美·【粉丝福利】焦点精华5ml+1.5g焦点面霜*2+涂抹面膜1颗+胶原棒1支,可复美,可复美旗舰店,,8,8,0,0,639.2,639.2,0.0,0.0,4,0,,1
BIOLOGIQUE RECHERCHE·【章小蕙专享】淡纹修护cp (胶原原液 30ml+倍润强护面霜 50ml),,BIOLOGIQUE RECHERCHE官方旗舰店,2860.0,8,7,0,1,22880.0,20020.0,0.0,2860.0,6,0,,2
DS DERMASENSA·【38大促】德玛森氏维生素K眼霜2.0 15ml+vk5ml*3+F5面霜30ml,德玛森氏DSDermasensa,DS DERMASENSA海外旗舰店,398.0,8,5,0,3,3184.0,1990.0,0.0,1194.0,8,0,,6
优时颜·【官方正品】第二代黑引力面霜+微笑精华油保湿提拉六胜肽抗皱,优时颜UNISKIN,UNISKIN优时颜旗舰店,389.0,8,7,0,1,3112.0,2723.0,0.0,389.0,30,0,,1
灵木集·【回购推荐】灵萃气韵奢润面霜2瓶 人参山茶姜黄草本植萃抗氧保湿,,灵木集旗舰店,,8,6,0,2,3992.0,2994.0,0.0,998.0,18,0,,1
黛尔珀·韩国dAlba全系列 空姐喷雾白松露双层精华面霜水润面膜提亮高保湿,黛尔珀dAlba,楼派派是个代go的店,,8,6,0,2,207.2,155.4,0.0,51.8,34,0,,2
HE · 【直播专享】男士秋冬补水保湿面霜清爽滋润脸部护肤全身可涂,,HE赫恩旗舰店,39.9,8,2,0,6,319.2,79.8,0.0,239.4,10,1,0.0,2
S.NATURE·韩国善自然角鲨烷面霜补水保湿妆前乳服帖詹詹小猴子爱用,S.NATURE,小依星球的店,,8,0,0,8,328.0,0.0,0.0,328.0,9,0,,1
environe·南非院线environ高端蓝色线a醇胜肽精华面霜洗面奶眼霜,,德国葫芦娃的店,,8,0,0,8,3840.0,0.0,0.0,3840.0,29,0,,1
珀莱雅·【38返场】能量精华油+面霜奢润紧致抗皱礼盒活动专享,珀莱雅PROYA,珀莱雅PROYA官方旗舰店,828.0,8,7,0,1,6624.0,5796.0,0.0,828.0,13,0,,8
她叙·【米修妈专属】亲肌无痕有色面霜素颜霜修饰肤色懒人底妆官方正品,TAASHEE她叙,TAASHEE她叙旗舰店,229.0,8,8,0,0,1582.0,1582.0,0.0,0.0,12,0,,1
欧莱雅·金致臻颜重组胶原面霜精粹水乳霜中样套组提拉紧致套组补水保湿,欧莱雅LOREAL,欧莱雅星选优品的店,,7,4,0,3,1183.0,676.0,0.0,507.0,8,0,,3
肌肤之钥·钻光五件套体验装 洗面奶光采赋活精华面霜眼霜保湿,肌肤之钥cpb,阿欧家快乐星球的店,,7,3,0,4,1106.0,474.0,0.0,632.0,3,0,,1
BIOHEAL BOH · 韩国紫色3D胶原蛋白弹弹喷雾 保湿补水紧致提拉面霜喷雾,BIOHEALBOH,大雪雪的旅行日记的店,,7,0,2,5,763.0,0.0,218.0,545.0,0,3,10.0,1
艾斯诺娜面霜无赠品25.10,,橙妹（橙妹精选）的店,168.0,7,0,0,7,1176.0,0.0,0.0,1176.0,1,0,,1
薇诺娜·【38大促】修白瓶日晚霜套装美白祛斑淡斑精华液面霜,薇诺娜WINONA,薇诺娜官方旗舰店,,7,6,0,1,4795.0,4110.0,0.0,685.0,10,0,,1
瑷尔博士·【达人专属】酵萃洁面霜氨基酸深层清洁平衡水油不紧绷100g,瑷尔博士,Dr.Alva瑷尔博士旗舰店,,7,0,0,7,826.0,0.0,0.0,826.0,0,0,,0
兰蔻·菁纯眼霜两个装加菁纯面霜一个装（礼盒礼袋）,兰蔻LANCOME,猴力有限公司的海外店,,7,7,0,0,13993.0,13993.0,0.0,0.0,3,0,,1
Acaderma·【小森林】绿洲CP绿洲精华30ml+绿洲面霜50ml+绿洲面膜50ml|M08,爱珂黛美Acaderma,Acaderma海外旗舰店,1189.0,7,5,0,2,8323.0,5945.0,0.0,2378.0,1,0,,1
优时颜·【官方正品】黑引力精华水乳面霜洁面胶原保湿紧致抗皱修护,优时颜UNISKIN,UNISKIN优时颜旗舰店,499.0,7,5,0,2,3493.0,2495.0,0.0,998.0,31,0,,1
Carenology 95·Carenology95/平衡喷雾120ml补水保湿舒缓爽肤水面霜喷雾,科娜蓝,Carenology95科娜蓝旗舰店,129.0,7,6,0,1,903.0,774.0,0.0,129.0,32,0,,10
玲珑·【粉丝专属】紧致面霜+精华+眼霜精致护肤套组 抗皱修护干油皮,玲珑,LEEN LONG玲珑旗舰店,,7,1,0,6,5593.0,799.0,0.0,4794.0,4,0,,1
BIOHEAL BOH · boh保湿喷雾积雪草舒缓修护面霜喷雾120ml护肤妆前定妆爽肤水,BIOHEALBOH,喵喵淼淼圆又圆的店,69.0,7,0,0,7,483.0,0.0,0.0,483.0,0,0,,0
TWG · V7素颜霜补水保湿提亮肤色打底面霜贵妇膏自然懒人素颜霜水光靓肤,,等风热吻我shop的店,,7,0,3,4,69.3,0.0,29.7,39.6,0,18,2444.0,1
云惜·玫瑰焕颜精华油｜ 紧致抗皱 单品赠维稳面霜5ml【李宝专属】,云惜UCnaturel,云惜UCnaturel旗舰店,,7,6,0,1,2296.0,2028.0,0.0,268.0,3,0,,1
Carenology 95·平衡喷雾120ml补水保湿舒缓维稳敏感肌爽肤水水光面霜喷雾便携,科娜蓝,Carenology95科娜蓝旗舰店,,7,2,0,5,863.0,218.0,0.0,645.0,25,0,,1
pink too · 懒人遮瑕素颜霜提亮肤色隔离滋润补水脸部裸妆护肤面霜素颜霜,,Pink Too美护旗舰店,,7,0,0,7,173.6,0.0,0.0,173.6,0,7,22.0,1
HE·男士润唇膏保湿面霜滋润嘴唇补水防干裂淡化唇纹去死皮护手霜,,HE赫恩旗舰店,,7,0,0,7,279.3,0.0,0.0,279.3,10,0,,1
unny club·素颜霜懒人霜保湿面霜遮瑕学生男女平价滋润官方旗舰店,悠宜unnyclub,UNNY CLUB官方旗舰店,89.0,7,0,0,7,623.0,0.0,0.0,623.0,5,0,,1
NUNA by Premier Dead Sea·【下单后留意客服信息】以色列香槟金盈润保湿面霜70ml*2瓶,NUNA by Premier Dead Sea,美月宇宙的店,1999.0,6,6,0,0,11994.0,11994.0,0.0,0.0,1,0,,1
听研·少奶奶 蕴能紧致胶原次抛精华+面霜+洁面+精粹水2.0+红毯面膜,听研,听研旗舰店,899.0,6,6,0,0,5394.0,5394.0,0.0,0.0,2,0,,1
肌肤之研·【抗老CP】50胜肽精华三型胶原面霜Z-3,,肌肤之研旗舰店,870.0,6,6,0,0,4008.0,4008.0,0.0,0.0,3,0,,3
GETTING·【霸霸不测评专属】参润草本有色精华面霜精致懒人必备妆前融肤,,GETTING旗舰店,,6,6,0,0,2034.0,2034.0,0.0,0.0,14,0,,1
Acaderma·【小森林】焕亮K老套绿洲30ml*2+星光30ml*2+面霜替换芯*2|M07R,爱珂黛美Acaderma,Acaderma海外旗舰店,1636.0,6,6,0,0,9816.0,9816.0,0.0,0.0,1,0,,1
Shang Renée赏容·【宝藏niki专属】【Re精华水+蕴能面霜】水面部套装修护保湿抗皱,,Shang Renée赏容旗舰店,,6,4,0,2,2076.0,1384.0,0.0,692.0,1,0,,1
Acaderma·【查理专属】绿洲精华30ml+赋活NAD+绿洲面霜50ml修屏障抗老|C07,爱珂黛美Acaderma,Acaderma海外旗舰店,948.0,6,3,0,3,5688.0,2844.0,0.0,2844.0,2,0,,1
其他·西班牙英诺世家光子面霜50g 买一送一,,多大宝啥都有的店,288.0,6,2,0,4,1728.0,576.0,0.0,1152.0,3,0,,1
Aubu·【女神专享】礼献大礼包15min 线雕V脸面膜超A面霜4周淡纹抗皱,,Aubu海外旗舰店,,6,5,0,1,2994.0,2495.0,0.0,499.0,24,0,,1
Klaisy·早八神器！韩国klairs面霜蔻徕氏原装进口烟酰胺bb霜亮肤bb霜遮瑕,,韩国大姐姐??的店,104.0,6,1,0,5,624.0,104.0,0.0,520.0,49,0,,2
VT 薇缔·【啾鼠专属】微晶系列焕颜三步曲面膜（微晶300+面膜+面霜）,薇缔VT,VT 薇缔护肤海外旗舰店,,6,3,0,3,804.0,402.0,0.0,402.0,1,0,,1
Carenology 95·Carenology95/平衡喷雾120ml补水保湿舒缓爽肤水面霜喷雾,科娜蓝,Carenology95科娜蓝旗舰店,,6,6,0,0,774.0,774.0,0.0,0.0,49,0,,2
Klaisy·早八神器！韩国柯莱丝面霜蔻徕氏原装进口烟酰胺bb霜亮肤bb霜遮瑕,,小铭在韩国（采购版）的店,104.0,6,3,0,3,624.0,312.0,0.0,312.0,21,0,,1
Monica Queen·莫妮卡抗皱紧致套组·精华油+面霜,,Monica Queen旗舰店,,6,2,0,4,5904.0,1968.0,0.0,3936.0,4,0,,2
雅琪诺 · 懒人遮瑕素颜霜全身自然提亮肤色不假白面霜伪素颜校园学生党必备,雅琪诺YAQINUO,沫离护肤甄选的店,,6,0,0,6,72.0,0.0,0.0,72.0,0,3,150.0,1
pink too · 素颜霜遮瑕滋润隔离妆前乳提亮肤色自然裸妆懒人面霜学生党,CYCY,CYCY景沫的店,12.9,6,0,1,5,77.4,0.0,12.9,64.5,0,2,7.0,1
尧光·恒养隔离有色面霜 裸感免卸妆 奢润光泽,,尧光旗舰店,,6,5,0,1,1734.0,1445.0,0.0,289.0,15,0,,1
Torriden·韩国桃瑞丹粉色胶原蛋白弹力系列 眼霜 面霜 面膜,,楼派派是个代go的店,,6,0,0,6,570.0,0.0,0.0,570.0,33,0,,1
尧光·恒养隔离有色面霜 裸感免卸妆 奢润光泽,,尧光旗舰店,,6,4,0,2,1734.0,1156.0,0.0,578.0,59,0,,6
瑷尔博士·【达人专属】酵萃洁面霜氨基酸深层清洁平衡水油不紧绷100g,瑷尔博士,Dr.Alva瑷尔博士旗舰店,138.0,6,1,0,5,808.0,118.0,0.0,690.0,2,0,,2
丸美·小金针面霜补水保湿抗皱淡纹  可查防伪,丸美MARUBI,小丸子正品美妆的店,59.0,5,0,0,5,295.0,0.0,0.0,295.0,6,1,0.0,1
优时颜·【官方正品】第3代微笑眼霜+黑引力面霜紧致上眼皮强抚纹亮眼周,优时颜UNISKIN,UNISKIN优时颜旗舰店,549.0,5,5,0,0,2705.0,2705.0,0.0,0.0,31,0,,1
欧莱雅·第二代金致臻颜重组胶原精粹水乳液面霜正装套组淡化细纹提拉紧致,欧莱雅LOREAL,欧莱雅星选优品的店,,5,0,0,5,3495.0,0.0,0.0,3495.0,6,0,,3
赫莲娜·黑绷带面霜＋洗面奶＋小露珠精华水（礼盒礼袋）,赫莲娜HELENA RUBINSTEIN,猴力有限公司的海外店,,5,5,0,0,14995.0,14995.0,0.0,0.0,4,0,,1
芙丽芳丝 · 氨基酸洁面净澈控油洗面霜祛痘修护清洁保湿控油洁面奶100g+80g,芙丽芳丝Freeplus,芙丽芳丝精简护肤旗舰店,170.0,5,0,0,5,850.0,0.0,0.0,850.0,0,6,4.0,1
三草两木·双莲柔暂光感套盒水乳精华面霜4件套补水修护提亮肤色,三草两木SASELOMO,阳阳三草两木护肤品的店,298.0,5,3,0,2,1490.0,894.0,0.0,596.0,30,0,,1
左颜右色 · 男士护肤品套装全套微酸洗面奶面霜爽肤水控油补水保湿霜深层清洁,左颜右色,左颜右色旗舰店,,5,0,0,5,695.0,0.0,0.0,695.0,0,3,35.0,2
瑞波琴·repechage小绿瓶海藻精华面霜褪红舒缓玫瑰脂皮抗火30ml,瑞波琴Repechage,然冉冉姐科学护肤的店,589.0,5,3,0,2,2825.0,1647.0,0.0,1178.0,19,0,,1
TOCOBO·韩国益生菌乳酸菌精华液 冰激凌面霜 柠檬爽肤水清爽保湿修复屏障,,晓选??留学生的店,,5,2,0,3,458.95,182.95,0.0,276.0,40,0,,1
伊贝诗·鱼子酱蓝钻霜紧致淡纹抗皱滋润保湿面霜女官方正品,伊贝诗,伊贝诗旗舰店,194.0,5,1,0,4,970.0,194.0,0.0,776.0,6,0,,4
果达儿 · 升级款2倍提亮 青橘vc精华30ml 40ml眼霜 棉片面霜,果达儿goodal,小依星球的店,,5,1,1,3,375.0,69.0,99.0,207.0,9,3,13.0,1
Biossance·【章小蕙专享】角鲨烷玫瑰VC面霜 50mL,BIOSSANCE,BIOSSANCE海外旗舰店,,5,3,0,2,2695.0,1617.0,0.0,1078.0,4,0,,1
environe·ENVIRON新品3D多肽丰盈K皱紧致面霜30ml/面膜50ml/精华/套盒,,德国葫芦娃的店,260.0,5,2,0,3,1160.0,380.0,0.0,780.0,27,0,,1
露得清·高阶A醇套组·超A面霜超A精华套组A醇抗皱修护紧致淡纹送礼早C晚A,露得清Neutrogena,露得清官方旗舰店,,5,2,0,3,2645.0,1058.0,0.0,1587.0,25,0,,1
sakose·凡士林山茶花洁面慕斯泡沫洗面奶男女通用清洁毛孔滋润保湿洁面霜,sakose,sakose旗舰店,,5,0,0,5,95.0,0.0,0.0,95.0,9,0,,6
MILA MOURSI·【两只小狗六专属】红毯精华30ml面膜1盒面霜30ml*1果酸精华3ml*2,,水羊堂海外旗舰店,,5,0,0,5,16500.0,0.0,0.0,16500.0,0,0,,0
珀莱雅·【38返场】红宝石两件套水乳精华面霜套装淡纹紧致抗皱直播专享,珀莱雅PROYA,珀莱雅PROYA官方旗舰店,,5,5,0,0,2040.0,2040.0,0.0,0.0,8,0,,3
Blanc doux · 韩国the lab布朗杜补水保湿舒缓镇静湿敷补水面膜 棉片精华面霜,,三岁在韩国的店,,5,0,2,3,292.0,0.0,157.0,135.0,0,5,7.0,1
海得宝·（番茄罐头专属）皮脂膜面霜242黄金配比修护受损敏感苹果脸克星,海得宝MarTempo,海得宝 MarTempo旗舰店,,5,0,0,5,1140.0,0.0,0.0,1140.0,0,0,,0
玫琳凯·护肤品套装优萃鲜肌元气爽肤水乳液面霜抗糖补水保湿正品,玫琳凯MARY KAY,玫丽甄选的店,,5,1,0,4,240.0,48.0,0.0,192.0,71,0,,1
三式·春光套组春光万象精华液宝塔面霜抗皱护肤品套装-ZB,三式SANSHI,SANSHI三式旗舰店,,5,0,0,5,4080.0,0.0,0.0,4080.0,31,0,,1
丽质华堂·紫檀柔肤水100ml+面霜60g,丽质华堂,丽质华堂旗舰店,,5,5,0,0,5895.0,5895.0,0.0,0.0,48,0,,1
伊菲丹·超级面膜 精华水 rich面霜 三重胶原焕肤面膜 中小样官方授权正品,伊菲丹EviDenS de Beaute,惠玲全球甄选的店,,5,4,0,1,371.0,312.0,0.0,59.0,5,1,6.0,1
名美人 · 【拍一发六样】6件套组合芦荟胶灌肤维生素E补水保湿水润面霜滋润,,瑶瑶护肤的店,39.9,5,0,0,5,199.5,0.0,0.0,199.5,0,0,,0
NARS·纳斯有色面霜三重保湿隔离滋润遮瑕防护三合一提亮素颜霜中样20ml,NARS,丘丘超绝美妆的店,,4,2,0,2,159.2,79.6,0.0,79.6,2,0,,1
MapleBio枫萃·双彩凝萃精华油*1盒+虾青素面霜*1瓶+双萃油体验装*4支,,枫萃 MAPLEBIO旗舰店,,4,4,0,0,5196.0,5196.0,0.0,0.0,2,0,,1
lekarka·01精华+03面霜+微针精华维稳复原淡纹提亮 紧致抗初老暗沉,,Lekarka海外旗舰店,,4,4,0,0,14396.0,14396.0,0.0,0.0,8,0,,1
理肤天使·【DIY】售罄补货! 益生菌面膜15片面霜3个精华2个积雪草精华2个,理肤天使,SKIN1004理肤天使海外旗舰店,,4,0,0,4,2580.0,0.0,0.0,2580.0,0,0,,0
尧光·【春敏安心妆养套组】直播专属 恒养水光精华棒有色面霜敏肌养肤,,尧光旗舰店,,4,3,0,1,1902.0,1424.0,0.0,478.0,21,0,,1
OBAGI·佳俊老师专享 黑金面霜维C精华组合（黑金面霜50g+C25精华12ml）,欧邦琪Obagi,OBAGI护肤海外旗舰店,,4,4,0,0,4396.0,4396.0,0.0,0.0,1,0,,1
玻·麦·妍·仅三玻麦妍5000+ppm奢华麦角硫因面霜&精华,,多大宝啥都有的店,499.0,4,2,0,2,1996.0,998.0,0.0,998.0,2,0,,1
diary·50%玻色因胶原炮 | 速充胶原 淡法令纹 精华促渗面霜封层 酒瓶盖,,diary言之有物旗舰店,,4,3,0,1,1744.0,1308.0,0.0,436.0,1,0,,1
BIOLOGIQUE RECHERCHE·【章小蕙专享】淡纹修护cp (胶原原液 30ml+倍润强护面霜 50ml),,BIOLOGIQUE RECHERCHE官方旗舰店,2860.0,4,3,0,1,11440.0,8580.0,0.0,2860.0,12,0,,1
DS DERMASENSA·【Grace专属】德玛森氏维生素K眼霜2.0 15ml+vk5ml*3+F5面霜30ml,德玛森氏DSDermasensa,DS DERMASENSA海外旗舰店,398.0,4,4,0,0,1592.0,1592.0,0.0,0.0,2,0,,1
芯丝翠·【米娅专属】活颜3D逆龄抗老精华30ml*2 送D229面霜10g+新颈霜10g,芯丝翠Neostrata,芯丝翠海外旗舰店,699.0,4,2,0,2,2796.0,1398.0,0.0,1398.0,2,0,,1
cleardea·【艾拉Ella专属】Mucin Collagen精华面霜安瓶小绿盒,,MAYBEPARTNERS海外旗舰店,399.0,4,0,0,4,1596.0,0.0,0.0,1596.0,0,0,,0
DS DERMASENSA·【大姐夫专属】德玛森氏维生素K眼霜2.0 15ml+vk5ml*3+F5面霜30ml,德玛森氏DSDermasensa,DS DERMASENSA海外旗舰店,398.0,4,2,0,2,1592.0,796.0,0.0,796.0,1,0,,1
MapleBio枫萃·虾青素多肽面霜 *2,,枫萃生物枫燚凯兮专卖店,,4,3,0,1,7920.0,5940.0,0.0,1980.0,1,0,,1
赫莲娜·黑白绷带面霜＋hr精华液＋hr洗面奶＋hr新肌水组合（礼盒礼袋）,赫莲娜HELENA RUBINSTEIN,猴力有限公司的海外店,,4,4,0,0,20396.0,20396.0,0.0,0.0,1,0,,1
她叙·【直播专场】亲肌无痕有色面霜素颜霜修饰肤色懒人底妆官方,TAASHEE她叙,TAASHEE她叙旗舰店,,4,4,0,0,716.0,716.0,0.0,0.0,41,0,,3
宝狄妍 · 厚脸皮舒缓精华面膜、皮傲宁祛痘维稳舒缓修护精华面霜,宝狄妍BAODIYAN,黑胡椒酱009的店,,4,0,0,4,116.0,0.0,0.0,116.0,0,2,6.0,1
玫琳凯·经典护肤系列柔性洗面霜,玫琳凯MARY KAY,玫粉粉护肤的店,49.0,4,4,0,0,196.0,196.0,0.0,0.0,90,0,,1
尧光·恒养有色面霜替换装 裸感免卸妆 奢润光泽,,尧光旗舰店,,4,4,0,0,1076.0,1076.0,0.0,0.0,34,0,,2
Maigoole · 377面膜美白提亮淡斑色斑黄褐斑淡化痘印去黄提亮补水保湿面霜,Maigoole,Maigoole华夏星伟的店,,4,0,1,3,136.0,0.0,19.0,117.0,0,3,5.0,1
Heaven pink·【达人同款】面霜喷雾多效喷雾妆前打底滋润补水保湿修护舒缓,,Heaven Pink旗舰店,,4,1,0,3,516.0,159.0,0.0,357.0,4,0,,3
惜玥·1、2组拍这里~多肽组合面霜50g+眼霜22g多选项可选（夏天25.3）,惜玥nowlove,惜玥旗舰店,,4,4,0,0,2512.0,2512.0,0.0,0.0,1,0,,1
赫莲娜·黑绷带面霜50ml加黑绷带眼霜15ml.配礼盒礼袋,赫莲娜HELENA RUBINSTEIN,猴力有限公司的海外店,,4,4,0,0,11552.0,11552.0,0.0,0.0,3,0,,1
尧光·恒养隔离有色面霜 裸感免卸妆 奢润光泽,,尧光旗舰店,,4,1,0,3,1156.0,289.0,0.0,867.0,8,0,,3
Kahina·【直播专享】精雕驻颜面霜50ml（赠抗氧化面膜10ml*2）,,Kahina海外旗舰店,,4,4,0,0,3516.0,3516.0,0.0,0.0,33,0,,2
素秀臣氏·正宗柿叶膏50g面部护肤面霜提亮肤色猪苓柿子叶膏猪油版,,野小犀的店,29.9,4,0,0,4,119.6,0.0,0.0,119.6,0,0,,0
SAMU · 韩国面霜喷雾三合一舒缓滋润保湿补水妆前喷雾水油平衡,,真旺發的店,,4,0,1,3,499.2,0.0,115.2,384.0,0,9,7.0,1
Carenology 95·【宝藏niki专属】平衡喷雾120ml补水保湿舒缓爽肤水面霜喷雾,科娜蓝,Carenology95科娜蓝旗舰店,,4,3,0,1,516.0,387.0,0.0,129.0,1,0,,1
兰蔻 · 黑金臻宠面霜15ml5ml 中小样抗皱紧致奢宠护肤霜 玻色因 新版老版,兰蔻LANCOME,秋虎小样儿的店,,4,0,0,4,996.0,0.0,0.0,996.0,0,0,,0
SAMU·现货韩国妆前平衡舒缓护肤面霜喷雾敏感肌可用极简护肤,,小依星球的店,,4,0,0,4,392.0,0.0,0.0,392.0,9,0,,1
云惜·【卉哒哒专属】玫瑰焕颜精华油 30ml 赠舒缓面霜5ml｜紧致抗皱,云惜UCnaturel,云惜UCnaturel旗舰店,,4,0,0,4,1352.0,0.0,0.0,1352.0,8,0,,1
尧光·恒养有色面霜替换装 裸感免卸妆 奢润光泽,,尧光旗舰店,,4,3,0,1,971.0,702.0,0.0,269.0,13,0,,3
欧利芙洋 · UIQ& RIIZE [赠送全员小卡] 面霜喷雾100ml+10ml卸妆膏,欧利芙洋OLIVE YOUNG,绿橄榄韩国代gogo的店,165.0,3,0,3,0,0.0,0.0,0.0,0.0,0,3,71.0,1
欧米达HORMETA·【vivian维维安专属】瑞士黄金面霜50ml+黄金精华30ml提拉紧致,,HORMETA欧米达旗舰店,5120.0,3,3,0,0,15360.0,15360.0,0.0,0.0,1,0,,1
爱怡美·<田天天专享>女神素颜霜II 抗皱面霜 淡纹素颜霜脸部推荐身体可用,爱怡美IEM,爱怡美旗舰店,398.0,3,3,0,0,1194.0,1194.0,0.0,0.0,2,0,,2
absolution·【张婉婷】结构面霜30ml赠奢润赋颜面膜15ml*1+反重力精华0.8ml*2,,absolution海外旗舰店,868.0,3,3,0,0,2604.0,2604.0,0.0,0.0,1,0,,1
SAMU·【白白专属】面霜喷雾妆前保湿舒缓泛红平衡喷雾敏感肌,,莎缪旗舰店,118.0,3,1,0,2,354.0,118.0,0.0,236.0,3,0,,1
absolution·【柚子】结构面霜30ml赠奢润赋颜面膜15ml*1+反重力精华0.8ml*2,,absolution海外旗舰店,868.0,3,3,0,0,2604.0,2604.0,0.0,0.0,1,0,,1
IGUG·面部护肤面霜提亮肤色柿子叶膏．1瓶【体验装】,,小优好品的店,,3,3,0,0,89.7,89.7,0.0,0.0,6,0,,1
DR.E.VOSS PROFESSIONAL CARE·【雪雪专属】焕白舒肌组合|焕白精华+24K黄金面霜+黄金面膜,,德沃希海外旗舰店,,3,2,0,1,12897.0,8598.0,0.0,4299.0,1,0,,1
Monica Queen·莫妮卡抗皱紧致套组·精华油+面霜,,Monica Queen旗舰店,,3,3,0,0,2952.0,2952.0,0.0,0.0,6,0,,1
Cheryl·[限量组合] 提亮k糖保湿护肤 阿古屋珍珠樱花素颜霜面霜,,Cheryl旗舰店,268.0,3,0,0,3,804.0,0.0,0.0,804.0,1,0,,1
Zeusee·烟酰胺贵妇膏懒人素颜霜遮瑕滋润补水蜗牛面霜护肤品,Zeusee,颜如玉美肤的店,,3,3,0,0,50.7,50.7,0.0,0.0,3,0,,1
谷雨·【老田专属】 促胶原 新升级 山参胶原面霜紧致抗皱抗老淡化细纹,谷雨,谷雨GUYU官方旗舰店,,3,3,0,0,597.0,597.0,0.0,0.0,1,0,,1
芯丝翠·【38节 配方师专属】3D精华30ml*2 送D229面霜10g+新版颈霜10g,芯丝翠Neostrata,芯丝翠海外旗舰店,699.0,3,0,0,3,2097.0,0.0,0.0,2097.0,0,0,,0
Yunth·【NIKI专属】原型VC亮白精华液鲜活次抛28支/盒+赠6片面霜【cn】,,Yunth海外旗舰店,238.0,3,1,0,2,714.0,238.0,0.0,476.0,1,0,,1
珀莱雅·【杏仁】能量三件套水乳面霜紧致抗皱淡纹保湿直播专享,珀莱雅PROYA,珀莱雅PROYA官方旗舰店,1087.0,3,3,0,0,3261.0,3261.0,0.0,0.0,1,0,,1
欧莱雅·金致臻颜滋润面霜乳液提拉紧致淡纹保湿修护补水超值套组,欧莱雅LOREAL,欧莱雅星选优品的店,,3,3,0,0,1497.0,1497.0,0.0,0.0,59,0,,4
BIOSME·【章小蕙直播专享】轻盈净化面霜 30mL,,玫瑰是玫瑰的海外店,,3,0,0,3,477.0,0.0,0.0,477.0,0,0,,0
DS DERMASENSA·【miamaja专属】德玛森氏VK眼霜2.0 15ml+vk5ml*3+F5面霜30ml,德玛森氏DSDermasensa,DS DERMASENSA海外旗舰店,398.0,3,2,0,1,1194.0,796.0,0.0,398.0,1,0,,1
黑水整角贵妃指面霜眼霜导入面部按摩刮眉框眼框,,心艺小牛牛的店,78.0,3,3,0,0,234.0,234.0,0.0,0.0,47,0,,1
無妨 · 柔光有色面霜 舒缓蜂蜜洁颜蜜【日常CP套装组合】,,无妨旗舰店,198.0,3,0,0,3,594.0,0.0,0.0,594.0,0,0,,0
奕间实验室 · 1%高浓度蓝铜胜肽面霜专效修护日夜赋能玻色因胜肽全家桶进阶协同,,护肤实验室打工仔的店,238.0,3,0,0,3,714.0,0.0,0.0,714.0,0,3,10.0,1
丝塔芙·【耶鲁配方师】自修精华+ 四维面霜液神经酰胺B5积雪草舒缓敏感肌,丝塔芙Cetaphil,丝塔芙官方旗舰店,,3,3,0,0,918.0,918.0,0.0,0.0,1,0,,1
小红盒 · 聚谷氨酸补水保湿水乳霜套装推荐面霜抗皱护肤品男女大学生,小红盒,小红盒护肤旗舰店,188.0,3,0,0,3,564.0,0.0,0.0,564.0,0,2,7.0,2
酵色·水精华舒缓保湿面霜喷雾长效水嫩妆前锁水褪红温和-官方,酵色Joocyee,JOOCYEE酵色旗舰店,129.0,3,0,0,3,387.0,0.0,0.0,387.0,31,0,,2
听研·【体验装】玫瑰精华油/玫瑰睡美人面霜抗皱紧致修护,听研,听研旗舰店,,3,1,0,2,147.9,49.9,0.0,98.0,3,6,11.0,2
MT METATRON·【苑宝LY专属】保湿修复大套组（水+乳+精华+面霜+温和洗面奶）,MT METATRON,MT METATRON护肤旗舰店,,3,3,0,0,7797.0,7797.0,0.0,0.0,4,0,,1
TREECHADA·泰国TR懒人素颜面霜裸妆遮瑕提亮嫩肤清爽不粘腻痘肌黑黄皮持妆,璀璨妲Treechada,曼品商行的店,,3,3,0,0,149.7,149.7,0.0,0.0,13,0,,1
HEXKIN · 赫诗琴光感塑颜面霜水光保湿抗皱紧致水光肌面霜,HEXKIN,雪雪护肤美容的店,199.0,3,0,0,3,597.0,0.0,0.0,597.0,0,1,2.0,1
Monster Code·【达播专属】野兽代码金字塔面霜2.0 抗皱提拉抗老敏感肌维稳nad+,野兽代码Monster Code,MONSTER CODE野兽代码旗舰店,389.0,3,0,0,3,1167.0,0.0,0.0,1167.0,11,0,,3
MBR·德国复春面霜100ml+复春眼霜5ml套装,,甜元高端护肤的店,,3,3,0,0,12900.0,12900.0,0.0,0.0,63,2,4.0,1
Dr. RIMPLER·慕特博士鱼子酱面霜·50ml  弟弟粉丝享特价~详询客服,,DIDI LUXURY的店,1180.0,3,2,0,1,3128.0,1948.0,0.0,1180.0,7,0,,1
玫琳凯·幻时系列洗面爽肤水乳液面霜面膜化妆品正品,玫琳凯MARY KAY,玫之家臻选的店,68.0,3,0,0,3,204.0,0.0,0.0,204.0,85,0,,1
惜玥·多肽(精华30ml+面霜50g+眼霜22g)组合 多规格选项（夏天25.3）,惜玥nowlove,惜玥旗舰店,,3,3,0,0,2577.0,2577.0,0.0,0.0,1,0,,1
EVENSWISS·瑞士进口5倍胶原精华大师精华紧致提升面膜/面霜修护胶原蛋白在生,伊瑞施EVENSWISS,叫我-豆小主的店,,3,0,0,3,237.0,0.0,0.0,237.0,3,0,,1
三草两木·黑晶套盒水乳液精华面霜四件套面部护理套装抗老补水修护提亮肤色,三草两木SASELOMO,阳阳三草两木护肤品的店,,3,0,0,3,147.0,0.0,0.0,147.0,40,0,,1
BIOHEAL BOH · 面霜喷雾120ml泛醇CICA弱酸性修复舒缓镇静补水韩国积雪草喷雾,BIOHEALBOH,韩购驿站老徐的店,58.0,3,0,0,3,174.0,0.0,0.0,174.0,0,0,,0
里秘·菁华有色面霜提亮肤色轻薄裸妆保湿隔离舒缓素颜霜妆前,,LEMY里秘旗舰店,,3,0,0,3,297.0,0.0,0.0,297.0,0,0,,0
DDS·日本冻干絮面霜50g,,咖啡可颜的店,1480.0,3,2,0,1,4440.0,2960.0,0.0,1480.0,70,0,,1
境生之源·【面颈同龄PRO】精华面霜水乳颈霜紧致抗皱淡纹修护舒缓保湿套装,,境生之源旗舰店,,3,2,0,1,2305.0,1480.0,0.0,825.0,40,1,26.0,1
PECHE PEAU·Proforce 弹力保湿面霜 33g【日本直邮】,,维哥严选的海外店,,3,2,0,1,927.0,618.0,0.0,309.0,9,0,,1
珀莱雅 · 时光流金礼盒·能量全家福水乳精华眼霜面霜紧致淡纹保湿,珀莱雅PROYA,珀莱雅PROYA官方旗舰店,,3,0,0,3,5475.0,0.0,0.0,5475.0,0,0,,0
珀莱雅 · 【财神庙联名】早C晚A精华+红宝石面霜套装保湿紧致胜肽礼盒,珀莱雅PROYA,珀莱雅PROYA官方旗舰店,,3,0,0,3,2271.0,0.0,0.0,2271.0,0,0,,0
SKIN HOMEWORK·美国vc紧致提升精华30ml面霜50ml效期26.5,,软软只想躺平的店,,3,0,0,3,177.0,0.0,0.0,177.0,17,0,,1
左颜右色 · 左颜-右色男士氨基酸面霜保湿补水乳液护肤品脸部秋冬润肤乳擦脸,左颜右色,优选小超市的店,49.9,3,0,0,3,149.7,0.0,0.0,149.7,0,2,3.0,1
英诺皮肤世家·敏敏修护大咖 inno英诺k乳精华乳30g 改善红丝丝乳液面霜,英诺皮肤世家INNOAESTHETICS,mandy （护肤号）的店,,3,1,1,1,807.0,269.0,269.0,269.0,10,2,10.0,1
肌肤之研·【早B晚A+面霜】维A精华+烟酰胺精华+仿生皮油皮控油祛痘紧致C,,肌肤之研旗舰店,,3,0,0,3,1824.0,0.0,0.0,1824.0,1,0,,1
DCEXPORT迪仕艾普·积雪草舒安面霜 叶海洋 保湿舒缓肌肤,DC EXPORT,DC EXPORT旗舰店,,3,0,0,3,894.0,0.0,0.0,894.0,0,0,,0
PFEFE·珀法瑞【小p专属】美容冰勺冷敷热敷按摩提拉美容仪搭配精华面霜,,PFEFE旗舰店,,3,1,0,2,945.0,315.0,0.0,630.0,2,0,,1
Apolifit·智能微生态面霜面膜·益生元信号肽 荷荷巴油·眼部浮肿镇静皮肤,,YOLOLABS的海外店,,3,3,0,0,5160.0,5160.0,0.0,0.0,23,0,,4
资生堂·日本原装 吾诺uno男士护肤清爽控油补水面霜 清新柑橘护肤  90g,资生堂SHISEIDO,佳美盒的海外店,53.0,3,0,0,3,159.0,0.0,0.0,159.0,0,0,,0
梦丽多日·【中韩专属】防晒全效组合 防晒+晒后急救修复清洁CP棒冰沙面霜,梦丽多日mongdies,mongdies梦丽多日海外旗舰店,339.0,2,1,0,1,678.0,339.0,0.0,339.0,2,0,,1
YSL·悦享青春面霜口红 19批次,圣罗兰YSL,蔡妈妈在创业的店,,2,2,0,0,19.8,19.8,0.0,0.0,2,0,,1
生美博士玻色因博士面霜,,饺的店,59.0,2,0,0,2,118.0,0.0,0.0,118.0,1,0,,1
DR.E.VOSS PROFESSIONAL CARE·【雪雪专属】超能焕活组合|EterCel细胞焕活精华24K黄金御光面霜,,德沃希海外旗舰店,,2,2,0,0,8998.0,8998.0,0.0,0.0,1,0,,1
Kahina·【米修妈专属】精雕驻颜面霜50ml（赠抗氧化面膜10ml*2）,,Kahina海外旗舰店,,2,2,0,0,1758.0,1758.0,0.0,0.0,9,0,,1
瑞妍·赋颜焕亮套装 赋颜活力面霜50ml+精粹水30ml,瑞妍Cellcosmet,Cellcosmet瑞妍旗舰店,,2,2,0,0,9000.0,9000.0,0.0,0.0,1,0,,1
芭兰歌林 · 韩国bringgreen茶树舒缓保湿柔肤水 清爽面霜滋润精华爽肤水面霜,芭兰歌林BRING GREEN,大雪雪的旅行日记的店,,2,0,0,2,98.0,0.0,0.0,98.0,0,4,16.0,1
klairs蔻徕氏·【直播专属/双支装】素颜霜面霜原装烟酰胺bb霜亮肤素颜霜40g,,klairs蔻徕氏海外旗舰店,,2,1,0,1,398.0,199.0,0.0,199.0,8,0,,3
玻·麦·妍·仅三玻麦妍5000+ppm奢华麦角硫因面霜&精华,,软软只想躺平的店,399.0,2,2,0,0,798.0,798.0,0.0,0.0,13,0,,1
diary·必买50%玻色因胶原炮 速充胶原淡法令纹 精华促渗面霜封层 大姨夫,,diary言之有物旗舰店,,2,0,0,2,1998.0,0.0,0.0,1998.0,0,0,,0
珀莱雅·【杏仁】能量套装水乳眼霜面霜紧致抗皱淡纹保湿直播专享,珀莱雅PROYA,珀莱雅PROYA官方旗舰店,648.0,2,2,0,0,1296.0,1296.0,0.0,0.0,1,0,,1
瑞铂希·【直播专属】奢华焕颜精华油30ml+面霜50ml套组,瑞铂希REPACELL,REPACELL旗舰店,,2,2,0,0,5352.0,5352.0,0.0,0.0,38,0,,1
DS DERMASENSA·【汪汪专属】德玛森氏维生素K眼霜2.0 15ml+vk5ml*3+F5面霜30ml,德玛森氏DSDermasensa,DS DERMASENSA海外旗舰店,398.0,2,0,0,2,796.0,0.0,0.0,796.0,0,0,,0
BIOHEAL BOH·欧利芙洋oliveyoungBOH新款3D弹力面霜水乳精华抗皱淡纹紧致,BIOHEALBOH,楼派派是个代go的店,,2,1,0,1,436.0,218.0,0.0,218.0,33,0,,1
微著·【文了个刀专属】发酵重启精华舒缓保湿皮肤凝胶无油面霜大容量,,微著旗舰店,,2,2,0,0,292.0,292.0,0.0,0.0,1,0,,1
SARAH CHAPMAN·【Akiiiko】莎娜普蔓熬夜油30ml+胶原面霜30ml+glow精华油30ml,,Sarah Chapman莎娜普蔓海外旗舰店,,2,0,0,2,4260.0,0.0,0.0,4260.0,0,0,,0
芯丝翠·【汪汪专属】活颜0.3%A醇夜精华30ml赠D229面霜 10g*2,芯丝翠Neostrata,芯丝翠海外旗舰店,618.0,2,1,0,1,1236.0,618.0,0.0,618.0,1,0,,1
Heaven pink·【sisi专属】面霜喷雾多效喷雾妆前打底滋润补水保湿修护舒缓,,Heaven Pink旗舰店,119.0,2,0,0,2,238.0,0.0,0.0,238.0,1,0,,1
梵蒂爱·韩国直邮 Fation 舒缓净痘精华液 安瓶 花籽油舒缓修护面霜,,熙熙在韩国的店,,2,0,0,2,278.0,0.0,0.0,278.0,1,1,2.0,1
优时颜·【官方正品】第二代黑引力面霜+黑引力水保湿提拉六胜肽面部抗皱,优时颜UNISKIN,UNISKIN优时颜旗舰店,380.0,2,2,0,0,760.0,760.0,0.0,0.0,31,0,,1
植御·（轻肌润泽套组）面霜+素颜霜*1+洁面,,骊颜思妍 植御旗舰店,388.0,2,0,0,2,776.0,0.0,0.0,776.0,1,0,,1
LIERAC·丽蕾克黑金逆龄眼霜20ml紧致抗皱送面霜30ml【M&Y专属】,丽蕾克LIERAC,LIERAC丽蕾克海外旗舰店,,2,1,0,1,1398.0,699.0,0.0,699.0,1,0,,1
芙丽芳丝·【自播专享】套组水160mL+乳100ml+100g洁面霜初秋补水保湿滋润,芙丽芳丝Freeplus,芙丽芳丝精简护肤旗舰店,319.0,2,1,0,1,638.0,319.0,0.0,319.0,29,0,,1
芙丽芳丝·【自播专享】氨基酸系洗面霜温润洁面女士男士保湿洗面奶150g*2,芙丽芳丝Freeplus,芙丽芳丝精简护肤旗舰店,249.0,2,2,0,0,498.0,498.0,0.0,0.0,29,3,0.0,1
trilogy · 萃乐活【锁水套装】玫瑰果油30ml+面霜60g,萃乐活Trilogy,萃乐活trilogy旗舰店,,2,0,0,2,436.0,0.0,0.0,436.0,0,0,,0
玲珑·【达人专属】护肤礼盒装眼霜21g+面霜20g+水乳25ml 抗皱紧致保湿,玲珑,LEEN LONG玲珑旗舰店,399.0,2,2,0,0,798.0,798.0,0.0,0.0,22,0,,4
尧光·恒养有色面霜替换装 裸感免卸妆 奢润光泽,,尧光旗舰店,,2,1,0,1,538.0,269.0,0.0,269.0,15,0,,1
芙丽芳丝·【自播专享】净澈控油洗面霜祛痘修护清洁保湿控油洁面80g*3,芙丽芳丝Freeplus,芙丽芳丝精简护肤旗舰店,249.0,2,2,0,0,498.0,498.0,0.0,0.0,29,5,1.0,1
兰蔻·菁纯面霜＋菁纯眼霜组合（配礼盒礼袋）,兰蔻LANCOME,猴力有限公司的海外店,,2,2,0,0,3176.0,3176.0,0.0,0.0,3,0,,1
玉容初·藏红花精华油+面霜+精华水套组面部抗皱紧致保湿修护【店播】,玉容初,玉容初旗舰店,,2,2,0,0,1936.0,1936.0,0.0,0.0,30,0,,1
Monica Queen·【30+ 淡法令纹、眼角纹套组】素颜霜+眼霜+面霜+精华油+冰斧,,Monica Queen旗舰店,,2,2,0,0,4190.0,4190.0,0.0,0.0,8,0,,2
Monica Queen·【30+ 淡化法令纹 去泪沟眼袋套组】面霜50g+眼霜20g,,Monica Queen旗舰店,1190.0,2,2,0,0,2380.0,2380.0,0.0,0.0,4,0,,3
诺妮尔 · 懒人身体素颜霜持久防水提亮肤色不卡粉不假白不脱妆懒人遮瑕面霜,,NORNEAR诺妮尔君钦专卖店,14.8,2,0,2,0,57.2,0.0,57.2,0.0,0,14,504.0,1
儒意·男士面霜秋冬季补水保湿护肤脸部润肤乳液擦脸推荐官方旗舰店正品,儒意RUYI,ruyi儒意旗舰店,,2,0,0,2,78.0,0.0,0.0,78.0,4,0,,1
EVENSWISS · 瑞士进口5倍胶原精华大师精华紧致提升面膜/面霜修护胶原蛋白,伊瑞施EVENSWISS,柠檬丨美护的店,,2,0,0,2,276.0,0.0,0.0,276.0,0,2,11.0,1
东边野兽·【gold萌专属套组】灵芝精华油15ml+蚕丝水+灵芝棒+眼霜+灵芝面霜,东边野兽,东边野兽旗舰店,,2,1,0,1,3900.0,1950.0,0.0,1950.0,29,0,,1
Skineye·山茶花面霜精油套装！香奶奶平替 天然温和深层滋养高保湿,,HAUL41海外旗舰店,195.0,2,0,0,2,390.0,0.0,0.0,390.0,0,0,,0
温碧泉 · 【新年感谢季】小红芯系列天山雪莲紧致抗皱面霜抗老提亮补水保湿,温碧泉WETHERM,温碧泉旗舰店,189.0,2,0,0,2,378.0,0.0,0.0,378.0,0,8,5.0,1
灵木集·灵萃气韵奢润面霜面膜组合,,灵木集旗舰店,508.0,2,2,0,0,716.0,716.0,0.0,0.0,18,0,,1
DS DERMASENSA·干敏皮挚爱！DS德玛森氏 BF精华乳面霜15ml 增强角质屏障保湿锁水,德玛森氏DSDermasensa,美阁庄园小众精选护肤的店,128.0,2,0,0,2,256.0,0.0,0.0,256.0,10,0,,1
HEXKIN·赫诗琴光感塑颜面霜水光面霜焕活水光肌,HEXKIN,艾美奈EMO的店,,2,0,0,2,198.0,0.0,0.0,198.0,0,0,,0
Cosrx·COSRX珂丝艾丝蜂胶爽肤水精华面霜补水保湿化妆水修护肌肤湿敷,,昭昭在韩国go的店,,2,1,0,1,222.0,111.0,0.0,111.0,14,0,,1
SAMU·面霜喷雾套组妆前保湿补水喷雾调节肌肤平衡ph值【达人专享】,,莎缪旗舰店,158.0,2,2,0,0,316.0,316.0,0.0,0.0,17,0,,1
尧光·恒养隔离有色面霜 裸感免卸妆 奢润光泽,,尧光旗舰店,,2,2,0,0,578.0,578.0,0.0,0.0,18,0,,1
几方田地 · 适用于适乐肤身体乳按压泵头340/454g替换用泵头面霜按压头鸭嘴盖,,SL圣聆美妆工具的店,11.8,2,0,0,2,23.6,0.0,0.0,23.6,0,1,0.0,1
SVR·光亮维他命C20美白面霜 VC-IP高浓度 x2,舒唯雅SVR,SVR海外旗舰店,279.0,2,1,0,1,558.0,279.0,0.0,279.0,8,0,,1
彼得罗夫·21胜肽系列 精华/面霜/眼霜 紧至抗绉,彼得罗夫PETERTHOMASROTH,美阁庄园小众精选护肤的店,,2,0,0,2,376.0,0.0,0.0,376.0,10,0,,1
自然堂·雪肌追光洁面洗面奶爽肤水乳液面霜套装美白白皙透亮,自然堂CHANDO,CHANDO自然堂官方旗舰店,,2,0,0,2,818.0,0.0,0.0,818.0,1,0,,1
迪兰可 · 素颜霜遮瑕懒人裸妆面霜补水隔离霜补水,迪兰可DIRUC,迪兰可旗舰店,79.0,2,0,0,2,158.0,0.0,0.0,158.0,0,23,16.0,1
