product,商品品牌,商品小店,price,销量,直播销量,笔记销量,商品卡销量,销售额,直播销售额,笔记销售额,商品卡销售额,相关直播,相关笔记,相关互动量,相关达人
FRRLLAM·菲兰10%烟酰胺精华乳液虾青素VC玻尿酸美亮去暗黄白痘印精华乳液,,FRRLLAM的店,,1483.0,0.0,86.0,1397.0,53579.1,0.0,2588.6,50990.5,32.0,38.0,201.0,2.0
pink too · 去黄提亮水乳套装补水保湿山茶花修复屏障敏敏收毛孔平价乳液,,Maigoole华夏星伟的店,,1068.0,88.0,11.0,969.0,28715.0,2367.2,281.7,26066.1,13.0,6.0,34.0,2.0
茗希芝 · 深层清洁卸妆膏卸妆油卸妆水乳液眼唇脸三合一温和不刺激,茗希芝MINSHZEE,khio美妆的店,,848.0,0.0,13.0,835.0,7547.2,0.0,115.7,7431.5,47.0,3.0,41.0,3.0
PECHE PEAU · 全维度三效合一水精华乳液 150ml,,维哥严选的海外店,,457.0,314.0,11.0,132.0,91493.0,62486.0,2739.0,26268.0,10.0,1.0,47.0,1.0
毕生之研·【大促】DS乳 脂平衡特护精华乳液舒缓敏感褪红控油DB,毕生之研,毕生之研旗舰店,79.0,384.0,207.0,0.0,177.0,30336.0,16353.0,0.0,13983.0,78.0,0.0,,13.0
TRANSINO · 美白焕颜精华传明酸精华乳液祛斑淡化色斑氨甲环酸匀亮肤色,传皙诺TRANSINO,TRANSINO传皙诺旗舰店,328.0,343.0,7.0,90.0,246.0,111604.0,2296.0,28620.0,80688.0,7.0,12.0,475.0,2.0
毕生之研·【大促】DS乳 脂平衡特护精华乳液舒缓敏感褪红控油DB,毕生之研,毕生之研旗舰店,99.0,270.0,1.0,0.0,269.0,26730.0,99.0,0.0,26631.0,1.0,0.0,,1.0
AromeManpo馥郁满铺 · 【大金砖水乳CP推荐】晚香玉精粹水乳液组合礼物套装保湿护肤ZY,Aromemanpo,AromeManpo馥郁满铺旗舰店,,223.0,0.0,34.0,189.0,21904.0,0.0,9637.9,12266.1,0.0,8.0,1271.0,2.0
薇诺娜·【直播专属】清透乳液5g(25.4.18),薇诺娜WINONA,你橙团长(防封版)的店,,214.0,2.0,0.0,212.0,859.8,11.8,0.0,848.0,4.0,0.0,,1.0
OPOSI · 山茶花酵母组合四件套补水面霜乳液爽肤水洗面奶学生党平价护肤品,OPOSi,Maigoole华夏星伟的店,,177.0,0.0,14.0,163.0,11304.4,0.0,742.0,10562.4,0.0,8.0,45.0,1.0
芯丝翠·【啾鼠专属】效期26年1月 5+%倍舒清透净颜果酸乳液 单/双/三支,芯丝翠Neostrata,NEOSTRATA芯丝翠旗舰店,,166.0,145.0,0.0,21.0,26439.0,24360.0,0.0,2079.0,1.0,0.0,,1.0
薇家·官方|素心腊梅精油珍珠膏，保湿抗皱 代替面霜乳液面膜 50%珍珠粉,,薇家日记WEIJIA LIFE的店,65.0,138.0,69.0,19.0,50.0,9012.0,4485.0,1277.0,3250.0,19.0,8.0,108.0,1.0
巴宝格 · 山茶花水乳推荐油皮提亮补水学生平价酵母洗面奶爽肤水乳液面霜,,香香熊物语的店,,126.0,0.0,1.0,125.0,4402.4,0.0,39.9,4362.5,0.0,6.0,14.0,1.0
TRANSINO·【Grace推荐】美白焕颜精华传明酸精华乳液祛斑淡化色斑,传皙诺TRANSINO,TRANSINO传皙诺旗舰店,298.0,109.0,21.0,0.0,88.0,32482.0,6258.0,0.0,26224.0,7.0,0.0,,2.0
TRANSINO·【君君大人】美白焕颜精华传明酸精华乳液祛斑淡化色斑,传皙诺TRANSINO,TRANSINO传皙诺旗舰店,298.0,102.0,72.0,0.0,30.0,30396.0,21456.0,0.0,8940.0,7.0,0.0,,1.0
养生堂·白桦弹润焕妍乳液面膜紧致淡纹补水保湿2片,养生堂YOSEIDO,养生堂YOSEIDO旗舰店,,95.0,39.0,0.0,56.0,1605.5,659.1,0.0,946.4,18.0,0.0,,1.0
Ongredients·韩国化妆师推荐！肌肤屏障舒缓乳液面膜12片泛红补水强保湿,,晓选??留学生的店,,94.0,40.0,0.0,54.0,6457.05,2731.05,0.0,3726.0,43.0,0.0,,1.0
Haa·水乳虾青素神经酰胺多酸水杨酸精华水乳液抗皱补水保湿控油收毛孔,Haa,Haa旗舰店,,93.0,28.0,10.0,55.0,3002.2,837.2,570.0,1595.0,41.0,2.0,50.0,2.0
AromeManpo馥郁满铺 · 【新品推荐】晚香玉光感发酵精华乳乳液85ml保湿去黄退暗    ZY,Aromemanpo,AromeManpo馥郁满铺旗舰店,,72.0,0.0,31.0,41.0,15868.0,0.0,6479.0,9389.0,0.0,6.0,2719.0,3.0
XDG·第三代酵母益生菌修护水乳两件套装精华水乳液油皮痘痘肌学生女,XDG,XDG旗舰店,,71.0,0.0,0.0,71.0,11999.0,0.0,0.0,11999.0,20.0,0.0,,2.0
Yves珣秘·【紧致抗皱】芋螺肽面膜舒缓贴片乳液面膜女敏肌可用官方正品,,YVES珣秘旗舰店,299.0,69.0,46.0,0.0,23.0,20631.0,13754.0,0.0,6877.0,28.0,0.0,,1.0
芙丽芳丝·卸妆油净润氨基酸系温和卸妆洁肤油卸妆乳液女士男士清洁官方正品,芙丽芳丝Freeplus,芙丽芳丝精简护肤旗舰店,69.0,55.0,18.0,2.0,35.0,3795.0,1242.0,138.0,2415.0,29.0,9.0,17.0,1.0
FRRLLAM·菲兰烟酰胺虾青素VC提亮去黄油氧化爽肤水精华乳液套装,,FRRLLAM的店,,55.0,3.0,0.0,52.0,2667.5,145.5,0.0,2522.0,18.0,0.0,,1.0
养生堂·星品秒杀-白桦系列乳液面膜*2,养生堂YOSEIDO,养生堂YOSEIDO旗舰店,,54.0,53.0,0.0,1.0,912.6,895.7,0.0,16.9,6.0,0.0,,2.0
晚柠 · ELENCE艾丽施水光精华滋润双管手霜香氛滋养乳液精华双重呵护,,??椰椰奶冻-的店,,54.0,0.0,0.0,54.0,809.46,0.0,0.0,809.46,0.0,0.0,,0.0
Ongredients·【月悦专属】ongredients温丽慈肌肤屏障舒缓乳液1瓶+2片面膜B,,Ongredients温丽慈海外旗舰店,129.0,53.0,27.0,0.0,26.0,6837.0,3483.0,0.0,3354.0,1.0,0.0,,1.0
LANDTREE良萃 · 神经酰胺水乳旅行装水18ml+乳液18ml,良萃LANDTREE,良萃LANDTREE旗舰店,,52.0,0.0,48.0,4.0,514.8,0.0,475.2,39.6,0.0,2.0,547.0,1.0
观梨Persely·化妆水三修乳液修护舒缓保湿沁润平衡水乳套组【有在减肥专属】,,观梨PERSELY旗舰店,,52.0,29.0,0.0,23.0,4628.0,2581.0,0.0,2047.0,2.0,0.0,,1.0
TRANSINO·【专属优惠】美白焕颜精华传明酸精华乳液祛斑淡化色斑匀亮肤色,传皙诺TRANSINO,TRANSINO传皙诺旗舰店,298.0,50.0,41.0,0.0,9.0,14900.0,12218.0,0.0,2682.0,97.0,0.0,,24.0
安安金纯·芦荟深层补水三件套洁面爽肤水保湿乳液精华脸部护理套装平价,安安金纯A'Gensn,安安金纯A'Gensn旗舰店,,48.0,0.0,0.0,48.0,3984.0,0.0,0.0,3984.0,21.0,0.0,,1.0
Haa·神经酰胺维稳水乳密集修护精华水补水保湿修红爽肤水乳液,Haa,Haa旗舰店,,44.0,11.0,3.0,30.0,828.9,141.9,327.0,360.0,21.0,1.0,30.0,1.0
素颜桃花·紧致抗皱乳液面膜[春日宠粉],,素颜桃花&乔帮主的店,,40.0,40.0,0.0,0.0,396.0,396.0,0.0,0.0,2.0,0.0,,1.0
HBN · 黑盾防shai乳液15ml,HBN,悠姐真的很会买的店,22.0,38.0,0.0,10.0,28.0,836.0,0.0,220.0,616.0,0.0,2.0,634.0,1.0
悦芙媞·舒缓平衡双层精华喷雾舒缓泛红补水保湿滋润妆前爽肤水乳液,悦芙媞Hapsode,HAPSODE悦芙媞旗舰店,,38.0,17.0,0.0,21.0,4522.0,2023.0,0.0,2499.0,30.0,0.0,,1.0
Yves珣秘·【紧致抗皱】25片芋螺肽面膜舒缓贴片乳液面膜女敏肌可用官方正品,,YVES珣秘旗舰店,699.0,33.0,24.0,0.0,9.0,23067.0,16776.0,0.0,6291.0,28.0,0.0,,1.0
FRRLLAM·精粹水+玻色因视黄醇精华+烟酰胺精华乳液组合,,FRRLLAM的店,,33.0,6.0,0.0,27.0,2475.0,450.0,0.0,2025.0,18.0,0.0,,1.0
MENTHOLATUM · 拍下发10瓶！极润乳液14ml×10 （27.9月）,曼秀雷敦Mentholatum,青山山的店,16.0,32.0,0.0,9.0,23.0,567.6,0.0,199.6,368.0,0.0,4.0,105.0,1.0
毕生之研·【醒醒专属】DS乳 脂平衡特护精华乳液舒缓敏感褪红控油DB,毕生之研,毕生之研旗舰店,79.0,31.0,23.0,0.0,8.0,2449.0,1817.0,0.0,632.0,1.0,0.0,,1.0
娇韵诗·抗氧舒缓双萃乳液~鎏金焕能35ml兰花油+乳液,娇韵诗CLARINS,大脸噗噗只卖正品的店,159.0,30.0,25.0,0.0,5.0,4689.0,3894.0,0.0,795.0,39.0,0.0,,1.0
SUXIEFANG·玫瑰纯露+玫瑰精华水+玫瑰乳液+玫瑰时光精油+刷子+美容碗,,SUXIEFANG旗舰店,,30.0,26.0,0.0,4.0,11970.0,10374.0,0.0,1596.0,44.0,0.0,,1.0
欧莱雅·第二代金致臻颜重组胶原精粹水乳液正装套组淡化细纹提拉紧致保湿,欧莱雅LOREAL,欧莱雅星选优品的店,1899.0,28.0,11.0,0.0,17.0,37772.0,5489.0,0.0,32283.0,20.0,0.0,,4.0
养生堂·白桦弹润焕妍乳液面膜 winnietang专属,养生堂YOSEIDO,养生堂YOSEIDO旗舰店,,27.0,19.0,0.0,8.0,6183.0,4351.0,0.0,1832.0,2.0,0.0,,1.0
养生堂·冬孕精华粉金限定礼盒乳液面膜套组实力御龄紧致淡纹,养生堂YOSEIDO,养生堂YOSEIDO旗舰店,,27.0,0.0,0.0,27.0,30699.0,0.0,0.0,30699.0,0.0,0.0,,0.0
TRANSINO · 专属持证美白焕颜精华传明酸精华乳液祛斑淡化色斑氨甲环酸,传皙诺TRANSINO,TRANSINO传皙诺旗舰店,388.0,26.0,0.0,0.0,26.0,10088.0,0.0,0.0,10088.0,0.0,1.0,43.0,1.0
第七感应 · 【茶语桂香】油皮桂花红茶控油乳液芦荟药用层孔菌乳液,,7sense第七感应手作的店,,26.0,0.0,0.0,26.0,910.0,0.0,0.0,910.0,0.0,1.0,27.0,1.0
花寂 · 光漾舒缓精油乳液面膜 缓解干痒红镇静亲肤云朵面膜贴片面膜,,花寂旗舰店,118.0,26.0,0.0,0.0,26.0,3068.0,0.0,0.0,3068.0,0.0,4.0,2.0,2.0
毕生之研·【醒醒专属】5.5洁面厚脸皮水乳/霜套组次抛 修护乳液舒缓褪红,毕生之研,毕生之研旗舰店,439.0,25.0,23.0,0.0,2.0,10975.0,10097.0,0.0,878.0,1.0,0.0,,1.0
养生堂·白桦弹润焕妍乳液面膜【嘻嘻专属】,养生堂YOSEIDO,养生堂YOSEIDO旗舰店,,24.0,20.0,0.0,4.0,5496.0,4580.0,0.0,916.0,1.0,0.0,,1.0
养生堂·【弹润焕妍乳液面膜】桦树汁紧致补水5片盒装,养生堂YOSEIDO,养生堂YOSEIDO旗舰店,,24.0,22.0,0.0,2.0,5292.0,4796.0,0.0,496.0,40.0,0.0,,2.0
悦芙媞 · 【星品尝鲜】舒缓平衡双重精华喷雾水乳液水乳喷体验礼+回购券,悦芙媞Hapsode,HAPSODE悦芙媞旗舰店,,23.0,1.0,0.0,22.0,726.9,22.9,0.0,704.0,2.0,0.0,,1.0
嗨弗尔 · hafhaf舒缓修护乳液清透水开心果洁面泡泡套组补水保湿春夏,,hafhaf 嗨弗尔的店,,22.0,5.0,0.0,17.0,6428.0,1345.0,0.0,5083.0,26.0,43.0,218.0,3.0
伊菲丹·【章小蕙专享】樱花洁颜焕肤套组（洁面泡沫+精萃液+乳液）,伊菲丹EviDenS de Beaute,玫瑰是玫瑰梦想橱窗的店,,21.0,18.0,0.0,3.0,44730.0,38340.0,0.0,6390.0,13.0,0.0,,2.0
娜丽丝·预售 旧版美白乳液精华40ML【日本直邮】,娜丽丝Naris up,维哥严选的海外店,,21.0,14.0,0.0,7.0,4229.0,2836.0,0.0,1393.0,22.0,0.0,,1.0
修丽可·价值1000元~清仓色修精华乳液淡痘印祛痘控油舒缓修红30ml,修丽可skinceuticals,大脸噗噗只卖正品的店,209.0,19.0,6.0,0.0,13.0,3971.0,1254.0,0.0,2717.0,12.0,0.0,,1.0
ASOA·精华水120ml+乳液100ml+啫喱面膜100g,ASOA,何苗的店,,19.0,17.0,0.0,2.0,25080.0,22440.0,0.0,2640.0,3.0,0.0,,1.0
肌本演绎·3【核桃38节专属】小绿120支+小红120支+乳液2瓶,肌本演绎,肌本演绎旗舰店,,18.0,18.0,0.0,0.0,23382.0,23382.0,0.0,0.0,1.0,0.0,,1.0
片仔癀·晶感系列 美白淡斑紧致补水保湿舒缓爽肤水乳液面霜,片仔癀PZH,行知堂片仔癀美妆旗舰店,,18.0,12.0,0.0,6.0,1242.0,828.0,0.0,414.0,67.0,1.0,4.0,1.0
露得清·高阶A醇精华·超A精华维A醇精华乳液抗皱提拉紧致淡纹视黄醇早C晚A,露得清Neutrogena,露得清官方旗舰店,,17.0,7.0,1.0,9.0,5253.0,2163.0,309.0,2781.0,25.0,1.0,3.0,1.0
md:ceuticals·【涅槃重生推荐】高阶抗氧乳糖酸乳液30ml,,md:ceuticals海外旗舰店,490.0,17.0,11.0,0.0,6.0,8330.0,5390.0,0.0,2940.0,1.0,0.0,,1.0
养生堂·星品秒杀-白桦系列乳液面膜*2,养生堂YOSEIDO,养生堂YOSEIDO旗舰店,,16.0,0.0,0.0,16.0,270.4,0.0,0.0,270.4,0.0,0.0,,0.0
AromeManpo馥郁满铺·晚香玉光感发酵乳液面膜保湿      ZB,Aromemanpo,AromeManpo馥郁满铺旗舰店,119.0,16.0,14.0,0.0,2.0,1904.0,1666.0,0.0,238.0,28.0,0.0,,1.0
毕生之研·【醒醒专属】AR乳 玫瑰特护精华乳液舒缓敏感褪红保湿油痘肌DB,毕生之研,毕生之研旗舰店,119.0,15.0,13.0,0.0,2.0,1785.0,1547.0,0.0,238.0,1.0,0.0,,1.0
安安金纯·橄榄玻尿酸水润护肤套装精华水高保湿乳液补水霜3件套,安安金纯A'Gensn,安安金纯A'Gensn旗舰店,,15.0,0.0,0.0,15.0,3420.0,0.0,0.0,3420.0,21.0,0.0,,1.0
TRANSINO·【3月专属】持证美白焕颜精华传明酸精华乳液祛斑淡化色斑,传皙诺TRANSINO,TRANSINO传皙诺旗舰店,298.0,14.0,10.0,0.0,4.0,4172.0,2980.0,0.0,1192.0,22.0,0.0,,3.0
诗馨语·妆前喷雾妆前保湿舒缓修护补水喷雾平衡乳液爽肤服帖不卡粉,诗馨语skinyo,ISKINYO诗馨语旗舰店,,14.0,14.0,0.0,0.0,978.6,978.6,0.0,0.0,8.0,0.0,,2.0
可复美 · 透明质酸钠藻萃盈润保湿精华水乳液面霜深层沁润补水墩墩吨吨水乳,可复美,京薇妍美妆好物严选的店,,14.0,0.0,0.0,14.0,1372.0,0.0,0.0,1372.0,0.0,0.0,,0.0
玫琳凯·经典护肤系列1号2号洗面乳液爽肤水面膜化妆品正品,玫琳凯MARY KAY,玫之家臻选的店,45.0,13.0,3.0,0.0,10.0,585.0,135.0,0.0,450.0,85.0,0.0,,1.0
AIONAYI · 美容院水乳液面霜润肤水洁面乳,,琳小琳二号店的店,,13.0,0.0,1.0,12.0,786.0,0.0,78.0,708.0,2.0,10.0,9.0,1.0
毕生之研·【奶皮专属】DS乳 脂平衡特护精华乳液舒缓敏感褪红控油DB,毕生之研,毕生之研旗舰店,79.0,12.0,0.0,0.0,12.0,948.0,0.0,0.0,948.0,0.0,0.0,,0.0
鲜一·敏感肌舒缓修护护肤套装  洗面奶100g+精华水120ml+乳液100g,鲜一,鲜一旗舰店,,12.0,2.0,0.0,10.0,828.0,138.0,0.0,690.0,11.0,1.0,0.0,2.0
玫琳凯·【福利】 乳液面霜保湿水 粉妍片眼霜精华安瓶官网正品,玫琳凯MARY KAY,玫丽甄选的店,,12.0,5.0,0.0,7.0,514.8,214.5,0.0,300.3,71.0,0.0,,1.0
TRANSINO·美白焕颜化妆水+乳液,传皙诺TRANSINO,TRANSINO传皙诺旗舰店,768.0,12.0,2.0,7.0,3.0,9440.0,1536.0,5600.0,2304.0,7.0,1.0,55.0,3.0
婕她·SwissGetal 长效保湿肌底乳液50ml,,咖啡可颜的店,,12.0,5.0,0.0,7.0,12000.0,5000.0,0.0,7000.0,77.0,0.0,,1.0
TRANSINO·【喵爷专属】持证美白焕颜精华传明酸精华乳液祛斑淡化色斑,传皙诺TRANSINO,TRANSINO传皙诺旗舰店,298.0,11.0,11.0,0.0,0.0,3278.0,3278.0,0.0,0.0,1.0,0.0,,1.0
PMPM · 【情人节专属】粉盾水乳套装千叶玫瑰精华爽肤水保湿补水乳液敏感,PMPM,汇小姿美妆护肤的店,,11.0,1.0,2.0,8.0,1049.0,99.0,198.0,752.0,8.0,6.0,7.0,1.0
Strange Tale·怪奇物语油橄榄修护乳液面膜修护舒缓维稳三合一20片+1片试用,,Strange Tale旗舰店,,10.0,0.0,0.0,10.0,390.0,0.0,0.0,390.0,5.0,0.0,,1.0
养生堂·白桦弹润焕妍乳液面膜单/双盒,养生堂YOSEIDO,养生堂YOSEIDO旗舰店,,10.0,8.0,0.0,2.0,2290.0,1832.0,0.0,458.0,13.0,0.0,,7.0
玫琳凯·亮采套装 提亮肤色焕白精华洗面奶爽肤水乳液护肤品正品,玫琳凯MARY KAY,玫丽甄选的店,,10.0,3.0,0.0,7.0,630.0,189.0,0.0,441.0,72.0,0.0,,1.0
TRANSINO·【礼礼专属】美白焕颜精华传明酸精华乳液祛斑淡化色斑氨甲环酸,传皙诺TRANSINO,TRANSINO传皙诺旗舰店,298.0,10.0,4.0,0.0,6.0,2980.0,1192.0,0.0,1788.0,30.0,0.0,,1.0
TRANSINO·【晁然专属】美白焕颜精华传明酸精华乳液祛斑淡化色斑匀亮肤色,传皙诺TRANSINO,TRANSINO传皙诺旗舰店,,9.0,0.0,0.0,9.0,2682.0,0.0,0.0,2682.0,0.0,0.0,,0.0
TRANSINO·【李李Lilly专属】美白焕颜精华传明酸精华乳液祛斑淡化色斑,传皙诺TRANSINO,TRANSINO传皙诺旗舰店,298.0,9.0,4.0,0.0,5.0,2682.0,1192.0,0.0,1490.0,2.0,0.0,,1.0
AFU阿芙·极光玫瑰焕采亮白淡斑保湿调理液乳液精华油套组以油养肤 Z1,阿芙AFU,AFU阿芙旗舰店,,9.0,9.0,0.0,0.0,4851.0,4851.0,0.0,0.0,34.0,0.0,,1.0
雪曼婷·雪蔓婷 带防伪西班牙刷酶套组 亮颜焕活面膜精华液乳液细腻毛孔,,mandy （护肤号）的店,,8.0,3.0,3.0,2.0,3700.0,1275.0,1575.0,850.0,10.0,1.0,14.0,1.0
MEILAOBAN·星沭眉部定妆乳液，浓缩系列（推广价）,,眉黛夫（??线上线下）的店,168.0,8.0,0.0,0.0,8.0,1344.0,0.0,0.0,1344.0,15.0,0.0,,1.0
艾思诺娜 · 清润/焕润健肤水乳组合女面部补水保湿敏感肌乳液爽肤水缓释保湿,艾思诺娜Excellula,艾思诺娜旗舰店,776.0,8.0,0.0,0.0,8.0,6208.0,0.0,0.0,6208.0,0.0,2.0,3.0,1.0
养生堂·白桦弹润焕妍乳液面膜单盒,养生堂YOSEIDO,养生堂YOSEIDO旗舰店,,7.0,6.0,0.0,1.0,1603.0,1374.0,0.0,229.0,14.0,0.0,,3.0
TRANSINO·【Yuri专属】持证美白焕颜精华传明酸精华乳液祛斑淡化色斑,传皙诺TRANSINO,TRANSINO传皙诺旗舰店,298.0,6.0,3.0,0.0,3.0,1788.0,894.0,0.0,894.0,6.0,0.0,,1.0
TRANSINO·【杨千万专属】持证美白焕颜精华传明酸精华乳液祛斑淡化色斑,传皙诺TRANSINO,TRANSINO传皙诺旗舰店,298.0,6.0,4.0,0.0,2.0,1788.0,1192.0,0.0,596.0,1.0,0.0,,1.0
养生堂·星品秒杀-白桦系列乳液面膜*2,养生堂YOSEIDO,养生堂YOSEIDO旗舰店,,6.0,6.0,0.0,0.0,144.4,144.4,0.0,0.0,5.0,0.0,,2.0
安修泽 · 油橄榄水乳2.0精华水保湿乳液湿补水保湿修护舒缓,安修泽ONCUR,ONCUR安修泽旗舰店,,6.0,0.0,2.0,4.0,933.0,0.0,377.0,556.0,0.0,2.0,200.0,1.0
艾思诺娜·【如酱】焕润/清润水乳组合 补水修护保湿滋润敏感肌化妆水乳液,艾思诺娜Excellula,艾思诺娜旗舰店,598.0,6.0,5.0,0.0,1.0,3588.0,2990.0,0.0,598.0,1.0,0.0,,1.0
TRANSINO·【Kevin老师专属】持证美白焕颜精华传明酸精华乳液祛斑淡化色斑,传皙诺TRANSINO,TRANSINO传皙诺旗舰店,298.0,5.0,5.0,0.0,0.0,1490.0,1490.0,0.0,0.0,8.0,0.0,,1.0
欧莱雅·第二代金致臻颜重组胶原精粹水乳液面霜正装套组淡化细纹提拉紧致,欧莱雅LOREAL,欧莱雅星选优品的店,,5.0,0.0,0.0,5.0,3495.0,0.0,0.0,3495.0,6.0,0.0,,3.0
无语·好用！60ml卸妆油便携装 | 水感温和深层清洁卸妆乳液效期27年,,方块十四（驻扎仓库版）的店,,5.0,2.0,0.0,3.0,99.5,39.8,0.0,59.7,15.0,0.0,,1.0
吾相 · 577美白精华提亮去黄改善暗沉肤色烟酰胺传明酸淡斑面部乳液,,吾相旗舰店,,5.0,0.0,1.0,4.0,490.0,0.0,98.0,392.0,0.0,1.0,47.0,1.0
芯丝翠 · 【新客试用】PHA全天候乳液10ml+10%胶水精华2ml（效期25年8月）,芯丝翠Neostrata,芯丝翠海外旗舰店,79.0,5.0,0.0,2.0,3.0,355.0,0.0,118.0,237.0,0.0,3.0,36.0,1.0
姿可颜 · 日夜增效乳液面膜补水保湿面膜修复提亮调节肌肤屏障熬夜救星学生,,SHICORE姿可颜旗舰店,189.0,5.0,5.0,0.0,0.0,945.0,945.0,0.0,0.0,1.0,0.0,,1.0
玫琳凯·护肤品套装优萃鲜肌元气爽肤水乳液面霜抗糖补水保湿正品,玫琳凯MARY KAY,玫丽甄选的店,,5.0,1.0,0.0,4.0,240.0,48.0,0.0,192.0,71.0,0.0,,1.0
NATIO·月见草保湿乳液125ml天然控油舒缓补水,NATIO,NATIO海外旗舰店,,5.0,1.0,0.0,4.0,239.0,59.0,0.0,180.0,22.0,0.0,,3.0
CANVAS·【会员尝鲜】玫瑰星品旅行套组  洁面+面膜+纯露+脸油+乳液,,CANVAS海外旗舰店,,4.0,3.0,0.0,1.0,796.0,597.0,0.0,199.0,15.0,0.0,,1.0
花寂·光漾舒缓精油乳液面膜缓解干痒红镇静亲肤贴片面膜【路晨专属】,,花寂旗舰店,,4.0,4.0,0.0,0.0,796.0,796.0,0.0,0.0,9.0,0.0,,1.0
三式·【大夏天专属】解忧乳液焕能精华乳保湿水乳维稳护肤品推荐,三式SANSHI,SANSHI三式旗舰店,168.0,4.0,3.0,0.0,1.0,672.0,504.0,0.0,168.0,1.0,0.0,,1.0
雪曼婷·【吟儿Ring专属】亮颜焕活面膜套组 精华液6*2.5ml+乳液50ml,,雪曼婷SKEYNDOR旗舰店,,4.0,3.0,0.0,1.0,2100.0,1575.0,0.0,525.0,1.0,0.0,,1.0
卡姿兰CARSLAN·卡姿兰晶盈凝润水乳液套装化妆品礼盒补水保湿护肤品官方正品大牌,卡姿兰Carslan,卡姿兰CARSLAN兰惠专卖店,,4.0,4.0,0.0,0.0,3476.0,3476.0,0.0,0.0,2.0,0.0,,2.0
花寂·光漾舒缓精油乳液面膜 缓解干痒红镇静亲肤贴片面膜【直播】,,花寂旗舰店,,4.0,2.0,0.0,2.0,396.0,198.0,0.0,198.0,67.0,0.0,,5.0
FOR FORMULA·【直播专属】配方至上b5精华液+舒润乳液80ml,配方至上FOR FORMULA,FOR FORMULA旗舰店,296.0,4.0,0.0,0.0,4.0,1184.0,0.0,0.0,1184.0,1.0,0.0,,1.0
TRANSINO·【张瑶专属】美白焕颜精华传明酸精华乳液祛斑淡化色斑匀亮肤色,传皙诺TRANSINO,TRANSINO传皙诺旗舰店,298.0,3.0,3.0,0.0,0.0,894.0,894.0,0.0,0.0,1.0,0.0,,1.0
悦薇乳液盖子碎 23产,,H带你买买买的快乐老家的店,149.0,3.0,0.0,0.0,3.0,447.0,0.0,0.0,447.0,1.0,0.0,,1.0
养生堂·白桦弹润焕妍乳液面膜 少奶奶专属,养生堂YOSEIDO,养生堂YOSEIDO旗舰店,,3.0,2.0,0.0,1.0,687.0,458.0,0.0,229.0,1.0,0.0,,1.0
欧莱雅·金致臻颜滋润面霜乳液提拉紧致淡纹保湿修护补水超值套组,欧莱雅LOREAL,欧莱雅星选优品的店,,3.0,3.0,0.0,0.0,1497.0,1497.0,0.0,0.0,59.0,0.0,,4.0
欧莱雅·效期骨折！玻色因乳复颜玻尿酸水光充盈导入乳液110ml 19年,欧莱雅LOREAL,大脸噗噗只卖正品的店,48.0,3.0,1.0,0.0,2.0,144.0,48.0,0.0,96.0,8.0,0.0,,1.0
养生堂·星品秒杀-白桦系列乳液面膜*2,养生堂YOSEIDO,养生堂YOSEIDO旗舰店,,3.0,3.0,0.0,0.0,182.7,182.7,0.0,0.0,1.0,0.0,,1.0
SVR·【ceci专属】舒唯雅美白夜间焕肤乳液 x2,舒唯雅SVR,SVR舒唯雅旗舰店,198.0,3.0,1.0,0.0,2.0,594.0,198.0,0.0,396.0,3.0,0.0,,1.0
毕生之研·【大姐夫专属】DS乳 脂平衡特护精华乳液舒缓敏感褪红控油DB,毕生之研,毕生之研旗舰店,79.0,3.0,2.0,0.0,1.0,237.0,158.0,0.0,79.0,1.0,0.0,,1.0
悦芙媞·水乳喷洁面套组油皮洁颜蜜毛孔清洁修红水乳液,悦芙媞Hapsode,HAPSODE悦芙媞旗舰店,,3.0,2.0,0.0,1.0,567.0,378.0,0.0,189.0,30.0,0.0,,1.0
娇贝诗·SKFD胶原蛋白靓肤填充水湿敷补水保湿水乳精华水乳液爽肤水,娇贝诗,浪漫给予情诗的小铺子的店,,3.0,3.0,0.0,0.0,47.4,47.4,0.0,0.0,51.0,0.0,,1.0
安安金纯·深海藻弹润淡纹精华乳液98g 熟龄肌干皮可用抚纹精粹精华,安安金纯A'Gensn,安安金纯A'Gensn旗舰店,89.0,3.0,0.0,0.0,3.0,267.0,0.0,0.0,267.0,16.0,0.0,,1.0
欧莎媛·秋冬乳液灌肤法“少量多餐”呵护肌肤小分子水疗乳敷灌肤深度补水,,欧莎媛美容护肤店的店,118.0,3.0,1.0,0.0,2.0,354.0,118.0,0.0,236.0,69.0,2.0,10.0,1.0
TRANSINO·【魔女娜娜专属】持证美白焕颜精华传明酸精华乳液祛斑淡化色斑,传皙诺TRANSINO,TRANSINO传皙诺旗舰店,298.0,3.0,3.0,0.0,0.0,894.0,894.0,0.0,0.0,1.0,0.0,,1.0
玫琳凯·幻时系列洗面爽肤水乳液面霜面膜化妆品正品,玫琳凯MARY KAY,玫之家臻选的店,68.0,3.0,0.0,0.0,3.0,204.0,0.0,0.0,204.0,85.0,0.0,,1.0
OKADY · 明星柳岩推荐控油祛痘精华乳液30ml淡痘印保湿精华毛孔收缩精华液,欧佩OUPEI,奥黛丽厚本～的店,16.9,3.0,0.0,1.0,2.0,50.7,0.0,16.9,33.8,0.0,2.0,3.0,1.0
三草两木·黑晶套盒水乳液精华面霜四件套面部护理套装抗老补水修护提亮肤色,三草两木SASELOMO,阳阳三草两木护肤品的店,,3.0,0.0,0.0,3.0,147.0,0.0,0.0,147.0,40.0,0.0,,1.0
花寂·光漾舒缓精油乳液面膜 缓解干红镇静亲肤贴片面膜,,花寂旗舰店,,3.0,2.0,0.0,1.0,257.0,158.0,0.0,99.0,18.0,0.0,,3.0
英诺皮肤世家·敏敏修护大咖 inno英诺k乳精华乳30g 改善红丝丝乳液面霜,英诺皮肤世家INNOAESTHETICS,mandy （护肤号）的店,,3.0,1.0,1.0,1.0,807.0,269.0,269.0,269.0,10.0,2.0,10.0,1.0
MEILAOBAN·星沭眉部定妆乳液·浓缩系列（推广价）,,眉老板e（有线上）的店,168.0,3.0,1.0,0.0,2.0,504.0,168.0,0.0,336.0,1.0,0.0,,1.0
毕生之研·【大促】DS乳 脂平衡特护精华乳液舒缓敏感褪红控油DB,毕生之研,毕生之研旗舰店,148.0,2.0,2.0,0.0,0.0,296.0,296.0,0.0,0.0,1.0,0.0,,1.0
AromeManpo馥郁满铺 · 【铂金会员试用】晚香玉光感发酵精华乳乳液10ml保湿    ZY,Aromemanpo,AromeManpo馥郁满铺旗舰店,,2.0,0.0,0.0,2.0,138.0,0.0,0.0,138.0,0.0,1.0,43.0,1.0
肌本演绎·2【核桃38节专属】小红120支+小紫120支+乳液2瓶,肌本演绎,肌本演绎旗舰店,,2.0,2.0,0.0,0.0,3370.0,3370.0,0.0,0.0,1.0,0.0,,1.0
养生堂·白桦弹润焕妍乳液面膜 五花博士专属,养生堂YOSEIDO,养生堂YOSEIDO旗舰店,,2.0,0.0,0.0,2.0,458.0,0.0,0.0,458.0,1.0,0.0,,1.0
花寂·光漾舒缓精油乳液面膜 缓解干痒红镇静亲肤云朵面膜贴片面膜,,花寂旗舰店,,2.0,0.0,0.0,2.0,398.0,0.0,0.0,398.0,18.0,0.0,,3.0
第一三共·全身保湿乳液200ml*2 赠bb全身用洗发沐浴露350ml,第一三共,第一三共ヘルスケア海外旗舰店,,2.0,1.0,0.0,1.0,388.0,194.0,0.0,194.0,5.0,0.0,,2.0
SNOVA·秒杀【choky专属】30年高端院线抗初老清爽保湿乳液,,SNOVA海外旗舰店,,2.0,2.0,0.0,0.0,336.0,336.0,0.0,0.0,2.0,0.0,,1.0
素颜桃花·玻色因紧致抗皱乳液面膜,,素颜桃花&乔帮主的店,79.0,2.0,1.0,0.0,1.0,158.0,79.0,0.0,79.0,15.0,0.0,,2.0
自然堂·雪肌追光洁面洗面奶爽肤水乳液面霜套装美白白皙透亮,自然堂CHANDO,CHANDO自然堂官方旗舰店,,2.0,0.0,0.0,2.0,818.0,0.0,0.0,818.0,1.0,0.0,,1.0
TRANSINO·【半糖专属】美白焕颜精华传明酸精华乳液祛斑淡化色斑匀亮肤色,传皙诺TRANSINO,TRANSINO传皙诺旗舰店,298.0,2.0,0.0,0.0,2.0,596.0,0.0,0.0,596.0,0.0,0.0,,0.0
柔恩莱·独岛白桦树水分清爽保湿安瓶精华爽肤水乳液,柔恩莱ROUND LAB,昭昭在韩国go的店,93.0,2.0,0.0,0.0,2.0,186.0,0.0,0.0,186.0,14.0,0.0,,1.0
md:ceuticals·【博主推荐】早酸晚A套组（乳糖酸乳液+A醇精华）,,md:ceuticals海外旗舰店,1100.0,2.0,1.0,0.0,1.0,2200.0,1100.0,0.0,1100.0,25.0,0.0,,3.0
孔凤春KOPHENIX · 【小绿瓶】马齿苋舒缓特护精华液保湿干皮乳液修护肌肤,孔凤春KOPHENIX,孔凤春旗舰店,,2.0,0.0,0.0,2.0,103.8,0.0,0.0,103.8,0.0,0.0,,0.0
pink too·山茶花清透水乳套装屏障补水保湿去黄提亮平衡水油爽肤水乳液,,Pink Too美护旗舰店,,2.0,1.0,0.0,1.0,56.5,26.6,0.0,29.9,12.0,0.0,,1.0
片仔癀·雪肌晶润礼盒 美白淡斑紧致补水保湿提亮爽肤水乳液,片仔癀PZH,行知堂片仔癀美妆旗舰店,,2.0,0.0,0.0,2.0,418.0,0.0,0.0,418.0,67.0,0.0,,1.0
欧莱雅·【嘿姐专属】L'OREAL 金致臻颜花蜜胶原乳液110ml 小蜜罐乳液,欧莱雅LOREAL,欧莱雅渼澜专卖店,,1.0,1.0,0.0,0.0,219.0,219.0,0.0,0.0,1.0,0.0,,1.0
花寂·光漾舒缓精油乳液面膜 缓解干痒红镇静亲肤贴片面膜【辛辛】,,花寂旗舰店,,1.0,1.0,0.0,0.0,199.0,199.0,0.0,0.0,1.0,0.0,,1.0
肌本演绎·2【核桃38节专属】小绿240支+小红240支+小紫120支+乳液4瓶,肌本演绎,肌本演绎旗舰店,,1.0,0.0,0.0,1.0,3320.0,0.0,0.0,3320.0,1.0,0.0,,1.0
伊菲丹·【章小蕙直播专享】双抗TP：保湿洁面泡沫+精萃液+樱花乳液,伊菲丹EviDenS de Beaute,玫瑰是玫瑰梦想橱窗的店,,1.0,1.0,0.0,0.0,2130.0,2130.0,0.0,0.0,2.0,0.0,,1.0
王子与玫瑰·【立即抢购】反重力脸部颈部一体式提拉紧致抗皱乳液灌肤面膜,,王子与玫瑰企业店的店,199.0,1.0,1.0,0.0,0.0,199.0,199.0,0.0,0.0,1.0,0.0,,1.0
花寂·光漾舒缓精油乳液面膜 缓解干痒红镇静亲肤贴片面膜【小水梨】,,花寂旗舰店,,1.0,0.0,0.0,1.0,199.0,0.0,0.0,199.0,0.0,0.0,,0.0
羽素·定制礼盒大灯泡快速祛瘪痘洗卸合一洁面闭口水套组祛痘水乳液精华,羽素YOU&PURE,羽素YOU&PURE旗舰店,299.0,1.0,1.0,0.0,0.0,299.0,299.0,0.0,0.0,21.0,0.0,,1.0
欧莱雅·第二代金致臻颜重组胶原精粹水乳液正装套组淡化细纹提拉紧致套组,欧莱雅LOREAL,欧莱雅星选优品的店,,1.0,0.0,0.0,1.0,499.0,0.0,0.0,499.0,49.0,0.0,,4.0
"CANVAS·玫瑰全日保湿乳液润肤补水精华乳霜膏“隐形面膜""",,CANVAS海外旗舰店,,1.0,0.0,0.0,1.0,515.0,0.0,0.0,515.0,1.0,0.0,,1.0
养生堂·森林黑钻修颜紧塑生物发酵面膜+乳液面膜组合 winnietang专属,养生堂YOSEIDO,养生堂YOSEIDO旗舰店,,1.0,1.0,0.0,0.0,1109.0,1109.0,0.0,0.0,1.0,0.0,,1.0
吾相·【达人】577美白精华提亮去黄改善暗沉肤色烟酰胺传明酸淡斑乳液,,吾相旗舰店,,1.0,1.0,0.0,0.0,178.0,178.0,0.0,0.0,1.0,0.0,,1.0
欧莱雅·第二代金致臻颜胶原水乳液紧致抗皱补水保湿滋润修护淡纹,欧莱雅LOREAL,欧莱雅星选优品的店,,1.0,1.0,0.0,0.0,239.0,239.0,0.0,0.0,108.0,0.0,,4.0
md:ceuticals·【博主推荐】苹果修复乳液+臻粹基因肽-GF精华+三酸舒敏多效精华,,md:ceuticals海外旗舰店,1650.0,1.0,0.0,0.0,1.0,1650.0,0.0,0.0,1650.0,7.0,0.0,,1.0
Dr.Wong·【田原专属】林间月光面部护理乳液清爽保湿抗皱紧致木质花香温和,Dr.Wong,Dr.Wong旗舰店,,1.0,0.0,0.0,1.0,125.8,0.0,0.0,125.8,3.0,0.0,,1.0
敷尔佳 · 【成毅同款】葡萄籽溯颜弾嫩乳液面膜,敷尔佳,敷尔佳官方旗舰店,,1.0,0.0,0.0,1.0,168.0,0.0,0.0,168.0,0.0,0.0,,0.0
养生堂·弹润焕妍乳液面膜  芳菲专属,养生堂YOSEIDO,养生堂YOSEIDO旗舰店,,1.0,0.0,0.0,1.0,229.0,0.0,0.0,229.0,0.0,0.0,,0.0
科妮肤·kineff积雪草洗面奶清洁平衡水油镇定保湿敏感肌爽肤水乳液,科妮肤kineff,孙漂亮在韩国的店,,1.0,0.0,0.0,1.0,84.15,0.0,0.0,84.15,0.0,0.0,,0.0
蔚蓝之美·WEI沁莲莹润系列精华水/乳液/洁面/精华液,蔚蓝之美Wei Beauty,是Lar Land呀的店,,1.0,1.0,0.0,0.0,39.9,39.9,0.0,0.0,4.0,0.0,,1.0
法朗丝·【Tina专属】特证美白补水紧致 4件套水乳液精华眼霜,,法朗丝旗舰店,,1.0,0.0,0.0,1.0,1688.0,0.0,0.0,1688.0,0.0,0.0,,0.0
TRANSINO·【直播】美白焕颜精华传明酸乳液祛斑淡化色斑氨甲环酸,传皙诺TRANSINO,TRANSINO传皙诺旗舰店,298.0,1.0,1.0,0.0,0.0,298.0,298.0,0.0,0.0,1.0,0.0,,1.0
养生堂·白桦弹润焕妍乳液面膜紧致,养生堂YOSEIDO,养生堂YOSEIDO旗舰店,,1.0,1.0,0.0,0.0,229.0,229.0,0.0,0.0,37.0,0.0,,10.0
依漾·玻色因精华水乳套装推荐抗初老抗皱抗糖爽肤补水保湿水乳液护肤品,依漾YEARN,依漾旗舰店,,1.0,0.0,0.0,1.0,55.9,0.0,0.0,55.9,2.0,0.0,,1.0
md:ceuticals·苹果修复乳液+臻粹基因肽-GF精华+三酸舒敏多效精华,,md:ceuticals海外旗舰店,1650.0,1.0,1.0,0.0,0.0,1650.0,1650.0,0.0,0.0,12.0,0.0,,2.0
XDG·第三代酵母益生菌修护水乳两件套装精华水乳液油皮痘痘肌学生女,XDG,XDG旗舰店,179.0,1.0,1.0,0.0,0.0,179.0,179.0,0.0,0.0,1.0,0.0,,1.0
韩舜妆·山茶花水乳套装保湿补水滋润收缩毛孔积雪草植物精华爽肤水乳液,韩舜妆HORNCOS,Maigoole华夏星伟的店,,1.0,0.0,0.0,1.0,24.6,0.0,0.0,24.6,14.0,0.0,,1.0
芙丽芳丝·水乳两件套装 保湿修护滋润肌肤 化妆水130ml+乳液100ml,芙丽芳丝Freeplus,HOZEAL美妆海外旗舰店,,1.0,0.0,0.0,1.0,205.0,0.0,0.0,205.0,0.0,0.0,,0.0
片仔癀·凝时素颜紧致弹力乳 胜肽抗皱紧致补水保湿舒缓淡纹乳液,片仔癀PZH,行知堂片仔癀美妆旗舰店,,1.0,0.0,0.0,1.0,199.0,0.0,0.0,199.0,67.0,0.0,,1.0
养生堂·【章小蕙直播专享】白桦弹润焕妍乳液面膜,养生堂YOSEIDO,养生堂YOSEIDO旗舰店,,0.0,0.0,0.0,0.0,0.0,0.0,0.0,0.0,1.0,0.0,,1.0
CANVAS·【自播专属】玫瑰星品旅行套组  洁面+面膜+纯露+脸油+乳液,,CANVAS海外旗舰店,,0.0,0.0,0.0,0.0,0.0,0.0,0.0,0.0,1.0,0.0,,1.0
欧利芙洋 · 韩国ideal男士多效合一精华乳液 控油保湿滋润补水敏感修护三合一,欧利芙洋OLIVE YOUNG,大雪雪的旅行日记的店,,0.0,0.0,0.0,0.0,0.0,0.0,0.0,0.0,0.0,1.0,3.0,1.0
修丽可·色修精华乳液淡痘印祛痘控油舒缓修红30ml,修丽可skinceuticals,超级大派的店,,0.0,0.0,0.0,0.0,0.0,0.0,0.0,0.0,2.0,0.0,,1.0
欧莱雅 · 第二代金致臻颜花蜜奢养精华65ml乳液50ml中样,欧莱雅LOREAL,阿美美了没的店,,0.0,0.0,0.0,0.0,0.0,0.0,0.0,0.0,0.0,1.0,3.0,1.0
茗希芝·深层清洁卸妆膏卸妆油卸妆乳液眼唇脸三合一温和不刺激,茗希芝MINSHZEE,朱朱爱化妆的店,,0.0,0.0,0.0,0.0,0.0,0.0,0.0,0.0,2.0,0.0,,1.0
养生堂·白桦弹润焕妍乳液面膜,养生堂YOSEIDO,养生堂YOSEIDO旗舰店,,0.0,0.0,0.0,0.0,0.0,0.0,0.0,0.0,4.0,0.0,,1.0
养生堂·白桦弹润焕妍乳液面膜,养生堂YOSEIDO,养生堂YOSEIDO旗舰店,,0.0,0.0,0.0,0.0,0.0,0.0,0.0,0.0,1.0,0.0,,1.0
MapleBio枫萃·修护套装C型：滋润款 喷雾、多肽粉、水分乳液、双萃油体验装*2支,,枫萃 MAPLEBIO旗舰店,,0.0,0.0,0.0,0.0,0.0,0.0,0.0,0.0,2.0,0.0,,1.0
欧莱雅·【礼礼专属】L'OREAL 复颜玻尿酸水光充盈玻色因乳液110ml-新款,欧莱雅LOREAL,欧莱雅渼澜专卖店,,0.0,0.0,0.0,0.0,0.0,0.0,0.0,0.0,1.0,0.0,,1.0
欧莱雅·【礼礼专属】L'OREAL 金致臻颜花蜜胶原乳液110ml 小蜜罐乳液抗,欧莱雅LOREAL,欧莱雅渼澜专卖店,,0.0,0.0,0.0,0.0,0.0,0.0,0.0,0.0,1.0,0.0,,1.0
润百颜 · 屏障调理水乳面霜套装白纱布玻尿酸补水保湿修护敏肌护肤品乳液,润百颜,newface的店,31.8,0.0,0.0,0.0,0.0,0.0,0.0,0.0,0.0,0.0,1.0,1.0,1.0
木子田 · 山茶花水乳液护肤套装补水保湿提亮肤色清爽控油洁面乳面霜精华液,,MAJ护肤的店,26.0,0.0,0.0,0.0,0.0,0.0,0.0,0.0,0.0,0.0,5.0,17.0,1.0
巴麗岛 · 芦荟胶保湿水乳液套装补水面膜控油收缩毛孔柔肤水露纯植物面霜,,MAJ护肤的店,,0.0,0.0,0.0,0.0,0.0,0.0,0.0,0.0,0.0,22.0,63.0,1.0
泉美小屋 · 爆款山羊奶护肤五件套补水保湿面部护理爽肤水乳液霜套装批发厂家,,MAJ护肤的店,,0.0,0.0,0.0,0.0,0.0,0.0,0.0,0.0,0.0,11.0,40.0,1.0
雪柔雅 · 精华乳烟酰胺熊果苷鎏光发光微抗氧皱去黄提亮精华乳液,雪柔雅,璐的小店的店,26.6,0.0,0.0,0.0,0.0,0.0,0.0,0.0,0.0,0.0,2.0,2.0,1.0
姿可颜·日夜增效乳液面膜补水保湿面膜修复提亮调节熬夜救星,,SHICORE姿可颜旗舰店,189.0,0.0,0.0,0.0,0.0,0.0,0.0,0.0,0.0,1.0,0.0,,1.0
俏琳娜 · 富勒烯多肽赋活精华乳嫩肤白净深层滋养祛黄嫩肤修护屏障乳液,俏琳娜,奢艳美妆的店,69.9,0.0,0.0,0.0,0.0,0.0,0.0,0.0,0.0,0.0,1.0,0.0,1.0
魔女工厂·水乳套装爽肤水乳液 益生菌水润安瓶 保湿舒缓修护正品,魔女工厂,魔女工厂护肤旗舰店,,0.0,0.0,0.0,0.0,0.0,0.0,0.0,0.0,2.0,0.0,,1.0
敷尔佳 · 肌肤嘭弹娇嫩的秘密！ 葡萄籽溯颜弹嫩乳液面膜葆湿紧至k皱,敷尔佳,小鹿??乱撞的店,47.0,0.0,0.0,0.0,0.0,0.0,0.0,0.0,0.0,0.0,1.0,5.0,1.0
修研舍·【87年陈女士】白肤去黄去黑修复救星补水锁水抗氧化精华乳液,,艾木夕南非遗养护的店,,0.0,0.0,0.0,0.0,0.0,0.0,0.0,0.0,4.0,0.0,,1.0
TRANSINO·【导航仪专属】美白焕颜精华传明酸精华乳液祛斑淡化色斑匀亮肤色,传皙诺TRANSINO,TRANSINO传皙诺旗舰店,298.0,0.0,0.0,0.0,0.0,0.0,0.0,0.0,0.0,1.0,0.0,,1.0
OTHER · 多肽乳液面膜韩国院线皮肤科,,SevenBeauty的店,258.0,0.0,0.0,0.0,0.0,0.0,0.0,0.0,0.0,0.0,1.0,0.0,1.0
润百颜·【帅帅专属】白纱布屏障水乳2.0玻尿酸爽肤水乳液强韧肌底【DB】,润百颜,润百颜旗舰店,279.0,0.0,0.0,0.0,0.0,0.0,0.0,0.0,0.0,2.0,0.0,,1.0
LAMER·【礼礼专属】精粹乳乳液推荐保湿修复30岁以上抗老水乳第一,海蓝之谜LA MER,巴黎春天百货海外旗舰店,1037.0,0.0,0.0,0.0,0.0,0.0,0.0,0.0,0.0,3.0,0.0,,1.0
娇韵诗·young专享—全新金黄焕彩古铜美黑精华露乳液15ml （赠护手霜）,娇韵诗CLARINS,草莓网Strawberrynet海外旗舰店,215.0,0.0,0.0,0.0,0.0,0.0,0.0,0.0,0.0,8.0,0.0,,1.0
养生堂·白桦弹润焕妍乳液面膜单盒 missshine讲育儿专属,养生堂YOSEIDO,养生堂YOSEIDO旗舰店,,0.0,0.0,0.0,0.0,0.0,0.0,0.0,0.0,4.0,0.0,,1.0
DECORTÉ · AQ白檀水乳30ml中小样 舒活保湿修复化妆水乳液 滋润型,黛珂DECORT,秋虎小样儿的店,,0.0,0.0,0.0,0.0,0.0,0.0,0.0,0.0,0.0,1.0,1.0,1.0
欧莱雅·L'OREAL 金致臻颜花蜜胶原乳液110ml 小蜜罐乳液抗皱紧致补水保湿,欧莱雅LOREAL,欧莱雅渼澜专卖店,,0.0,0.0,0.0,0.0,0.0,0.0,0.0,0.0,1.0,0.0,,1.0
AromeManpo馥郁满铺·【新品上市】乳液晚香玉光感发酵精华乳抗氧化抗糖焕亮85ml,Aromemanpo,穿过花园就到了的店,35.0,0.0,0.0,0.0,0.0,0.0,0.0,0.0,0.0,1.0,0.0,,1.0
Tata Harper·【喵爷专属】焕新明亮乳液50ml,TATA HARPER,TATA HARPER海外旗舰店,,0.0,0.0,0.0,0.0,0.0,0.0,0.0,0.0,1.0,0.0,,1.0
雪曼婷·西班牙刷酶套组亮颜焕活精华液乳液套装带防伪码！,,85岁还是小富婆的店,,0.0,0.0,0.0,0.0,0.0,0.0,0.0,0.0,2.0,0.0,,1.0
京润珍珠·【季小军专属】裸妆透白水精华乳液面霜 4件套,京润珍珠gNPearl,gNpearl 京润珍珠旗舰店,399.0,0.0,0.0,0.0,0.0,0.0,0.0,0.0,0.0,1.0,0.0,,1.0
韩美肌 · 羊胎素活性紧致精华水乳液面霜补水保湿三件套装护肤品代发,,MAJ护肤的店,32.0,0.0,0.0,0.0,0.0,0.0,0.0,0.0,0.0,0.0,8.0,64.0,1.0
欧华蔻 · 线下款实体店美容院面部护肤品精华水乳液面霜眼霜精华液保湿厂家,欧华蔻,MAJ护肤的店,,0.0,0.0,0.0,0.0,0.0,0.0,0.0,0.0,0.0,4.0,14.0,1.0
栖花里 · 轻素花蜜活妍润亮护肤品套盒装爽肤水精华乳液面霜洗面奶,栖花里,MAJ护肤的店,,0.0,0.0,0.0,0.0,0.0,0.0,0.0,0.0,0.0,23.0,233.0,1.0
绽妍JUYOU·新！绽妍维生素B5保湿面霜爽肤水乳液 贻贝精华 泛醇补水滋润清爽,绽妍JUYOU,美阁庄园小众精选护肤的店,,0.0,0.0,0.0,0.0,0.0,0.0,0.0,0.0,10.0,2.0,3.0,1.0
MENE&MOY SYSTEM · MM 爆品尝鲜盒 院线级果酸 10%果酸抗痘嫩肤泥膜 早C晚A乳液,MENEMOYSYSTEM,MENE MOY SYSTEM海外旗舰店,100.0,0.0,0.0,0.0,0.0,0.0,0.0,0.0,0.0,0.0,2.0,21.0,1.0
DECORTÉ · 贵妇系列 AQ珍萃精颜臻悦化妆水+乳液18ml 精致水乳 洁面,黛珂DECORT,秋虎小样儿的店,,0.0,0.0,0.0,0.0,0.0,0.0,0.0,0.0,0.0,1.0,1.0,1.0
DECORTÉ·紫苏水牛油果乳液套装,黛珂DECORT,Abigaila海外旗舰店,,0.0,0.0,0.0,0.0,0.0,0.0,0.0,0.0,5.0,0.0,,1.0
娇贝诗 · SKFD胶原蛋白靓肤填充水湿敷补水保湿水乳精华水乳液爽肤水,娇贝诗,MAJ护肤的店,36.0,0.0,0.0,0.0,0.0,0.0,0.0,0.0,0.0,0.0,14.0,84.0,1.0
巴宝格 · 茉莉白茶水乳三件套装补水保湿爽肤水乳液清爽滋润舒缓护肤,,MAJ护肤的店,19.0,0.0,0.0,0.0,0.0,0.0,0.0,0.0,0.0,0.0,9.0,27.0,1.0
柏采雅 · 抖音柏采嫩肤未来377嫩白淡斑精华液爽肤水乳套装烟酰胺乳液面霜,,MAJ护肤的店,36.0,0.0,0.0,0.0,0.0,0.0,0.0,0.0,0.0,0.0,7.0,53.0,1.0
欧莱雅·注光乳液50ml有效期25.10,欧莱雅LOREAL,可爱cc多的店,19.0,0.0,0.0,0.0,0.0,0.0,0.0,0.0,0.0,0.0,0.0,,0.0
hfp·【清醒联盟专属】果酸精粹水 去黑头闭口收毛孔 送乳液,,hfp旗舰店,,0.0,0.0,0.0,0.0,0.0,0.0,0.0,0.0,0.0,0.0,,0.0
DECORTÉ · 【法国直邮】黛珂牛油果精萃保湿乳液300ml 舒缓肌肤补水保湿,黛珂DECORT,IPARISHOP海外旗舰店,319.0,0.0,0.0,0.0,0.0,0.0,0.0,0.0,0.0,0.0,1.0,2.0,1.0
欧莱雅·L'OREAL 金致臻颜花蜜胶原乳液110ml 小蜜罐乳液抗皱紧致补水保湿,欧莱雅LOREAL,欧莱雅渼澜专卖店,,0.0,0.0,0.0,0.0,0.0,0.0,0.0,0.0,0.0,0.0,,0.0
维娜蓓霓芬按压泵头150ml水乳通用压嘴按压头套装乳液鸭嘴替换头,,真空泵头的店,8.8,0.0,0.0,0.0,0.0,0.0,0.0,0.0,0.0,0.0,1.0,0.0,1.0
艾天然 · 抗初老！高保湿！30+姊妹入手！洁面乳液化妆水日本本土版敏感肌,艾天然Attenir,大眼柯基美妆护肤买买买的店,120.0,0.0,0.0,0.0,0.0,0.0,0.0,0.0,0.0,,,,
安科丽·多肽焕颜抗皱乳液保湿滋润紧致抗皱修护淡化细纹官方正品,安科丽ANKELIFE,安科丽旗舰店,,0.0,0.0,0.0,0.0,0.0,0.0,0.0,0.0,,,,
韩雅·臻红凝时紧塑六件套礼盒眼霜水乳液洁面精华保湿抗皱舒缓修护,,ANYA韩雅旗舰店,,0.0,0.0,0.0,0.0,0.0,0.0,0.0,0.0,0.0,0.0,,0.0
兰蔻·极光水150ml乳液75ml精华50ml面霜50ml四件套礼盒礼袋,兰蔻LANCOME,猴力有限公司的海外店,,0.0,0.0,0.0,0.0,0.0,0.0,0.0,0.0,0.0,0.0,,0.0
LAMER·【李百张专属】精粹乳乳液推荐保湿修复30岁以上抗老水乳排行榜,海蓝之谜LA MER,巴黎春天百货海外旗舰店,1037.0,0.0,0.0,0.0,0.0,0.0,0.0,0.0,0.0,1.0,0.0,,1.0
安多可 · 西班牙endocare焕活修护乳液100ml舒缓褪红清爽保湿不油腻,安多可ENDOCARE,人间小梅好|护肤的店,69.0,0.0,0.0,0.0,0.0,0.0,0.0,0.0,0.0,0.0,1.0,1.0,1.0
CANVAS·【女神的礼物抗晒组合】青瓜舒缓纯露100ML+天然抗晒乳液40ML,,CANVAS海外旗舰店,,0.0,0.0,0.0,0.0,0.0,0.0,0.0,0.0,31.0,0.0,,1.0
馥珮 · 白皙娇嫩套盒洗面奶水乳液套装护肤品滋润保湿学生补水3件套,馥珮,馥珮个护专卖店,,0.0,0.0,0.0,0.0,0.0,0.0,0.0,0.0,0.0,8.0,5.0,1.0
花寂·光漾舒缓精油乳液面膜 缓解干痒红镇静亲肤云朵面膜贴片面膜,,花寂旗舰店,,0.0,0.0,0.0,0.0,0.0,0.0,0.0,0.0,1.0,0.0,,1.0
TRANSINO·【张瑶专属】持证美白焕颜精华传明酸氨甲环酸精华乳液祛斑淡斑,传皙诺TRANSINO,TRANSINO传皙诺旗舰店,298.0,0.0,0.0,0.0,0.0,0.0,0.0,0.0,0.0,0.0,0.0,,0.0
色娜娜·爽肤水120ml+乳液120ml共（两瓶）,色娜娜Senana Marina,朱朱美妆的店,,0.0,0.0,0.0,0.0,0.0,0.0,0.0,0.0,0.0,0.0,,0.0
LAMER·【玛勒海盗粉丝专属】精粹乳乳液推荐保湿修复30岁以上抗老水乳,海蓝之谜LA MER,巴黎春天百货海外旗舰店,,0.0,0.0,0.0,0.0,0.0,0.0,0.0,0.0,4.0,0.0,,1.0
雅琪朵·有机绿花千层面部乳霜-改善痘痘平衡水油保湿乳液面霜天然进口,雅琪朵,芊芊的养生之路的店,339.0,0.0,0.0,0.0,0.0,0.0,0.0,0.0,0.0,3.0,0.0,,1.0
雅琪朵·有机植物玻尿酸精华乳液修复补水-抗衰敏感肌干皮孕妇意大利,雅琪朵,芊芊的养生之路的店,429.0,0.0,0.0,0.0,0.0,0.0,0.0,0.0,0.0,3.0,0.0,,1.0
欧莱雅 · 二代复颜玻尿酸水光充盈玻色因晶露水乳水130ml/乳液110ml,欧莱雅LOREAL,阿美美了没的店,99.0,0.0,0.0,0.0,0.0,0.0,0.0,0.0,0.0,0.0,0.0,,0.0
花寂·光漾舒缓精油乳液面膜 缓解干痒红镇静亲肤云朵面膜贴片面膜,,花寂旗舰店,,0.0,0.0,0.0,0.0,0.0,0.0,0.0,0.0,18.0,0.0,,1.0
牛油果乳液300ml无塑封,,H带你买买买的快乐老家的店,159.0,0.0,0.0,0.0,0.0,0.0,0.0,0.0,0.0,0.0,0.0,,0.0
可复美 · 重组胶原蛋白修复敷料R乳创面保护愈合敏感肌乳液状非面膜40g,可复美,newface的店,,0.0,0.0,0.0,0.0,0.0,0.0,0.0,0.0,0.0,5.0,6.0,1.0
娇韵诗·双萃赋活修护精华黄金双萃神仙乳液修护保湿少女精华【葵葵专属】,娇韵诗CLARINS,REEHOPCITY国际的海外店,,0.0,0.0,0.0,0.0,0.0,0.0,0.0,0.0,0.0,0.0,,0.0
欧莱雅·第二代金致臻颜重组胶原精粹水乳液正装套组淡化细纹提拉紧致,欧莱雅LOREAL,欧莱雅星选优品的店,,0.0,0.0,0.0,0.0,0.0,0.0,0.0,0.0,3.0,0.0,,2.0
科丽妍·【田天天专享】瑞士素肌妍雅保护液提升肌肤防御力乳液,科丽妍LACOLLINE,LA COLLINE 科丽妍旗舰店,,0.0,0.0,0.0,0.0,0.0,0.0,0.0,0.0,0.0,0.0,,0.0
EVM·追光焕采精华水120ml/乳液60ml 补水保湿1%CEF烟酰胺阿魏酸VC,EVM,是Lar Land呀的店,28.0,0.0,0.0,0.0,0.0,0.0,0.0,0.0,0.0,0.0,0.0,,0.0
欧诗漫·【老鱼想吃烤肉】珍白因水乳套装乳液淡斑补水保湿护肤品MC,欧诗漫OSM,欧诗漫旗舰店,,0.0,0.0,0.0,0.0,0.0,0.0,0.0,0.0,1.0,0.0,,1.0
Ongredients·【袁岱川专属】ongredients温丽慈肌肤屏障舒缓乳液1瓶+2片面膜B,,Ongredients温丽慈海外旗舰店,129.0,0.0,0.0,0.0,0.0,0.0,0.0,0.0,0.0,0.0,0.0,,0.0
IOMA·【李老师专属】芯帽子焕肤精华乳液抗皱紧致舒缓保湿50ml,,HISUN海正旗舰店,,0.0,0.0,0.0,0.0,0.0,0.0,0.0,0.0,2.0,0.0,,1.0
CLINIQUE · 匀净卓妍润肤镭射乳液100ml淡斑提亮抗氧化,倩碧Clinique,IMEI海外的店,288.0,0.0,0.0,0.0,0.0,0.0,0.0,0.0,0.0,0.0,3.0,0.0,1.0
梵蜜琳·胶原蛋白赋颜礼盒水精华乳液面霜正装四件套（剪码销售）,梵蜜琳Thanmelin,丽琳护肤的店,,0.0,0.0,0.0,0.0,0.0,0.0,0.0,0.0,0.0,0.0,,0.0
露华浓·保税直发REVLON养肤精华润色乳液有色面霜SPF15亮肤匀净姜根+维C,露华浓Revlon,茹云美国便利店的海外店,,0.0,0.0,0.0,0.0,0.0,0.0,0.0,0.0,0.0,0.0,,0.0
悦丝汀 · 医用胶原蛋白水乳套装术后创面屏障修护械号修复水胶原乳液,悦丝汀,悦丝汀旗舰店,,0.0,0.0,0.0,0.0,0.0,0.0,0.0,0.0,0.0,1.0,3.0,1.0
安肤语·b5保湿精华水100ml*4 保湿爽肤水护肤品 赠乳液30ml小样*1,,安肤语Anfuyu旗舰店,,0.0,0.0,0.0,0.0,0.0,0.0,0.0,0.0,0.0,0.0,,0.0
Ongredients·【礼礼专属】ongredients温丽慈肌肤屏障舒缓乳液1瓶+2片面膜,,Ongredients温丽慈海外旗舰店,129.0,0.0,0.0,0.0,0.0,0.0,0.0,0.0,0.0,1.0,0.0,,1.0
Ongredients·【王桜豫专属】ongredients温丽慈肌肤屏障舒缓乳液1瓶+2片面膜B,,Ongredients温丽慈海外旗舰店,129.0,0.0,0.0,0.0,0.0,0.0,0.0,0.0,0.0,2.0,0.0,,1.0
Ongredients·【琪珮专属】ongredients温丽慈肌肤屏障舒缓乳液1瓶+2片面膜B,,Ongredients温丽慈海外旗舰店,129.0,0.0,0.0,0.0,0.0,0.0,0.0,0.0,0.0,0.0,0.0,,0.0
乐普莱柏·【玻色因紧致精华乳】补水促胶原嘭弹精华啵啵乳液,乐普LEPU,慕慕爱小昕的店,298.0,0.0,0.0,0.0,0.0,0.0,0.0,0.0,0.0,0.0,0.0,,0.0
养生堂·星品秒杀-白桦系列乳液面膜*2,养生堂YOSEIDO,养生堂YOSEIDO旗舰店,,0.0,0.0,0.0,0.0,0.0,0.0,0.0,0.0,0.0,0.0,,0.0
东京彩虹桥·【日本直邮】carte 高保湿面部身体乳液410ml 不退换,,东京彩虹桥的海外店,,0.0,0.0,0.0,0.0,0.0,0.0,0.0,0.0,1.0,0.0,,1.0
颐莲·【达人】玻尿酸微乳蛋皮面膜乳液精华补水保湿秋冬,颐莲RELLET,福瑞达美妆护肤旗舰店,,0.0,0.0,0.0,0.0,0.0,0.0,0.0,0.0,1.0,0.0,,1.0
冰肤之萃 · 水感胶原蛋白乳液面膜水晶紧致白变透面膜上下两片,,森林小兔的店,,0.0,0.0,0.0,0.0,0.0,0.0,0.0,0.0,0.0,0.0,,0.0
养生堂·白桦弹润焕妍乳液面膜单/双盒,养生堂YOSEIDO,养生堂YOSEIDO旗舰店,,0.0,0.0,0.0,0.0,0.0,0.0,0.0,0.0,0.0,0.0,,0.0
AXXZIA·<老赵和kiki专属>肌源希越美时光弹润亮采菁萃乳液,晓姿AXXZIA,AXXZIA海外旗舰店,498.0,0.0,0.0,0.0,0.0,0.0,0.0,0.0,0.0,24.0,0.0,,1.0
Jan Marini·琉光亮肌A醇精华乳液30ml耀白紧致淡纹视黄醇保湿,,Jan Marini海外旗舰店,,0.0,0.0,0.0,0.0,0.0,0.0,0.0,0.0,1.0,0.0,,1.0
TARA·水光爽肤水乳液安瓶精华套装 滋养保湿K老美容院级别,,HAUL41海外旗舰店,206.0,0.0,0.0,0.0,0.0,0.0,0.0,0.0,0.0,0.0,0.0,,0.0
AXXZIA·<店播特享>肌源希越美时光菁萃水100ml/瓶+菁萃乳液55ml/瓶,晓姿AXXZIA,AXXZIA海外旗舰店,956.0,0.0,0.0,0.0,0.0,0.0,0.0,0.0,0.0,1.0,0.0,,1.0
柏芙林·一整套！油橄榄水乳套装补水保湿舒缓去红安肤精华水乳液秋冬滋润,柏芙林BAIFULIN,迷糊图图子的店,32.0,0.0,0.0,0.0,0.0,0.0,0.0,0.0,0.0,1.0,0.0,,1.0
TARA·【店播】水光爽肤水乳液安瓶精华套装 滋养保湿K老美容院级别,,HAUL41海外旗舰店,,0.0,0.0,0.0,0.0,0.0,0.0,0.0,0.0,0.0,0.0,,0.0
AROH·【店播】积雪草舒缓系列 精华爽肤水妆前乳液面霜补水保湿舒缓,,HAUL41海外旗舰店,178.0,0.0,0.0,0.0,0.0,0.0,0.0,0.0,0.0,0.0,0.0,,0.0
丝塔芙·四维面霜45ml 保湿乳液敏感肌护肤品b5积雪草【我是礼礼呀 12.5】,丝塔芙Cetaphil,丝塔芙官方旗舰店,198.0,0.0,0.0,0.0,0.0,0.0,0.0,0.0,0.0,1.0,0.0,,1.0
"CANVAS·【王小花专属】玫瑰全日保湿乳液润肤补水精华乳霜膏“隐形面膜""",,CANVAS海外旗舰店,,0.0,0.0,0.0,0.0,0.0,0.0,0.0,0.0,1.0,0.0,,1.0
小红盒 · 聚谷氨酸补水保湿水乳套装推荐平价乳液护肤品油皮男女大学生,小红盒,小红盒护肤旗舰店,158.0,0.0,0.0,0.0,0.0,0.0,0.0,0.0,0.0,0.0,2.0,3.0,2.0
小红盒 · 聚谷氨酸补水保湿乳液推荐水乳油皮干皮秋冬护肤品平价男女大学生,小红盒,小红盒护肤旗舰店,118.0,0.0,0.0,0.0,0.0,0.0,0.0,0.0,0.0,0.0,0.0,,0.0
CELL PREMIUM by Dr.Gerny·瑞士·cell premium·焕采精华·8倍苹果原生臻萃精华乳液二合一,,INCREDIBLE BEAUTY尚美序的店,3980.0,0.0,0.0,0.0,0.0,0.0,0.0,0.0,0.0,0.0,0.0,,0.0
O’GULIA · 祛黄神器~红茶玫瑰赋颜保湿水乳套装爽肤水乳液补水抗氧化平价,阿古丽娅OGULIA,warm米奇妙妙屋的店,38.9,0.0,0.0,0.0,0.0,0.0,0.0,0.0,0.0,0.0,1.0,0.0,1.0
美肤宝 · 水光臻白祛斑润肤乳液美白淡斑补水保湿滋润正品,美肤宝MEIFUBAO,颜尚美- 护肤品的店,189.0,0.0,0.0,0.0,0.0,0.0,0.0,0.0,0.0,0.0,2.0,5.0,1.0
CLE·保税直发SERUMIDE神经酰胺精华乳液保湿修护丰盈抗暗沉强化屏障,,茹云美国便利店的海外店,,0.0,0.0,0.0,0.0,0.0,0.0,0.0,0.0,37.0,0.0,,2.0
资生堂·悦薇水乳套装 爽肤水150ml+乳液100ml,资生堂SHISEIDO,猴力有限公司的海外店,,0.0,0.0,0.0,0.0,0.0,0.0,0.0,0.0,0.0,0.0,,0.0
noreva·全能调理乳液30ml痘痘肌祛痘瘪痘闭口温和舒缓淡化痘印,noreva,NOREVA欧诺颜海外旗舰店,,0.0,0.0,0.0,0.0,0.0,0.0,0.0,0.0,2.0,0.0,,2.0
蝶婉丽·海茴香臻奢焕颜密集乳液面膜,蝶婉丽WANLI BUTTERFLY,龙大护肤的店,,0.0,0.0,0.0,0.0,0.0,0.0,0.0,0.0,2.0,0.0,,1.0
Ciisy希茜·Ciisy血清蛋白护肤套装 柔肤水+精华液+乳液保湿补水舒缓控油紧致,,Ciisy希茜旗舰店,399.0,0.0,0.0,0.0,0.0,0.0,0.0,0.0,0.0,1.0,0.0,,1.0
妍修原·酵研舒润清透乳液面膜补水保湿紧致提亮强效锁水,,妍修原护肤旗舰店,299.0,0.0,0.0,0.0,0.0,0.0,0.0,0.0,0.0,1.0,0.0,,1.0
Ongredients·肌肤屏障舒缓乳液面膜泛红补水强化肌肤屏障保湿镇静提亮泽,,孙漂亮在韩国的店,,0.0,0.0,0.0,0.0,0.0,0.0,0.0,0.0,,,,
瑞倪维儿·抗皱套装精华乳液面霜,瑞倪维儿Rinawale,瑞倪维儿护肤的店,233.0,0.0,0.0,0.0,0.0,0.0,0.0,0.0,0.0,52.0,0.0,,1.0
绽媄娅·皮肤修护水乳保湿  乳液50g 爽肤水100m  保质期2027年,绽媄娅JUMIYA,明媚Victoria的店,108.0,0.0,0.0,0.0,0.0,0.0,0.0,0.0,0.0,0.0,0.0,,0.0
娇本·舒缓三件套，洗面奶乳液化妆水专研敏感肌中日友好医院,娇本jiaoben,老陌38.6的店,108.0,0.0,0.0,0.0,0.0,0.0,0.0,0.0,0.0,10.0,0.0,,1.0
珂润·浸润焕白化妆水40ml+乳液110ml 22年9-12月产 介意勿拍,珂润Curel,凛凛上月的海外店,,0.0,0.0,0.0,0.0,0.0,0.0,0.0,0.0,0.0,0.0,,0.0
FLOXIA·焕亮紧致保湿乳液+浓缩保湿精华水,,FLOXIA海外旗舰店,799.0,0.0,0.0,0.0,0.0,0.0,0.0,0.0,0.0,1.0,0.0,,1.0
谷幽兰 · 燕麦原B5舒缓保湿套装洁面洗面奶水乳液面霜组合装官方正品,谷幽兰,谷幽兰旗舰店,,0.0,0.0,0.0,0.0,0.0,0.0,0.0,0.0,0.0,1.0,14.0,1.0
FOR FORMULA·【奶皮专属】配方至上屏障精华液+舒润乳液80ml,配方至上FOR FORMULA,FOR FORMULA旗舰店,296.0,0.0,0.0,0.0,0.0,0.0,0.0,0.0,0.0,0.0,0.0,,0.0
养生堂·【欧巴小末专属】白桦弹润焕妍乳液面膜,养生堂YOSEIDO,养生堂YOSEIDO旗舰店,,0.0,0.0,0.0,0.0,0.0,0.0,0.0,0.0,5.0,0.0,,1.0
诗梦德·玻尿酸保湿套装抗皱紧致爽肤水乳液水润肌肤女,,诗梦德旗舰店,178.0,0.0,0.0,0.0,0.0,0.0,0.0,0.0,0.0,1.0,0.0,,1.0
AXXZIA·<直播专属>肌源希越美时光弹润亮采菁萃乳液,晓姿AXXZIA,AXXZIA海外旗舰店,,0.0,0.0,0.0,0.0,0.0,0.0,0.0,0.0,2.0,0.0,,1.0
兰蔻·极光水乳套装水150ml乳液75ml水油平衡修护补水保湿清爽,兰蔻LANCOME,猴力有限公司的海外店,,0.0,0.0,0.0,0.0,0.0,0.0,0.0,0.0,1.0,0.0,,1.0
DECORTÉ·黛珂紫苏水牛油果水乳套装（水300ml+乳液300ml）,黛珂DECORT,猴力有限公司的海外店,,0.0,0.0,0.0,0.0,0.0,0.0,0.0,0.0,1.0,0.0,,1.0
REJURAN · 丽珠兰水光水乳套装 保湿补水乳霜面霜精华 爽肤水乳液 提拉紧致,丽驻兰REJURAN,三岁在韩国的店,,0.0,0.0,0.0,0.0,0.0,0.0,0.0,0.0,0.0,5.0,8.0,1.0
TRANSINO·【有竹专属】持证美白焕颜精华传明酸精华乳液祛斑淡化色斑匀亮,传皙诺TRANSINO,TRANSINO传皙诺旗舰店,298.0,0.0,0.0,0.0,0.0,0.0,0.0,0.0,0.0,4.0,0.0,,1.0
玫琳凯·亮采系列洗面精华水乳液面膜精华液化妆品正品,玫琳凯MARY KAY,玫之家臻选的店,75.0,0.0,0.0,0.0,0.0,0.0,0.0,0.0,0.0,85.0,0.0,,1.0
REPLENiX · 美国TOPIX Replenix亢皱焕颜保湿乳液绿茶烟酰胺苹果提取物,,耿直Suzy的店,290.0,0.0,0.0,0.0,0.0,0.0,0.0,0.0,0.0,0.0,1.0,3.0,1.0
莱珀妮·LA PRAIRIE24年新款轻盈隔离乳液防太阳晒霜白鱼子 SPF50 50ml,莱珀妮La Prairie,韩国新罗集团的店,,0.0,0.0,0.0,0.0,0.0,0.0,0.0,0.0,1.0,0.0,,1.0
FOR FORMULA·【直播专属】配方至上屏障精华液+舒润乳液80ml,配方至上FOR FORMULA,FOR FORMULA旗舰店,296.0,0.0,0.0,0.0,0.0,0.0,0.0,0.0,0.0,1.0,0.0,,1.0
养生堂·白桦弹润焕妍乳液面膜单/双盒,养生堂YOSEIDO,养生堂YOSEIDO旗舰店,,0.0,0.0,0.0,0.0,0.0,0.0,0.0,0.0,4.0,0.0,,1.0
探本述颜·维A紧塑精华乳液A1 A醇精华淡化细纹紧致初老精华,,TaaSLAB探本述颜旗舰店,,0.0,0.0,0.0,0.0,0.0,0.0,0.0,0.0,1.0,0.0,,1.0
md:ceuticals·【曹米娅专属】早酸晚A套组（乳糖酸乳液+A醇精华）,,md:ceuticals海外旗舰店,1100.0,0.0,0.0,0.0,0.0,0.0,0.0,0.0,0.0,1.0,0.0,,1.0
md:ceuticals·【曹米娅专属】高阶抗氧乳糖酸乳液,,md:ceuticals海外旗舰店,,0.0,0.0,0.0,0.0,0.0,0.0,0.0,0.0,1.0,0.0,,1.0
Dr.Hauschka·【Lisa妈咪专享】德国世家博士控油护肤套装精华水平衡乳液精华油,,Dr. Hauschka德国世家海外旗舰店,,0.0,0.0,0.0,0.0,0.0,0.0,0.0,0.0,3.0,0.0,,1.0
Cible Skin·【直播专属】悉源地高保湿安心乳液水油平衡温和清爽控油改善毛孔,,Cible Skin 悉源地旗舰店,,0.0,0.0,0.0,0.0,0.0,0.0,0.0,0.0,1.0,0.0,,1.0
韵木·白松露水乳套装补水保湿控油爽肤水乳液面霜组合清爽不油腻,,芯芯爱化妆的店,,0.0,0.0,0.0,0.0,0.0,0.0,0.0,0.0,45.0,0.0,,1.0
松山油脂 · 【水乳组合】水油平衡渗透化妆水男女滋润乳液保湿敏感肌锁住水分,松山油脂MatsuYama,松山油脂海外旗舰店,228.0,0.0,0.0,0.0,0.0,0.0,0.0,0.0,0.0,0.0,1.0,12.0,1.0
SNOVA·【自播专属】洗颜凝露150ml化妆水200ml乳液150ml,,SNOVA海外旗舰店,818.0,0.0,0.0,0.0,0.0,0.0,0.0,0.0,0.0,3.0,0.0,,1.0
DECORTÉ · 紫苏精华水150ml+牛油果乳液150ml  黛珂紫苏牛油果水乳150ml,黛珂DECORT,IMEI海外的店,329.0,0.0,0.0,0.0,0.0,0.0,0.0,0.0,0.0,0.0,1.0,0.0,1.0
DECORTÉ · 黛珂水乳紫苏水牛油果乳液300ml 舒缓控油清爽护肤 · 紫苏水300ml,黛珂DECORT,IMEI海外的店,249.0,0.0,0.0,0.0,0.0,0.0,0.0,0.0,0.0,0.0,1.0,0.0,1.0
瑞珀斐·卸妆净化重金属保持水润！瑞士SP活细胞深层洁肤乳液100ml,,阿米老师傅的店,580.0,0.0,0.0,0.0,0.0,0.0,0.0,0.0,0.0,5.0,0.0,,1.0
Rosetimes·复活草水乳两件套清爽水乳液控油补水保湿学生平价爽肤水套装,玫瑰时代Rosetimes,美了个妆美妆的店,,0.0,0.0,0.0,0.0,0.0,0.0,0.0,0.0,7.0,0.0,,1.0
TUNEMAKERS·甘草平衡水120ml/乳液100ml 控油保湿舒缓爽肤水,渡美 原液精华TUNEMAKERS,是Lar Land呀的店,,0.0,0.0,0.0,0.0,0.0,0.0,0.0,0.0,2.0,1.0,0.0,1.0
AROH·积雪草舒缓系列套装 精华爽肤水妆前乳液面霜补水保湿舒缓,,HAUL41海外旗舰店,489.0,0.0,0.0,0.0,0.0,0.0,0.0,0.0,0.0,0.0,0.0,,0.0
suqqu·抗老护肤系列保湿AQUFONS 化妆水精华乳液,,甄甄忆萱的小窝的店,408.0,0.0,0.0,0.0,0.0,0.0,0.0,0.0,0.0,7.0,0.0,,1.0
PORT BUDDY · 【38女神礼物】朴笛白松露乳液120ml韩国补水祛黄提亮熬夜肌嫩肤,,PORT BUDDY銘森海外专卖店,,0.0,0.0,0.0,0.0,0.0,0.0,0.0,0.0,0.0,2.0,15.0,1.0
泊本boben · 6d玻尿酸水乳第三代补水保湿化妆爽肤水乳液正品护肤套装3.0,泊本BOBEN,柒小嗑美妆的店,,0.0,0.0,0.0,0.0,0.0,0.0,0.0,0.0,0.0,0.0,,0.0
AXXZIA·晓姿 肌源希越美时光弹润亮采菁萃乳液轻盈透亮改善暗沉55mL,晓姿AXXZIA,AXXZIA海外旗舰店,,0.0,0.0,0.0,0.0,0.0,0.0,0.0,0.0,0.0,0.0,,0.0
ANUA·韩国直邮 鱼腥草77%爽肤水棉片乳液精华面霜卸妆油洁面乳洗面奶,,熙熙在韩国的店,120.0,0.0,0.0,0.0,0.0,0.0,0.0,0.0,0.0,1.0,0.0,,1.0
SNOVA·【自播专属】第四代新生前导精华24ml送乳液150ml,,SNOVA海外旗舰店,758.0,0.0,0.0,0.0,0.0,0.0,0.0,0.0,0.0,1.0,0.0,,1.0
to/one·日本直邮  有机天然摩洛哥仙人掌油保湿滋润乳液150mL,,TOKYO GOOSE的海外店,297.0,0.0,0.0,0.0,0.0,0.0,0.0,0.0,0.0,2.0,0.0,,1.0
欧束 · 焕活水乳护肤套装os醒肤水平衡乳液清爽控油补水保湿持久水润,欧束OUSHU,玟莎妆汇的店,69.0,0.0,0.0,0.0,0.0,0.0,0.0,0.0,0.0,0.0,1.0,3.0,1.0
养生堂·弹润焕妍乳液面膜双盒+舒润修护精华面膜双盒  芳菲专属,养生堂YOSEIDO,养生堂YOSEIDO旗舰店,,0.0,0.0,0.0,0.0,0.0,0.0,0.0,0.0,0.0,0.0,,0.0
希芸·【控油祛痘】清透肌洁面水乳液精华痘痘肌补水保湿套装旗舰店官网,希芸SYRINX,快乐上进miss姚的店,58.0,0.0,0.0,0.0,0.0,0.0,0.0,0.0,0.0,0.0,0.0,,0.0
REVITAL悦薇 · 二号礼盒加增装 滋润款水170毫升 乳液120毫升 紫色洁面，125克,,兰州亚欧商厦 悠莱专柜的店,850.0,0.0,0.0,0.0,0.0,0.0,0.0,0.0,0.0,0.0,0.0,,0.0
善草纪·【茶树三代乳液】控油补水保湿 收敛毛孔 油皮油痘肌祛痘,善草纪,善草纪旗舰店,128.0,0.0,0.0,0.0,0.0,0.0,0.0,0.0,0.0,8.0,0.0,,1.0
润百颜·白纱布屏障水乳2.0玻尿酸护肤品套装爽肤水乳液强韧肌底【DB】,润百颜,润百颜旗舰店,279.0,0.0,0.0,0.0,0.0,0.0,0.0,0.0,0.0,1.0,0.0,,1.0
谢馥春·【礼盒装】馥春肽护肤四件套 保湿爽肤水乳液面霜精华液礼盒,谢馥春,谢馥春旗舰店,,0.0,0.0,0.0,0.0,0.0,0.0,0.0,0.0,11.0,0.0,,1.0
赫蓓诗 · 淡化细玟组合（玻色因霜+时光油+修复乳液+玫瑰花苞水）,,76年妇女姐姐的店,686.0,0.0,0.0,0.0,0.0,0.0,0.0,0.0,0.0,0.0,0.0,,0.0
OPOSI · 山茶花酵母套装洗面奶爽肤水乳液面霜补水保湿学生女多规格,OPOSi,厘米希望的店,19.9,0.0,0.0,0.0,0.0,0.0,0.0,0.0,0.0,0.0,1.0,2.0,1.0
博乐达·【自播专属】超分子水杨酸面膜乳液 面膜35g+洁面慕斯,博乐达BRODA,博乐达旗舰店,348.0,0.0,0.0,0.0,0.0,0.0,0.0,0.0,0.0,0.0,0.0,,0.0
博乐达·【自播专属】超分子水杨酸面膜乳液 面膜35g+凝露,博乐达BRODA,博乐达旗舰店,429.0,0.0,0.0,0.0,0.0,0.0,0.0,0.0,0.0,0.0,0.0,,0.0
博乐达·【自播专属】超分子水杨酸面膜乳液 面膜35g+三七精华+保湿霜,博乐达BRODA,博乐达旗舰店,755.0,0.0,0.0,0.0,0.0,0.0,0.0,0.0,0.0,0.0,0.0,,0.0
MNADUO · 黑钥匙六肽-8精粹洁面乳精粹水精华乳液面霜500g学生党必备,,璞适Lifecare的店,89.0,0.0,0.0,0.0,0.0,0.0,0.0,0.0,0.0,0.0,5.0,9.0,1.0
慵来妆·【舒护不停】舒缓抗皱紧致淡纹乳液面霜面膜精油纯无味鳄鱼油,,慵来妆美肤研究院的店,149.0,0.0,0.0,0.0,0.0,0.0,0.0,0.0,0.0,1.0,0.0,,1.0
Torriden·桃瑞丹玻尿酸爽肤水化妆水深层保湿温和舒缓敏肌可用肌底液乳液,,孙漂亮在韩国的店,,0.0,0.0,0.0,0.0,0.0,0.0,0.0,0.0,,,,
博乐达·【自播专属】超分子水杨酸面膜乳液 面膜35g+保湿霜30g,博乐达BRODA,博乐达旗舰店,357.0,0.0,0.0,0.0,0.0,0.0,0.0,0.0,0.0,0.0,0.0,,0.0
博乐达·【自播专属】超分子水杨酸面膜乳液 面膜100g+洁面慕斯,博乐达BRODA,博乐达旗舰店,577.0,0.0,0.0,0.0,0.0,0.0,0.0,0.0,0.0,0.0,0.0,,0.0
博乐达·【自播专属】超分子水杨酸面膜乳液 面膜100g+凝露,博乐达BRODA,博乐达旗舰店,658.0,0.0,0.0,0.0,0.0,0.0,0.0,0.0,0.0,0.0,0.0,,0.0
博乐达·【自播专属】超分子水杨酸面膜乳液 面膜100g+三七精华+保湿霜,博乐达BRODA,博乐达旗舰店,984.0,0.0,0.0,0.0,0.0,0.0,0.0,0.0,0.0,0.0,0.0,,0.0
科丽妍·无盒瑞士保湿红色乳液50ml,科丽妍LACOLLINE,咖啡可颜的店,799.0,0.0,0.0,0.0,0.0,0.0,0.0,0.0,0.0,1.0,0.0,,1.0
养生堂·白桦弹润焕妍乳液面膜紧致,养生堂YOSEIDO,养生堂YOSEIDO旗舰店,,0.0,0.0,0.0,0.0,0.0,0.0,0.0,0.0,1.0,0.0,,1.0
英诺皮肤世家·被严重低估！外抗氧+内抗老！INNO英诺抛光水乳液50g,英诺皮肤世家INNOAESTHETICS,惠玲全球甄选的店,,0.0,0.0,0.0,0.0,0.0,0.0,0.0,0.0,1.0,0.0,,1.0
ASOA·精华水120ml+乳液100ml+啫喱面膜100g,ASOA,何苗的店,,0.0,0.0,0.0,0.0,0.0,0.0,0.0,0.0,0.0,0.0,,0.0
Dior·日本专柜 花秘瑰萃光皙玫瑰乳液50mL,迪奥Dior,TOKYO GOOSE的海外店,,0.0,0.0,0.0,0.0,0.0,0.0,0.0,0.0,3.0,0.0,,1.0
Ocean Fantasy 海洋幻想·护肤套装舒缓精华水精华乳补水保湿水乳液护肤套装正品组合装,,Ocean Fantasy 海洋幻想旗舰店,,0.0,0.0,0.0,0.0,0.0,0.0,0.0,0.0,0.0,0.0,,0.0
TRANSINO·【直播】美白焕颜化妆水+乳液 水乳套装 送6片面膜,传皙诺TRANSINO,TRANSINO传皙诺旗舰店,579.0,0.0,0.0,0.0,0.0,0.0,0.0,0.0,0.0,,,,
JOLLYONE · 水光焕新组合洁面水乳液面霜洁面乳套装,,JOLLYONE旗舰店,509.0,0.0,0.0,0.0,0.0,0.0,0.0,0.0,0.0,0.0,1.0,0.0,1.0
MARYCOHR·油痘肌密集焕新搭档 法国净肌保湿乳液50ml 控油改善闭口毛孔,玛莉格MARY COHR,mandy （护肤号）的店,,0.0,0.0,0.0,0.0,0.0,0.0,0.0,0.0,10.0,0.0,,1.0
奥丽肤·橄榄素颜乳防紫外线乳液植物亮肤护肤清爽保湿温和水润日本,,Olivemanon奥丽肤的店,,0.0,0.0,0.0,0.0,0.0,0.0,0.0,0.0,2.0,0.0,,1.0
養生堂·【冬孕精华御龄限定黑金礼盒乳液面膜套组】实力御龄紧致淡纹,养生堂YOSEIDO,养生堂YOSEIDO旗舰店,,0.0,0.0,0.0,0.0,0.0,0.0,0.0,0.0,0.0,0.0,,0.0
BAUM·日本直邮 浸润水透保湿乳液 日本专柜版100ml,BAUM,TOKYO GOOSE的海外店,544.0,0.0,0.0,0.0,0.0,0.0,0.0,0.0,0.0,2.0,0.0,,1.0
TRANSINO·【专属优惠】美白焕颜化妆水+乳液水乳套装，送4片/盒+2片面膜,传皙诺TRANSINO,TRANSINO传皙诺旗舰店,579.0,0.0,0.0,0.0,0.0,0.0,0.0,0.0,0.0,0.0,0.0,,0.0
玲珑·【到手共200ml】精粹水乳液白月光精粹乳100ml紧致抗皱 清爽保湿,玲珑,LEEN LONG玲珑旗舰店,,0.0,0.0,0.0,0.0,0.0,0.0,0.0,0.0,4.0,0.0,,1.0
Mila d'Opiz·瑞士获奖精华！提拉紧致乳液质地熟龄肌爱！,,熙仔的店真是家诚实的店的店,,0.0,0.0,0.0,0.0,0.0,0.0,0.0,0.0,12.0,0.0,,1.0
DECORTÉ·全新AQ舒活凝光乳液 日本专柜版 200ml 日本直邮,黛珂DECORT,TOKYO GOOSE的海外店,626.0,0.0,0.0,0.0,0.0,0.0,0.0,0.0,0.0,0.0,0.0,,0.0
DECORTÉ·新品美肌糖沁活晶澈乳液 日本本土版  200ml  日本直邮,黛珂DECORT,TOKYO GOOSE的海外店,,0.0,0.0,0.0,0.0,0.0,0.0,0.0,0.0,1.0,0.0,,1.0
英树·透明质酸系列洁面乳修护水修护乳液,英树INGLEMIREPHARMS,零零和七七的店,124.6,0.0,0.0,0.0,0.0,0.0,0.0,0.0,0.0,1.0,0.0,,1.0
奈菲尔塔利 · 埃及nefertari精华乳液护肤品水乳乳液,,菲娜娜在埃及nefertari的店,139.9,0.0,0.0,0.0,0.0,0.0,0.0,0.0,0.0,0.0,3.0,6.0,1.0
芯丝翠 · 更适合面部！美国neostrata6%果酸倍舒清透净颜乳液面霜,芯丝翠Neostrata,耿直Suzy的店,228.0,0.0,0.0,0.0,0.0,0.0,0.0,0.0,0.0,0.0,2.0,6.0,1.0
MEILAOBAN·星沭眉部定妆乳液（推广价）,,南宁纹眉小姐姐Mmz的店,178.0,0.0,0.0,0.0,0.0,0.0,0.0,0.0,0.0,3.0,0.0,,1.0
HUNMUI · 樱花精华水秋冬补水学生平价天女木兰花焕活精华乳液保湿水,韩伦美羽,韩伦美羽美护的店,,0.0,0.0,0.0,0.0,0.0,0.0,0.0,0.0,0.0,3.0,0.0,1.0
HUNMUI · 祛痘精华液改善痘肌油皮滋润精华乳液学生平价去痘痘大灯泡,韩伦美羽,韩伦美羽美护的店,,0.0,0.0,0.0,0.0,0.0,0.0,0.0,0.0,0.0,1.0,1.0,1.0
梦莉娇·玫瑰水润焕颜五件套洁面精华水乳液眼霜面霜补水保湿清爽,,梦莉娇创始人 梁旭的店,,0.0,0.0,0.0,0.0,0.0,0.0,0.0,0.0,2.0,0.0,,1.0
養生堂·【抗老精华套装】弹润焕妍乳液面膜补水保湿紧致御龄淡纹精华液,养生堂YOSEIDO,养生堂YOSEIDO旗舰店,,0.0,0.0,0.0,0.0,0.0,0.0,0.0,0.0,0.0,0.0,,0.0
BIOLOGIQUE RECHERCHE·舒缓补水精华乳液50ml 修复皮脂膜保湿K氧,,客服家法代的店,1450.0,0.0,0.0,0.0,0.0,0.0,0.0,0.0,0.0,17.0,0.0,,1.0
BIOLOGIQUE RECHERCHE·绷带修复系列  舒敏舒缓修复 绷带面膜 无菌乳液 换季敏敏入,,客服家法代的店,,0.0,0.0,0.0,0.0,0.0,0.0,0.0,0.0,1.0,0.0,,1.0
养生堂·弹润焕妍乳液面膜水润盈亮精华面膜组合  lingling专属,养生堂YOSEIDO,养生堂YOSEIDO旗舰店,,0.0,0.0,0.0,0.0,0.0,0.0,0.0,0.0,0.0,0.0,,0.0
枫缇·水乳新加坡BlebeFonty乳液二代升级版冰藻修护爽肤水精华乳枫提,枫缇Ble de Fonty,白烦烦的店,,0.0,0.0,0.0,0.0,0.0,0.0,0.0,0.0,1.0,0.0,,1.0
TRANSINO·葵葵推荐·美白焕颜精华传明酸精华乳液,传皙诺TRANSINO,葵蜜心选希丝特的店,,0.0,0.0,0.0,0.0,0.0,0.0,0.0,0.0,1.0,1.0,2.0,2.0
O’GULIA · 红茶玫瑰赋颜水乳组合 补水保湿控油滋润爽肤水乳液,阿古丽娅OGULIA,WM美妆护肤的店,39.9,0.0,0.0,0.0,0.0,0.0,0.0,0.0,0.0,,,,
蜜浓 · 宝可梦联名水乳套装化妆水乳液补水保湿滋润维稳修护,蜜浓MINON,MINON蜜浓旗舰店,380.0,0.0,0.0,0.0,0.0,0.0,0.0,0.0,0.0,0.0,0.0,,0.0
md:ceuticals·【Abby专属】高阶抗氧乳糖酸乳液 30ml,,md:ceuticals海外旗舰店,490.0,0.0,0.0,0.0,0.0,0.0,0.0,0.0,0.0,,,,
片仔癀·皇后宣娇赋采轻乳液 抗皱淡纹补水保湿舒缓柔嫩,片仔癀PZH,行知堂片仔癀美妆旗舰店,,0.0,0.0,0.0,0.0,0.0,0.0,0.0,0.0,0.0,0.0,,0.0
奥丽肤·臻莹焕亮乳液保湿柔润亮肤温和抗氧,,Olivemanon奥丽肤的店,,0.0,0.0,0.0,0.0,0.0,0.0,0.0,0.0,1.0,0.0,,1.0
奥丽肤·橄榄果汁化妆水补水男女保湿爽肤柔肤水乳液日本水润细腻毛孔缩细,,Olivemanon奥丽肤的店,118.0,0.0,0.0,0.0,0.0,0.0,0.0,0.0,0.0,2.0,1.0,2.0,1.0
三粧化研 · 水乳套装 抗皱紧致舒缓 精华水乳液 水乳面霜 补水保湿平衡水乳霜,三妆化研,三粧化研旗舰店,566.0,0.0,0.0,0.0,0.0,0.0,0.0,0.0,0.0,0.0,1.0,1.0,1.0
MARYCOHR · 法国marycohr新细胞精华液雪肌亮肤精华保湿乳液MARY COHR玛丽格,玛莉格MARY COHR,白烦烦的店,,0.0,0.0,0.0,0.0,0.0,0.0,0.0,0.0,0.0,0.0,,0.0
JCprogram自由之丘 · 院线赋活嫩肤精粹水+乳液补水保湿嫩肤提亮套装礼盒,JC program,JCprogram 自由之丘旗舰店,1130.0,0.0,0.0,0.0,0.0,0.0,0.0,0.0,0.0,0.0,2.0,28.0,1.0
嘉媚乐·【王炸福利】玫瑰心宠润养精华乳液120ml*2（效期13个月）,嘉媚乐CAMENAE,嘉媚乐旗舰店,,0.0,0.0,0.0,0.0,0.0,0.0,0.0,0.0,1.0,0.0,,1.0
谢馥春·护肤组合洁面膏爽肤水面霜乳液面精华面膜 加赠礼盒包装,谢馥春,谢馥春旗舰店,196.0,0.0,0.0,0.0,0.0,0.0,0.0,0.0,0.0,11.0,0.0,,1.0
艾思诺娜·【Carayan专属】水乳套装面部补水保湿水油平衡敏肌乳液爽肤水,艾思诺娜Excellula,艾思诺娜旗舰店,598.0,0.0,0.0,0.0,0.0,0.0,0.0,0.0,0.0,5.0,0.0,,1.0
皇族养心堂·亲肤舒养套装洁面蜂胶皂平衡水精华油小白油保湿精华乳液,,皇族养心堂旗舰店,750.0,0.0,0.0,0.0,0.0,0.0,0.0,0.0,0.0,0.0,0.0,,0.0
皇族养心堂·平衡净肤套装洁面蜂胶皂平衡水精华油小白油保湿精华乳液,,皇族养心堂旗舰店,769.0,0.0,0.0,0.0,0.0,0.0,0.0,0.0,0.0,0.0,0.0,,0.0
艾思诺娜 · 焕润清润水乳套装女面部补水保湿水油平衡敏肌乳液爽肤水,艾思诺娜Excellula,艾思诺娜旗舰店,696.0,0.0,0.0,0.0,0.0,0.0,0.0,0.0,0.0,0.0,9.0,11.0,1.0
芷豆·乳液茶树控油清爽不油腻补水保湿舒缓褪红油皮夏季护肤品男女,芷豆,芷豆微萌专卖店,,0.0,0.0,0.0,0.0,0.0,0.0,0.0,0.0,0.0,0.0,,0.0
许多米 · 配日本神仙水喷头按压泵头230ml化妆水爽肤水乳液压嘴喷头鸭嘴头,,真空泵头的店,12.8,0.0,0.0,0.0,0.0,0.0,0.0,0.0,0.0,0.0,2.0,2.0,1.0
MEILAOBAN·星沭眉部定妆乳液·浓缩系列（推广价）,,南宁纹眉小姐姐Mmz的店,168.0,0.0,0.0,0.0,0.0,0.0,0.0,0.0,0.0,3.0,0.0,,1.0
La Pulovce · 5D抗皱保湿爽肤水120ml+抗皱保湿乳液80ml组合·送10抗皱水中样,拉普瑞斯Lapulovce,La Pulovce拉普瑞斯海外旗舰店,,0.0,0.0,0.0,0.0,0.0,0.0,0.0,0.0,0.0,1.0,2.0,1.0
ASOA·乳液100ml*2支装温和滋养水润,ASOA,何苗的店,,0.0,0.0,0.0,0.0,0.0,0.0,0.0,0.0,1.0,0.0,,1.0
O’GULIA · 白松露水乳套装补水保湿去黄提亮收缩毛孔爽肤水乳液护肤品,阿古丽娅OGULIA,Maigoole华夏星伟的店,,0.0,0.0,0.0,0.0,0.0,0.0,0.0,0.0,0.0,2.0,11.0,1.0
科颜氏·高保湿水乳套装爽肤水250ml 乳液125ml 补水保湿舒缓收缩毛孔,科颜氏Kiehls,润京堂百货海外旗舰店,,0.0,0.0,0.0,0.0,0.0,0.0,0.0,0.0,0.0,0.0,,0.0
片仔癀·皇后净妍焕采调肤水乳套装 烟酰胺补水保湿细腻嫩肤爽肤水乳液,片仔癀PZH,行知堂片仔癀美妆旗舰店,,0.0,0.0,0.0,0.0,0.0,0.0,0.0,0.0,1.0,0.0,,1.0
SK-Ⅱ·多方位三件套 神仙水230ml 清莹露230ml骨胶原乳液100g 套装礼盒,SK-II,润京堂百货海外旗舰店,,0.0,0.0,0.0,0.0,0.0,0.0,0.0,0.0,0.0,0.0,,0.0
善草纪·【二代茶树保湿乳液】清爽补水控油收敛毛孔 油皮油痘肌控油保湿,善草纪,善草纪旗舰店,118.0,0.0,0.0,0.0,0.0,0.0,0.0,0.0,0.0,8.0,0.0,,1.0
片仔癀·凝时素颜紧致水乳 抗皱紧致淡化细纹舒缓补水保湿爽肤水乳液套装,片仔癀PZH,行知堂片仔癀美妆旗舰店,,0.0,0.0,0.0,0.0,0.0,0.0,0.0,0.0,0.0,0.0,,0.0
DECORTÉ·黛珂紫苏水牛油果乳液水乳系列控油平衡水油护肤套装,黛珂DECORT,Best Friends美护的海外店,,0.0,0.0,0.0,0.0,0.0,0.0,0.0,0.0,5.0,0.0,,1.0
瑞珀斐·击退红敏！ SP活细胞舒缓保湿乳液30ml 舒缓修护降红,,阿米老师傅的店,1380.0,,,,,,,,,,,,
TRANSINO·【水乳26年1月】美白焕颜化妆水+乳液,传皙诺TRANSINO,TRANSINO传皙诺旗舰店,199.0,,,,,,,,,,,,
md:ceuticals·【博主推荐】早酸晚A套组（A醇臻白逆龄精华＋抗氧化乳糖酸乳液）,,md:ceuticals护肤旗舰店,1200.0,,,,,,,,,,,,
德妃乳液单拍一单不发货,,楠Da美妆的店,30.0,,,,,,,,,,,,
德妃乳液单拍一单不发货,,楠Da美妆的店,29.99,,,,,,,,,,,,
kanebo·全新代购日本直邮贵妇化妆水150ml 乳液125ml,嘉娜宝KANEBO,ISA全球购的店,1380.0,,,,,,,,,,,,
兰蔻·2023新品极光精华焕白30ml 淡斑烟酰胺乳液,兰蔻LANCOME,大脸噗噗只卖正品的店,465.8,,,,,,,,,,,,
BananaBoat香蕉船·【直播专享】SPF100清爽小蓝罐喷雾*2+SPF50脸部保湿乳液*1,香蕉船Banana Boat,BananaBoat香蕉船海外旗舰店,,,,,,,,,,,,,
毕生之研·【醒醒专属】5.5洁面厚脸皮水乳/霜次抛套组 修护乳液舒缓褪红,毕生之研,毕生之研旗舰店,389.0,,,,,,,,,,,,
美后说·蓝酮肽修护精华乳液舒缓修护屏障精华液保湿补水细腻光泽,,美后说旗舰店,398.0,,,,,,,,,,,,
8*4·保湿次抛净澈致植萃卸妆液面部朵深层清洁温和卸妆油卸妆乳液,,小红薯6742FDD1的店,13.79,,,,,,,,,,,,
溪木源·【展件】精华乳液洁面乳精华水有盒无盒随机发,溪木源,Lyinnnnn7788的店,42.9,,,,,,,,,,,,
LA MUSE · 韩国本土男士水乳三合一爽肤水＋乳液＋精华滋润不黏腻护肤,,大雪雪的旅行日记的店,,,,,,,,,,,,,
养生堂·白桦弹润焕妍乳液面膜,养生堂YOSEIDO,养生堂YOSEIDO旗舰店,,,,,,,,,,,,,
茗希芝 · 深层清洁卸妆膏卸妆油卸妆水乳液眼唇脸三合一温和不刺激,茗希芝MINSHZEE,懒小铺的店,,,,,,,,,,,,,
SNOVA·秒杀【新春特惠】第四代新生前导精华24ml*2瓶送乳液150ml,,SNOVA海外旗舰店,,,,,,,,,,,,,
米蓓尔 · 靓润焕采乳液面膜去黄提亮肤色熬夜必备,米蓓尔MedRepair,宝藏国货护肤小店的店,34.9,,,,,,,,,,,,
LAMER · 【正品行货】奇迹精华油30ml淡纹修护滋养乳液万能护肤油养肤,海蓝之谜LA MER,海利美妆美护的店,,,,,,,,,,,,,
FSVIVAN · 体验装蓝铜肽乳液精油面膜样品,,繁花蜜语-芳丝妍基地的店,180.0,,,,,,,,,,,,
IOMA·【臣请闻香专属】芯帽子焕肤精华乳液抗皱紧致舒缓保湿50ml,,HISUN海正旗舰店,,,,,,,,,,,,,
Ongredients·【盐水鸭专属】ongredients温丽慈肌肤屏障舒缓乳液1瓶+2片面膜,,Ongredients温丽慈海外旗舰店,129.0,,,,,,,,,,,,
悦丝汀·医用胶原蛋白水乳套装创面屏障修护械号修复水胶原乳液,悦丝汀,YUESTING悦丝汀旗舰店,,,,,,,,,,,,,
嘉媚乐·玫瑰新肌密精油护肤套装爽肤水乳液面霜深层补水面部润肤锁湿,嘉媚乐CAMENAE,嘉媚乐旗舰店,,,,,,,,,,,,,
Ongredients·【李多海专属】ongredients温丽慈肌肤屏障舒缓乳液1瓶+2片面膜,,Ongredients温丽慈海外旗舰店,129.0,,,,,,,,,,,,
DECORTÉ·紫苏水牛油果乳液套装,黛珂DECORT,HOMDI海外旗舰店,,,,,,,,,,,,,
养生堂·【章小蕙直播专享】白桦弹润焕妍乳液面膜,养生堂YOSEIDO,养生堂YOSEIDO旗舰店,,,,,,,,,,,,,
米蓓尔 · 带防伪！白松露玻尿酸靓润焕彩高保湿乳液面膜补水修护提亮,米蓓尔MedRepair,大鑫的护肤潮包馆??的店,34.0,,,,,,,,,,,,
其他·ttwo润妍系列水1乳液精华液面霜,,正品美妆商行的店,300.0,,,,,,,,,,,,
溪木源·溪家山茶花精华水 补水保湿舒缓乳液修护肌滋润护肤新旧版随机,溪木源,Lyinnnnn7788的店,,,,,,,,,,,,,
SK-Ⅱ · SK2多方位神仙水清莹露乳液套装,SK-II,富卓联兴美妆专营店,,,,,,,,,,,,,
冰肤之萃 · 【院线同款】帝皇蜂抗皱修肤骨胶原蛋白面膜乳液面膜补水保湿抗皱,,Me国货美妆的店,,,,,,,,,,,,,
Ongredients·韩国本土化妆师推荐！肌肤屏障舒缓乳液面膜12片泛红补水强保湿,,妍美 在韩留学的店,,,,,,,,,,,,,
TRANSINO·持证美白焕颜精华传明酸精华乳液祛斑淡化色斑氨甲环酸匀亮肤色,传皙诺TRANSINO,TRANSINO传皙诺旗舰店,298.0,,,,,,,,,,,,
娇贝诗·多肽胶原蛋白靓肤填充水神仙水爽肤化妆水乳液,娇贝诗,正品美妆商行的店,,,,,,,,,,,,,
FOR FORMULA·配方至上b5精华液+舒润乳液80ml,配方至上FOR FORMULA,FOR FORMULA旗舰店,346.0,,,,,,,,,,,,
kanebo·est嫒色透润保湿化妆水两件套140ml/瓶*2+保湿乳液80ml,嘉娜宝KANEBO,NOVARCA海外专营店,559.0,,,,,,,,,,,,
王子与玫瑰·【年货】反重力脸部颈部一体式提拉紧致抗皱乳液灌肤面膜,,王子与玫瑰企业店的店,398.0,,,,,,,,,,,,
DECORTÉ · 黛珂水乳紫苏水牛油果乳液套装控油补水保湿改善去闭口节日送女友,黛珂DECORT,德昌美妆海外专营店,,,,,,,,,,,,,
丽普司肽 · 神经酰胺套装水乳液面霜补水护肤化妆品正品全套学生,丽普司肽lipostides,丽普司肽旗舰店,178.0,,,,,,,,,,,,
AROH · 积雪草舒缓系列 精华爽肤水妆前乳液面霜补水保湿舒缓,,HAUL41海外旗舰店,178.0,,,,,,,,,,,,
兰蔻·极光水乳套装水150ml乳液75ml水油平衡修护补水保湿清爽,兰蔻LANCOME,美雁美护海外专营店,,,,,,,,,,,,,
泊本boben · 6D玻尿酸水乳套装3.0福瑞达混油干皮精华水乳液补水保湿舒缓,泊本BOBEN,SLOWSTAR SELECT 美护的店,,,,,,,,,,,,,
AFU · 11籽精华油3.0版 礼盒装 马蒂斯限量版 11籽精华水乳液精油套装,阿芙AFU,水芝萱精油美妆的店,379.0,,,,,,,,,,,,
377 · 美白精华液水乳套装烟酰胺祛斑淡斑爽肤水乳液官方旗舰店正品,,377旗舰店,,,,,,,,,,,,,
石泽研究所 · 国内现货24年新版仿晒霜乳液仿晒喷雾脸部全身全家儿童可用水感质,石泽研究所ishizawa,yiybuy日本购的店,168.0,,,,,,,,,,,,
润百颜·白纱布屏障水乳2.0玻尿酸护肤品套装爽肤水乳液强韧肌底【DB】,润百颜,润百颜旗舰店,279.0,,,,,,,,,,,,
冰肤之萃 · 水感胶原蛋白抗皱补水面膜水晶保湿紧致质感乳液面膜,,Me国货美妆的店,,,,,,,,,,,,,
Bio-MESO · 华熙生物BM肌活糙米精华水/肌活糙米乳液,bio-meso,??小梨日化的店,120.0,,,,,,,,,,,,
娇韵诗 · 全新牛奶水乳透亮焕白淡斑柔肤水200ml/乳液75ml滋润型亮白肌肤,娇韵诗CLARINS,Simply7海外旗舰店,,,,,,,,,,,,,
健美创研·卸妆油女敏感肌眼唇脸部温和深层清洁卸妆水乳液膏,健美创研M'AYCREATE,健美创研旗舰店,,,,,,,,,,,,,
HABA · 角鲨烷精美容油白油精油保湿脸部水乳液,HABA,MUMI美妆的店,189.0,,,,,,,,,,,,
LYI璃 · 【礼盒】宝石璨光嫩肤礼盒孔雀石乳液80ml+精华水80ml紧舒缓肌肤,,LYI璃旗舰店,2080.0,,,,,,,,,,,,
悠莱·初颜套装 两水加霜加乳液 根据肤质拍  提前做好咨询,悠莱urara,兰州亚欧商厦 悠莱专柜的店,504.0,,,,,,,,,,,,
真丽斯·积雪草乳液面膜舒缓补水滋润修护维稳护肤女生直播ZB,真丽斯Genlese,真丽斯旗舰店,99.0,,,,,,,,,,,,
佰草集洗发水沐浴露平衡系列洗护套装民宿240ml新玉润乳液身,,酒店洗护用品的店,49.0,,,,,,,,,,,,
LANEIGE · 兰芝臻白晶透系列水乳套装亮白爽肤水乳液组合,兰芝LANEIGE,Best Friends美护的海外店,,,,,,,,,,,,,
爱和纯 · B5玻尿酸洗面奶爽肤水乳液精华液面霜护肤品套盒韩国进口,爱和纯AHC,WE CHOICE美妆的海外店,,,,,,,,,,,,,
菜鸟和配方师 · 姜黄素肌底液精华痘印褪红控油30ml/姜黄素乳液50ml,菜鸟和配方师,问题肌肤问澳妈的店,168.0,,,,,,,,,,,,
怡丽丝尔 · 肌肤平衡保湿乳液,怡丽丝尔,日淘新干线的海外店,135.0,,,,,,,,,,,,
