product,商品品牌,商品小店,price,销量,直播销量,笔记销量,商品卡销量,销售额,直播销售额,笔记销售额,商品卡销售额,相关直播,相关笔记,相关互动量,相关达人
RNW·【徐艺洋推荐】清洁面膜双色泥膜女补水保湿深层清洁毛孔去黑头男,如薇RNW,RNW官方旗舰店,,21150,8487,639,12024,1459350.0,585603.0,44091.0,829656.0,82,764,2323.0,10
LANDTREE良萃·白茶奢养焕颜面膜神经酰胺积雪草细腻毛孔补水保湿提亮涂抹式面膜,良萃LANDTREE,良萃LANDTREE旗舰店,,10603,84,1083,9436,210999.7,1671.6,21551.7,187776.4,132,10,5393.0,10
柒树·茶粹蕴能水嫩六胜肽面膜（5片装）,,王默默3月8号上午十点半女神节超大场的店,,8732,133,7,8592,164774.0,1386.7,139.3,163248.0,14,2,15.0,1
OTHER · 【皱眉运气差】川字纹眼角纹法令纹淡化贴改善纹纹神器•纹纹退退,,爱美的童童子的店,,7236,0,75,7161,129449.4,0.0,1267.5,128181.9,0,48,183.0,1
3E · {抗皱宝藏}日本川字纹贴改善川字纹法令纹眼角纹鱼尾纹,,幂糖甜不甜的店,,6529,0,96,6433,181093.5,0.0,1612.8,179480.7,0,86,172.0,1
沫芮·补水面膜去黄淡斑去黄气保湿男女通用官方正品,,沫芮旗舰店,,6240,16,86,6138,124176.0,318.4,1711.4,122146.2,64,15,436.0,7
沫芮 · 睡眠面膜女补水保湿男士夜间熬夜专用去黄提亮免洗涂抹式官方正品,,沫芮旗舰店,,5520,0,298,5222,165048.0,0.0,8910.2,156137.8,0,44,759.0,5
W·QIANMAN谦曼珍珠粉,,森妈教变美护肤教程的店,,5461,3714,0,1747,270931.6,185328.6,0.0,85603.0,45,0,,1
UIR·复活草祛痘修护面膜修护淡化痘印补水保湿旗舰店,,UIR旗舰店,,5391,1241,1021,3129,312213.0,61925.9,94150.0,156137.1,104,359,713.0,7
LANDTREE良萃·亚马逊清洁泥膜100g改善脸部油去黑头粉刺定期清洁肌肤旗舰店正品,良萃LANDTREE,良萃LANDTREE旗舰店,,5085,243,506,4336,101191.5,4835.7,10069.4,86286.4,40,7,1921.0,6
OHBT·紫苏泥膜清洁毛孔深层清洁面膜涂抹去黑头收缩毛孔脸部污垢男女,,OHBT旗舰店,,4285,9,0,4276,239904.0,448.0,0.0,239456.0,29,0,,1
AFU阿芙 · 以油养肤真香！面膜玫瑰/积雪草/黑松露/白松露补水保湿提喨舒缓,阿芙AFU,MP.美珀的店,,3809,0,57,3752,113542.6,0.0,1357.8,112184.8,0,77,102.0,1
FAN BEAUTY DIARY · 海葡萄系列涂抹面膜效期到25年10-11月有防伪码,FanBeautySecret,悠姐真的很会买的店,,3302,0,188,3114,35031.4,0.0,7005.4,28026.0,0,8,671.0,1
造物者·【曾黎同款】七次装软膜套盒紧致淡纹玻尿酸细腻毛孔去黄提亮,,造物者旗舰店,,3129,1171,435,1523,625487.1,234082.9,86956.5,304447.7,26,220,2676.0,7
欧利芙洋·现货！韩国olive young微晶痘痘贴茶树积雪草水杨酸隐形care plus,欧利芙洋OLIVE YOUNG,楼派派是个代go的店,,3059,8,57,2994,26381.73,64.0,2365.73,23952.0,43,5,201.0,6
LANDTREE良萃·补水保湿睡眠面膜烟酰胺提亮泛醇积雪草温和护肤免洗夜间涂抹面膜,良萃LANDTREE,良萃LANDTREE旗舰店,,3050,391,813,1846,52565.0,7780.9,8048.7,36735.4,63,5,4427.0,5
C咖·【王一博同款】美白精华面膜霜淡斑淡痘印提亮肤色补水涂抹面膜,C咖,C咖旗舰店,,2996,814,71,2111,299300.4,81318.6,7092.9,210888.9,25,113,221.0,3
FAN BEAUTY DIARY·【99.9/7片】补水保湿美肌套装单片面膜,FanBeautySecret,FanBeauty美妆旗舰店,,2837,21,320,2496,284392.8,1782.9,33259.5,249350.4,76,12,882.0,8
HERBMODA·英国赫珀徳水晶番茄面膜熬夜提亮K氧K糖面膜,,HERBMODA赫珀德护肤海外旗舰店,168.0,2805,30,1053,1722,471240.0,5040.0,176904.0,289296.0,302,610,4461.0,40
HERBMODA·【胡兵专属】英国赫珀德水晶番茄2.0熬夜提亮K氧K糖面膜,,HERBMODA赫珀德护肤海外旗舰店,,2579,2440,0,139,1029021.0,973560.0,0.0,55461.0,1,0,,1
菲丽菲拉 · Flfl魅惑水感唇彩小奶瓶系列5个色号！8ml有无盒随机发,菲丽菲拉peripera,青山山的店,,2544,0,422,2122,25244.5,0.0,8289.72,16954.78,0,16,1200.0,1
沫芮 · 面膜补水保湿去黄气暗沉提亮肤色淡斑男女通用官方旗舰店正品,,沫芮旗舰店,,2543,0,61,2482,76035.7,0.0,1823.9,74211.8,0,12,135.0,4
COCOCHI·【胡兵专属】AG抗糖小金罐mini3.0补水祛黄涂抹面膜,可可琪可思曼COCOCHICOSME,COCOCHI旗舰店,,2508,2347,0,161,49909.2,46705.3,0.0,3203.9,1,0,,1
其它 · 川字纹贴法令纹贴眉间纹贴眼角纹贴皱眉纹舒展川字纹舒展眉心贴,,爱读书的喵的店,,2496,0,104,2392,49358.4,0.0,1757.6,47600.8,0,119,248.0,1
Abib · 现货PH弱酸性鱼腥草面膜口香糖鱼腥草面膜复活草积雪草面膜,,张小白在首尔的店,,2487,0,152,2335,59786.3,0.0,6314.8,53471.5,0,15,561.0,1
LANDTREE良萃 · 【面膜全家福】面膜全家福白茶+亚马逊泥膜+睡眠面膜+果酱涂抹式,良萃LANDTREE,良萃LANDTREE旗舰店,,2417,0,664,1753,166289.6,0.0,45683.2,120606.4,0,4,2997.0,1
Torriden·小猴子同款韩国torriden桃瑞丹湿敷棉片蓝色玻尿酸补水积雪草懒人,,小王不胖(好价版)的店,,2321,0,26,2295,91221.0,0.0,1716.0,89505.0,27,5,59.0,1
韩舜妆 · 白松露涂抹面膜保湿嫩肤补水滋润,韩舜妆HORNCOS,HORNCOS韩舜妆护肤的店,,2091,0,472,1619,15796.7,0.0,4625.6,11171.1,16,40,1109.0,3
果壳·【重生回归】发热清洁泥膜热吸黑头浊质洁净久敷不干超易清洗,果壳Gukoo,果壳护肤旗舰店,,2063,23,130,1910,61683.7,687.7,3887.0,57109.0,3,26,384.0,1
颜纯皙 · 祛斑美白免洗睡眠面膜补水保湿祛斑去黄熬夜面膜·认准官方正品,,苏苏护肤日记的店,99.0,2018,0,164,1854,199782.0,0.0,16236.0,183546.0,0,42,180.0,1
Haa·四宫格小面霜熬夜袪黄保湿修护控油细致提亮护肤小众学生平价宝宝,Haa,Haa旗舰店,,2007,7,712,1288,62342.6,185.3,28798.1,33359.2,41,91,2962.0,9
宝狄妍·红茶薰衣草面膜【敷完茶膜再敷一片至爱面膜绝了】,宝狄妍BAODIYAN,王默默3月8号上午十点半女神节超大场的店,,1981,85,24,1872,79881.9,4231.5,957.6,74692.8,15,24,66.0,1
宝狄妍·白茶酵母胶原精油面膜,宝狄妍BAODIYAN,王默默3月8号上午十点半女神节超大场的店,,1973,321,0,1652,81902.7,15987.9,0.0,65914.8,10,0,,1
DOYES · 嫩肤免洗睡眠面膜抗氧抗皱紧致去黄提亮舒缓保湿官方正品,,DOYES旗舰店,99.0,1939,0,117,1822,190323.0,0.0,9945.0,180378.0,0,38,255.0,1
森特莲·【子豪&琳琳】马达加美白祛斑精华面膜10片x5盒(赠1片),森特莲Centellian24,CHEON KI护肤海外专营店,198.0,1895,1219,0,676,375210.0,241362.0,0.0,133848.0,6,0,,1
skin lane·【直播间专属】肌侣大师面膜熬夜救急紧致淡纹敏感肌可用预售,肌侣skin lane,skinlane肌侣旗舰店,,1860,713,0,1147,537540.0,206057.0,0.0,331483.0,37,0,,1
Abib · abib面膜阿彼芙弱酸性口香糖PH蜂蜜水库鱼腥草柚子复活草深层补水,,三岁在韩国的店,,1845,0,39,1806,64747.0,0.0,1537.0,63210.0,0,10,100.0,1
氧肤时光·肌肽睡眠面膜免洗补水莹润保湿夜间涂抹面膜官方旗舰店,氧肤时光,氧肤时光旗舰店,149.0,1808,7,7,1794,269597.0,1043.0,1248.0,267306.0,90,4,19.0,5
FAN BEAUTY DIARY·泥好酸双重清肌小杯泥膜白泥涂抹面膜,FanBeautySecret,FanBeauty美妆旗舰店,,1704,53,230,1421,260742.0,6784.0,29440.0,224518.0,73,5,1838.0,4
Abib·韩国abib面膜合集！弱酸性口香糖胶原蛋白鱼腥草滋润补水舒缓镇静,,楼派派是个代go的店,,1674,382,17,1275,70308.0,16044.0,714.0,53550.0,36,1,45.0,2
CANVAS·【99%天然有机】玫瑰保湿精华面膜 提亮祛黄熬夜补水油敷膜,,CANVAS海外旗舰店,,1640,160,16,1464,582850.0,57230.0,5900.0,519720.0,38,6,91.0,2
珀莱雅·【直播专属】水盈澎澎面膜15ml（全新28.11）,珀莱雅PROYA,你橙团长(防封版)的店,,1446,186,0,1260,11716.8,1636.8,0.0,10080.0,13,0,,1
澳芙雪 · 377美白面膜去黄提亮补水保湿晒后熬夜亮白平价推荐女大学生正品,澳芙雪,焕肤魔法师的店,,1380,0,32,1348,45242.0,0.0,892.8,44349.2,0,11,77.0,1
prosubase·贻贝奢宠凝时面膜（贻贝水炸弹面膜）,,王默默3月8号上午十点半女神节超大场的店,,1362,381,29,952,53487.0,15201.9,1157.1,37128.0,16,14,67.0,1
Torriden · 桃瑞丹精华玻尿酸补水面膜低分子易吸收滋润贴片面膜,,三岁在韩国的店,,1353,0,21,1332,53103.0,0.0,1155.0,51948.0,0,5,67.0,1
LANDTREE良萃 · 白茶奢养焕颜面膜泛醇补水保湿提亮肤色神经酰胺熬夜涂抹式面膜,良萃LANDTREE,LANDTREE研发室的店,,1333,0,70,1263,26526.7,0.0,1393.0,25133.7,0,3,200.0,1
Heir·赋活紧致胶原面膜贴片面膜保湿舒缓紧致甜颜无花果,赫艾迩Heir,Heir赫艾迩旗舰店,,1315,313,0,1002,153355.0,34117.0,0.0,119238.0,2,0,,2
自然堂·冻干胶原面膜修护紧致敏感肌抗初老胶原蛋白,自然堂CHANDO,CHANDO自然堂官方旗舰店,,1282,10,33,1239,75638.0,590.0,1947.0,73101.0,121,1,106.0,8
自然堂·益生菌等渗面膜 补水修护快吸收敏肌可用缓解泛红去红血丝,自然堂CHANDO,CHANDO自然堂官方旗舰店,,1277,0,0,1277,75343.0,0.0,0.0,75343.0,37,0,,3
丸蔻·灵芝草本面膜  涂抹式面膜提亮肤色补水保湿皱纹抗皱紧肤肌肤,,丸蔻旗舰店,,1268,0,103,1165,74904.7,0.0,6169.7,68735.0,82,31,294.0,1
川字纹贴淡化眉间纹改善川字纹神器额头贴眼角鱼尾纹提拉紧致睡眠,,油油好辣的店,,1249,0,9,1240,18485.2,0.0,133.2,18352.0,0,2,19.0,1
FAN BEAUTY DIARY·虾青素黑咖双抗冰塑早安面膜3盒/5盒装,FanBeautySecret,FanBeauty美妆旗舰店,,1214,8,294,912,186992.0,1184.0,50832.0,134976.0,69,5,1107.0,3
Dr.Spiller·【两只小狗六专属】银盾信号面膜修护水洗多肽涂抹式50ml*4+5ml*6,Dr.Spiller,水羊堂海外旗舰店,,1138,212,0,926,908124.0,169176.0,0.0,738948.0,1,0,,1
LINDSAY·韩国林赛lindsay软膜！olive young热卖涂抹碗装补水保湿舒缓提亮,柳邻杰伊LINDSAY,楼派派是个代go的店,,1127,273,16,838,18094.4,4368.0,318.4,13408.0,37,2,113.0,3
姣莺 · 可溶性微晶祛痘贴微针痘痘贴祛痘贴快速祛痘红肿痘结节痘脓包痘,,JOLYON姣莺的店,,1073,0,13,1060,31128.7,0.0,388.7,30740.0,0,18,47.0,1
我的元气·夜绷带V脸面膜提拉紧致提亮分区抗皱抗氧补水保湿舒缓【直播专享,,我的元气旗舰店,,1069,207,0,862,180661.0,34983.0,0.0,145678.0,56,0,,1
Abib · abib阿彼芙ph弱酸性口香糖面膜 补水保湿 舒缓镇定 去痘褪红亮白,,大刘刘在韩国的店,,1065,0,4,1061,44730.0,0.0,168.0,44562.0,0,2,9.0,1
其他 · 活性酶紧塑水光调理面膜,,Heen软软的店,38.0,1060,0,346,714,40280.0,0.0,13148.0,27132.0,0,2,2143.0,1
Torriden·桃瑞丹精华玻尿酸补水面膜低分子易吸收滋润贴片面膜护肤保湿韩国,,晓选??留学生的店,,1057,699,0,358,83503.0,55221.0,0.0,28282.0,41,0,,1
欧利芙洋 · 韩国numbuz:n数字精华面膜集中管理补水保湿亮白舒缓镇定降温4片,欧利芙洋OLIVE YOUNG,大刘刘在韩国的店,,1048,0,9,1039,51352.0,0.0,441.0,50911.0,0,2,37.0,1
INTOYOU·【直播专属】女主角唇泥(27.6)展件 有盒无盒随机!洁癖勿拍,心慕与你INTO YOU,你橙团长(防封版)的店,,1043,335,0,708,9688.5,3316.5,0.0,6372.0,3,0,,1
嘉莉比奥 · 牛油果焕亮精华保湿面膜 浅春焕亮面膜,嘉莉比奥Calibio,Calibio嘉莉比奥旗舰店,,1027,0,21,1006,132483.0,0.0,2709.0,129774.0,0,4,55.0,1
SDX·【额头纹贴】洋甘菊舒润额头纹贴抬头纹额纹贴正品男女直播机制,SDX,SDX旗舰店,78.0,990,189,0,801,77220.0,14742.0,0.0,62478.0,12,0,,1
LANDTREE良萃 · B5B6面膜透明质酸钠保湿泛醇积雪草维稳肌肤舒缓红脸蛋旗舰店正品,良萃LANDTREE,良萃LANDTREE旗舰店,,976,0,138,838,9662.4,0.0,1366.2,8296.2,0,1,331.0,1
JCprogram自由之丘·【伊能静推荐】塑颜温感面膜提拉抗皱紧致淡纹保湿V脸·商城,JC program,JCprogram 自由之丘旗舰店,,968,2,94,872,532400.0,1100.0,51700.0,479600.0,1,94,173.0,2
OHBT·澳白美白祛斑面膜提亮肤色补水保湿淡化斑点舒缓改善暗沉男女,,OHBT旗舰店,,965,6,0,959,66549.0,378.0,0.0,66171.0,27,0,,1
果达儿·韩国青橘VC补水保湿舒缓面霜眼膜精华面膜棉片提亮肤色淡化痘,果达儿goodal,晓选??留学生的店,,935,397,7,531,55003.0,23009.0,665.0,31329.0,41,1,15.0,1
茗希芝 · 瑞瑞倾选【9.9两盒】复合酸牛油果泡泡面膜清洁毛孔保湿去角质,茗希芝MINSHZEE,Korea Jpoli的店,,933,0,520,413,9236.7,0.0,5148.0,4088.7,0,51,6425.0,1
逐本·【白月光&三花面膜】三花白月光面膜滋润补水保湿面膜（1盒3片）,逐本,倩菲芳草地的店,,932,799,0,133,172168.0,159001.0,0.0,13167.0,3,0,,1
LANDTREE良萃·葡萄籽焕颜臻粹宠面膜5片 玻尿酸保湿补水不含烟酰胺官方正品,良萃LANDTREE,良萃LANDTREE旗舰店,,906,0,0,906,8969.4,0.0,0.0,8969.4,63,0,,1
skin lane · 【官方】肌侣大师面膜熬夜救急紧致淡纹敏感肌可用预售,肌侣skin lane,skinlane肌侣旗舰店,,893,0,461,432,284027.0,0.0,202379.0,81648.0,5,50,3587.0,3
FAN BEAUTY DIARY·海葡萄凝水保湿面膜补水面膜3盒装,FanBeautySecret,FanBeauty美妆旗舰店,,867,91,96,680,121302.0,10738.0,16724.0,93840.0,57,6,212.0,3
EIIO·清润净肤多效清洁泥膜第三代深层清洁黑头收缩毛孔保湿控油祛痘,奕沃EIIO,EIIO奕沃旗舰店,,850,22,250,578,46685.3,1188.0,17175.3,28322.0,139,89,770.0,6
FAN BEAUTY DIARY·芍药粉光晶透美肌美白面膜,FanBeautySecret,FanBeauty美妆旗舰店,,850,472,27,351,159508.0,84016.0,5994.0,69498.0,84,4,109.0,4
LANDTREE良萃 · 莓莓果酱净肤泥膜清洁去角质黑头粉刺细致毛孔温和不紧绷涂抹面膜,良萃LANDTREE,良萃LANDTREE旗舰店,,838,0,402,436,16676.2,0.0,7999.8,8676.4,0,2,2338.0,1
兰欧莲·奢华玫瑰睡眠面膜免洗,,兰欧莲旗舰店,,837,436,0,401,7925.4,4316.4,0.0,3609.0,30,0,,1
诞兴薇小鲸鱼 · 【新人试用】胖东来同款小鲸鱼面膜试用装2片,,诞兴薇小鲸鱼旗舰店,,826,0,33,793,15393.7,0.0,326.7,15067.0,0,11,107.0,1
AFU阿芙 · 面膜精油玫瑰积雪草黑白松露组合护肤舒缓补水保湿水亮肌肤,阿芙AFU,MP.美珀的店,,818,0,50,768,24188.7,0.0,1225.5,22963.2,0,77,102.0,1
穆春秋·[现泡现用高效锁鲜冻干面膜],,穆春秋原创芳疗护肤的店,,814,235,10,569,5150.6,1444.5,349.0,3357.1,21,1,35.0,1
o.metoo·【尝鲜价】冰美式面膜5片！（新日期）,,YYboot33的店,,811,678,0,133,7030.4,5966.4,0.0,1064.0,11,0,,1
N°26·<张宇老师专属>二裂酵母多肽能量面膜补水,N°26,N°26护肤旗舰店,99.0,798,798,0,0,79002.0,79002.0,0.0,0.0,130,0,,16
Torriden·桃瑞丹【子豪&琳琳】韩国进口低分子玻尿酸补水面膜滋润保湿夏季,,Torriden桃瑞丹旗舰店,,776,595,0,181,138128.0,105910.0,0.0,32218.0,5,0,,2
造物者·胶原蛋白软膜套盒紧致抗皱抗衰老淡化细纹补水修护,,造物者旗舰店,,763,5,0,758,183043.7,1199.5,0.0,181844.2,12,0,,2
FARMACY·【啾鼠专属】蜂蜜焕亮滋养面膜熬夜救急发光肌补水面膜30g/50g,FARMACY,FARMACY海外旗舰店,,762,685,0,77,38738.0,34965.0,0.0,3773.0,2,0,,2
FAN BEAUTY DIARY·芍药粉光凝时眼膜,FanBeautySecret,FanBeauty美妆旗舰店,,755,401,23,331,71971.0,24461.0,3818.0,43692.0,56,1,329.0,2
SDX · 洋甘菊舒润额头纹贴抬头纹额纹贴正品男女,SDX,SDX旗舰店,,755,0,42,713,58890.0,0.0,3276.0,55614.0,0,13,113.0,1
RNW·清洁泥膜去黑头舒缓温和收缩小样黑泥白泥6片试用装,如薇RNW,RNW官方旗舰店,,740,566,0,174,7169.4,5603.4,0.0,1566.0,9,0,,1
造物者·【回购专享】山茶花精华软膜玻尿酸紧致淡纹补水保湿修护提亮,,造物者旗舰店,,740,194,0,546,151724.1,42578.7,0.0,109145.4,8,0,,1
Dr.Spiller·【两只小狗六专属】银盾信号面膜修护水洗多肽涂抹式50ml,Dr.Spiller,水羊堂海外旗舰店,,715,605,0,110,285285.0,241395.0,0.0,43890.0,2,0,,1
倾芬 · 面膜组合体验 共9片,,Heen软软的店,,713,0,32,681,27835.8,0.0,1276.8,26559.0,0,1,163.0,1
FAN BEAUTY DIARY·新品银耳秋葵糯叽叽鲜肌润养面膜,FanBeautySecret,FanBeauty美妆旗舰店,,703,25,43,635,69702.0,2100.0,4737.0,62865.0,69,2,100.0,3
LAN·新品上市 时光油蜜面膜修护舒缓肌肤保湿温和 A,,LAN蘭旗舰店,,700,358,0,342,90895.0,46777.0,0.0,44118.0,43,0,,12
OCEAN PHARMACIEN·【安吉专属】奶蓟草桦树汁亮肤饮 肝净看得见 黄气不上脸,,OCEAN PHARMACIEN海外旗舰店,,697,419,0,278,319226.0,191902.0,0.0,127324.0,1,0,,1
姣莺 · 可溶性微晶祛痘贴（体验官专享 6+1贴）,,JOLYON姣莺的店,,670,0,4,666,19433.6,0.0,119.6,19314.0,0,3,8.0,1
可复美 · 重组胶原蛋白肌御密集修护冻干精华面膜7片/盒,可复美,可复美旗舰店,,663,5,17,641,138567.0,1045.0,3553.0,133969.0,2,5,14.0,2
Abib·面膜弱酸性口香糖PH水库鱼腥草柚子复活草玻尿酸胶原蛋白,,晓选??留学生的店,,659,231,0,428,35420.45,12308.45,0.0,23112.0,40,0,,1
茗希芝 · 牛油果泡泡面膜清洁保湿水润学生,茗希芝MINSHZEE,铁锤妹妹护肤shop的店,,644,0,329,315,6092.1,0.0,3257.1,2835.0,0,34,2758.0,3
FAN BEAUTY DIARY·【5盒/10盒】海葡萄凝水保湿面膜,FanBeautySecret,FanBeauty美妆旗舰店,,643,367,0,276,218241.0,122193.0,0.0,96048.0,58,0,,4
FAN BEAUTY DIARY·骨折![带防伪码]范冰冰海葡萄涂抹面膜！清洁保湿涂抹提亮嫩滑,FanBeautySecret,王富贵儿的美妆小店店的店,,626,9,0,617,23725.4,341.1,0.0,23384.3,1,2,21.0,1
Dr.Lolard+·细胞紧塑提肌面膜,,王默默3月8号上午十点半女神节超大场的店,100.0,624,565,12,47,62400.0,56500.0,1200.0,4700.0,4,1,43.0,1
CANVAS·【章小蕙直播专享】玫瑰保湿精华面膜 提亮祛黄熬夜补水油,,CANVAS海外旗舰店,,617,383,0,234,182015.0,112985.0,0.0,69030.0,19,0,,1
灵木集·<上新>灵萃光韵柿叶涂抹面膜弹润光亮紧致抗皱晒后焕亮温和无刺激,,灵木集旗舰店,,599,37,21,541,27132.3,3843.0,2190.3,21099.0,19,10,95.0,1
meonov · 黑白松露胶原肽灌注精油面膜65g+++,,Heen软软的店,59.0,596,0,63,533,35164.0,0.0,3717.0,31447.0,0,1,139.0,1
透真 · 377VC美白保湿淡斑面膜烟酰胺提亮去黄深层清洁收缩毛孔精华面膜,透真LUCENBASE,透真旗舰店,,593,0,46,547,48666.0,0.0,8188.0,40478.0,0,9,83.0,1
Yves珣秘·【张俪专享】yves面膜组合,,YVES珣秘旗舰店,,592,521,0,71,295408.0,259979.0,0.0,35429.0,1,0,,1
FAN BEAUTY DIARY·麒麟竭菌菇丝发酵修护面膜龙血面膜龙血面膜,FanBeautySecret,FanBeauty美妆旗舰店,,560,5,58,497,87924.0,630.0,14732.0,72562.0,78,3,133.0,4
Kahina·【章小蕙专享】抗氧化面膜 50mL 赠,,玫瑰是玫瑰的海外店,,558,414,0,144,261702.0,194166.0,0.0,67536.0,12,0,,2
GOTUKOLA · 狗头发膜橙膜+绿膜小套盒-250ml+250ml,,GOTUKOLA海外旗舰店,,558,0,13,545,200192.0,0.0,4537.0,195655.0,2,6,24.0,2
芙诗婷·熊果苷免洗睡眠面膜活力润泽抗皱学生平价提亮肤色熬夜补水保湿,芙诗婷FUSHITING,Maigoole华夏星伟的店,,555,6,52,497,11062.7,119.4,1053.0,9890.3,13,19,118.0,2
DERMAFIX · 韩国贵妇胶原面膜 dermafix面膜 赵露思推荐 补水保湿 提亮肤色,DERMAFIX,大雪雪的旅行日记的店,,550,0,19,531,25320.0,0.0,1425.0,23895.0,0,3,44.0,1
FAN BEAUTY DIARY·【带防伪码】范冰冰海葡萄系列泥膜！保湿补水涂抹面膜！骨折清仓,FanBeautySecret,一杯冰可乐（挖宝版）的店,,548,53,2,493,21262.4,2056.4,77.6,19128.4,5,1,74.0,1
o.metoo · 爆款正品魔女冰美式面膜熬夜紧致抗皱面膜,,可乐Say的店,,544,0,98,446,19339.8,0.0,1945.8,17394.0,0,8,212.0,1
FAN BEAUTY DIARY·油橄榄臻萃润泽水油面膜水油同补,FanBeautySecret,FanBeauty美妆旗舰店,,543,321,0,222,80364.0,47508.0,0.0,32856.0,56,0,,2
skin lane·【曼姐专享】肌侣大师面膜补水保湿修护滋养紧致淡化细纹法令纹,肌侣skin lane,skinlane肌侣旗舰店,258.0,541,355,0,186,139578.0,91590.0,0.0,47988.0,5,0,,1
蔚伊思 · 新旧包装随机发！蕞便宜的一次！包邮！WEI EAST鲟鱼子面膜8ml,蔚伊思WeiEast,发光的萌宝2店的店,,537,0,74,463,21009.6,0.0,2952.6,18057.0,0,8,221.0,1
COGI · 水光保湿修护面膜 提亮补水 保湿修护 熬夜肌玻尿酸精华,高姿COGI,可乐的美妆的店,,534,0,6,528,15756.3,0.0,169.74,15586.56,0,18,28.0,4
瑞波琴 · 海藻修护清洁泥膜控油黑头收缩毛孔涂抹式面膜,瑞波琴Repechage,橙妹（橙妹精选）的店,,531,135,36,360,36975.0,4252.0,4283.0,28440.0,25,32,70.0,1
柒树·密集舒缓润护面膜,,王默默3月8号上午十点半女神节超大场的店,,513,22,12,479,15158.7,477.8,358.8,14322.1,15,10,47.0,1
倍膳健 · 积雪草B5面膜去黄提亮暗沉熬夜急救深补水保湿维稳舒缓修护敏敏肌,倍膳健BEISHANJIAN,倍膳健美妆旗舰店,,506,1,0,505,10069.4,19.9,0.0,10049.5,10,3,10.0,2
Torriden·韩国桃瑞丹精华玻尿酸补水面膜低分子易吸收面霜精华保湿棉片洁面,,韩国大姐姐??的店,86.0,501,183,0,318,42890.0,15542.0,0.0,27348.0,48,0,,2
FAN BEAUTY DIARY·【4盒套组】爆款海葡萄睡美人龙血银耳单盒面膜,FanBeautySecret,FanBeauty美妆旗舰店,,501,318,0,183,136443.0,85386.0,0.0,51057.0,63,0,,3
freemay·《妮可专属》面膜补水保湿自然提亮镇定修护胶原蛋白面膜,,YANLI海外专营店,68.0,492,371,0,121,33456.0,25228.0,0.0,8228.0,2,0,,1
意鱼 · 铂金三文鱼面膜舒缓修护,,newface的店,66.0,491,0,8,483,32390.0,0.0,512.0,31878.0,0,7,26.0,1
容大生物·RD.Biotech水光净透嫩肤盒-7天还原弹嫩水光肌15分钟-全网首发,,容大生物旗舰店,499.0,490,487,0,3,244510.0,243013.0,0.0,1497.0,1,0,,1
穆春秋·[植物草本泥膜系列],,穆春秋原创芳疗护肤的店,,488,170,0,318,3594.8,1496.0,0.0,2098.8,20,0,,1
Leaf Simple · 水杨酸棉片0.5%闭口痘痘黑头都走开！！27年日期！,,小破店（好价挖掘机）的店,,486,0,114,372,9336.6,0.0,2268.6,7068.0,0,1,233.0,1
达肤妍 · 面膜修护保湿晒后修复补水深层修护补水保湿滋润舒缓敏感贴片女,达肤妍Dr.DH,可乐的美妆的店,,478,0,6,472,19056.66,0.0,223.86,18832.8,0,30,36.0,4
乘法·双拼清洁泥膜控油祛痘去黑头深层清洁毛孔涂抹熬夜面膜,,乘法护肤旗舰店,,477,7,0,470,9492.3,139.3,0.0,9353.0,128,0,,5
谷雨·【美白奶皮面膜】奶皮面膜美白补水保湿提亮学生党贴片面膜护肤品,谷雨,谷雨GUYU官方旗舰店,,471,9,0,462,4810.2,236.4,0.0,4573.8,31,0,,2
JCprogram自由之丘 · 【伊能静推荐】塑颜温感面膜紧致保湿淡纹提升下颌线抗皱30ml商城,JC program,JCprogram 自由之丘旗舰店,509.0,469,0,59,410,232231.0,0.0,23541.0,208690.0,0,98,195.0,2
o.metoo·【直播专属】白番茄发光回春面膜 100g白白面膜,,你橙团长(防封版)的店,,466,92,0,374,6606.8,1370.8,0.0,5236.0,5,0,,1
fresh·【跳楼价！卖的是小样】清洁泥膜15ml！,馥蕾诗Fresh,Ykakboot00的店,,458,379,0,79,3089.1,2615.1,0.0,474.0,2,0,,1
美迪惠尔·mediheal棉片积雪草茶树胶原蛋白保湿弹力湿敷局部湿敷棉,美迪惠尔Mediheal,晓选??留学生的店,,458,149,0,309,52499.0,16964.0,0.0,35535.0,41,0,,1
QUARXERY泉兮·小鸡蛋青春悦活面膜,泉兮QUARXERY,王默默Momochichi的店,,455,97,58,300,13604.5,2900.3,1734.2,8970.0,49,31,149.0,1
自然堂·烟酰胺美白安瓶面膜 祛斑美白补水保湿美白特证,自然堂CHANDO,CHANDO自然堂官方旗舰店,,453,0,0,453,33975.0,0.0,0.0,33975.0,36,0,,4
SDX · 玻色因紧致弹润淡纹贴法令纹贴膜补水男 女,SDX,SDX旗舰店,,453,0,10,443,39834.0,0.0,850.0,38984.0,0,14,30.0,1
numbuzin·韩国12345号数字补水紧致收缩毛孔舒缓镇静数字面膜,numbuzin,韩国大姐姐??的店,,446,210,2,234,22960.0,10688.0,104.0,12168.0,48,1,7.0,2
COGI·蜂巢水库水光保湿修护面膜10片/盒*3预购5天,高姿COGI,老爸评测商城的店,,442,2,17,423,39338.0,178.0,1513.0,37647.0,2,1,40.0,2
欧利芙洋·韩国VT薇缔微晶针精华面膜两部曲5片细腻毛孔嫩肤100/300/700,欧利芙洋OLIVE YOUNG,晓选??留学生的店,,424,146,0,278,7656.8,2652.8,0.0,5004.0,41,0,,1
可复美 · 面膜透明质酸钠水润贴补水保湿修复水膜大水膜大紫膜,可复美,沐洋护肤的店,,414,0,0,414,11592.0,0.0,0.0,11592.0,0,0,,0
研译 · 橄榄精华面膜修红补水保湿玻尿酸舒缓敏肌清洁面膜 效期至25年6月,研译FACIPHER,研译FACIPHER旗舰店,,410,0,48,362,29191.2,0.0,955.2,28236.0,0,22,183.0,1
可莱尼coco brownie·凯哥专属 虾青素臻萃焕颜面膜沁润精萃面膜组合装,可莱尼COCO BROWNIE,COCO BROWNIE可莱尼旗舰店,399.0,405,232,0,173,161595.0,92568.0,0.0,69027.0,2,0,,1
天使 · 婴国婴儿面膜官方旗舰店正品蚕丝面膜补水保湿收缩毛孔10片装,,玟莎妆汇的店,,405,0,29,376,14142.62,0.0,644.22,13498.4,0,15,19.0,1
珀莱雅·【巨好用！】小球藻面膜10片！（新日期）,珀莱雅PROYA,YYboot33的店,,402,199,0,203,7817.1,3960.1,0.0,3857.0,12,0,,1
CANVAS·【章小蕙专享】玫瑰保湿精华面膜 提亮祛黄熬夜补水油敷膜,,CANVAS海外旗舰店,,398,333,0,65,117410.0,98235.0,0.0,19175.0,2,0,,2
逐本·【墨红&积雪草面膜】墨红玫瑰面膜不染积雪草面膜 紧致补水保,逐本,倩菲芳草地的店,,396,256,0,140,27324.0,17664.0,0.0,9660.0,3,0,,1
3D-JP · 日本高端顶货水膜涂抹面膜面霜三合一！30片 25.10到期,3D-JP,青山山的店,,391,0,8,383,5090.2,0.0,111.2,4979.0,0,2,54.0,1
柒树·灵芝茶植萃面膜（一瓶分五次使用，涂薄没效果）,,王默默Momochichi的店,,391,65,3,323,19510.9,3243.5,149.7,16117.7,58,9,51.0,2
逐本·无尽夏日沁润芳香面膜滋润补水保湿面膜,逐本,倩菲芳草地的店,99.0,390,321,0,69,38610.0,31779.0,0.0,6831.0,3,0,,1
Bio-MESO·肌活华熙生物星品面膜6件套 面膜套组【DR】,bio-meso,华熙海御美护专营店,,388,383,0,5,7716.7,7621.7,0.0,95.0,1,0,,1
嘉莉比奥·【王冠专属】牛油果焕亮精华保湿面膜 浅春焕亮面膜,嘉莉比奥Calibio,Calibio嘉莉比奥旗舰店,,388,331,0,57,38412.0,32769.0,0.0,5643.0,4,0,,1
LESULESO·【正品授权！升级包装】透明质酸b5面膜！（2026-2027）新老随机,,YYboot33的店,39.0,386,12,0,374,15054.0,468.0,0.0,14586.0,2,0,,1
欧利芙洋·韩国numbuzin数字面膜 123459号 补水保湿收缩毛孔紧致提亮,欧利芙洋OLIVE YOUNG,楼派派是个代go的店,,386,104,11,271,18528.0,4992.0,528.0,13008.0,42,2,29.0,3
DERMAFIX·【现货秒发】韩国dermafix贵妇胶原蛋白面膜提亮肤色弹力亢皱8片,DERMAFIX,夏夏在韩国的店,,377,1,31,345,23618.0,55.0,4588.0,18975.0,32,9,51.0,1
meonov · 双兰琥珀油蜜面膜+++,,Heen软软的店,59.0,374,0,221,153,22066.0,0.0,13039.0,9027.0,0,3,1319.0,1
QUARXERY泉兮·小鸡蛋青春悦活面膜,泉兮QUARXERY,王默默3月8号上午十点半女神节超大场的店,,372,2,4,366,11122.8,59.8,119.6,10943.4,16,8,27.0,1
FAN BEAUTY DIARY·冰冰同款面膜组合全家福套组舒润面膜组合,FanBeautySecret,FanBeauty美妆旗舰店,,370,223,0,147,218758.0,129970.0,0.0,88788.0,62,0,,6
其他 · 院x胶原蛋白紧致面膜一盒3片,,Heen软软的店,36.0,363,0,34,329,13068.0,0.0,1224.0,11844.0,0,2,140.0,1
meonov · 铂金胶原炮乳霜面膜上下分区+++,,Heen软软的店,59.0,361,0,36,325,21299.0,0.0,2124.0,19175.0,0,2,256.0,1
LANDTREE良萃 · 熬夜光感睡眠面膜烟酰胺免洗补水保湿角鲨烷夜间涂抹面膜,良萃LANDTREE,LANDTREE研发室的店,,358,0,103,255,6094.2,0.0,1019.7,5074.5,0,3,290.0,1
cellpremium·黑球海藻保湿面膜100g,希博密CELL PREMIUM,杭州王祖贤的店,,357,274,0,83,259500.0,211692.0,0.0,47808.0,29,0,,1
薇诺娜·【舒护安肤睡眠面膜】补水保湿舒缓温和清洁护肤派样,薇诺娜WINONA,薇诺娜官方旗舰店,,356,334,0,22,9972.6,9400.6,0.0,572.0,2,0,,2
SDX·【淡纹贴】玻色因紧致弹润淡纹贴法令纹贴膜八字嘴角直播机制,SDX,SDX旗舰店,88.0,356,83,0,273,31328.0,7304.0,0.0,24024.0,12,0,,1
DERMAFIX·现货秒发 赵露思推荐 韩国贵妇胶原蛋白面膜 8片 保湿提亮舒缓弹,DERMAFIX,楼派派是个代go的店,,348,77,0,271,12180.0,2695.0,0.0,9485.0,40,0,,2
诞兴薇小鲸鱼 · 韩国小鲸鱼面膜胖东来同款保湿水润焕肤密集补水面膜正品,,诞兴薇小鲸鱼旗舰店,,342,0,34,308,3108.6,0.0,336.6,2772.0,0,15,400.0,1
GOTUKOLA·【大促专享】橙膜500ml,,GOTUKOLA海外旗舰店,439.0,340,340,0,0,94860.0,94860.0,0.0,0.0,116,0,,36
DERMAFIX · 贵妇胶原蛋白面膜 dermafix 面膜 提亮肤色  补水保湿 露思推荐,DERMAFIX,三岁在韩国的店,,340,0,14,326,22180.0,0.0,990.0,21190.0,0,3,31.0,1
LA VERITE PURE · 真理荟葡萄籽软膜玻色因抗皱紧致保湿清洁养肤御氧熬夜护肤宝妈,,LA VERITE PURE旗舰店,,340,0,42,298,19220.0,0.0,1638.0,17582.0,0,2,1750.0,1
LINDSAY·林赛茶树杯装软膜韩国olive yong热卖款补水保湿镇静提亮肤色,柳邻杰伊LINDSAY,晓选??留学生的店,,338,125,0,213,8468.5,3143.5,0.0,5325.0,41,0,,1
EIIO·水光弹面膜快充面膜补水弹润面膜紧致嘭弹保湿修护敏肌适用,奕沃EIIO,EIIO奕沃旗舰店,99.0,338,170,34,134,28362.0,11730.0,3366.0,13266.0,59,97,237.0,2
柒树·灵芝茶植萃面膜（一瓶分五次使用，涂薄没效果）,,王默默3月8号上午十点半女神节超大场的店,,336,198,9,129,16650.3,9880.2,449.1,6321.0,15,6,26.0,1
INTOYOU·【直播专属】女主角唇泥1g(27.7)展件,心慕与你INTO YOU,你橙团长(防封版)的店,,335,199,0,136,1714.8,1034.8,0.0,680.0,3,0,,1
OTHER · 【中通包邮】川字纹眼角纹法令纹淡化贴 · 办公室好物熬夜党·,,小鱼儿瘦瘦版的店,,332,0,12,320,7210.8,0.0,202.8,7008.0,0,21,46.0,1
韩方五谷 · 水杨酸毛孔控油面膜毛孔清洁保湿积雪草维生素c烟酰胺神经酰胺,韩方五谷,韩方五谷旗舰店,,331,0,16,315,11916.0,0.0,576.0,11340.0,0,19,21.0,1
韩舜妆 · 白松露面膜补水保湿涂抹面膜护肤发光提亮熬夜修护睡眠补水面膜,韩舜妆HORNCOS,韩舜妆HORNCOS的店,,324,0,121,203,3207.6,0.0,1197.9,2009.7,0,45,393.0,1
碧春青·纯珍珠粉润肤养颜,碧春青,晓晓护肤的店,,323,187,0,136,9535.3,5591.3,0.0,3944.0,16,0,,1
SDX · 【额头纹贴】洋甘菊舒润额头纹贴抬头纹额纹贴正品男女直播机制,SDX,SDX旗舰店,78.0,322,0,0,322,25116.0,0.0,0.0,25116.0,0,0,,0
珀莱雅·【直播专属】小球藻补水面膜10片(28.12),珀莱雅PROYA,你橙团长(防封版)的店,,321,65,0,256,6157.5,1293.5,0.0,4864.0,5,0,,1
JEAN D'ESTRÉES·【骞挑万选】法国让缇丝艳后面膜花青素焕亮保湿礼盒礼物到手24组,,让缇丝JEAN D'ESTREES旗舰店,,321,321,0,0,593208.0,593208.0,0.0,0.0,2,0,,1
SUDTANA·【章小蕙专享】姜黄修护精华油 30mL x 2  赠：抗氧化面膜 10mLx1,sudtana,玫瑰是玫瑰的海外店,,320,235,0,85,268480.0,197165.0,0.0,71315.0,12,0,,2
LANDTREE良萃 · 亚马逊清洁泥膜油皮可用去黑头白头粉刺深层清洁毛孔温和不刺激,良萃LANDTREE,良萃LANDTREE旗舰店,,318,0,185,133,6328.2,0.0,3681.5,2646.7,0,1,1672.0,1
丸蔻·【芳疗师制作】红茶玫瑰花瓣冻膜补水保湿提亮肤色细纹法令皱纹,,丸蔻旗舰店,,317,64,0,253,18760.6,3833.6,0.0,14927.0,82,0,,1
GOTUKOLA·【大促专享】狗头发膜橙膜+绿膜小套盒-250ml+250ml,,GOTUKOLA海外旗舰店,459.0,314,314,0,0,103306.0,103306.0,0.0,0.0,164,0,,37
FAN BEAUTY DIARY·黑云杉水光莹润睡美人美男子面膜,FanBeautySecret,FanBeauty美妆旗舰店,,312,189,9,114,29904.0,15876.0,1602.0,12426.0,56,2,43.0,2
伊肤泉·【李嘉琪合作款！】大魔王面膜！（25/10 防伪可查）,伊肤泉EVE CHARM,YYboot33的店,,308,138,0,170,5544.0,2484.0,0.0,3060.0,8,0,,1
JEAN D'ESTRÉES·【骞挑万选】让缇丝法国玫瑰面膜保湿补水改善干燥玫瑰花瓣冻膜,,让缇丝JEAN D'ESTREES旗舰店,,307,306,0,1,3038.4,3029.4,0.0,9.0,2,0,,1
JCprogram自由之丘·【店播专属】伊能静同款塑颜温感面膜紧致保湿淡纹提升下颌线抗皱,JC program,JCprogram 自由之丘旗舰店,,306,82,0,224,168300.0,45100.0,0.0,123200.0,23,0,,1
o.metoo·【冰美式面膜】紧致30片,,Lyinnnnn7788的店,,306,40,0,266,7686.0,1036.0,0.0,6650.0,22,0,,1
孔凤春KOPHENIX·水杨酸棉片祛痘痘印去闭口黑头酸清洁棉片收缩毛孔,孔凤春KOPHENIX,孔凤春旗舰店,,306,123,0,183,10514.7,4292.7,0.0,6222.0,32,0,,2
珀莱雅·小球藻补水面膜保湿水润舒缓干燥补水修护熬夜急救25ml,珀莱雅PROYA,还没被炒鱿鱼的店,,305,23,6,276,4239.5,319.7,83.4,3836.4,22,2,18.0,1
逐本·【面膜体验装】墨红积雪草白月光三花面膜片装,逐本,倩菲芳草地的店,,303,225,0,78,4817.7,3577.5,0.0,1240.2,3,0,,1
AFU阿芙·11籽淡纹紧致分区提拉护理油敷面膜3盒以油养肤套组 Z1,阿芙AFU,AFU阿芙旗舰店,,301,186,0,115,44139.0,25854.0,0.0,18285.0,35,0,,1
可复美·焕能肌底修护面膜补水保湿舒缓修护肤感清凉冰淇淋涂抹面膜2.0新,可复美,京薇妍美妆好物严选的店,,301,0,0,301,29498.0,0.0,0.0,29498.0,1,0,,1
敷尔佳·【全新】B5面膜 5片/盒 蓝色 舒缓修复【日期差！介意wu拍！】,敷尔佳,Lyinnnnn7788的店,,298,22,0,276,8814.8,810.8,0.0,8004.0,20,0,,1
KLAPP · 养皮超牛！提高抵抗 修复镇定补水下火火！！贝塔葡聚糖面膜,KLAPP,橙妹（橙妹精选）的店,,294,121,36,137,25968.0,8228.0,8424.0,9316.0,27,41,137.0,1
Kahina·【祛黄提亮】抗氧化面膜50ml（赠抗氧化面膜10ml*1）,,Kahina海外旗舰店,,293,3,0,290,140389.0,1479.0,0.0,138910.0,4,3,24.0,4
其他 · 胶原蛋白光感抗皱紧肤生物面膜,,主持人琳小琳的店,,292,86,45,161,15130.8,4401.4,2695.5,8033.9,2,24,140.0,1
MY ORGANICS·【章小蕙专享】头皮调理泥膜 20g x 4片,my organics,玫瑰是玫瑰的海外店,,289,193,0,96,57511.0,38407.0,0.0,19104.0,12,0,,2
ERBA MIGINA·【胡兵专属】奇迹蓝宝瓶面膜120g/瓶,,ERBA MIGINA海外旗舰店,490.0,289,256,0,33,141610.0,125440.0,0.0,16170.0,1,0,,1
LA VERITE PURE · 「尝鲜体验」真理荟舒缓修护祛痘积雪草软膜,,LA VERITE PURE旗舰店,,286,0,22,264,5691.4,0.0,437.8,5253.6,0,5,686.0,1
FAN BEAUTY DIARY·海葡萄补水涂抹面膜,FanBeautySecret,FanBeauty美妆旗舰店,148.0,286,171,0,115,38908.0,21888.0,0.0,17020.0,56,0,,2
FAN BEAUTY DIARY·【散装捡漏】全系列面膜海葡萄龙血睡美人芍药眼膜！单片体验装,FanBeautySecret,一杯冰可乐（挖宝版）的店,,285,72,42,171,2979.8,568.8,1060.1,1350.9,5,4,185.0,1
灵木集·<BOBO福利>灵萃光韵涂抹面膜弹润光亮紧致抗皱晒后焕亮温和无刺激,,灵木集旗舰店,,284,242,0,42,99552.0,86196.0,0.0,13356.0,2,0,,1
GOTUKOLA·【大促专享】绿膜500ml,,GOTUKOLA海外旗舰店,459.0,284,284,0,0,84916.0,84916.0,0.0,0.0,117,0,,33
RNW·清洁面膜双色泥膜官方旗舰店女补水保湿深层清洁毛孔去黑头男3,如薇RNW,RNW官方旗舰店,,283,249,0,34,28017.0,24651.0,0.0,3366.0,9,0,,1
映安 · 积雪草可溶性微晶祛痘贴快速灭痘透气痘痘贴改善油痘肌减少反复,,映安INTO FINE的店,,280,0,19,261,19320.0,0.0,1311.0,18009.0,0,19,57.0,2
3AM HAIR SALON · 白到发光 3.0版本高奢美白涂抹式面膜 祛斑抗皱去黄提亮收毛孔50G,,白白瘦瘦研究所的店,36.0,276,0,45,231,9936.0,0.0,1620.0,8316.0,0,8,135.0,1
嘉莉比奥·【王冠专属】牛油果焕亮精华保湿面膜,嘉莉比奥Calibio,Calibio嘉莉比奥旗舰店,,272,272,0,0,26928.0,26928.0,0.0,0.0,1,0,,1
Abib·阿彼芙10片/盒装弱酸性pH面膜面膜鱼腥草蜂蜜柚子水库  10片盒,,小王不胖(好价版)的店,42.0,272,70,7,195,11574.0,3090.0,294.0,8190.0,27,2,21.0,1
AFU阿芙·护肤玫瑰水亮面膜10片*2盒+精油护肤积雪草舒润面膜10片*2盒 Z1,阿芙AFU,AFU阿芙旗舰店,,270,240,0,30,26730.0,23760.0,0.0,2970.0,35,0,,1
索珂·细致毛孔速净泡芙泥膜,,王默默3月8号上午十点半女神节超大场的店,,270,0,7,263,10773.0,0.0,279.3,10493.7,16,11,33.0,1
欧利芙洋 · oliveyoung积雪草痘痘祛痘贴新款水杨酸隐形净痘贴痘痘贴,欧利芙洋OLIVE YOUNG,可乐Say的店,17.8,268,0,23,245,4588.7,0.0,227.7,4361.0,0,6,105.0,1
COSFACE·紧致焕亮芳萃纯皙晶透涂抹面膜【还是那台导航仪专属】,千草宜芳COSFACE,COSFACE千草宜芳旗舰店,539.0,267,251,0,16,143913.0,135289.0,0.0,8624.0,4,0,,1
逐本·不染茉莉白茶涂抹面膜莹亮修护涂抹面膜滋润补水保湿 50g*2,逐本,倩菲芳草地的店,119.0,264,232,0,32,31416.0,27608.0,0.0,3808.0,3,0,,1
自然堂·喜马拉雅植物保湿补水面膜30片  套装深度补水学生平价,自然堂CHANDO,CHANDO自然堂官方旗舰店,,261,0,0,261,15399.0,0.0,0.0,15399.0,45,0,,11
ULY·（发光面膜）奢宠水凝至爱面膜（每袋5片）,,王默默3月8号上午十点半女神节超大场的店,,258,1,8,249,10294.2,39.9,319.2,9935.1,16,26,47.0,1
BIOHEAL BOH·韩国BOH3D提拉面膜热mj补水保湿提亮胶原蛋百立体紧致K皱淡纹,BIOHEALBOH,晓选??留学生的店,,255,78,4,173,6385.0,1960.0,100.0,4325.0,41,2,15.0,1
美迪若雅 · 大膜王！全方位改善肌肤闭口粉刺粗糙暗黄松弛【品牌授权店】,,橙妹（橙妹精选）的店,,252,151,27,74,59539.0,6411.0,48096.0,5032.0,27,33,75.0,1
OHBT·澳白美白祛斑面膜提亮肤色补水保湿淡化斑点舒缓改善暗沉,,OHBT旗舰店,,251,0,0,251,14809.0,0.0,0.0,14809.0,3,0,,1
石泽研究所·【全新！超好用】大米贴片面膜10片！,石泽研究所ishizawa,YYboot33的店,18.0,250,192,0,58,4500.0,3456.0,0.0,1044.0,3,0,,1
儒意 · 水杨酸祛痘面膜淡化痘印熬夜修护复男女士补水保湿舒缓敏感肌专用,儒意RUYI,ruyi儒意旗舰店,,249,0,10,239,10428.0,0.0,390.0,10038.0,0,3,25.0,1
其他 · 积雪绒睡眠面膜三款可选100g,,Heen软软的店,,247,0,38,209,7385.3,0.0,1136.2,6249.1,0,1,153.0,1
茗希芝 · 玻尿酸冻干粉亮肤面膜补水保湿滋润紧致清爽面膜,茗希芝MINSHZEE,薇薇好物甄选的店,,246,0,77,169,2052.3,0.0,531.3,1521.0,1,9,280.0,2
其他 · 火山泥清洁泥面膜  180克,,Heen软软的店,35.0,246,0,18,228,8610.0,0.0,630.0,7980.0,0,1,101.0,1
Dermaroller·【张悦儿 38节专属】玻尿酸面膜10片赠2片换季熬夜救急补水修复,Dermaroller,Dermaroller海外旗舰店,,245,195,0,50,77910.0,62010.0,0.0,15900.0,1,0,,1
FAN BEAUTY DIARY·海葡萄清洁泥膜面膜,FanBeautySecret,FanBeauty美妆旗舰店,128.0,243,122,0,121,28664.0,13176.0,0.0,15488.0,56,0,,2
佩尔赫乔·【子豪&琳琳专属】融雪面膜熬夜急救焕亮保湿修护赋活50ml&50ml*2,,佩尔赫乔PIER AUGE旗舰店,,242,213,0,29,106238.0,93507.0,0.0,12731.0,6,0,,1
RNW·补水面膜3盒装保湿玻尿酸男女护肤品正品官方旗舰店,如薇RNW,RNW如薇旗舰店,97.0,242,54,9,179,22664.0,4428.0,873.0,17363.0,22,25,238.0,1
Ocean Fantasy 海洋幻想·泥膜深层清洁死海泥面膜改善白头清洁毛孔敷走黑头涂抹式精华面膜,,Ocean Fantasy 海洋幻想旗舰店,,241,49,1,191,23567.5,6451.5,117.0,16999.0,24,16,9.0,5
FAN BEAUTY DIARY·【2盒+2盒】爆款海葡萄睡美人龙血银耳单盒面膜组合,FanBeautySecret,FanBeauty美妆旗舰店,,238,159,0,79,58071.0,36504.0,0.0,21567.0,56,0,,2
御泥坊·【冉高鸣专属】东方牡丹聚光焕亮水油面膜,御泥坊,御泥坊旗舰店,199.0,236,41,0,195,46964.0,8159.0,0.0,38805.0,1,0,,1
肌肤未来 · 光透酵醒乳敷面膜40g 新日期到28年,肌肤未来SKYNFUTURE,希恩（清仓捡漏版）的店,25.0,236,0,59,177,5900.0,0.0,1475.0,4425.0,0,1,503.0,1
HERBMODA·【Hannah专属】英国赫珀徳水晶番茄熬夜提亮K氧K糖面膜组合4组,,HERBMODA赫珀德护肤海外旗舰店,499.0,235,225,0,10,117265.0,112275.0,0.0,4990.0,2,0,,1
HERBMODA·英国赫珀徳水晶番茄熬夜提亮K氧K糖面膜组合1,,HERBMODA赫珀德护肤海外旗舰店,399.0,235,42,59,134,93765.0,16758.0,23541.0,53466.0,43,592,4181.0,8
FAN BEAUTY DIARY·旧版清仓带防伪！海葡萄系列清仓~涂抹清洁面膜水乳都有！,FanBeautySecret,哦豁捡到漏了！（康复备婚忙碌上新版??的店,,234,39,14,181,9555.2,1513.2,1019.2,7022.8,12,1,86.0,1
斐思妮 · 【抽签】二类绿膜1盒+二类黑膜1盒+透明质酸敷料1盒 术后修复组合,斐思妮Facelive,斐思妮旗舰店,,234,0,29,205,25506.0,0.0,3161.0,22345.0,0,14,86.0,1
FLOWERWAY · 童颜胶原蛋白灌注面膜锁水保湿温和滋润贴片补水面膜,,纯情大吗喽！！的店,,233,0,59,174,4409.01,0.0,1120.41,3288.6,0,39,192.0,1
Leaf Simple·【直播专属】立体水杨酸棉片70片/150ml(27.1),,你橙团长(防封版)的店,,231,49,0,182,3278.1,730.1,0.0,2548.0,3,0,,1
Abib·阿彼芙口香糖面膜弱酸性面膜 滋润补水舒缓肌肤牛奶鱼腥草复活草,,楼派派是个代go的店,,231,45,0,186,9739.0,1927.0,0.0,7812.0,34,0,,1
研译·【厚脸皮我来了！】油橄榄面膜5片（2025/6）,研译FACIPHER,YYboot33的店,,229,207,0,22,2934.3,2670.3,0.0,264.0,4,0,,1
穆春秋·[补水皇后·蓝莲花冻膜],,穆春秋原创芳疗护肤的店,,226,90,1,135,8900.1,3176.1,999.0,4725.0,19,2,49.0,1
White feather·日本淡化川字纹眉间贴眉心额头法令纹小熨斗眉头悬针纹面膜贴,白翎,WhiteFeather旗舰店,,225,85,2,138,20300.0,7140.0,188.0,12972.0,65,4,1.0,9
伊肤泉·【直播专属】熬夜党本命面膜5片(25.10)超值!怒囤!,伊肤泉EVE CHARM,你橙团长(防封版)的店,,223,66,0,157,2958.4,917.4,0.0,2041.0,3,0,,1
FAN BEAUTY DIARY·密罗木青萃沁安凝乳面膜,FanBeautySecret,FanBeauty美妆旗舰店,,222,170,24,28,33996.0,23460.0,5832.0,4704.0,56,3,378.0,2
薇诺娜·三效合一贼牛！极润水柔隐形面膜补水保湿舒缓泛红敏肌适用6片,薇诺娜WINONA,还没被炒鱿鱼的店,,219,60,0,159,6381.0,1770.0,0.0,4611.0,21,0,,1
Torriden·韩国桃瑞丹面膜低分子玻尿酸精华补水保湿舒润修护贴片式玻尿酸,,小王不胖(好价版)的店,,219,53,8,158,8541.0,2067.0,312.0,6162.0,27,3,16.0,1
o.metoo·【直播专属】魔女乳敷面膜25ml×5片(27.7),,你橙团长(防封版)的店,,218,0,0,218,1962.0,0.0,0.0,1962.0,3,0,,1
斐思妮 · 【15.9任选3片】全家福医用面膜任选3片！,斐思妮Facelive,斐思妮旗舰店,10.6,218,0,0,218,2310.8,0.0,0.0,2310.8,0,1,9.0,1
果达儿·现货韩国青橘 VC精华面膜提亮补水清爽一盒5片紧致舒缓,果达儿goodal,晓选??留学生的店,,215,34,0,181,12385.45,1887.45,0.0,10498.0,11,0,,1
IOMA·【张萌专属】艾欧码活力晚安面膜50g去黄提亮熬夜急救正品,,HISUN海正旗舰店,,214,155,0,59,21186.0,15345.0,0.0,5841.0,2,0,,1
美迪惠尔·补水小炸弹！韩国积雪草茶树面膜VC胶原蛋白舒缓补水保湿胚芽米,美迪惠尔Mediheal,晓选??留学生的店,,214,120,0,94,6406.5,3586.5,0.0,2820.0,21,0,,1
芙清·祛痘修复黑膜医用医美敷料非面膜淡化痘印痤疮脓包痘痘,芙清FulQun,芙清FulQun旗舰店,,214,0,0,214,4066.0,0.0,0.0,4066.0,16,0,,1
御泥坊·【冉高鸣专属】东方牡丹聚光焕亮水油面膜,御泥坊,御泥坊旗舰店,199.0,211,35,0,176,41989.0,6965.0,0.0,35024.0,5,0,,1
KISSMWAH · 冰美式熬夜面膜秋冬补水保湿盒装女面部肌肤,,咔比吧啦的店,,211,0,5,206,2098.9,0.0,59.5,2039.4,0,5,27.0,1
敷尔斯 · （发三盒）美白去黄提亮淡斑补水保湿烟酰胺改善暗沉滋润淡化痘印,敷尔斯,糖果爱美妆的店,9.9,210,0,12,198,2079.0,0.0,118.8,1960.2,0,2,2.0,1
玻·麦·妍·2000PPM麦角硫因焕颜净透面膜【直播】,,HA&EGT 玻麦妍旗舰店,,210,21,0,189,41790.0,4179.0,0.0,37611.0,8,0,,3
Haa·虾青素神经酰胺面膜补水双抗抗糖抗氧保湿修护舒缓学生党平价推荐,Haa,Haa旗舰店,,210,46,25,139,2179.0,455.4,347.5,1376.1,23,3,83.0,2
FAN BEAUTY DIARY·新颜沁透波尔面膜,FanBeautySecret,FanBeauty美妆旗舰店,,209,122,0,87,30932.0,18056.0,0.0,12876.0,56,0,,2
素姬·【MK凉凉专属】谷胱甘肽水光莹润面膜2片装提亮肤色紧致焕亮抗皱,素姬,Jouclair素姬旗舰店,25.0,208,105,0,103,5200.0,2625.0,0.0,2575.0,1,0,,1
美迪惠尔·Mediheal棉片！积雪草茶树维稳水润保湿湿敷棉片清洁去角质清爽,美迪惠尔Mediheal,楼派派是个代go的店,,208,56,0,152,11500.0,3140.0,0.0,8360.0,36,0,,2
可复美·【自播专享】冻干精华面膜7片/盒*2+椭圆敷料5片/盒*2,可复美,可复美旗舰店,699.0,203,137,0,66,141897.0,95763.0,0.0,46134.0,31,0,,1
艾琳朵Arlindo · 净澈清肤泥膜油皮清洁毛孔保湿控油祛痘舒缓去角质,,艾琳朵Arlindo旗舰店,118.0,201,0,0,201,23718.0,0.0,0.0,23718.0,0,26,10.0,1
佩尔赫乔 · 马君妍同款法国佩尔 赫乔融雪面膜涂抹免洗熬夜睡眠面膜pierauge,,白烦烦的店,,201,5,24,172,5719.9,99.5,477.6,5142.8,11,8,82.0,4
o.metoo·【一袋30片！超级沉！】冰美式面膜（2027-2028）,,YYboot33的店,22.0,198,125,0,73,4356.0,2750.0,0.0,1606.0,2,0,,1
Dr.Jart+·【直播专属】面膜一盒五片装! 绿22.9月产蓝22.10月产,,你橙团长(防封版)的店,,198,15,0,183,3785.5,308.5,0.0,3477.0,6,0,,1
玉容初·【导航仪专属】藏红花灵芝发酵油敷膜敏感肌面膜,玉容初,玉容初旗舰店,,198,148,0,50,15444.0,11544.0,0.0,3900.0,4,0,,1
Easyderm · 【欧丽芙洋同款】韩国大熊制药镁针微针痘痘贴祛痘贴痘印油痘肌,,Easyderm海外旗舰店,,196,0,22,174,14024.0,0.0,2018.0,12006.0,0,22,113.0,1
ISNTREE·韩国isntree紫色洋葱安瓶面膜棉片提亮紧致淡痘印修护皮肤屏障,欧利芙洋OLIVE YOUNG,晓选??留学生的店,,194,47,0,147,13365.65,3222.65,0.0,10143.0,41,0,,1
Gveils·光蕴面膜1盒（到27年12月）,MEDATURE,王小多精选的店,,194,106,0,88,77212.0,42188.0,0.0,35024.0,6,0,,1
IOMA·【CTT专享】艾欧码活力晚安面膜50g去黄提亮熬夜急救正品,,HISUN海正旗舰店,,192,67,0,125,19008.0,6633.0,0.0,12375.0,2,0,,1
Dr.Hemerel合美博士·羊胎素脐带试管膜,,施蒂芙集团的店,,192,190,0,2,19008.0,18810.0,0.0,198.0,11,0,,1
111 SKIN·HARLEY ST. LONDON臻奢抗皱提拉面膜 5片/盒,111SKIN,BC极选旗舰店,799.0,192,147,0,45,153408.0,117453.0,0.0,35955.0,3,0,,1
skin lane · 【韦雪专属】肌侣大师面膜补水保湿紧致提拉油乳灌,肌侣skin lane,韦雪分享好物的店,179.0,191,0,33,158,34189.0,0.0,5907.0,28282.0,0,10,384.0,1
Aubu·【李多海专属】分区抗皱淡纹''懒人面膜''紧致提拉线雕小V膜5片,,Aubu海外旗舰店,,190,186,0,4,47310.0,46314.0,0.0,996.0,1,0,,1
FAN BEAUTY DIARY · fanbeauty面膜海葡萄龙血芍药油敷密罗木睡美人虾青素银耳面膜,FanBeautySecret,加热橘汽水的店,,189,0,3,186,7428.0,0.0,174.0,7254.0,0,31,17.0,1
科颜萃·清洁泥膜去黑白头闭口粉刺收缩深层清洁毛孔涂抹式清洁面膜,科颜萃CAREKEEPS,科颜萃旗舰店,,188,9,2,177,9212.0,441.0,98.0,8673.0,6,1,18.0,1
艾琳朵Arlindo · 净澈净肤泥膜清洁毛孔细致肌肤男女可用清洁泥膜涂抹式,,艾琳朵Arlindo旗舰店,236.0,187,0,0,187,44132.0,0.0,0.0,44132.0,0,4,0.0,1
博乐达 · 水杨酸面膜闭口粉刺黑头豆豆新手温和去豆2%30%,博乐达BRODA,正品宝藏小铺（省钱版）??的店,,186,0,3,183,17455.0,0.0,619.0,16836.0,0,3,26.0,1
孔凤春KOPHENIX · 马齿苋净颜清洁泥膜果酸控油去黑头深层清洁白泥清冷感,孔凤春KOPHENIX,孔凤春旗舰店,,185,0,38,147,6641.5,0.0,1364.2,5277.3,0,11,133.0,3
FAN BEAUTY DIARY·胜肽凝时抗皱乳霜面颈膜,FanBeautySecret,FanBeauty美妆旗舰店,,185,123,0,62,24874.0,13776.0,0.0,11098.0,56,0,,2
HERBMODA · 英国赫珀徳水晶番茄熬夜提亮K氧K糖面膜组合4盒,,HERBMODA赫珀德护肤海外旗舰店,168.0,183,91,16,76,30744.0,15288.0,2688.0,12768.0,8,137,251.0,4
FAN BEAUTY DIARY·冰冰同款面膜礼盒套组海葡萄芍药龙血虾青素银耳白泥套组,FanBeautySecret,FanBeauty美妆旗舰店,1037.0,181,181,0,0,102228.0,102228.0,0.0,0.0,22,0,,2
微著·壳聚糖面膜WEZU涂抹式面膜舒缓紧致抗皱补水保湿平价护肤,,微著旗舰店,,181,46,0,135,1674.12,515.82,0.0,1158.3,69,0,,6
SensaV敏飞·敏飞水疗灌肤面膜敏感肌15min修复泛红屏障稳稳贴PH面膜,敏飞SensaV,敏飞SensaV旗舰店,,179,3,30,146,7281.0,117.0,1470.0,5694.0,4,1,3287.0,3
松生·白桦树汁森林水库面膜装深透补水保湿舒缓,松生,松生旗舰店,109.0,179,133,0,46,19511.0,14497.0,0.0,5014.0,11,0,,2
馥珮 · 红茶玫瑰酵母冻膜补水保湿修护熬夜急救提亮收缩毛孔免洗面膜,馥珮,七七国货铺的店,,178,0,127,51,5810.3,0.0,4178.3,1632.0,0,16,18409.0,1
欧诗漫·性价比拉满！欧诗漫玻尿酸水光面膜补水保湿缓解干燥起皮水嫩养肤,欧诗漫OSM,还没被炒鱿鱼的店,,178,98,5,75,1950.2,1068.2,64.5,817.5,22,1,18.0,1
自然堂·【春季舒敏】小紫瓶精华第六代7ml+冻干面膜1片+等渗面膜1p 店播,自然堂CHANDO,CHANDO自然堂官方旗舰店,,178,114,0,64,2082.2,1128.6,0.0,953.6,30,0,,1
shecara · 坚果面膜去黑头闭口去角质清洁面膜80g新西兰疯狂的坚果,,SHECARA海外旗舰店,,178,0,2,176,31724.0,0.0,396.0,31328.0,0,3,13.0,1
敛花萃·【寡肽冻干膜】高活性修复保湿现泡现用面膜,,敛花萃纯净护肤的店,,177,94,0,83,1531.4,1050.0,0.0,481.4,25,0,,1
瑜然美 · 库拉索芦荟胶凝胶祛痘印军训晒后修复神器补水保湿面膜,瑜然美yuranm,瑜然美美的店,,177,0,5,172,6857.5,0.0,149.5,6708.0,0,31,66.0,1
泉意·八重玻尿酸密集补水舒缓面膜,,泉意WATERYIS护肤专卖店,99.0,176,7,0,169,17424.0,693.0,0.0,16731.0,31,0,,1
AIONAYI · 赋能三型胶原蛋白面膜4号,,主持人琳小琳的店,218.0,176,9,62,105,38368.0,1962.0,13516.0,22890.0,2,60,245.0,1
伊菲丹·【法国｜真贵妇·】EviDenS三重胶原超级面膜 镇定修复紧致收毛孔,伊菲丹EviDenS de Beaute,叫我-豆小主的店,,176,27,12,137,15848.0,2376.0,1416.0,12056.0,6,2,113.0,1
OTHER·G*K玻尿酸面膜胶原修护保湿熬夜早安5分急救*一包  1583,,是轻轻呀_的店,,175,1,0,174,5075.9,29.9,0.0,5046.0,3,0,,1
欧诗漫·【直播专属】补水保湿水光面膜(28.7),欧诗漫OSM,你橙团长(防封版)的店,,174,24,0,150,1587.6,237.6,0.0,1350.0,3,0,,1
Torriden·韩国桃瑞丹面膜低分子玻尿酸精华补水保湿舒润修护贴片式,,星期8休息的店,,174,1,5,168,6786.0,39.0,195.0,6552.0,2,1,32.0,1
RNW·清洁泥膜替换装去黑头控油双色泥膜温和深层清洁毛孔黑泥白泥保湿,如薇RNW,RNW官方旗舰店,49.0,174,150,0,24,8526.0,7350.0,0.0,1176.0,20,0,,2
彩琳 · 白松露水润发光面膜涂抹保湿补水VCIP熬夜提亮抗氧,彩琳CaiLin,彩琳CAILIN旗舰店,,173,0,37,136,5172.7,0.0,1106.3,4066.4,1,16,160.0,4
Lavrin·【李多海专属】胶原蛋白弹力软膜+水凝保湿软膜 韩国院线同款,,Lavrin海外旗舰店,,172,104,0,68,43896.0,19552.0,0.0,24344.0,2,0,,2
浣颜 · 涂抹面膜体验合集全家福套装白松露提亮+祛痘面膜霜+清洁黑头泥膜,浣颜,浣颜旗舰店,,172,0,107,65,3522.8,0.0,2229.3,1293.5,0,16,1573.0,2
创福康·新升级胶原修护贴面膜第二代  补水保湿胶原蛋白敏感泛红祛痘修护,创福康,创福康 旗舰店,,172,111,27,34,16712.0,8880.0,4602.0,3230.0,37,11,126.0,6
馥珮 · 山师大叔同款痘可贴（单包内有4贴）,馥珮,七七国货铺的店,,171,0,73,98,3314.7,0.0,1452.7,1862.0,0,15,1849.0,1
其他 · 红色面膜虾青素一盒五片,,Heen软软的店,32.0,170,0,53,117,5440.0,0.0,1696.0,3744.0,0,2,217.0,1
GOTUKOLA · 狗头发膜橙膜+绿膜大套盒-500ml+500ml,,GOTUKOLA海外旗舰店,,170,0,7,163,93120.0,0.0,3633.0,89487.0,0,5,15.0,1
DERMAFIX·韩国dermafix贵妇胶原蛋白面膜维C保湿舒缓提亮肤色弹力亢皱8片装,DERMAFIX,晓选??留学生的店,,168,46,0,122,13933.8,3850.5,0.0,10083.3,41,0,,1
LANDTREE良萃 · 亚马逊白泥膜涂抹发光面膜细致毛孔改善油皮油痘肌黑头闭口,良萃LANDTREE,LANDTREE研发室的店,,168,0,4,164,3343.2,0.0,79.6,3263.6,0,2,84.0,1
YOVP · 玻尿酸水光面膜新,,主持人琳小琳的店,,167,4,23,140,6582.6,119.6,2277.0,4186.0,2,29,118.0,1
奥伦纳素·免洗睡眠冻膜次抛紧致补水修护涂抹面膜,奥伦纳素ERNO LASZLO,奥伦纳素旗舰店,,167,8,0,159,86840.0,4160.0,0.0,82680.0,9,0,,1
CANVAS·【婉婷专属】玫瑰保湿精华面膜 99%天然有机,,CANVAS海外旗舰店,,166,129,0,37,48970.0,38055.0,0.0,10915.0,8,0,,1
欧利芙洋 · 韩国numbuz:n数字精华面膜 密集补水提亮舒缓镇定,欧利芙洋OLIVE YOUNG,葡萄小姐姐在韩国的店,,166,0,0,166,7968.0,0.0,0.0,7968.0,0,0,,0
o.metoo·【拍1发30】爆款低价！魔女冰美式熬夜紧致抗皱面膜！30片一大包!,,一杯冰可乐（挖宝版）的店,,165,14,10,141,2687.5,278.6,167.0,2241.9,5,2,60.0,1
HEXKIN·韦雪同款 赫诗琴胶原炮灌注胶原蛋白面膜补水保湿紧致抗衰滋养,HEXKIN,晓选??留学生的店,,165,47,0,118,16037.8,4603.6,0.0,11434.2,41,0,,1
AIONAYI · 山茶花熬夜水油面膜,,主持人琳小琳的店,,165,5,46,114,7515.0,195.0,2874.0,4446.0,2,19,152.0,1
绽媄娅·【官方专属】钝感力焕能修护安肌涂抹面膜30g,绽媄娅JUMIYA,Jumiya绽媄娅旗舰店,,164,43,0,121,6543.6,1715.7,0.0,4827.9,31,0,,1
美迪惠尔·韩国mediheal棉片妆前湿敷棉贴积雪草舒缓保湿镇定补水,美迪惠尔Mediheal,韩国大姐姐??的店,,163,49,0,114,20975.0,6269.0,0.0,14706.0,48,0,,2
kisstory · fuke系列幸福面膜100ml保湿抗衰提亮,,卖原料的配方实验室的店,25.0,163,0,0,163,4075.0,0.0,0.0,4075.0,0,0,,0
敷尔佳·【好物试用】积雪草面膜舒缓修护贴补水保湿维稳泛红2片,敷尔佳,敷尔佳官方旗舰店,,160,1,0,159,3040.8,19.8,0.0,3021.0,2,0,,2
AFU阿芙·精油护肤玫瑰水亮面膜 10片*3盒 Z2,阿芙AFU,AFU阿芙旗舰店,,160,148,0,12,15840.0,14652.0,0.0,1188.0,38,0,,1
童颜纪·厚脸皮修护面膜敏感肌可用官方正品 实发20片+送1片,,童颜纪旗舰店,,159,9,0,150,6209.1,359.1,0.0,5850.0,14,0,,2
可复美·【自播专享】重组胶原蛋白肌御密集修护冻干精华面膜7片/盒,可复美,可复美旗舰店,209.0,157,141,0,16,33649.0,30305.0,0.0,3344.0,31,0,,1
虞舜佳人·抗皱紧致如意膏2个装特价,,虞舜佳人的店,,156,109,0,47,17068.0,12415.0,0.0,4653.0,17,0,,1
自然堂·敏肌舒缓修护积雪草冻干面膜补水保湿维稳修护,自然堂CHANDO,CHANDO自然堂官方旗舰店,,156,26,0,130,17264.0,1924.0,0.0,15340.0,30,0,,1
敷尔佳·【好物试用】清痘净肤修护贴敏感肌祛痘面膜痘痘贴补水保湿2片,敷尔佳,敷尔佳官方旗舰店,,154,2,0,152,2927.6,39.6,0.0,2888.0,2,0,,2
欧利芙洋 · Numbuzin面膜韩国爆火数字12345面膜 弹力 补水 收毛孔镇静舒缓,欧利芙洋OLIVE YOUNG,三岁在韩国的店,,154,0,0,154,3850.0,0.0,0.0,3850.0,0,6,11.0,1
【宝梨甜莓】贴贴大富翁掷骰15次（14+关注1次）,,宝梨甜莓的店,,153,102,13,38,3928.5,2641.8,336.7,950.0,22,11,399.0,1
仙语·酵母原浆面膜【大米/仙人掌/玫瑰发酵】熬夜补水细腻,仙语XIAN YU,仙语旗舰店,119.0,153,121,0,32,18328.0,14520.0,0.0,3808.0,12,0,,4
圣洁私语 · 青春粉嫩养护膜粉润保湿淡化去黑嫩肤水润洁菌深度呵护私护T膜,,圣洁私语珍护的店,,153,0,10,143,14349.0,0.0,621.0,13728.0,0,11,52.0,1
欧佩莱·【安吉小朋友】胶原玻色因小真管颈霜保湿抗皱紧致真淡纹真管用,,欧佩莱旗舰店,699.0,152,152,0,0,106248.0,106248.0,0.0,0.0,1,0,,1
可复美·【自播专享】重组胶原蛋白冻干精华面膜7片/盒+15支胶原棒,可复美,可复美旗舰店,319.0,150,105,0,45,47850.0,33495.0,0.0,14355.0,31,0,,1
瑜然美 · 库拉索芦荟胶敷脸补水祛痘印晒后修护神器平价学生军训必备面膜,瑜然美yuranm,瑜然美美的店,,149,0,0,149,5945.1,0.0,0.0,5945.1,0,7,14.0,1
Torriden·桃瑞丹玻尿酸棉片80片低分子局部面膜妆前湿敷滋润积雪草,,晓选??留学生的店,,149,71,0,78,13261.0,6319.0,0.0,6942.0,10,0,,1
AIONAYI · 修护敏感护肤品修护舒缓精液原液面膜涂抹式退红美容院专用套装,,主持人琳小琳的店,,149,4,29,116,20682.0,552.0,4122.0,16008.0,2,25,86.0,1
斐诺秀 · 亚马逊白泥清洁面膜 深层清洁毛孔控油去黑头细腻毛孔涂抹面膜,,斐诺秀的店,,149,0,45,104,2965.1,0.0,895.5,2069.6,0,8,149.0,1
其他 · 这面膜牛！！！到手30片！！维稳舒缓嘎嘎牛～新日期28年,,小破店（好价挖掘机）的店,,148,0,0,148,2812.0,0.0,0.0,2812.0,0,2,1441.0,1
理肤天使·【韩承浩】马达加斯加积雪草&焕白*毛孔3款面膜混选组合,理肤天使,SKIN1004理肤天使海外旗舰店,79.0,148,128,0,20,11692.0,10112.0,0.0,1580.0,2,0,,2
Yves珣秘·【张俪专享】15片蓝铜多肽修护面膜保湿敏肌泛红干燥修护贴片面膜,,YVES珣秘旗舰店,,147,106,0,41,49833.0,35934.0,0.0,13899.0,1,0,,1
孔凤春KOPHENIX·泥膜马齿苋清洁泥膜去黑头闭口净化毛孔清爽控油面膜,孔凤春KOPHENIX,孔凤春旗舰店,,147,86,6,55,6135.3,3603.4,227.4,2304.5,32,10,106.0,5
其他 · 【娜娜优选】BKE红蜜提拉紧致V脸红绷带胶原面膜,,Korea Jpoli的店,,146,0,29,117,4260.1,0.0,867.1,3393.0,0,169,459.0,1
BIOHEAL BOH · 韩国BOH 3D提拉面膜热mj补水保湿提亮胶原蛋白立体紧致抗皱淡纹,BIOHEALBOH,大刘刘在韩国的店,,146,0,4,142,12410.0,0.0,340.0,12070.0,0,1,9.0,1
Yves珣秘·【范文芳专享】yves水光面膜女补水保湿抗皱紧致淡纹敏感肌抗皱,,YVES珣秘旗舰店,,145,125,0,20,57855.0,49875.0,0.0,7980.0,2,0,,1
欧利芙洋 · 现货oliveyoung隐形痘痘贴 茶树积雪草 微晶水杨酸痘痘贴 净痘,欧利芙洋OLIVE YOUNG,张小白在首尔的店,,145,0,0,145,2160.5,0.0,0.0,2160.5,0,2,2.0,1
德玛贝尔 · 软膜玫瑰软膜粉补水保湿紫苏面膜黄金舒缓提亮泥膜去黄暗沉涂抹式,德玛贝尔DERMABELL,WELOVE BEAUTY的店,,145,0,0,145,11455.0,0.0,0.0,11455.0,0,7,41.0,2
理肤泉·B5面膜PRO补水保湿紧急修护舒缓敏感肌积雪草样品2片,理肤泉LA ROCHE-POSAY,理肤泉larocheposay旗舰店,,143,7,0,136,3581.3,181.3,0.0,3400.0,14,0,,5
珂岸 · 【张瑶推荐】华熙生物舒缓保湿积雪草全肤质舒缓面膜补水保湿贴片,珂岸Refresh,珂岸旗舰店,,142,1,13,128,2825.8,19.9,258.7,2547.2,1,85,57.0,4
花寂·发光精油面膜 滋养保湿紧致抗皱提亮嫩肤 以油养肤,,花寂旗舰店,,142,136,0,6,24036.0,22848.0,0.0,1188.0,181,0,,27
三丽鸥 · 日本hello kitty天使星星眼彩绘卡通鬼脸搞怪脸谱面膜,,方西啊是代gogogo的店,,141,0,9,132,3815.1,0.0,251.1,3564.0,0,1,33.0,1
kisstory · fuke系列植萃维稳美肌面膜100ml退红去印面膜,,卖原料的配方实验室的店,25.0,141,0,59,82,3525.0,0.0,1475.0,2050.0,0,3,321.0,1
英诺皮肤世家 · 橙妹精选修复面膜 5%b5浓度肉眼可见修复补水镇定 爱不释手！,英诺皮肤世家INNOAESTHETICS,橙妹（橙妹精选）的店,,141,28,8,105,6832.0,1344.0,448.0,5040.0,27,4,31.0,1
知和无尤·定制果冻湿敷膜10片/包搭配纯露精萃液浸泡使用【不是冻干面膜！,,知和无尤旗舰店,,141,85,0,56,2755.5,1691.5,0.0,1064.0,118,0,,7
stridex·水杨酸净颜棉片  绿色（0.5%）,,Stridex施颜适旗舰店,69.0,140,1,0,139,9645.0,54.0,0.0,9591.0,14,0,,1
LINDSAY·大容量软膜粉1kg 茶树清洁VC去黄提亮 胶原蛋白补水修护充盈弹润,柳邻杰伊LINDSAY,萌崽小卖部的店,,139,14,0,125,13622.0,1372.0,0.0,12250.0,3,0,,1
EUCERIN·优色林【章小蕙直播专享】舒安面膜2盒赠20片晒后修复敏感泛红,优色林Eucerin,优色林旗舰店,,138,90,0,48,42967.0,27127.0,0.0,15840.0,13,0,,1
KAZOO·可逐KAZOO白松露臻护柔嫩手膜套盒温和补水保湿紧致提亮去黄细嫩,KAZOO,kazoo美妆旗舰店,128.0,138,128,0,10,17664.0,16384.0,0.0,1280.0,12,0,,2
敷尔佳·【好物试用】烟酰胺美白淡斑修护面膜2片,敷尔佳,敷尔佳官方旗舰店,,138,0,0,138,2622.0,0.0,0.0,2622.0,0,0,,0
FAN BEAUTY DIARY·【热】早8醒肤提亮修护多款面膜一套体验,FanBeautySecret,FanBeauty美妆旗舰店,,138,110,0,28,55028.0,43240.0,0.0,11788.0,32,0,,2
浣颜 · 口袋泥膜清洁泥膜深层清洁毛孔吸附去黑头控油净痘学生收缩毛孔,浣颜,浣颜旗舰店,,138,0,47,91,4264.2,0.0,1452.3,2811.9,0,4,314.0,2
skin lane·【沈梦辰专属】肌侣大师面膜补水保湿修护滋养紧致淡化细纹法令纹,肌侣skin lane,skinlane肌侣旗舰店,258.0,137,6,0,131,35346.0,1548.0,0.0,33798.0,3,0,,2
两个博士后·紧致抗皱润颜细腻平滑面膜,,两个博士后旗舰店,,137,85,0,52,13700.0,8500.0,0.0,5200.0,27,0,,1
DOYES · 美白祛斑淡斑小D面膜补水保湿去黄补水提亮改善暗沉保湿抗氧抗糖,,DOYES旗舰店,89.0,137,0,30,107,11803.0,0.0,2280.0,9523.0,0,19,92.0,1
FAN BEAUTY DIARY·钻石聚光闪耀面膜,FanBeautySecret,FanBeauty美妆旗舰店,,137,90,0,47,21216.0,13320.0,0.0,7896.0,56,0,,2
LINDSAY·韩国林赛软膜粉补水保湿镇静舒缓茶树清洁涂抹面膜,柳邻杰伊LINDSAY,韩国大姐姐??的店,,136,79,1,56,2565.0,1534.0,23.0,1008.0,48,1,71.0,2
PAYOT·晨光面膜法国进口保湿提亮抗氧紧致抗皱二合一冻膜,,PAYOT柏姿旗舰店,259.0,135,104,0,31,34965.0,26936.0,0.0,8029.0,4,0,,1
DERMAFIX·赵露思推荐韩国dermafix贵妇胶原蛋白面膜 提亮肤色 补水保湿修护,DERMAFIX,韩国大姐姐??的店,48.0,135,40,0,95,6480.0,1920.0,0.0,4560.0,48,0,,2
FAN BEAUTY DIARY · 巨折！海葡萄系列涂抹面膜洁颜蜜 效期到25年7-11月 有防伪,FanBeautySecret,田爱菜菜美妆的店,,135,0,3,132,5663.7,0.0,119.7,5544.0,0,1,2.0,1
d'Alba·韩国olive young热卖软膜涂抹补水保湿舒缓提亮控油面膜清洁毛孔,,楼派派是个代go的店,,135,60,0,75,2160.0,960.0,0.0,1200.0,35,0,,1
MEDI-PEEL 美蒂菲·【小森林】黑头导出液美容院专用祛鼻头深层,美蒂菲MEDI-PEEL,MEDI-PEEL 美蒂菲护肤旗舰店,99.0,135,56,0,79,13365.0,5544.0,0.0,7821.0,1,0,,1
TEMPLE SPA·【张俪专享】净化平衡植萃净透清洁面膜毛孔吸尘器清洁泥膜去黑头,TempleSpa,TEMPLE SPA海外旗舰店,,135,85,0,50,51300.0,32300.0,0.0,19000.0,1,0,,1
悦芙媞·【暹罗厘普联名】多酸泥膜油皮清洁毛孔深层去黑头白头果酸面膜,悦芙媞Hapsode,HAPSODE悦芙媞旗舰店,,134,50,0,84,11176.0,3700.0,0.0,7476.0,30,0,,1
薇家·官方|素心腊梅精油珍珠膏，保湿抗皱 代替面霜乳液面膜 50%珍珠粉,,薇家日记WEIJIA LIFE的店,65.0,133,69,19,45,8687.0,4485.0,1277.0,2925.0,19,8,108.0,1
虞舜佳人·抗皱紧致如意膏特价,,虞舜佳人的店,89.0,133,100,0,33,9395.1,6458.1,0.0,2937.0,26,0,,1
宝狄妍 · 一盒10片蓝盒安肌修护发酵精粹面膜+++,宝狄妍BAODIYAN,Heen软软的店,,132,0,34,98,5178.6,0.0,1356.6,3822.0,0,1,240.0,1
EUCERIN·【章小蕙专享】优色林舒安面膜2盒赠20片晒后修复敏感泛红,优色林Eucerin,优色林旗舰店,,132,123,0,9,39468.0,36777.0,0.0,2691.0,2,0,,2
GOTUKOLA·【大促专享】橙膜500ml+绿膜500ml,,GOTUKOLA海外旗舰店,879.0,132,132,0,0,68508.0,68508.0,0.0,0.0,37,0,,18
lefilleo·【达人专属】韩国丽菲欧胶原蛋白面膜65g,lefilleo,lefilleo海外旗舰店,99.0,132,25,0,107,13068.0,2475.0,0.0,10593.0,14,0,,4
阿噗噜 · B5水润保湿面膜女深层长效补水玻尿酸舒缓贴片,,APRUMU阿噗噜旗舰店,,130,0,0,130,1183.0,0.0,0.0,1183.0,0,15,95.0,1
美迪惠尔·【方老板专属】绷带棉片积雪草修护茶树舒缓胶原弹润维他提亮清洁,美迪惠尔Mediheal,美迪惠尔MEDIHEAL海外旗舰店,132.0,129,103,0,26,17028.0,13596.0,0.0,3432.0,3,0,,1
Abib·面膜弱酸性口香糖PH水库鱼腥草柚子复活草玻尿酸胶原蛋白,,韩国大姐姐??的店,,128,50,0,78,6986.0,2696.0,0.0,4290.0,48,1,11.0,2
The Ordinary·【达播】30%果酸水杨酸焕肤面膜去角质闭口粉刺黑头30ml,The Ordinary,The Ordinary海外旗舰店,92.0,128,15,0,113,11776.0,1380.0,0.0,10396.0,37,0,,10
Biodance·胶原蛋白可睡眠敷凝胶面膜收缩毛孔提亮暗沉补水保湿滋润,,晓选??留学生的店,,128,39,0,89,7100.04,2221.95,0.0,4878.09,41,0,,1
0利润尝鲜款.  多款套餐可选择点击看明细，顺丰包邮,,大明哥麻辣海鲜工坊的店,,128,34,0,94,12798.72,3399.66,0.0,9399.06,27,1,2.0,1
El Naturalista·西班牙起色安瓶【紧致抗皱】水光面膜3盒装,,El Naturalista护肤旗舰店,258.0,127,121,0,6,32766.0,31218.0,0.0,1548.0,2,0,,1
FAN BEAUTY DIARY·【防伪可查】低调速拍！胜肽凝时抗皱乳霜面颈膜！紧致天鹅颈4片,FanBeautySecret,一杯冰可乐（挖宝版）的店,,127,4,15,108,10033.0,316.0,1185.0,8532.0,2,2,129.0,1
25～31天不等，聚（月）好（咔）kan，拍后联戏客fu发货,,咬手怪怪优质卡券的店,11.99,127,0,0,127,1522.73,0.0,0.0,1522.73,0,1,0.0,1
韩伦美羽 · 祛痘修护面膜清痘控油舒缓平价面膜补水收缩毛孔壬二酸保湿面膜,韩伦美羽,韩伦美羽美护的店,,127,0,3,124,3767.3,0.0,59.7,3707.6,0,10,10.0,1
LANDTREE良萃 · 舒缓清肌安肤面膜补水保湿熬夜维稳去黄提亮收缩毛孔学生官方正品,良萃LANDTREE,LANDTREE研发室的店,,127,0,27,100,1257.3,0.0,267.3,990.0,0,1,88.0,1
DERMAFIX·【韩国采购！】贵妇面膜尝鲜价4片！（新日期）,DERMAFIX,YYboot33的店,,126,121,0,5,8190.0,7865.0,0.0,325.0,6,0,,1
Torriden·补水高手！韩国桃瑞丹低分子5D玻尿酸精华面膜舒缓保湿水光肌,,楼派派是个代go的店,,126,42,0,84,5166.0,1890.0,0.0,3276.0,34,0,,1
FAN BEAUTY DIARY·范爷同款！FanBeauty范冰冰同款海葡萄涂抹面膜清洁泥膜清补CP,FanBeautySecret,还没被炒鱿鱼的店,,125,19,6,100,5059.0,991.8,287.2,3780.0,22,5,30.0,1
奥伦纳素 · 【爆款晚安冻膜回归】现货开售 免洗睡眠冻膜次抛2盒 紧致补水,奥伦纳素ERNO LASZLO,奥伦纳素旗舰店,,125,0,45,80,128750.0,0.0,46350.0,82400.0,0,6,427.0,1
AIONAYI · 十全大补面膜 补水保湿收缩毛孔焕亮细嫩熬夜修护涂抹式青春面膜,,主持人琳小琳的店,158.0,125,4,43,78,19750.0,632.0,6794.0,12324.0,2,47,158.0,1
肌肤未来·光透酵醒乳敷涂抹面膜40g保湿补水提亮肤色修护舒缓,肌肤未来SKYNFUTURE,Lyinnnnn7788的店,,124,2,0,122,2729.8,45.8,0.0,2684.0,16,0,,1
欧利芙洋·【韩国采购】numbuz：m数字面膜3号（4片一盒）新日期！,欧利芙洋OLIVE YOUNG,YYboot33的店,49.0,123,12,0,111,6027.0,588.0,0.0,5439.0,5,0,,1
果达儿·韩国Goodal青柠VC精华保湿舒缓修护爽肤水面霜眼膜面膜棉片提亮,果达儿goodal,韩国大姐姐??的店,59.0,122,63,0,59,7198.0,3717.0,0.0,3481.0,48,0,,2
Torriden·桃瑞丹大家族！洁面爽肤水积雪草玻尿酸精华补水面霜棉片提亮面膜,,楼派派是个代go的店,,122,44,0,78,4270.0,1540.0,0.0,2730.0,35,1,16.0,1
FAN BEAUTY DIARY · 海葡萄凝水保湿面膜ZB-RC通用,FanBeautySecret,FanBeauty美妆旗舰店,,122,0,0,122,14396.0,0.0,0.0,14396.0,7,0,,4
Liar·水光多肽胶原蛋白面膜提拉紧致发光肌【孙怡同款】,,Liar旗舰店,,122,0,0,122,36478.0,0.0,0.0,36478.0,9,0,,1
香的秘密·烟酰胺温和补水面膜（纯亏，拍10片包邮）,香的秘密,香的秘密 AROMA'S SECRET旗舰店,1.0,121,25,0,96,121.0,25.0,0.0,96.0,15,0,,1
其它 · 川字纹贴皱眉贴法令纹贴眉间纹贴眼角纹舒展川字纹舒展眉心贴,,爱读书的喵的店,,121,0,13,108,2381.9,0.0,232.7,2149.2,0,45,62.0,1
ve · Ve面膜净痘淡斑美白面膜男女保湿美白保湿净痘保湿VVE面膜,,VE旗舰店,79.0,121,0,0,121,9559.0,0.0,0.0,9559.0,0,5,14.0,1
SUDTANA·【直播专属】青柠姜黄和大米排毒草本面膜50g/瓶（赠面膜碗）,sudtana,SUDTANA海外旗舰店,,120,120,0,0,40820.0,40820.0,0.0,0.0,76,0,,5
FAN BEAUTY DIARY·美黎汎｜范爷家超好用的面膜来啦！,FanBeautySecret,十一的面膜小屋的店,8.0,120,34,0,86,960.0,272.0,0.0,688.0,6,0,,1
铂鱼 · 铂金三文鱼面膜光电后退红,,newface的店,99.0,119,0,12,107,11757.0,0.0,1164.0,10593.0,0,7,43.0,1
HEXKIN·韩国专柜正品代购赫诗琴韦雪水光面霜光感塑颜霜紧致抗皱补水,HEXKIN,夏夏在韩国的店,,119,14,0,105,10591.0,1246.0,0.0,9345.0,28,1,2.0,1
珀莱雅·双抗2.0精华面膜去黄抗老补水弹润透亮青春精华面膜红宝石/源力,珀莱雅PROYA,还没被炒鱿鱼的店,,119,4,0,115,3558.1,119.6,0.0,3438.5,22,0,,1
养生堂·树汁水润盈亮沁透精华补水面膜2片,养生堂YOSEIDO,养生堂YOSEIDO旗舰店,,119,66,0,53,1707.1,1023.4,0.0,683.7,27,0,,1
Kahina · 【章小蕙推荐】抗氧化面膜 50mL,,玫瑰是玫瑰的海外店,,118,0,0,118,58882.0,0.0,0.0,58882.0,0,0,,0
MapleBio枫萃·保湿面膜4片+修护面膜2片,,枫萃生物枫燚凯兮专卖店,,118,82,0,36,17816.0,12776.0,0.0,5040.0,8,0,,1
SEOMOU施逅 · 【9.9发20片福利款】烟酰胺补水冻干面膜补水面膜没盒子发片装,施逅SEOMOU,Me国货美妆的店,,118,0,0,118,1168.2,0.0,0.0,1168.2,0,0,,0
可复美 · 水润面膜大水膜紫膜小水库净痘膜舒舒贴油橄榄面膜平价补水保湿,可复美,正品宝藏小铺（省钱版）??的店,91.0,118,0,0,118,10738.0,0.0,0.0,10738.0,0,1,15.0,1
碧春青·纯珍珠粉润肤养颜,碧春青,森妈教变美护肤教程的店,,118,75,0,43,5849.5,3742.5,0.0,2107.0,1,0,,1
Aubu·分区精雕抗老淡纹''懒人面膜''紧致提拉线雕小V膜5片/盒,,Aubu海外旗舰店,,117,44,0,73,38961.0,14652.0,0.0,24309.0,1,0,,1
京润珍珠·瓶装珍珠粉【直播专享】0402,京润珍珠gNPearl,gNpearl 京润珍珠旗舰店,,117,78,0,39,14753.3,9882.2,0.0,4871.1,61,0,,2
芙芙·舒缓隐形痘痘贴/夜间修护痘痘贴,芙芙,芙芙FULFIL旗舰店,,117,6,0,111,4568.4,239.4,0.0,4329.0,12,0,,1
ONTOP·【会员试用】小花茉莉洁颜膏旗舰店（每个ID限一份）,onTop,onTop旗舰店,,117,27,0,90,1077.3,267.3,0.0,810.0,26,0,,1
其他 · 院x软膜粉 一盒8组，送碗和搅拌棒,,Heen软软的店,65.0,116,0,4,112,7540.0,0.0,260.0,7280.0,0,1,93.0,1
奥伦纳素·明星小美盒 眼面俱到 提亮肤色保湿维稳,奥伦纳素ERNO LASZLO,奥伦纳素旗舰店,269.0,115,78,0,37,30935.0,20982.0,0.0,9953.0,3,0,,1
111 SKIN · 黑钻紫鎏金玫瑰金冰萃面膜提拉紧致单片高端贵妇降价了！,111SKIN,人间小梅好|护肤的店,,115,0,6,109,7130.0,0.0,699.0,6431.0,0,14,6.0,1
o.metoo·【加量装！】白番茄回春面膜140g（2028）,,YYboot33的店,,114,74,0,40,1890.6,1250.6,0.0,640.0,3,0,,1
果壳·二裂酵母安瓶面膜精华焕亮肤色温补水保湿男女舒缓保湿面膜,果壳Gukoo,果壳护肤旗舰店,,114,0,14,100,1038.6,0.0,138.6,900.0,1,8,82.0,1
SOLOMUAA·施蒂芙  玉肌熬夜发光能量面膜,,施蒂芙集团的店,,114,21,0,93,4548.6,837.9,0.0,3710.7,11,0,,1
VT 薇缔 · 韩国微针面膜 细腻毛孔提亮肤色 微晶面膜 100针300针可选,薇缔VT,大雪雪的旅行日记的店,,114,0,0,114,4788.0,0.0,0.0,4788.0,0,1,0.0,1
其他·肌小素Y用重组源化胶原蛋白面膜,,隔壁老老王的店,100.0,113,4,0,109,11300.0,400.0,0.0,10900.0,3,0,,1
AUSLKA Beauty·澳诗卡120贴六色痘痘贴星星祛痘贴轻薄透气吸脓消痘学生日夜双效,,AUSLKA Beauty护肤的店,,113,33,0,80,1840.67,560.67,0.0,1280.0,16,0,,1
ANCOLANY · 安可兰妮活性酶紧致塑颜组合,,主持人琳小琳的店,,112,76,0,36,9978.0,6774.0,0.0,3204.0,2,1,6.0,1
EVENSWISS·伊瑞施紧颜面膜10ml,伊瑞施EVENSWISS,两只小狗轻奢个护的店,,112,54,0,58,3296.6,1614.6,0.0,1682.0,2,0,,1
BIOHEAL BOH · 韩国BOH 3D提拉面膜热玛吉 补水保湿提亮面膜 胶原蛋白提拉面膜,BIOHEALBOH,大雪雪的旅行日记的店,,112,0,0,112,5040.0,0.0,0.0,5040.0,0,0,,0
逐本·【白月光&三花面膜】三花白月光面膜滋润补水保湿面膜（1盒3片）,逐本,逐本旗舰店,,112,2,0,110,11248.0,358.0,0.0,10890.0,8,0,,1
碧春青·纯珍珠粉50g纯珍珠粉50g,碧春青,百年南越老牌国货的店,,112,6,0,106,3348.8,179.4,0.0,3169.4,12,0,,2
freemay·《妮可专享》舒罗蔻透明质酸防晒长效保湿提亮修护,舒罗蔻Dr.Ceuracle,YANLI海外专营店,139.0,111,92,0,19,15429.0,12788.0,0.0,2641.0,1,0,,1
skin lane·【红仔仔专享】肌侣大师面膜补水保湿修护滋养紧致淡化细纹法令纹,肌侣skin lane,skinlane肌侣旗舰店,,111,42,0,69,38760.0,20958.0,0.0,17802.0,6,0,,1
达肤妍 · 海葡萄面膜保湿补水修护舒缓润肤修护冻干小分子玻尿酸护肤,达肤妍Dr.DH,小小小蚊子-的店,,111,0,13,98,3188.9,0.0,258.7,2930.2,0,18,35.0,1
HEXKIN · 赫诗琴童颜胶原炮灌注面膜活性抗皱紧致保湿面膜（白色）,HEXKIN,雪雪护肤美容的店,199.0,111,0,9,102,21999.0,0.0,1701.0,20298.0,0,10,37.0,1
我的元气·夜绷带面膜v脸提拉紧致分区抗皱修护补水暗沉去黄提亮面膜[直播],,我的元气旗舰店,,111,81,0,30,27639.0,20169.0,0.0,7470.0,56,0,,1
Easyderm·【妮可专属】韩国大熊制药镁针微针痘痘贴祛痘贴痘印油痘肌,,Easyderm海外旗舰店,79.0,110,74,0,36,8690.0,5846.0,0.0,2844.0,2,0,,1
绽妍JUYOU·【啾鼠专属】绽妍三重蛋白补水精华面膜缓解维稳舒缓屏障DR1,绽妍JUYOU,绽妍旗舰店,,110,95,0,15,21975.5,18990.5,0.0,2985.0,1,0,,1
帅楠·【直播专享】睡眠额头贴吕良伟代言抗皱贴抬头纹额头贴川字纹,帅楠,帅楠旗舰店,199.0,110,84,0,26,21890.0,16716.0,0.0,5174.0,31,0,,1
珂岸 · 【张瑶推荐】华熙生物舒缓保湿积雪草全肤质舒缓面膜保湿贴片面膜,珂岸Refresh,珂岸旗舰店,,110,0,0,110,2189.0,0.0,0.0,2189.0,0,4,0.0,1
Torriden · 现货人肉 韩国本土版 面膜玻尿酸低分子韩国补水保湿积雪草面膜,,欧尼是我飞韩国 | 正品的店,69.0,110,0,12,98,7590.0,0.0,828.0,6762.0,0,6,26.0,1
理肤天使·【韩承浩】喜马拉雅玫瑰盐 毛孔黑头清洁泥膜棒,理肤天使,SKIN1004理肤天使海外旗舰店,,109,97,0,12,8611.0,7663.0,0.0,948.0,2,0,,2
Torriden · 小猴子同款桃瑞丹玻尿酸棉片80片低分子局部补水面膜 积雪草棉片,,三岁在韩国的店,,109,0,0,109,7194.0,0.0,0.0,7194.0,0,1,37.0,1
花寂 · 轻感净肤精油泥膜清洁泥膜清洁面膜涂抹面膜芳疗去黑头养肤不拔干,,花寂旗舰店,,109,0,12,97,16132.0,0.0,1776.0,14356.0,2,8,235.0,3
奥伦纳素·【凯哥专属】冰白面膜焕肤28组 救急焕亮 弹嫩细肤,奥伦纳素ERNO LASZLO,奥伦纳素旗舰店,2084.0,108,37,0,71,225072.0,77108.0,0.0,147964.0,2,0,,1
瑞欧泉·睡眠面膜水光面膜旅行装试用装10g,,娄爷的秘密基地的店,,108,63,0,45,2108.7,1253.7,0.0,855.0,18,0,,1
薇诺娜·【胶原冻干面膜】新品上市舒缓速修修护保湿退红,薇诺娜WINONA,薇诺娜官方旗舰店,,108,64,0,44,16910.0,10530.0,0.0,6380.0,78,0,,3
FARMACY·【直播专属】冰奶绿面膜50ml 200+跳水!巨折 22.4月产,FARMACY,你橙团长(防封版)的店,35.0,107,0,0,107,3745.0,0.0,0.0,3745.0,4,0,,1
FAN BEAUTY DIARY·范冰冰贴片面膜眼膜！补水保湿提亮熬夜必备！散装特价,FanBeautySecret,王富贵儿的美妆小店店的店,,107,4,7,96,4299.9,159.6,309.9,3830.4,1,4,52.0,1
stridex·水杨酸棉片祛痘痘闭口黑头酸收缩毛孔刷湿敷,,Stridex施颜适旗舰店,,107,13,1,93,6253.0,1059.0,79.0,5115.0,16,1,2.0,7
stridex · 水杨酸棉片55片/盒祛痘痘去闭口粉刺黑头,,HiTATSU的店,,107,0,9,98,4697.3,0.0,395.1,4302.2,0,8,33.0,1
菜鸟和配方师·【狗甜儿专属】三重酶抛光面膜 紧致抗皱保湿补水滋润肌肤面膜,菜鸟和配方师,菜鸟和配方师旗舰店,,105,96,0,9,30240.0,27648.0,0.0,2592.0,1,0,,1
o.metoo·【直播专属】冰美式面膜 内里30片 巨大一袋！,,你橙团长(防封版)的店,,105,0,0,105,3045.0,0.0,0.0,3045.0,3,0,,1
OTHER·G*K玻尿酸面膜胶原修护保湿熬夜早安5分急救*三包  1583,,是轻轻呀_的店,,105,10,0,95,7254.0,699.0,0.0,6555.0,3,0,,1
听研·爆款推荐 依克多因舒缓保湿面膜,听研,听研旗舰店,,105,60,0,45,2049.0,1194.0,0.0,855.0,2,0,,1
京润珍珠·玻尿酸补水保湿面膜【直播专享】【0305】,京润珍珠gNPearl,gNpearl 京润珍珠旗舰店,,104,28,0,76,1029.6,277.2,0.0,752.4,3,0,,1
REJURAN · 丽珠兰 三文鱼 紧致面霜 水乳 面膜补水保湿提亮肤色改善毛孔,丽驻兰REJURAN,三岁在韩国的店,,104,0,1,103,8632.0,0.0,83.0,8549.0,0,1,3.0,1
珀莱雅·【38返场】双抗精华面膜2.0补水弹润透亮抗氧抗糖直播专享,珀莱雅PROYA,珀莱雅PROYA官方旗舰店,,104,99,0,5,20592.0,19602.0,0.0,990.0,21,0,,11
可复美·重组胶原蛋白修护贴舒缓泛红敏感肌贴片面膜5片/盒,可复美,可复美旗舰店,,104,0,0,104,17472.0,0.0,0.0,17472.0,0,0,,0
MEDATURE·褒曼针管密集修润水光涂抹面膜8ml 焕亮水光护理【慢慢专属】,MEDATURE,MEDATURE旗舰店,,103,101,0,2,14214.0,13938.0,0.0,276.0,1,0,,1
Cible Skin·悉源地Cible skin保湿修复全效面膜,,叫我-豆小主的店,,103,12,22,69,9306.0,1056.0,2178.0,6072.0,5,1,200.0,1
柔恩莱·【独岛去黑头鼻膜贴】10片5组温和清洁保湿,柔恩莱ROUND LAB,Lyinnnnn7788的店,,103,18,0,85,1664.2,304.2,0.0,1360.0,12,0,,1
馥珮·面膜补水保湿滋润净爽亮颜蚕丝白茶提亮面贴膜正品国货,馥珮,馥珮美妆专卖店,,103,35,1,67,1030.29,339.0,27.99,663.3,89,3,13.0,1
羽素·安修祛痘面膜补水修复调理痘肌减少反复舒缓修护全脸红肿痘敏感肌,羽素YOU&PURE,羽素YOU&PURE旗舰店,,103,31,24,48,7107.0,2139.0,1656.0,3312.0,29,49,235.0,4
Dr.Jart+·【全新有盒 防伪可查】蓝色药丸面膜（2025/5）,,YYboot33的店,22.0,101,57,0,44,2222.0,1254.0,0.0,968.0,3,0,,1
CISU · 【9.9到手20片】黄瓜积雪草面膜补水保湿平衡水油面膜发片装面膜,,Me国货美妆的店,,101,0,0,101,999.9,0.0,0.0,999.9,0,1,1.0,1
SDX·玻色因紧致弹润淡纹贴淡化嘴角细纹法令纹贴膜直播链接,SDX,SDX旗舰店,234.0,101,7,0,94,22542.0,546.0,0.0,21996.0,25,0,,4
LANDTREE良萃 · 葡萄籽焕颜臻粹奢宠面膜 马齿苋玻尿酸补水保湿重焕光彩青春,良萃LANDTREE,LANDTREE研发室的店,,101,0,16,85,999.9,0.0,158.4,841.5,0,1,88.0,1
毕生之研·【大促】冻膜/冻膜pro 水杨酸涂抹面膜去闭口粉刺黑头控油祛痘DB,毕生之研,毕生之研旗舰店,,101,0,0,101,7979.0,0.0,0.0,7979.0,1,0,,1
伊肤泉·【巨折清】大魔王面膜清仓大捡漏！巨补水巨提亮，谁用谁爱！,伊肤泉EVE CHARM,王富贵儿的美妆小店店的店,,100,2,10,88,2000.0,40.0,200.0,1760.0,1,2,52.0,1
歌如兰·【推荐】酵母空气感面膜肌底液玻尿酸补水去暗沉熬夜去黄嫩肤舒缓,歌如兰GROLOVE,歌如兰旗舰店,,100,96,0,4,3990.0,3830.4,0.0,159.6,2,0,,1
GIK · 胶原修护保湿面膜韩国进口  42片,GIK,GIK旗舰店,69.0,100,4,8,88,6900.0,276.0,552.0,6072.0,4,11,19.0,3
AXXZIA·<无门槛福利>MW面膜×2片,晓姿AXXZIA,AXXZIA海外旗舰店,90.0,100,37,0,63,9000.0,3330.0,0.0,5670.0,15,0,,1
愈感 · 壳聚糖密集修护面膜紧致保湿温和舒缓敏感肌奶皮涂抹软膜粉,,愈感旗舰店,368.0,100,0,0,100,36800.0,0.0,0.0,36800.0,0,1,2.0,1
氧肤时光 · 肌肽睡眠面膜免洗补水保湿夜间莹润官方旗舰店,氧肤时光,氧肤时光旗舰店,,100,0,0,100,14900.0,0.0,0.0,14900.0,0,1,0.0,1
循理·【醒醒吖专属】焕颜净透清肤清洁泥膜收缩毛孔去黑头涂抹面膜,,循理旗舰店,,99,79,0,20,6831.0,5451.0,0.0,1380.0,1,0,,1
克奥妮斯·【Hannah专属】仙人掌玻尿酸透皮眼膜 7000可溶微晶保湿抗皱紧致,克奥妮斯QUANIS,克奥妮斯Quanis旗舰店,,99,83,0,16,87120.0,73040.0,0.0,14080.0,2,0,,1
希睿达·水杨酸面膜复合酸净肤面膜果酸改善肤质去角质【院线同款】,希睿达HIREIDA,希睿达旗舰店,268.0,99,93,0,6,26532.0,24924.0,0.0,1608.0,1,0,,1
其他 · 韩国UGLY LOVELY以丑变美涂抹面膜100ml提亮毛孔护理保湿提亮,,喵喵淼淼圆又圆的店,85.0,99,0,3,96,8415.0,0.0,255.0,8160.0,0,3,7.0,1
东边野兽·专享-灵芝孢子净养泥膜,东边野兽,东边野兽旗舰店,,99,95,0,4,25602.0,24530.0,0.0,1072.0,45,0,,10
欧花集 · ohj水杨酸棉片洁颜调理棉片皮肤细致补水保湿舒润毛孔刷混干油皮,欧花集,欧花集旗舰店,83.0,99,0,6,93,8187.0,0.0,468.0,7719.0,0,8,43.0,1
UIR·复活草祛痘修护面膜淡化痘印补水舒缓保湿女修护推荐,,UIR旗舰店,,99,0,0,99,4851.0,0.0,0.0,4851.0,13,0,,1
prosubase·多维抗皱紧致精华面膜,,王默默3月8号上午十点半女神节超大场的店,100.0,98,88,0,10,9800.0,8800.0,0.0,1000.0,4,0,,1
珀莱雅·【到手两盒！超好用！】有盒无盒随机发！透润安肤面膜！（2027）,珀莱雅PROYA,YYboot33的店,35.0,98,9,0,89,3430.0,315.0,0.0,3115.0,4,0,,1
FARMACY · 何超莲推荐·美国法沫溪蜂蜜面膜熬夜急救抗氧化 丝F兰断货王,FARMACY,复原力美妆店的店,39.0,98,0,1,97,3817.0,0.0,34.0,3783.0,0,4,17.0,1
京润珍珠·玻尿酸补水保湿面膜【直播专享】,京润珍珠gNPearl,gNpearl 京润珍珠旗舰店,,98,42,0,56,1950.2,835.8,0.0,1114.4,46,0,,1
孔凤春KOPHENIX·面膜马齿苋舒缓面膜补水保湿舒缓清爽换季敏感肌面膜国货,孔凤春KOPHENIX,孔凤春旗舰店,,98,61,3,34,2855.6,1762.9,140.7,952.0,31,2,28.0,3
ESSENHERB·韩国小众Essenherb爱仙赫泊补水保湿修护舒缓肌肤贴片面膜,,晓选??留学生的店,,97,37,0,60,4591.5,1772.7,0.0,2818.8,41,0,,1
百花萃·【品牌专场】墨红面膜补水保湿褪红敏感肌可用-小水梨,百花萃,FLORACARE百花萃旗舰店,,97,52,0,45,9603.0,5148.0,0.0,4455.0,2,0,,1
Dalton·【两只小狗六专属】德海顿肌肤均密 牡蛎面膜50ml,DALTON,DALTON德海顿旗舰店,,97,73,0,24,28906.0,21754.0,0.0,7152.0,2,0,,1
可复美·【达人专属】重组胶原蛋白修复敷料 40g,可复美,可复美旗舰店,,97,57,0,40,12406.0,6726.0,0.0,5680.0,32,0,,6
养生堂·【小绿膜】水润沁透面补水保湿小绿膜舒缓,养生堂YOSEIDO,养生堂YOSEIDO旗舰店,,97,64,1,32,5403.0,3456.0,59.0,1888.0,39,1,2.0,1
MEDI-PEEL 美蒂菲·【到手22片】九肽丰盈提拉面膜（4盒装赠2片）,美蒂菲MEDI-PEEL,MEDI-PEEL 美蒂菲护肤旗舰店,99.0,96,78,0,18,9504.0,7722.0,0.0,1782.0,1,0,,1
成分星球 · 水杨酸棉片琥珀酸祛痘控油修护去角质黑头湿敷清爽,成分星球GalaxyING,成分星球旗舰店,,96,0,0,96,1077.12,0.0,0.0,1077.12,0,1,20.0,1
JCprogram自由之丘·【店播专属】塑颜温感面膜紧致保湿淡纹提升下颌线抗皱30ml,JC program,JCprogram 自由之丘旗舰店,,95,29,0,66,37905.0,11571.0,0.0,26334.0,8,0,,1
FULLY·毛孔深洁泥膜洁面二合一 | 绿番茄清洁面膜去角质黑白头洗面奶,,HAUL41海外旗舰店,98.0,95,55,0,40,9310.0,5390.0,0.0,3920.0,2,0,,1
SensaV敏飞·【拍3减5，拍5减10元】敏皮救星！保湿舒缓面膜/维稳退红5片/盒,敏飞SensaV,妞妞美肤的店,23.0,95,2,0,93,2185.0,46.0,0.0,2139.0,7,0,,1
DERMAFIX·完美真实展现胶原蛋白面膜紧致抗皱补水淡化细纹,DERMAFIX,DERMAFIX海外旗舰店,399.0,95,62,0,33,37905.0,24738.0,0.0,13167.0,86,1,1.0,11
SUDTANA · 【章小蕙推荐】青柠姜黄和大米排毒草本面膜50g/瓶 赠面膜碗,sudtana,玫瑰是玫瑰的海外店,,95,0,72,23,36955.0,0.0,28008.0,8947.0,0,1,354.0,1
海思诺·【凯哥专属】润颜紧致面膜保湿抗初老逆龄,,海思诺旗舰店,299.0,95,6,0,89,28405.0,1794.0,0.0,26611.0,2,0,,1
珀莱雅·【面膜25ml/片＃蓝色】源力水屏障面膜 水漾透润安肤面膜 拆盒,珀莱雅PROYA,Lyinnnnn7788的店,,94,4,0,90,1494.6,63.6,0.0,1431.0,9,0,,1
HEXKIN·赶走细纹！赫诗琴胶原炮面膜灌注面膜改善初老胶原蛋白紧至抗初老,HEXKIN,楼派派是个代go的店,,94,7,0,87,7510.6,559.3,0.0,6951.3,34,1,3.0,1
