序号,product,商品品牌,商品小店,price,预估销量,预估销售额,关联直播,关联笔记,关联达人,统计日期
1,逐本·【99元任选3瓶】香养精华油基础油滋养面部精油,逐本,倩菲芳草地的店,69.0,3026,208794.0,3.0,,1.0,2025年03月
2,kisstory · 清仓买2送1  角鲨烷面部精油  100ml,,卖原料的配方实验室的店,20.0,2682,53523.0,,4.0,1.0,2025年03月
3,逐本·【199元任选4瓶】单方精油 香养精油专区合集,逐本,倩菲芳草地的店,88.0,2561,225368.0,3.0,,1.0,2025年03月
4,丸蔻·玫瑰鲜花原液原浆高端纯露抗皱补水滋润提亮肤色500ml,,丸蔻旗舰店,,1810,143424.7,80.0,24.0,1.0,2025年03月
5,SUDTANA·【章小蕙专享】舒缓修护面护套组（姜黄修护精华油 30mL+,sudtana,玫瑰是玫瑰的海外店,,1713,853074.0,15.0,,2.0,2025年03月
6,AFU阿芙·【董洁同款】11籽精华油30ml美白油45粒十一籽面霜50g以油养肤Z2,阿芙AFU,AFU阿芙旗舰店,,1600,782400.0,43.0,,4.0,2025年03月
7,pouf！ · 「窒息」玫瑰+粉红胡椒/让存有的悲观情绪缓慢内流,,葵葵调香铺子的店,,1508,16437.2,,7.0,1.0,2025年03月
8,丸蔻·野生积雪草纯露扫平痘痘痘印晒后修抚补水保湿紧肌肤湿敷水,,丸蔻旗舰店,29.9,1437,41756.7,80.0,34.0,1.0,2025年03月
9,其他·61551 林清轩山茶花润肤油,,李总的文具百货源头仓的店,,1414,41387.0,8.0,,1.0,2025年03月
10,AFU阿芙 · 【董洁同款】11籽精华油3.0新+11籽眼油+玫瑰纯露套组以油养肤 Z1,阿芙AFU,AFU阿芙旗舰店,,1319,711621.0,38.0,5.0,3.0,2025年03月
11,SUDTANA · 姜黄修复精华油30ml（赠品刮痧板）,,SUDTANA海外旗舰店,,1225,574525.0,6.0,7.0,3.0,2025年03月
12,AFU阿芙·【董洁同款】11籽油30ml+水120ml+乳120g以油养肤 Z2,阿芙AFU,AFU阿芙旗舰店,,1201,437779.0,38.0,,1.0,2025年03月
13,天露芬·面部赋活精华油35/15ml（2）-店播链接,天露芬TAUTROPFEN,天露芬旗舰店,,1150,316370.0,58.0,22.0,5.0,2025年03月
14,花水匠 · 积雪草纯露 舒缓退红改善痘印修护敏感脆弱肌维稳清爽湿敷水平价,花水匠,纯露护肤的店,,1119,41385.0,2.0,8.0,2.0,2025年03月
15,kisstory · 玫瑰纯露/薰衣草纯露/洋甘菊纯露/薄荷纯露500ml,,卖原料的配方实验室的店,15.0,1101,16515.0,,1.0,1.0,2025年03月
16,唐印 · 岳岳的妈妈高山苦橙花纯露天然湿敷水头道饱和纯露500ml 顺丰包邮,,岳岳的妈妈的店,55.0,983,53627.26,15.0,19.0,1.0,2025年03月
17,kisstory · 醇皙瓷肌发光油 30%vcip发光瓶30ml/100ml,,卖原料的配方实验室的店,,920,69000.0,,3.0,1.0,2025年03月
18,兰小肤·角鲨烷微分子养肤油,,森妈教变美护肤教程的店,,894,44301.0,41.0,,1.0,2025年03月
19,乔芙丽 · 身体精华油以油养肤滋润补水保湿喷雾推荐秋冬干皮平价学生正品,乔芙丽QIAOFULI,焕肤魔法师的店,,891,29103.9,,44.0,1.0,2025年03月
20,AFU阿芙·11籽眼油紧致淡纹*2 改善皱纹紧塑眼袋以油养肤Z1,阿芙AFU,AFU阿芙旗舰店,,882,428710.0,57.0,,2.0,2025年03月
21,Melvita·淡纹抗皱精华油 10ml,蜜葳特Melvita,Melvita蜜葳特旗舰店,,878,114200.0,354.0,,53.0,2025年03月
22,AFU阿芙 · 11籽眼油紧致淡纹改善皱纹紧塑眼袋以油养肤 Z1,阿芙AFU,AFU阿芙旗舰店,,832,208878.0,59.0,,2.0,2025年03月
23,丸蔻·大马士革玫瑰纯露补水喷雾天然玫瑰花水精油湿敷护肤水,,丸蔻旗舰店,,801,31415.4,80.0,,1.0,2025年03月
24,时光素颜·皂时光麦子家玫瑰纯露花水天然补水保湿抗皱紧致喷雾爽肤水湿敷水,,皂时光的店,69.0,801,55269.0,24.0,,1.0,2025年03月
25,SUDTANA · 【章小蕙推荐】姜黄修护精华油30mL/瓶 ×2,sudtana,玫瑰是玫瑰的海外店,,796,365364.0,11.0,1.0,4.0,2025年03月
26,SUXIEFANG·大马士革玫瑰纯露 提亮肤色  保湿补水 湿敷 爽肤水,,SUXIEFANG旗舰店,,787,55011.3,74.0,1.0,5.0,2025年03月
27,丸蔻·玫瑰精油芳疗师制作抗皱提亮肤色锁细腻毛孔水保湿暗黄松弛,,丸蔻旗舰店,,765,52971.3,80.0,17.0,1.0,2025年03月
28,花寂 · 发光精油面膜 紧致抗皱滋养嫩肤补水保湿提亮 芳疗以油养肤,,花寂旗舰店,,756,173124.0,68.0,30.0,8.0,2025年03月
29,韩纪·玫瑰紧致抗皱精华油（宠粉）,韩纪,小红薯67A69E57的店,,748,59689.6,83.0,,13.0,2025年03月
30,知和无尤·大马士革玫瑰活性纯露女生植物护肤油皮小众玫瑰花保湿极简,,知和无尤旗舰店,,731,123008.0,444.0,13.0,40.0,2025年03月
31,菲诗伊人FSYR·马鞭草酮迷迭香纯露2瓶,,森妈教变美护肤教程的店,49.0,703,34447.0,41.0,,1.0,2025年03月
32,璞医香 · 法国9号头部舒缓滚珠放松舒缓情绪胡椒薄荷牛至精油Puressentiel,璞医香Puressentiel,Puressentiel 璞医香海外旗舰店,,670,48240.0,5.0,1.0,3.0,2025年03月
33,SUDTANA · 【章小蕙推荐】姜黄修护精华油 30mL 赠 玫瑰爱心玉石刮痧板,,玫瑰是玫瑰的海外店,,670,307530.0,,,,2025年03月
34,SUDTANA·【章小蕙专享】姜黄修护精华油 30mL 赠 玫瑰爱心玉石刮痧板,sudtana,玫瑰是玫瑰的海外店,,670,294130.0,16.0,,2.0,2025年03月
35,丸蔻·白月光小白油vc-ip面部精油天然植物配方七子白提亮肤色暗黄肌,,丸蔻旗舰店,,652,35372.7,80.0,5.0,1.0,2025年03月
36,alteya·保加利亚奥图玫瑰精油洁面250ml植粹精油香气清新 温和不紧绷,,One’s Own的海外店,180.0,644,115920.0,1.0,,1.0,2025年03月
37,余伯年·【单拍不出】香港护肤甘油露甘油宝 保湿橄榄油,,Lyinnnnn7788的店,,635,683.6,11.0,,1.0,2025年03月
38,皙阁 · XIGE红木籽焕肤油按摩紧致面部刮痧精油脸部养肤精华油,皙阁XIGENATURE,XIGENATURE皙阁旗舰店,,633,100014.0,159.0,102.0,24.0,2025年03月
39,丸蔻·马鞭草酮迷迭香纯露闭口粉刺痘痘控油收毛孔,,丸蔻旗舰店,,626,18304.3,80.0,,1.0,2025年03月
40,嘉莉比奥 · 紧致淡纹眼部精粹油,嘉莉比奥Calibio,Calibio嘉莉比奥旗舰店,,603,95957.0,,2.0,1.0,2025年03月
41,丸蔻·养出发光皮十一碳亮肤精华芳疗师制作提亮专注暗黄斑点痘印,,丸蔻旗舰店,,586,40597.8,80.0,8.0,1.0,2025年03月
42,梦莉娇 · 大马士革玫瑰纯露湿敷保湿喷雾爽肤水小分子大瓶装1100ml,,梦莉娇创始人 梁旭的店,79.0,572,45188.0,,16.0,1.0,2025年03月
43,kisstory · 预售澳洲茶树祛痘精油30ml/100ml,,卖原料的配方实验室的店,,572,5714.28,,,,2025年03月
44,爱得菲·【底妆CP】缓解底妆卡粉暗沉妈生奶油肌妆前油美修全绿,,绮丽纪美妆的店,,570,50160.0,149.0,,11.0,2025年03月
45,JEAN D'ESTRÉES·【骞挑万选】法国 玫瑰精华油10ml保湿滋润补水改善干燥以油养肤,,让缇丝JEAN D'ESTREES旗舰店,,568,11292.4,2.0,,1.0,2025年03月
46,馥珮·馥佩角鲨烷精华油玫瑰白池花精华液抗氧变搭白抗初老补水保湿嫩滑,馥珮,馥珮美妆专卖店,,566,18564.8,94.0,3.0,1.0,2025年03月
47,Dr.Lolard+·白桦树发光气泡油,,王默默3月8号上午十点半女神节超大场的店,,554,27644.6,18.0,,1.0,2025年03月
48,hfp·【出游季】果酸精粹水 果酸毛孔净透爽肤水湿敷水 更修护更嫩肤,,hfp旗舰店,,497,88450.0,57.0,48.0,4.0,2025年03月
49,吾植 · 天然库拉索芦荟原液，不加1滴水的护肤水，自然养肤，养出水光肌,,不静姐纯净护肤的店,76.0,497,37772.0,,12.0,1.0,2025年03月
50,玉容初 · 藏红花精华油面部抗皱紧致保湿修护,玉容初,玉容初旗舰店,,497,130431.0,,14.0,1.0,2025年03月
51,OBAGI·【伊能静专属】蓝瓶C10维C臻护焕亮精华10%精纯VC焕新透亮皮肤,欧邦琪Obagi,Obagi欧邦琪旗舰店,,487,271259.0,1.0,,1.0,2025年03月
52,丸蔻·【紧肤油】人参玫瑰精华油抗皱面部皱纹鱼尾纹法令纹肌肤精油保湿,,丸蔻旗舰店,,479,28375.68,80.0,5.0,1.0,2025年03月
53,丸蔻·茶树纯露扫平痘痘控油收毛孔闭口粉刺补水含精油湿敷水,,丸蔻旗舰店,,471,13756.2,80.0,,1.0,2025年03月
54,天露芬·赋活面部精华油35ml+眼部精华油15ml组合-店播链接,天露芬TAUTROPFEN,天露芬旗舰店,,459,481886.0,34.0,8.0,3.0,2025年03月
55,天露芬·【早C晚A】赋活面部精华油35ml+美白淡斑精华油35ml组合-店播链接,天露芬TAUTROPFEN,天露芬旗舰店,,455,543430.0,31.0,2.0,1.0,2025年03月
56,SUDTANA·【直播专属】姜黄修复精华油30ml（赠品刮痧板）,,SUDTANA海外旗舰店,,450,197870.0,110.0,,21.0,2025年03月
57,丸蔻·野生马齿苋纯露马齿笕修抚脆弱别烂脸痘痘粉刺敏敏肌泛红,,丸蔻旗舰店,,439,12842.6,80.0,,1.0,2025年03月
58,熙所·华熙生物淡纹焕亮滚珠精华油淡化细纹紧致抗皱DB,,X LAB熙所旗舰店,,424,46216.0,252.0,,2.0,2025年03月
59,AFU阿芙 · 【董洁同款】极光玫瑰亮肤精华油+11籽精华油+纯露套组以油养肤Z1,阿芙AFU,AFU阿芙旗舰店,,414,239706.0,39.0,,3.0,2025年03月
60,逐本·【精油CP】香养精油榉木扩香木（ 包邮）,逐本,倩菲芳草地的店,,408,8119.2,3.0,,1.0,2025年03月
61,丸蔻·橙花纯露紧肤补水提亮肤色控油植物爽肤水天然官网正品,,丸蔻旗舰店,,407,17998.0,80.0,,1.0,2025年03月
62,其他 · ［精华油的链接］,,Heen软软的店,,404,403596.0,,2.0,1.0,2025年03月
63,ENOW·【管姐专属】大马士革玫瑰茉莉鲜花原液细胞液纯露,ENOW,ENOW旗舰店,,404,39592.0,4.0,,1.0,2025年03月
64,唐印·岳岳的妈妈小产区头道饱和大马士革玫瑰纯露湿敷水爽肤水顺丰包邮,,岳岳的妈妈的店,69.0,399,27531.0,15.0,3.0,1.0,2025年03月
65,kisstory · 古法七子白精华油30ml/100ml,,卖原料的配方实验室的店,29.0,399,11571.0,,,,2025年03月
66,敛花萃·1:1浓缩【头道饱和纯露】高浓度纯露合集,,敛花萃纯净护肤的店,,397,23183.0,25.0,1.0,1.0,2025年03月
67,美体小铺 · 茶树精油10/20ML退市破产的战豆神器 急救舒缓,美体小铺TheBodyShop,妞妞美肤的店,,396,11088.0,8.0,2.0,1.0,2025年03月
68,episteme · 【官方正品】紫源赋能 科技焕颜匀净透亮小p瓶先导美容精华油26ml,嫒碧知episteme,episteme嫒碧知海外旗舰店,,369,276750.0,11.0,1.0,3.0,2025年03月
69,丸蔻·(紧肤+透亮)大马士革玫瑰气泡精华油精华液半油半水清爽精简护肤,,丸蔻旗舰店,,367,56167.3,80.0,7.0,1.0,2025年03月
70,FAN BEAUTY DIARY·海葡萄蓝琉璃双肽精粹油,FanBeautySecret,FanBeauty美妆旗舰店,,361,83058.0,57.0,,2.0,2025年03月
71,AFU阿芙 · 极光玫瑰亮肤精华油45粒+45粒 美白提亮以油养肤 Z1,阿芙AFU,AFU阿芙旗舰店,,359,103751.0,42.0,,3.0,2025年03月
72,CQRZEN·（不是吃的）美白精华油,CQRZEN,王默默3月8号上午十点半女神节超大场的店,,357,14244.3,18.0,14.0,1.0,2025年03月
73,AFU阿芙·大马士革玫瑰纯露补水精油玫瑰水保湿喷雾收缩毛孔爽 Z1,阿芙AFU,AFU阿芙旗舰店,,353,80357.0,36.0,,3.0,2025年03月
74,芳丽晨·买1送1发两支（一支变色+一支无色）玫瑰花油唇膏植物油+芳香精油,,芳丽晨的丽的店,,352,13723.1,38.0,,1.0,2025年03月
75,林清轩 · 山茶花润肤油15ml修护精华油3.0 山茶花时光修护精华霜黑金霜15ml,林清轩Forest cabin,豆丁不是老板娘的店,,352,27688.0,,4.0,1.0,2025年03月
76,SUXIEFANG·荷包蛋福袋 【荷包蛋  弹嫩水光肌】,,SUXIEFANG旗舰店,,339,45765.0,46.0,3.0,4.0,2025年03月
77,3E·doya dgugu红色cos美瞳 赤红莲神迹红烈焰红西红柿赤夏娜弥生亞失,,Rekoabwn-Cheese美瞳的店,,330,6373.2,56.0,2.0,1.0,2025年03月
78,trilogy·新西兰萃乐活经典玫瑰果油修护滋润精华油适合干皮敏感肌45ml,萃乐活Trilogy,Trilogy 萃乐活海外旗舰店,,326,64548.0,4.0,,1.0,2025年03月
79,薇家·白雪公主精油沙棘果茉莉精华油10ml,,薇家旗舰店,,321,28532.0,33.0,,1.0,2025年03月
80,怦然九月 · 积雪草纯露湿敷水淡化痘印舒缓敏感晒后修护保湿痘肌敏感肌300ml,,科学护肤-小雅的店,68.0,319,21692.0,,14.0,1.0,2025年03月
81,天露芬·美白淡斑精华油 15ml/35ml （2）-店播链接,天露芬TAUTROPFEN,天露芬旗舰店,,318,126984.0,33.0,2.0,3.0,2025年03月
82,丸蔻·迷迭香火山泥膜芳疗师制作精油清洁面膜闭口粉刺毛孔粗大,,丸蔻旗舰店,,313,18558.8,80.0,6.0,1.0,2025年03月
83,宝狄妍·白松露胶原酵母精华油保湿,宝狄妍BAODIYAN,王默默3月8号上午十点半女神节超大场的店,,313,12488.7,19.0,5.0,2.0,2025年03月
84,丸蔻·柠檬纯露补水嫩肤提亮肤色收缩毛孔补充天然VC果酸天然,,丸蔻旗舰店,,311,9087.4,80.0,,1.0,2025年03月
85,丸蔻 · 野生积雪草纯露扫平痘痘痘印晒后修抚补水保湿紧肌肤湿敷水,,丸蔻植物护肤的店,,302,9029.8,,13.0,1.0,2025年03月
86,AIONAYI·山茶花植萃美肤油提亮肤色淡化细纹精华油护肤30ml美容院专供,,主持人琳小琳的店,89.0,301,26789.0,3.0,54.0,1.0,2025年03月
87,SUDTANA·【马总专属】姜黄修复精华油30ml（赠品刮痧板）,sudtana,SUDTANA海外旗舰店,,298,132942.0,4.0,,2.0,2025年03月
88,林清轩·【杨小雪专属】山茶花抗皱紧致修护精华油5.0-派样,林清轩Forest cabin,林清轩旗舰店,,297,2675.7,3.0,,1.0,2025年03月
89,珂蔓朵·店播【以油养肤】私密时光精华油 深层滋润柔嫩肌肤38,CUMLAUDE LAB:,Cumlaude Lab:珂蔓朵旗舰店,,296,103304.0,12.0,,1.0,2025年03月
90,ReVive·【胡兵专属】赋活润肤抗皱精华油（回春油）30ml,利维肤Revive,ReVive瑞维斐旗舰店,2660.0,292,776720.0,1.0,,1.0,2025年03月
91,Melvita·【肉雯专属】淡纹抗皱精华油 10ml,蜜葳特Melvita,Melvita蜜葳特旗舰店,,290,36250.0,2.0,,1.0,2025年03月
92,木执 · 玫瑰纯露 玫瑰精油纯露 格拉斯玫瑰纯露,,平阴玫瑰的店,,290,23730.0,39.0,3.0,1.0,2025年03月
93,珂蔓朵·店播【以油养肤】私密时光精华油 深层滋润柔嫩肌肤直降,CUMLAUDE LAB:,Cumlaude Lab:珂蔓朵旗舰店,,286,102674.0,19.0,,1.0,2025年03月
94,舒缓保湿新宠：洋甘菊纯露，肌肤的温柔呵护者,,秀雅大健康的店,120.0,286,34320.0,7.0,,7.0,2025年03月
95,韩纪·【张宇专属】玫瑰紧致抗皱精华油（宠粉）,韩纪,小红薯67A69E57的店,,281,22463.4,45.0,,14.0,2025年03月
96,Omma·意大利佛手柑单方精油 D221【3.27直播间限时优惠】,,omma瑜伽的店,,279,41292.0,3.0,,1.0,2025年03月
97,Biossance·【章小蕙专享】角鲨烷玫瑰VC精华油 30ml,BIOSSANCE,BIOSSANCE海外旗舰店,,277,138223.0,13.0,,2.0,2025年03月
98,MS.ROSA · 保加利亚新鲜5月第一批头采古法铜锅蒸馏卡赞玫瑰露花水500ml,,我是马甲君的店,268.0,276,73700.0,,32.0,1.0,2025年03月
99,AFU阿芙·【董洁同款】11籽眼油紧致淡纹眼部精华油改善皱纹眼袋以油养肤Z2,阿芙AFU,AFU阿芙旗舰店,,269,68131.0,38.0,,1.0,2025年03月
100,其他·60013   大马士革玫瑰纯露（400ml）,,李总的文具百货源头仓的店,,269,5167.7,4.0,,1.0,2025年03月
101,玉容初 · 藏红花赋活水油双相精华油30ml修护提亮,玉容初,玉容初旗舰店,,264,62572.0,,5.0,1.0,2025年03月
102,野有花 · 积雪草纯露湿敷水修护舒缓泛红敏痘肌爽肤水补水喷雾植物天然花水,,野有花芳疗肌肤管理的店,,262,7496.6,,7.0,1.0,2025年03月
103,trilogy·新西兰萃乐活经典玫瑰果油修护滋润精华油适合干皮敏感肌45ml,萃乐活Trilogy,Trilogy 萃乐活海外旗舰店,,261,43848.0,6.0,,1.0,2025年03月
104,丸蔻·薰衣草纯露扫平痘痘痘印控油收毛孔补水保湿湿敷水喷雾大瓶,,丸蔻旗舰店,,260,7612.9,80.0,,1.0,2025年03月
105,舒缓修护必入！胡萝卜籽精油，肌肤维稳小能手,,秀雅大健康的店,80.0,252,20160.0,8.0,,8.0,2025年03月
106,丸蔻·蓝莲花纯露天然补水保湿提亮肤色植物爽肤水,,丸蔻旗舰店,,251,9863.7,80.0,,1.0,2025年03月
107,天露芬·舒缓修护精华油15ml/35ml（2）-店播链接,天露芬TAUTROPFEN,天露芬旗舰店,,247,86526.0,31.0,4.0,2.0,2025年03月
108,PMPM · 【镇店爆款】玫瑰精华油嫩亮提亮护肤油以油养肤面部糖氧双抗,PMPM,PMPM偏偏旗舰店,,246,36654.0,,3.0,1.0,2025年03月
109,玉容初·【导航仪专属】藏红花精华油面部抗皱紧致保湿敏感肌修护30ml,玉容初,玉容初旗舰店,398.0,243,96714.0,4.0,,1.0,2025年03月
110,鲸选街·院线-集光亮肤VCIP精华油30ml#AE3055,,肖骁有好货的店,,240,18448.0,5.0,,1.0,2025年03月
111,AFU阿芙·11籽精华油30ml+美白精华油45粒+11籽水乳以油养肤套组 Z2,阿芙AFU,AFU阿芙旗舰店,,240,117360.0,8.0,,1.0,2025年03月
112,赫蔓倪·巴基斯坦黑种草籽精油150毫升 养发防断发祛痘止痒,,赫蔓倪旗舰店,,239,27152.0,170.0,,18.0,2025年03月
113,大马士革玫瑰  冻干 （喝精油） 丰富异黄酮 女人一生的朋友,,美兮哉的店,56.0,237,13439.7,4.0,,1.0,2025年03月
114,SUXIEFANG·乳香抗皱精华油 彭弹紧致 促进胶原 提升|淡纹|抗皱,,SUXIEFANG旗舰店,,235,36425.0,46.0,1.0,3.0,2025年03月
115,逐本·【299家庭健康必入套组】保卫守护香屏净化精油套组,逐本,倩菲芳草地的店,299.0,235,70265.0,3.0,,1.0,2025年03月
116,玫瑰水溶花胶水，天然精粹，舒缓肌肤干燥泛红,,秀雅大健康的店,99.0,235,23265.0,9.0,,9.0,2025年03月
117,知和无尤·大马士革玫瑰水油水套装组合,,知和无尤旗舰店,,233,160537.0,11.0,,1.0,2025年03月
118,俄麦·大师版塑形手持灯大进深大空间高功率5颗灯珠环绕受光快速固化,,俄麦旗舰店,98.0,227,22246.0,23.0,,5.0,2025年03月
119,Mauli Rituals·【章小蕙专享】赋活强韧眉毛精华油 10mL,,玫瑰是玫瑰的海外店,,226,90174.0,15.0,,2.0,2025年03月
120,知和无尤·如初大马士革玫瑰沁润精油50ml/100ml,,知和无尤旗舰店,,221,140439.0,178.0,11.0,7.0,2025年03月
121,Melvita · 淡纹抗皱精华油奇遇双支装,蜜葳特Melvita,Melvita蜜葳特旗舰店,300.0,221,66000.0,,,,2025年03月
122,植物国度 · 云南葡萄籽油深层滋润保湿舒缓干燥推背按摩温和基础油,,云南精油原料批发的店,,221,5597.0,,13.0,1.0,2025年03月
123,宝得娜·睡莲精华油泰国进口抗皱紧致淡纹补水保湿以油养肤正品精华油,,BODANA宝得娜旗舰店,,219,8541.0,39.0,,6.0,2025年03月
124,枫缇·向日葵立体紧致修护颈部胶囊精华【安吉专属】,枫缇Ble de Fonty,Ble de Fonty 枫缇旗舰店,388.0,217,84196.0,1.0,,1.0,2025年03月
125,PMPM·【重磅上新】黑白松露黑金油酵母滋润焕能精华油紧致淡纹抗老,PMPM,PMPM偏偏旗舰店,,217,60723.0,22.0,,1.0,2025年03月
126,知和无尤·【星眸】大马士革玫瑰焕亮精油7毫升面部精油,,知和无尤旗舰店,,216,41180.8,215.0,9.0,12.0,2025年03月
127,PMPM·【镇店爆款】玫瑰精华油嫩亮提亮护肤油以油养肤面部糖氧双抗,PMPM,PMPM偏偏旗舰店,,216,34104.0,27.0,,4.0,2025年03月
128,亲近美好·白玫瑰保湿纯露300ml/瓶,,MMeibeauty护肤的店,,214,14552.0,313.0,,41.0,2025年03月
129,【藏兜里】纯露。,,藏兜里的店,99999.0,213,21087.0,8.0,,1.0,2025年03月
130,肤佰适·【凯哥专属】水飞蓟精华油修护干皮敏感肌护肤植物A醇面部精油,,肤佰适FOBES旗舰店,399.0,208,82992.0,2.0,,1.0,2025年03月
131,六月田 · 新疆伊犁鲜花提炼真实薰衣草精油护肤刮痧香熏植物单方纯精油芳疗,,新疆伊犁六月田薰衣草的店,,198,5742.0,,2.0,1.0,2025年03月
132,美体小铺·拍2减5元~茶树精油棒痘痘急救棒 痘痘修复 茶树急救棒 2025.10,美体小铺TheBodyShop,妞妞美肤的店,,195,5983.25,6.0,,1.0,2025年03月
133,穆春秋·[零添加调肤1：1高饱和精油纯露],,穆春秋原创芳疗护肤的店,,193,15735.3,21.0,,1.0,2025年03月
134,天露芬·面部赋活精华油 15ml/35ml  直播链接,天露芬TAUTROPFEN,天露芬旗舰店,278.0,191,47458.0,142.0,,15.0,2025年03月
135,kisstory · 清仓 洋甘菊纯露 伊犁薰衣草薄荷纯露 保湿去痘印控油天然,,卖原料的配方实验室的店,15.0,190,2850.0,,1.0,1.0,2025年03月
136,KPC·【爱漂亮的暴躁思专属】天麻敏感肌舒缓修护微晶水官方正品,昆药集团KPC,KPC美妆专卖店,399.0,190,75810.0,1.0,,1.0,2025年03月
137,freiol·福来春季护理|修复维稳倍润保湿面部精华油,福来FREIOL,FREI OL福来旗舰店,,185,19425.0,33.0,,8.0,2025年03月
138,AFU阿芙·11籽精华油3.0套盒+11籽盾小小温润净澈洁颜蜜以油养肤 Z1,阿芙AFU,AFU阿芙旗舰店,,184,66056.0,36.0,,1.0,2025年03月
139,虞舜佳人·仙人掌靓肤精华油,,虞舜佳人的店,,181,16589.0,28.0,,1.0,2025年03月
140,敛花萃·[去黄气提亮】烟酰胺氨甲环酸提亮精华液（芳疗师高定）水疗专用,,敛花萃纯净护肤的店,,180,12690.0,12.0,,1.0,2025年03月
141,知和无尤·大马士革玫瑰活性精油抗皱紧致,,知和无尤旗舰店,,177,60346.8,254.0,31.0,19.0,2025年03月
142,Oshadhi·保加利亚大马士革玫瑰纯露花水玫瑰水爽肤水,德国Oshadhi,Oshadhi旗舰店,108.0,176,19008.0,82.0,1.0,7.0,2025年03月
143,Soberbia·【章小蕙直播专享】黄金玫瑰精粹水,,Soberbia旗舰店,,175,103250.0,16.0,,1.0,2025年03月
144,Flora · 369平衡油 有机认证 大脑皮肤情绪更年期油蔬汁奶昔巴德维,,FLORA富兰海外旗舰店,,174,63932.0,8.0,3.0,6.0,2025年03月
145,Young Dream · YD高周波祛痘仪祛痘淡印控油亮肤臭氧 电疗仪家用,,YOUNG DREAM旗舰店,,172,49536.0,,,,2025年03月
146,kisstory · 幼龄面部精油瘦脸紧致精油30ml/100ml,,卖原料的配方实验室的店,20.0,171,3420.0,,,,2025年03月
147,PAYOT·浆果多维焕亮精华油30ml+冻膜100ml*2+修护精华油30ml,,PAYOT柏姿旗舰店,999.0,171,170829.0,5.0,,1.0,2025年03月
148,Dr.Lolard+·玫瑰精粹露（290ml）,,王默默3月8号上午十点半女神节超大场的店,19.9,170,3257.0,17.0,5.0,1.0,2025年03月
149,hanaumi花近·敏肌修护精华油面部刮痧精油秋冬抗老护肤油以油养肤,hanaumi花近,hanaumi花近海外旗舰店,,169,50531.0,4.0,,1.0,2025年03月
150,丸蔻·葡萄籽油进口天然芳疗级冷压榨保湿滋润紧肤面部基础油,,丸蔻旗舰店,,165,5814.48,81.0,,1.0,2025年03月
151,KIMTRUE且初·【直播专属】无花果精油系列随机,且初KIMTRUE,你橙团长(防封版)的店,,164,1829.2,2.0,,1.0,2025年03月
152,Melvita·【老田专属】淡纹抗皱精华油 10ml,蜜葳特Melvita,Melvita蜜葳特旗舰店,,163,20375.0,1.0,,1.0,2025年03月
153,丸蔻·玫瑰精油凝胶糖果 提亮肤色玫瑰丸子,,丸蔻旗舰店,,162,16078.5,81.0,,1.0,2025年03月
154,天露芬·【章小蕙专享】赋活面部精华油35ml,天露芬TAUTROPFEN,天露芬旗舰店,478.0,158,75524.0,2.0,,2.0,2025年03月
155,璞医香·【朱丹专属】法国9号头部舒缓滚珠放松舒缓情绪胡椒薄荷牛至精油,璞医香Puressentiel,Puressentiel 璞医香海外旗舰店,,156,10764.0,1.0,,1.0,2025年03月
156,episteme·【王冠】紫源赋能 科技焕颜匀净透亮小p瓶  先导美容精华油 26ml,嫒碧知episteme,episteme嫒碧知海外旗舰店,,155,116250.0,3.0,,1.0,2025年03月
157,高纯度天然芦荟胶，舒缓保湿修护，肌肤的急救站,,蕊辛生活家的店,99.0,155,15345.0,3.0,,3.0,2025年03月
158,天露芬·大马士革玫瑰纯露120ml-店播链接,天露芬TAUTROPFEN,天露芬旗舰店,,154,22232.0,31.0,,1.0,2025年03月
159,AFU阿芙·极光玫瑰精华油+木乃伊黄金油肽精华油套组以油养肤 Z1,阿芙AFU,AFU阿芙旗舰店,,150,82700.0,36.0,,1.0,2025年03月
160,SUXIEFANG·玫瑰时光精油 亮白去黄气油敷法滋润不粘腻保湿嫩肤,,SUXIEFANG旗舰店,,149,13180.0,45.0,4.0,3.0,2025年03月
161,玉容初·【水光油】藏红花精华油面部抗皱紧致细嫩水光肌保湿修护【店播】,玉容初,玉容初旗舰店,,148,35224.0,38.0,,1.0,2025年03月
162,碧如花·抗皱焕颜水光养肤油【分解油】,,晓晓护肤的店,49.0,148,7252.0,14.0,,1.0,2025年03月
163,AFU阿芙·极光玫瑰美白亮肤精华油45粒+45粒【狗甜儿】以油养肤D2,阿芙AFU,AFU阿芙旗舰店,,148,39812.0,1.0,,1.0,2025年03月
164,薇家·官方|蔷薇玫瑰精华油10ml面部保湿脸部精油,,薇家日记WEIJIA LIFE的店,,147,12043.0,30.0,,1.0,2025年03月
165,kisstory · 蜜桃舒护油  痔疮精油30ml/100ml,,卖原料的配方实验室的店,33.0,144,4752.0,,1.0,1.0,2025年03月
166,丸蔻·茉莉保湿精华芳疗师制作纯露伴侣补水保湿干燥起皮干纹粗糙,,丸蔻旗舰店,,143,7052.0,80.0,,1.0,2025年03月
167,薇家·晚香玉精油珍珠膏50%珍珠粉,,薇家旗舰店,,143,9495.0,17.0,11.0,1.0,2025年03月
168,科爱元素·【直播专属】IFA国际芳疗师亲调精华油 身体调理芳香精油50ML/瓶,科爱元素,科爱元素旗舰店,,141,16919.0,359.0,,50.0,2025年03月
169,玉容初·【2.0早提亮晚抗垮】藏红花轮廓精华油水油双相提亮紧致【店播】,玉容初,玉容初旗舰店,,141,116665.0,34.0,,1.0,2025年03月
170,皙阁·（卉哒哒专属）直播专属红木籽油100ml面部紧致精华油按摩精油,皙阁XIGENATURE,XIGENATURE皙阁旗舰店,,140,22120.0,9.0,,1.0,2025年03月
171,小巨蛋·[2支混搭精油]椰子玫瑰植物森林漱口精油漱口油提亮清新舒缓DPZB,小巨蛋LITTLE DOME,o.ggeguH小巨蛋旗舰店,,140,17090.0,29.0,,1.0,2025年03月
172,赫蔓倪·巴基斯坦大马士革玫瑰花精油大瓶装150毫升,,赫蔓倪旗舰店,149.0,140,20860.0,4.0,,1.0,2025年03月
173,Kahina·【章小蕙推荐】摩洛哥坚果油,,玫瑰是玫瑰的海外店,,138,34362.0,1.0,,1.0,2025年03月
174,枫缇 · 紧肤臀部护理胶囊精华油 抗皱紧致屁屁油蜜桃臀黑屁股印,枫缇Ble de Fonty,Ble de Fonty 枫缇旗舰店,238.0,137,32276.0,,1.0,1.0,2025年03月
175,kisstory · 面部玫瑰精华油玫瑰果玫瑰精油30ml/100ml,,卖原料的配方实验室的店,28.0,136,3808.0,,,,2025年03月
176,英丝媞 · 玫瑰果精华身体滋润油400ml保湿芳香以油养肤,英丝媞INSTITUTO ESPANOL DESDE 1903,英丝媞旗舰店,,136,25568.0,,10.0,2.0,2025年03月
177,枫缇 · 香氛胶囊精华 木质花香 东方玫瑰花香 清甜木质茶香,枫缇Ble de Fonty,Ble de Fonty 枫缇旗舰店,,135,52310.0,,2.0,1.0,2025年03月
178,LAN·兰时光精华油3.0 面部以油养肤 L,,LAN蘭旗舰店,,130,20670.0,69.0,,17.0,2025年03月
179,安蓓芮·白玫瑰精油纯露舒缓肌肤保湿补水大马士革湿敷水,安蓓芮ANBARRY,安蓓芮Anbarry的店,299.0,130,38870.0,6.0,,1.0,2025年03月
180,花汤草水·苦橙花面部精华油保湿紧致淡纹匀亮面部护理以油养肤,,岳岳的妈妈的店,,127,11975.6,15.0,5.0,1.0,2025年03月
181,植物国度 · 云南甜杏仁油深层滋润干性肌肤润肤按摩抚触基础油,,云南精油原料批发的店,,125,4417.0,,5.0,1.0,2025年03月
182,Melvita·【小石頭】淡纹抗皱精华油 10ml,蜜葳特Melvita,Melvita蜜葳特旗舰店,,123,15375.0,17.0,,1.0,2025年03月
183,东边野兽·【直播间】第2代灵芝修护淡纹精华油,东边野兽,东边野兽旗舰店,,122,42396.0,37.0,,1.0,2025年03月
184,MY ORGANICS·【直播专享】有机苦楝树油100ml,my organics,MY.ORGANICS海外旗舰店,,122,36488.0,183.0,,28.0,2025年03月
185,玉容初·抗氧提亮清爽版精华油 藏红花水油双相精华修护舒缓【店播】,玉容初,玉容初旗舰店,,121,26378.0,38.0,,1.0,2025年03月
186,虞舜佳人·檀香紧致抗皱精华油2个特价,,虞舜佳人的店,158.0,121,17258.0,27.0,,1.0,2025年03月
187,Biossance·角鲨烷VC玫瑰精油 15ml赠同款玫瑰油12ml,BIOSSANCE,BIOSSANCE海外旗舰店,,120,32280.0,4.0,,4.0,2025年03月
188,梦莉娇 · 大马士革玫瑰纯露湿敷保湿喷雾爽肤水小分子大瓶装1500ml,,梦莉娇创始人 梁旭的店,99.9,119,11812.5,2.0,9.0,1.0,2025年03月
189,AFU阿芙·【董董推荐】11籽精华油3.0版  60ml以油养肤抗干老面部护肤 S3,阿芙AFU,AFU阿芙旗舰店,,119,40341.0,10.0,,4.0,2025年03月
190,美在心·面部护理玫瑰精华油30ML50ML,,两木三水的店,168.0,119,19492.0,31.0,2.0,1.0,2025年03月
191,璞医香·法国9号舒缓头痛滚珠放松情绪胡椒薄荷牛至精油Puressentiel,璞医香Puressentiel,Puressentiel 璞医香海外旗舰店,72.0,118,8496.0,102.0,,22.0,2025年03月
192,Melvita·【BOBO专属】淡纹抗皱精华油 10ml,蜜葳特Melvita,Melvita蜜葳特旗舰店,,118,14750.0,1.0,,1.0,2025年03月
193,Revanna · 沉香纯露精粹原液清新淡香保湿补水200ml,,REVANNA美妆的店,188.0,118,22184.0,,1.0,1.0,2025年03月
194,枫缇 · 马卡龙红石榴精华胶囊新加坡BledeFonty南瓜葡萄籽面部精华油蜜桃,枫缇Ble de Fonty,白烦烦的店,,117,20746.0,2.0,4.0,2.0,2025年03月
195,Omma·幽香檀韵滚珠精华油【3.27直播间限时优惠】,,omma瑜伽的店,,117,8286.0,3.0,,1.0,2025年03月
196,润熙泉·【骞挑万选】赋颜紧致菁华霜修护精华油试用组合【DR】,,润熙泉REHYADRO旗舰店,,116,0.0,1.0,,1.0,2025年03月
197,敏心·萃活时光抗皱精华油,,敏心旗舰店,499.0,114,56886.0,2.0,,2.0,2025年03月
198,枫缇·【直播专享】新加坡BledeFonty蜜桃精华胶囊胸部精华液精油植物,枫缇Ble de Fonty,白烦烦的店,,114,20372.0,26.0,,1.0,2025年03月
199,WEIJIA LIFE·薇家官方|白雪公主精油沙棘果茉莉精华油10ml保湿,,薇家日记WEIJIA LIFE的店,,113,9393.0,28.0,,1.0,2025年03月
200,玉容初·【导航仪专属】藏红花赋活水油双相精华油30ml修护提亮,玉容初,玉容初旗舰店,378.0,107,40446.0,4.0,,1.0,2025年03月
201,天露芬·紧致抗皱精华油面膜-店播链接,天露芬TAUTROPFEN,天露芬旗舰店,,107,27820.0,31.0,,1.0,2025年03月
202,【经典高甜】甜开胃酒樱桃番茄 新手推荐,,农夫竹本的店,,106,1285.5,,1.0,1.0,2025年03月
203,The Ordinary·【达播】100%植物角鲨烷精华油角鲨烷油面部精油30ml以油养肤,The Ordinary,The Ordinary海外旗舰店,94.0,106,9964.0,28.0,,3.0,2025年03月
204,奶叔选 · 焕颜护肤油 以油养肤 去痘印 痘肌去闭口黑头 收毛孔保湿提亮精油,,小酸是奶叔的店,,104,7176.5,,12.0,1.0,2025年03月
205,克奈圃 · Kneipp紫葡萄籽淡化颈纹精华油提拉紧致抗初老平滑细纹-小红书,,克奈圃Kneipp海外旗舰店,,103,9978.95,5.0,6.0,3.0,2025年03月
206,AFU阿芙·【董洁同款】11籽精华油30ml+11籽精华面霜30g以油养肤套组 Z2,阿芙AFU,AFU阿芙旗舰店,,103,36977.0,38.0,,1.0,2025年03月
207,静芙·【院线级品牌】玫瑰精油面部按摩抗皱紧致脸部刮痧护肤精华油,,静芙旗舰店,69.0,103,7107.0,24.0,,1.0,2025年03月
208,MURAD·【佳俊专属】视黄醇青春焕颜精华油30ml保湿抗皱,Murad,慕拉得Murad旗舰店,1196.0,103,123188.0,4.0,,1.0,2025年03月
209,小猪当康手作 · 洁面洗澡慕斯·0添加·无水配方鲜花纯露制作·孕妇新生儿敏肌都可用,,小猪当康的店,36.0,102,3664.0,,4.0,1.0,2025年03月
210,天露芬·【章小蕙专享】美白淡斑精华油35ml,天露芬TAUTROPFEN,天露芬旗舰店,778.0,101,78578.0,2.0,,2.0,2025年03月
211,freiol·福来直播专享倍润保湿面部精华油,福来FREIOL,FREI OL福来旗舰店,,100,19850.0,29.0,,1.0,2025年03月
212,PMPM·【重磅上新】黑白松露黑金油酵母滋润焕能精华油紧致淡纹抗老,PMPM,PMPM偏偏旗舰店,,100,20170.0,4.0,9.0,2.0,2025年03月
213,AFU阿芙·11籽双养精华(30g+30g)抗皱紧致以油养肤  Z1,阿芙AFU,AFU阿芙旗舰店,,100,33900.0,36.0,,1.0,2025年03月
214,欧比信·小绿珠·舒缓香茅护肤油,欧比信OhBases,欧比信 OHBASES旗舰店,,100,9600.0,27.0,,4.0,2025年03月
215,丸蔻·乳香纯露平滑鱼尾纹法令纹紧肤补水保湿爽肤水,,丸蔻旗舰店,,99,6857.1,80.0,,1.0,2025年03月
216,Melvita·淡纹抗皱精华油 10ml,蜜葳特Melvita,Melvita蜜葳特旗舰店,,99,12375.0,1.0,,1.0,2025年03月
217,AFU阿芙·11籽眼油紧致淡纹+木乃伊精华油42粒套组 改善皱纹以油养肤Z1,阿芙AFU,AFU阿芙旗舰店,,99,57671.0,36.0,,1.0,2025年03月
218,克丽缇娜 · 胚芽伊油120ml小麦胚芽油e油补水保湿滋养修护抗氧化,克丽缇娜CHLITINA,安妈精准护肤美容院的店,,98,19520.0,,1.0,1.0,2025年03月
219,穆春秋·[头道高饱和精油中药纯露],,穆春秋原创芳疗护肤的店,,98,6811.5,22.0,,1.0,2025年03月
220,知根本·鼻粘膜精油 10ML加赠10ML,,苹果大王的店,,97,16296.0,32.0,,1.0,2025年03月
221,东边野兽·专享-灵芝修护淡纹精华油,东边野兽,东边野兽旗舰店,,96,40308.0,128.0,,26.0,2025年03月
222,唯肯·大马士革玫瑰纯露500ml,,刘桐妍·wake唯肯芳香的店,,96,14102.0,24.0,,1.0,2025年03月
223,meonov · 橙花橄榄精油冷凝露+++,,Heen软软的店,69.0,96,6624.0,,1.0,1.0,2025年03月
224,逐本·【249平价入门精油套组】玫瑰天竺葵乳香真实薰衣草精油套组,逐本,倩菲芳草地的店,249.0,96,23904.0,3.0,,1.0,2025年03月
225,arifoglu·土耳其玫瑰精油薰衣草精油石榴籽精油柠檬精油牛油果精油,,COSMOgirl土耳其本地批发的店,,95,5752.0,10.0,5.0,2.0,2025年03月
226,丸蔻·德国洋甘菊纯露修抚敏脆红丝干痒补水喷雾湿敷,,丸蔻旗舰店,,95,4241.2,80.0,,1.0,2025年03月
227,SUDTANA·【章小蕙直播专享】姜黄修护精华油 30mL,,玫瑰是玫瑰的海外店,,95,43605.0,5.0,,1.0,2025年03月
228,强生·【粉色款温和润肤油500ml】滋润保湿无外盒,强生Johnson,Lyinnnnn7788的店,,95,2488.9,7.0,,1.0,2025年03月
229,赫蔓倪·巴基斯坦黑种草籽精油150毫升 防断发养发止痒祛痘,,赫蔓倪旗舰店,128.0,95,12160.0,4.0,,1.0,2025年03月
230,kisstory · 透骨草艾叶舒畅养护精粹油散结油三伏油30ml/100ml,,卖原料的配方实验室的店,,94,1776.6,,1.0,1.0,2025年03月
231,Monica Queen · 莫妮卡抗皱紧致精华油,,Monica Queen旗舰店,,94,33746.0,41.0,3.0,8.0,2025年03月
232,Dr.Lolard+·白桦树发光气泡油,,王默默Momochichi的店,,94,4630.3,39.0,,2.0,2025年03月
233,Melvita·【小P老师专属】淡纹抗皱精华油 10ml,蜜葳特Melvita,Melvita蜜葳特旗舰店,,93,11625.0,1.0,,1.0,2025年03月
234,MU.Belris·施蒂芙 角鲨烷美容渗透油,,施蒂芙集团的店,,93,3685.5,7.0,,1.0,2025年03月
235,天露芬·美白淡斑精华油  15ml/35ml   直播链接,天露芬TAUTROPFEN,天露芬旗舰店,428.0,92,35736.0,152.0,,14.0,2025年03月
236,AFU阿芙·大马士革玫瑰纯露300ml+125ml套组 补水保湿喷雾收缩毛孔爽 Z2,阿芙AFU,AFU阿芙旗舰店,,92,19228.0,33.0,,1.0,2025年03月
237,林清轩·新品爆珠精油~山茶花抗皱舒缓精华油10ml 原699 【油皮，混油皮】,林清轩Forest cabin,妞妞美肤的店,,92,2329.6,4.0,,1.0,2025年03月
238,LAN·【眼面套组】 时光兰花油凤凰油星星眼油油蜜面膜美白抗皱淡纹,,LAN蘭旗舰店,,91,45079.0,32.0,3.0,8.0,2025年03月
239,webner · 绿咖去水油身体按摩精华油,,webner葦柏納海外旗舰店,,91,29939.0,,4.0,1.0,2025年03月
240,AFU阿芙·11籽淡纹紧致眼部精华油10ml以油养肤D2,阿芙AFU,AFU阿芙旗舰店,,91,21749.0,1.0,,1.0,2025年03月
241,AFU阿芙·木乃伊黄金油肽抚纹胶囊精华油抗干老以油养肤抚纹密集修护  Z1,阿芙AFU,AFU阿芙旗舰店,,90,28575.0,43.0,,2.0,2025年03月
242,玉容初·【导航仪专属】藏红花紧塑精华油眼部精华油面膜套组提拉紧致提亮,玉容初,玉容初旗舰店,888.0,90,79920.0,4.0,,1.0,2025年03月
243,Haa·精华油玫瑰气泡油抗氧化海茴香修护兰花油抗蓝光养肤翡冷翠面部,Haa,Haa旗舰店,,90,2626.0,24.0,1.0,1.0,2025年03月
244,ENOW·【花花市集专属】大马士革玫瑰茉莉鲜花原液细胞液,ENOW,ENOW旗舰店,,90,8820.0,3.0,,1.0,2025年03月
245,REN · 送刮痧板 视黄醇精华植物A醇精华油 按摩油面油精油  30ml,REN,nocomments的店,89.0,90,8010.0,,,,2025年03月
246,知和无尤·大马士革玫瑰活性纯露500毫升拍3发四,,知和无尤旗舰店,,89,70666.0,2.0,,2.0,2025年03月
247,AFU阿芙·极光玫瑰精华油套盒45粒+11籽眼油淡纹紧致+玫瑰纯露以油养肤 Z1,阿芙AFU,AFU阿芙旗舰店,,89,45301.0,36.0,,1.0,2025年03月
248,Biossance·角鲨烷VC玫瑰精油 30ml赠同款玫瑰油15ml*2,BIOSSANCE,BIOSSANCE海外旗舰店,,89,52955.0,1.0,,1.0,2025年03月
249,Oshadhi·【福利款】保加利亚玫瑰纯露花水500ml*2套组湿敷水  效期26.2起,德国Oshadhi,Oshadhi旗舰店,,87,17886.0,46.0,,1.0,2025年03月
250,穆春秋·芳疗师 [秘密花园少女油],,穆春秋原创芳疗护肤的店,,87,3432.6,22.0,,1.0,2025年03月
251,伊帕尔汗·【bobo专属】玫瑰微精油10ml,伊帕尔汗eprhan,伊帕尔汗eprhan旗舰店,,87,12963.0,1.0,,1.0,2025年03月
252,Oshadhi·橙花单方精油稀释做面部精华油按摩油,德国Oshadhi,Oshadhi旗舰店,,86,59340.0,2.0,,1.0,2025年03月
253,Now Foods·拒绝压力胖Relora300mg压力食欲控制胶囊舒缓压力调节皮质醇,诺奥NOW,诺奥海外旗舰店,,86,11970.0,80.0,,4.0,2025年03月
254,Now Foods·诺奥荷荷巴油118ml基础油护肤卸妆精油jojoba霍霍巴油旗舰店,诺奥NOW,诺奥海外旗舰店,119.0,86,9454.0,10.0,,1.0,2025年03月
255,Aroma Flora·桂花纯露-净化皮肤 白到发光,,高定芳疗花老师??的店,238.0,85,20050.0,6.0,,1.0,2025年03月
256,Biossance·角鲨烷视黄醇夜间精华30ml+角鲨烷玫瑰VC精华油15ml,BIOSSANCE,BIOSSANCE海外旗舰店,299.0,85,25415.0,1.0,,1.0,2025年03月
257,freiol · 德国原装进口福来倍润（倍润面部精华油）脸部护肤补水保湿按摩油,,LITCHI SELECT的店,,84,2511.6,,2.0,1.0,2025年03月
258,薇家·茉莉檀香精华油10ml 紧致抗皱 保湿 以油清爽 好吸收 不油腻,,薇家旗舰店,68.0,84,5712.0,32.0,2.0,1.0,2025年03月
259,薇家·蔷薇玫瑰精华油植物油多种肤质可用,,薇家旗舰店,88.0,83,7304.0,33.0,,1.0,2025年03月
260,薇家·大马士革玫瑰檀香精华油10ml保湿以油清爽好吸收不油腻,,薇家旗舰店,85.0,83,7055.0,32.0,,1.0,2025年03月
261,梵芙尼·玫瑰精华油面部紧致抗皱水润润肤补水保湿提亮水光肌,,梵芙尼旗舰店,,83,2481.7,15.0,,5.0,2025年03月
262,DAISY SKY 雏菊的天空·布兰尼田田专场 大马士革奥图玫瑰纯露318ml,雏菊的天空DAISY SKY,DAISY SKY 雏菊的天空旗舰店,158.0,83,13114.0,1.0,,1.0,2025年03月
263,西植 · 云南眼部精油眼袋眼圈眼角纹精华油保湿提拉紧致复方精油,,云南植物王国精油的店,268.0,82,21976.0,,5.0,1.0,2025年03月
264,Biossance·角鲨烷VC玫瑰精油 15ml赠同款玫瑰油12ml,BIOSSANCE,BIOSSANCE海外旗舰店,,82,22058.0,1.0,,1.0,2025年03月
265,WEIJIA LIFE·薇家官方|蓝艾菊舒缓精油膏红脸不烫薄皮用植物,,薇家日记WEIJIA LIFE的店,65.0,81,5265.0,10.0,1.0,1.0,2025年03月
266,克奈圃 · 德国有机紫葡萄杏花柔肤紧致淡纹滋养面部按摩油刮痧油身体油100m,,小Mau小Mau｜德国版??的店,,80,5200.0,,1.0,1.0,2025年03月
267,Omma·保加利亚薰衣草单方精油 D220【3.27直播间限时优惠】,,omma瑜伽的店,,80,11840.0,3.0,,1.0,2025年03月
268,天露芬·【章小蕙直播专享】面部赋活精华油 35ml,天露芬TAUTROPFEN,天露芬旗舰店,478.0,80,38240.0,16.0,,1.0,2025年03月
269,AFU阿芙·极光玫瑰美白精华油套盒+美白水乳+眼霜15g+11籽霜50g以油养肤 Z1,阿芙AFU,AFU阿芙旗舰店,,79,23201.0,37.0,,2.0,2025年03月
270,episteme·【佳凝专属】紫源赋能 科技焕颜匀净透亮  先导美容精华油 26ml,嫒碧知episteme,episteme嫒碧知海外旗舰店,,79,59250.0,6.0,,2.0,2025年03月
271,虞舜佳人·乳香纯露和玫瑰纯露,,虞舜佳人的店,179.0,78,13882.0,29.0,,1.0,2025年03月
272,SUXIEFANG·敏感脆弱肌修护 去红舒缓 德国洋甘菊纯露,,SUXIEFANG旗舰店,,77,6092.3,2.0,,1.0,2025年03月
273,Oshadhi·保加利亚大马士革玫瑰纯露花水玫瑰水爽肤水,德国Oshadhi,Oshadhi旗舰店,,77,14476.0,80.0,,19.0,2025年03月
274,花水匠 · 紫苏纯露 去油补水舒缓肌肤改善毛孔粗大收敛净化毛孔,花水匠,纯露护肤的店,42.0,76,2713.2,,2.0,1.0,2025年03月
275,AFU阿芙·马鞭草酮迷迭香纯露发酵水500ml*2+125ml Z1,阿芙AFU,AFU阿芙旗舰店,,76,22724.0,36.0,,1.0,2025年03月
276,WEIAINABI·【肉姐专属】BUQNAH密罗木紧嫩焕采抗皱精华油1ml+刮板（体验装）,,WEIAINABI旗舰店,,76,2207.6,3.0,,1.0,2025年03月
277,皙阁·（达人专属）红木籽焕肤油按摩紧致面部刮痧精油脸部养肤精华油,皙阁XIGENATURE,XIGENATURE皙阁旗舰店,,75,11850.0,4.0,,1.0,2025年03月
278,安蓓芮·玫瑰纯露爽肤水舒缓保湿补水浓缩精华水湿敷水提亮肤色精油纯露,安蓓芮ANBARRY,安蓓芮Anbarry的店,,74,6413.6,15.0,,2.0,2025年03月
279,Dr.Wong·马鞭草酮迷迭香单方精油香气清新透彻甘甜天然植物油香薰,Dr.Wong,Dr.Wong旗舰店,,73,4219.4,1.0,,1.0,2025年03月
280,Omma·莹润面部植萃精华油【3.27直播间限时优惠】,,omma瑜伽的店,,73,26864.0,4.0,,1.0,2025年03月
281,林清轩·国货之光~山茶花修护精华油3ml 精油小样面部精华修护 以油养肤,林清轩Forest cabin,妞妞美肤的店,,73,649.7,5.0,,1.0,2025年03月
282,Cos De BAHA·【糊奔奔】7%果酸爽肤水去角质疏通毛孔嫩肤匀亮控油【2.24发】,Cos De BAHA,Cos De BAHA海外旗舰店,,73,6716.0,2.0,,1.0,2025年03月
283,SUXIEFANG·乳香抗皱纯露 油敷法淡纹套组,,SUXIEFANG旗舰店,,73,18907.0,46.0,,1.0,2025年03月
284,逐本 · 【1067高阶奢护精油套组】墨红玫瑰净油小花茉莉净油檀香精油套组,逐本,倩菲芳草地的店,1067.0,73,77891.0,3.0,1.0,1.0,2025年03月
285,kisstory · 预售面部拨筋/面部紧致精油30ml/100ml,,卖原料的配方实验室的店,20.0,72,1440.0,,,,2025年03月
286,虞舜佳人·仙人掌油和檀香油,,虞舜佳人的店,150.0,72,10800.0,29.0,,1.0,2025年03月
287,SUDTANA·【李若彤专属】姜黄修复精华油30ml（赠品刮痧板）,,SUDTANA海外旗舰店,,72,31608.0,2.0,,2.0,2025年03月
288,宝狄妍·白松露胶原酵母精华油,宝狄妍BAODIYAN,王默默Momochichi的店,,71,2832.9,49.0,15.0,1.0,2025年03月
289,知和无尤·如初大马士革玫瑰沁润精油100ml拍3发4,,知和无尤旗舰店,,71,273634.0,2.0,,2.0,2025年03月
290,枫缇·盈润胸部护理胶囊精华【店铺自播】,枫缇Ble de Fonty,Ble de Fonty 枫缇旗舰店,,70,13860.0,30.0,,1.0,2025年03月
291,CANVAS · 玫瑰精华纯露 15ML,,CANVAS海外旗舰店,,70,2086.0,12.0,1.0,1.0,2025年03月
292,AFU阿芙·【抗皱+美白组合】美白淡斑亮肤精华油11籽精华油抗皱以油养肤Z2,阿芙AFU,AFU阿芙旗舰店,,70,30780.0,38.0,,1.0,2025年03月
293,MY ORGANICS·【gold萌专属】有机苦楝树油100ml,my organics,MY.ORGANICS海外旗舰店,,70,20930.0,24.0,,1.0,2025年03月
294,玉容初·【爆款尝鲜】藏红花精华油1ml*2抗皱修护舒缓敏感肌,玉容初,玉容初旗舰店,,69,713.1,,,,2025年03月
295,丸蔻 · 玫瑰鲜花原液原浆高端纯露抗皱补水滋润提亮肤色500ml,,丸蔻植物护肤的店,,69,5475.3,,11.0,1.0,2025年03月
296,欧比信·小绿珠·舒缓香茅护肤油,欧比信OhBases,欧比信 OHBASES旗舰店,56.0,69,3864.0,18.0,5.0,9.0,2025年03月
297,LAN·兰藏蕴焕白淡斑精萃油 凤凰油3.0  A,,LAN蘭旗舰店,,68,11492.0,22.0,,5.0,2025年03月
298,笙肌 · 自在平衡柏木头皮精油精华液70ml,,笙肌旗舰店,,68,11642.0,,2.0,1.0,2025年03月
299,hanaumi花近·【章小蕙直播专享】敏肌修护精华油30ml,hanaumi花近,花近hanaumi旗舰店,,68,20332.0,12.0,,1.0,2025年03月
300,唐印·岳岳的妈妈母菊精华油舒缓敏弱强韧屏障养成健康肌润而不油10ml,,岳岳的妈妈的店,69.0,67,4623.0,15.0,2.0,1.0,2025年03月
301,AFU阿芙·马鞭草酮迷迭香纯露发酵水500ml+125ml Z2,阿芙AFU,AFU阿芙旗舰店,,67,11993.0,40.0,,2.0,2025年03月
302,DAISY SKY 雏菊的天空·伊能静专属  大马士革奥图玫瑰纯露318ml,雏菊的天空DAISY SKY,DAISY SKY 雏菊的天空旗舰店,158.0,67,10586.0,1.0,,1.0,2025年03月
303,虞舜佳人·角鲨烷油3个装特价,,虞舜佳人的店,120.0,66,7800.0,27.0,,1.0,2025年03月
304,植物主义 · 妊娠油护肤品橄榄油产后生长纹肥胖纹护理按摩油,植物主义,植物主义旗舰店,,65,3835.0,,1.0,1.0,2025年03月
305,瓣丽婧 · bley护肤油淡化细纹身体油秋冬锁水紧致呵护干燥干皮屑以油养肤,瓣丽婧BANLIJING,瓣丽婧旗舰店,,65,8845.8,,1.0,1.0,2025年03月
306,天露芬·润泽焕亮精华水乳+美白油组合-店播链接,天露芬TAUTROPFEN,天露芬旗舰店,,65,16770.0,31.0,,1.0,2025年03月
307,花寂·【重磅新品】发光油 3600颗微囊 双抗精华提亮抗皱保湿精油,,花寂旗舰店,,65,18070.0,27.0,10.0,3.0,2025年03月
308,ALBA GRUPS·【全新升级】ALBAGRUPS保加利亚白玫瑰精油胶囊2.0升级版植萃配方 x3,,ALBA GRUPS海外旗舰店,,65,47445.0,73.0,,10.0,2025年03月
309,MY ORGANICS·【大促专享】有机摩洛哥坚果油100ml,my organics,MY.ORGANICS海外旗舰店,,65,17485.0,46.0,,8.0,2025年03月
310,AFU·大马士革玫瑰纯露喷雾125ml+300ml【朱丹专属】 D2,阿芙AFU,AFU阿芙旗舰店,169.0,65,10985.0,1.0,,1.0,2025年03月
311,东边野兽·【直播间 超值囤芯】灵芝修护淡纹精华油油露替换芯抗皱保湿,东边野兽,东边野兽旗舰店,,65,40820.0,23.0,,1.0,2025年03月
312,丸蔻·野生艾草纯露收缩毛孔熊猫眼细纹天然植物油花水补水正品,,丸蔻旗舰店,,64,1899.2,80.0,,1.0,2025年03月
313,天露芬·【早P晚R】赋活油35ml+修护油35ml组合-店播链接,天露芬TAUTROPFEN,天露芬旗舰店,,64,68484.0,31.0,1.0,1.0,2025年03月
314,木执·玫瑰精油 抗皱精油 5%单方精油含量,,平阴玫瑰的店,,64,12160.0,39.0,1.0,1.0,2025年03月
315,薇家·檀香抗皱精华油木香舒缓压力放松心情0香精10ml,,薇家旗舰店,68.0,64,4352.0,26.0,,1.0,2025年03月
316,其他 · 小露珠菁粹露水油同补200ml,,Heen软软的店,75.0,64,4800.0,,1.0,1.0,2025年03月
317,Oshadhi·花香舒缓按摩油保湿身体按摩油精华油以油养肤  效期25.10,德国Oshadhi,Oshadhi旗舰店,198.0,63,11226.6,1.0,,1.0,2025年03月
318,良牧田坊·【新】碧绿花白千层按摩油10ml【Shine】,,良牧田坊的店,,63,12474.0,4.0,,1.0,2025年03月
319,皙阁·XIGE红木籽油按摩全身通经络紧致面部刮痧精油脸部养肤精华油,皙阁XIGENATURE,XIGENATURE皙阁旗舰店,,63,9954.0,9.0,2.0,3.0,2025年03月
320,青姿堂·保加利亚玫瑰纯露乳香纯露洋甘菊纯露茶树纯露橙花纯露迷迭香纯露,,美美姐护肤品配方师的店,,63,4566.0,20.0,3.0,1.0,2025年03月
321,东边野兽·【Ashley雯子专属】灵芝精华油替换芯15ml*3囤货装,东边野兽,东边野兽旗舰店,,63,38934.0,1.0,,1.0,2025年03月
322,温钰兔·上新价!新品香水大指缘油栀子花天鹅绒白桃木质调指缘油 30ml正装,,温钰兔-钰兔美甲严选的店,45.0,62,2790.0,174.0,,11.0,2025年03月
323,Mario Badescu skin care·椰子润肤油喷雾147ml*2,,MARIO BADESCU SKIN CARE海外旗舰店,139.0,62,8618.0,1.0,,1.0,2025年03月
324,Omma·莹润面部植萃精华油囤货装（2瓶）【3.27直播间送刮痧板】,,omma瑜伽的店,698.0,61,42578.0,4.0,,1.0,2025年03月
325,兰欧莲·灵芝人参发酵精油,,兰欧莲旗舰店,299.0,61,18239.0,30.0,,1.0,2025年03月
326,【乳香玫瑰】玫瑰脑袋必入 大气精致玫瑰果酱质感 香薰喷雾,,小猫制香的店,,61,2696.8,,5.0,1.0,2025年03月
327,943·【秋冬热卖】白池花焕颜精华油 | 滋养修护抗老紧致舒缓泛红干皮,943,943旗舰店,,60,10140.0,4.0,,2.0,2025年03月
328,Melvita·【 penny】淡纹抗皱精华油 10ml,蜜葳特Melvita,Melvita蜜葳特旗舰店,,60,7500.0,8.0,,1.0,2025年03月
329,Oshadhi·茉莉精油/原精单方精油稀释做面部精华油身体按摩油,德国Oshadhi,Oshadhi旗舰店,,59,54870.0,,,,2025年03月
330,PMPM·千叶玫瑰粉盾精华水依克多因修护舒缓保湿爽肤水,PMPM,PMPM偏偏旗舰店,99.0,59,5841.0,3.0,,1.0,2025年03月
331,3E·小小的一瓶精油经典值得拥有10毫升,,福将来了的店,146.0,59,8614.0,10.0,,1.0,2025年03月
332,freiol · 福来春季护理|礼盒装 香氛美肤精华油+凝时紧致精华油,福来FREIOL,FREI OL福来旗舰店,,58,27782.0,2.0,1.0,2.0,2025年03月
333,海梨之柒·仙人掌种子油 晚安油 少女油 保湿抗皱补水提亮 刮痧按摩,,海梨之柒 Dew and Glo旗舰店,,58,21402.0,12.0,1.0,2.0,2025年03月
334,kisstory · 舒活调理精油 预售疏肝解郁开心油精油30ml,,卖原料的配方实验室的店,,58,1049.4,,2.0,1.0,2025年03月
335,Oshadhi·【小石頭专属】保加利亚大马士革玫瑰纯露花水玫瑰水爽肤水,德国Oshadhi,Oshadhi旗舰店,228.0,58,10904.0,17.0,,1.0,2025年03月
336,欧利芙洋·韩国pinkwonder荷荷巴油精华油50ml以油养肤提拉紧致保湿滋养修护,欧利芙洋OLIVE YOUNG,晓选??留学生的店,,58,6384.4,20.0,,1.0,2025年03月
337,知和无尤·大马士革玫瑰活性精萃液,,知和无尤旗舰店,148.0,57,7596.0,133.0,8.0,8.0,2025年03月
338,LAN·【油皮抗皱】兰花气泡油保湿滋润以油养肤面部精华油L,,LAN蘭旗舰店,,57,9063.0,51.0,,11.0,2025年03月
339,PMPM · 【以油养肤】双玫瑰气泡油修护抗皱紧致保湿褪红油液精华液,PMPM,PMPM偏偏旗舰店,199.0,57,911.0,,3.0,1.0,2025年03月
340,Biossance·100%角鲨烷油100ml赠同款角鲨烷油12ml,BIOSSANCE,BIOSSANCE海外旗舰店,,57,14193.0,1.0,,1.0,2025年03月
341,薇家·官方|白兰花珍珠凝露面部保湿爽肤湿敷凝露30ml,,薇家旗舰店,78.0,57,4446.0,33.0,,1.0,2025年03月
342,WEIJIA LIFE·薇家檀香抗皱精华油木香舒缓压力放松心情0香精10ml,,薇家日记WEIJIA LIFE的店,68.0,57,3876.0,26.0,,1.0,2025年03月
343,ELEMIS·超级食物精华油15ml,艾丽美Elemis,啾鼠小仓库国际站的海外店,,57,9006.0,1.0,,1.0,2025年03月
344,可可恩·【可乐姐专属】摩洛哥屏障修护阿甘油保湿敏感肌干皮精华油60ml,可可恩Cocoon Apothecary,可可恩海外旗舰店,,57,22743.0,1.0,,1.0,2025年03月
345,Revanna·BUQNAH密罗木紧嫩焕采抗皱精华油,,REVANNA美妆的店,299.0,57,17043.0,2.0,,1.0,2025年03月
346,PMPM·【镇店爆款】玫瑰精华油嫩亮提亮护肤油以油养肤面部糖氧双抗,PMPM,PMPM偏偏旗舰店,229.0,57,13053.0,1.0,,1.0,2025年03月
347,清森河谷 · 净化舒养鼻吸棒9种植物精油纯单方复配通畅呼吸提神醒脑精油芳疗,,清森河谷旗舰店,,57,1134.3,,3.0,1.0,2025年03月
348,Biossance·角鲨烷VC玫瑰精油 30ml赠同款玫瑰油15ml*2,BIOSSANCE,BIOSSANCE海外旗舰店,,57,33915.0,2.0,,2.0,2025年03月
349,COSFACE · 橙茉兰面部紧致精华油以油养肤补水保湿滋润护肤,千草宜芳COSFACE,COSFACE千草宜芳旗舰店,328.0,56,18368.0,,,,2025年03月
350,MOIRA·保税直发STAY GOLDEN面部身体古铜膏轻薄雾面柔焦持久不粘腻,,茹云美国便利店的海外店,,56,2760.8,37.0,,2.0,2025年03月
351,SUXIEFANG·直播间专属：淡纹精华油双管 20ml+眼部精油5ml（加赠5ml玻尿酸）,,SUXIEFANG旗舰店,,56,20620.0,45.0,,1.0,2025年03月
352,知和无尤·【旗舰店直播专属】大马士革玫瑰活性精萃液精油组合,,知和无尤旗舰店,,56,48720.0,116.0,,3.0,2025年03月
353,参爱·40%橄榄苦苷人参油橄榄精华液控油祛痘褪红紧致抗皱抗氧维稳,,参爱旗舰店,,56,4928.0,7.0,,3.0,2025年03月
354,Omma·单方精油组合装（澳洲茶树+尤加利）【3.27直播间限时优惠】,,omma瑜伽的店,,56,11648.0,3.0,,1.0,2025年03月
355,Omma·【护肤CP二件套】莹润面部植萃精华油&玫瑰纯露【3.27送刮痧板】,,omma瑜伽的店,,56,27216.0,3.0,,1.0,2025年03月
356,Acaderma·【小森林】新版2.0绿洲精华30ml 4维抗炎 镇压红敏 修护屏障|S01,爱珂黛美Acaderma,Acaderma海外旗舰店,379.0,56,21224.0,2.0,,1.0,2025年03月
357,薇家·橙花檀香精华油10ml 紧致抗皱 保湿 以油清爽 好吸收 不油腻,,薇家旗舰店,75.0,55,4125.0,33.0,,1.0,2025年03月
358,天露芬·【章小蕙直播专享】赋活紧致面护套组（赋活油35ml+眼部油15ml）,天露芬TAUTROPFEN,天露芬旗舰店,1056.0,55,58080.0,16.0,,1.0,2025年03月
359,Royal Oak Health·【张静初专属】皇家橡树南非醉茄胶囊降低皮质醇压力肥失眠镇静安,Royal Oak Health,皇家橡树健康海外旗舰店,,54,8046.0,9.0,,1.0,2025年03月
360,FlyO·【达人专享】面部护理套组,飞哦FLYO,FlyO Kidz 飞哦儿童旗舰店,99.0,54,5552.0,29.0,,9.0,2025年03月
361,多特瑞·分馏椰子油面部身体按摩油基础油保湿滋润护肤护发精油面部刮痧油,,小多植物精油的店,,54,3456.0,38.0,,1.0,2025年03月
362,鉴赏20r普通油6r偏远油12r，看这里,,姐姐家的镯（不回私信的店,6.0,53,318.0,19.0,,1.0,2025年03月
363,Evereden·【专享】新品婴儿亲护抚触精华油118ml,,Evereden安唯伊海外旗舰店,,53,10791.0,54.0,,11.0,2025年03月
364,莫西亚阿尔巴·【肉姐专属】白玫瑰纯露湿敷水 保加利亚原装进口补水保湿318ML*3,,莫西亚阿尔巴旗舰店,,53,15847.0,1.0,,1.0,2025年03月
365,天露芬·【章小蕙专享】赋活焕白精华油套组 （美白油35ml+赋活油35ml）,天露芬TAUTROPFEN,天露芬旗舰店,1256.0,53,66568.0,2.0,,2.0,2025年03月
366,颜纯皙·养肤补水淡化美白液,,晓晓护肤的店,36.0,53,1908.0,14.0,,1.0,2025年03月
367,花水匠 · 马齿苋纯露500ml 温和舒缓补水修护脆弱敏感肌1:1蒸馏头道饱和,花水匠,纯露护肤的店,48.0,52,2460.0,,4.0,1.0,2025年03月
368,SUXIEFANG·敏感脆弱肌修护 去红舒缓 德国洋甘菊纯露,,SUXIEFANG旗舰店,139.0,52,7228.0,45.0,,1.0,2025年03月
369,天露芬·舒缓修护精华油油35ml+眼部精华油15ml组合--店播链接,天露芬TAUTROPFEN,天露芬旗舰店,,52,65312.0,31.0,,1.0,2025年03月
370,YOKIA·植物角鲨烷修护精华油 15ml保适用敏感肌以油养肤【临期特惠】,YOKIA,YOKIA旗舰店,,51,4029.0,27.0,,8.0,2025年03月
371,天露芬·保湿修敏舒缓修护精华油15ml/35ml  直播链接,天露芬TAUTROPFEN,天露芬旗舰店,378.0,51,17358.0,101.0,,8.0,2025年03月
372,天露芬·【章小蕙直播专享】美白淡斑精华油35ml,天露芬TAUTROPFEN,天露芬旗舰店,778.0,51,39678.0,18.0,,1.0,2025年03月
373,Melvita·【小滇儿专属】淡纹抗皱精华油 10ml,蜜葳特Melvita,Melvita蜜葳特旗舰店,,50,6250.0,1.0,,1.0,2025年03月
374,赫蔓倪·巴基斯坦薰衣草精油150ml 平衡水油深度睡眠,,赫蔓倪旗舰店,152.0,50,7600.0,4.0,,1.0,2025年03月
375,花寂·光漾焕颜油敷水精粹水水油双萃玫瑰纯露无水配方保湿【辛辛】,,花寂旗舰店,,50,6400.0,1.0,,1.0,2025年03月
376,CQRZEN·（不是吃的）美白精华油（不是吃的）,CQRZEN,王默默Momochichi的店,,49,1955.1,49.0,3.0,1.0,2025年03月
377,ALRA·【miamaja专属】多酸嫩豆腐精华控油祛痘PHA复配酸去角质闭口修护,,ALRA旗舰店,,49,7301.0,1.0,,1.0,2025年03月
378,John Jeff·94.5%角鲨烷抗皱油以油养肤淡化细纹保湿舒缓轻薄干皮姐夫,John Jeff,John Jeff旗舰店,,48,3382.0,4.0,,4.0,2025年03月
379,Omma·尤加利单方精油 D214【3.27直播间限时优惠】,,omma瑜伽的店,,48,4704.0,3.0,,1.0,2025年03月
380,薇家·桂花檀香精华油10ml 紧致抗皱 保湿 以油清爽 好吸收 不油腻,,薇家旗舰店,78.0,48,3744.0,31.0,,1.0,2025年03月
381,米加·2.0气泡油滋养紧实肌肤抗氧抗糖淡黄提亮改善肤色淡纹,米加Mignon maimai,米加 Mignon maimai旗舰店,238.0,48,11424.0,29.0,,4.0,2025年03月
382,云惜 · 玫瑰焕颜精华油｜不含1滴水·无硅油无香精 紧致抗皱赠维稳面霜5ml,云惜UCnaturel,云惜UCnaturel旗舰店,,47,12596.0,2.0,1.0,2.0,2025年03月
383,赫蔓倪·巴基斯坦大马士革玫瑰花精油大瓶装150毫升新品上市,,赫蔓倪旗舰店,,47,6403.0,114.0,,11.0,2025年03月
384,其他 · 保加利亚大马士革玫瑰纯露洋甘菊纯露湿敷补水修护改善油痘肌平衡,,奥黛丽厚本～的店,,47,1507.6,,6.0,1.0,2025年03月
385,薇家·蔷薇玫瑰精华油3瓶（10ml）,,薇家旗舰店,237.0,47,10599.0,33.0,,1.0,2025年03月
386,Melvita·【朱丹专属】淡纹抗皱精华油 10ml,蜜葳特Melvita,Melvita蜜葳特旗舰店,,47,5875.0,1.0,,1.0,2025年03月
387,丸蔻 · 马鞭草酮迷迭香纯露闭口粉刺痘痘控油收毛孔黑头白头,,丸蔻植物护肤的店,,46,1348.4,,10.0,1.0,2025年03月
388,天露芬·【敏肌CP】美白淡斑精华油35ml+舒缓修护精华油35ml--店播链接,天露芬TAUTROPFEN,天露芬旗舰店,,46,61984.0,31.0,,1.0,2025年03月
389,静芙·【院线级品牌】白玫瑰亮肤紧致按摩精油面部提拉抗皱脸部刮痧,,静芙旗舰店,59.0,46,2714.0,24.0,,1.0,2025年03月
390,AFU·11籽精华油套盒修护补水保湿养肤【朱丹专属】 D2,阿芙AFU,AFU阿芙旗舰店,,46,13754.0,1.0,,1.0,2025年03月
391,唯肯·马鞭草酮迷迭香纯露,,刘桐妍·wake唯肯芳香的店,96.0,45,3800.0,24.0,,1.0,2025年03月
392,玉容初 · 【爆款尝鲜】藏红花精华油6ml改善敏感肌屏障干皮护肤补水,玉容初,玉容初旗舰店,,45,2205.0,,,,2025年03月
393,欧比信·小绿珠舒缓香茅护肤油,欧比信OhBases,欧比信 OHBASES旗舰店,,45,4320.0,28.0,,8.0,2025年03月
394,QHOO 琦后·纯手工补水保湿提亮肤色柿子叶猪油膏正品,,小严同学520的店,,45,1311.3,1.0,,1.0,2025年03月
395,AFU阿芙·美白精华油45粒+木乃伊精华油42粒淡斑美白以油养肤套组 Z2,阿芙AFU,AFU阿芙旗舰店,,45,22455.0,38.0,,1.0,2025年03月
396,episteme·【张萌专属】紫源赋能 科技焕颜透亮小p瓶  先导美容精华油26ml,嫒碧知episteme,episteme嫒碧知海外旗舰店,,45,33750.0,5.0,,1.0,2025年03月
397,KOKOMI · 茉莉精油身体喷雾 以油养肤保湿滋润保湿皮肤舒缓紧致抗氧化,KOKOMI,KOKOMI旗舰店,129.0,45,5805.0,,4.0,1.0,2025年03月
398,Monica Queen·【30+ 淡表情纹、静态纹囤货组】精华油30ml*3,,Monica Queen旗舰店,,45,46800.0,6.0,,2.0,2025年03月
399,寓皂·奢油服务100ml 摩洛哥 黑种草 白池花 精华油 以油养肤 修养护发,,寓皂的店,,45,2875.0,9.0,17.0,1.0,2025年03月
400,璞医香·【限时特惠】法国甜橙有机甜橙单方橘子精油【2025年11月到期】,璞医香Puressentiel,Puressentiel 璞医香海外旗舰店,,45,1055.5,3.0,,3.0,2025年03月
401,IN ESSENCE·【章小蕙直播专享】澳洲ie精油呼吸顺畅精油通鼻精油提神清新净化,IN ESSENCE,IN ESSENCE海外旗舰店,,45,10305.0,15.0,,1.0,2025年03月
402,皙阁·红木籽焕肤精华油 以油养肤 紧致隐纹,皙阁XIGENATURE,XIGENATURE皙阁旗舰店,79.0,44,3026.0,22.0,,1.0,2025年03月
403,NEEDLY·韩国清透爽肤棉片 收缩毛孔温和去角质痘痘舒缓湿敷60片,,晓选??留学生的店,,44,3896.6,41.0,,1.0,2025年03月
404,MAICOOLE · ••气泡油精华油滋养抗氧抗糖化提亮改善肤色抗老好吸收嫩肤,,汇达鑫商贸行的店,,44,17272.0,,103.0,1.0,2025年03月
405,Aroma Flora·苦橙花纯露-收敛毛孔 白出新高度,,高定芳疗花老师??的店,238.0,43,10024.0,6.0,1.0,1.0,2025年03月
406,Clémence Organics·【章小蕙推荐】玫瑰果修护精华油30mL 舒缓提亮紧致,,玫瑰是玫瑰的海外店,,43,20124.0,,,,2025年03月
407,Dr.Wong·荷荷巴油/霍霍巴籽油植物油护发祛痘温和护肤面部精油按摩基底油,Dr.Wong,Dr.Wong旗舰店,,43,2502.5,24.0,,2.0,2025年03月
408,虞舜佳人·角鲨烷油美容油护肤,,虞舜佳人的店,,43,2176.2,28.0,,1.0,2025年03月
409,Rossceutics·拉紧皮肉！乐丝 蒂紧肤精油30ml熟龄肌紧致弹嫩改善细纹滋润保湿,乐丝蒂Rossceutics,惠玲全球甄选的店,,43,24880.0,6.0,1.0,1.0,2025年03月
410,天露芬·【章小蕙专享】赋活紧致面护套组（赋活油35ml+眼部精华油15ml）,天露芬TAUTROPFEN,天露芬旗舰店,1056.0,43,45408.0,2.0,,2.0,2025年03月
411,可可恩·【小羊专属】摩洛哥阿甘油屏障修护+玫瑰果保湿精华油双支,可可恩Cocoon Apothecary,可可恩海外旗舰店,,42,28845.0,1.0,,1.0,2025年03月
412,梦莉娇·大马士革玫瑰抗皱精油以油养肤抗皱油敷,,梦莉娇创始人 梁旭的店,198.0,42,8316.0,1.0,1.0,1.0,2025年03月
413,丸蔻·玫瑰精油玫瑰花去黄提亮,,丸蔻旗舰店,,42,4158.0,2.0,,1.0,2025年03月
414,东边野兽·专享-灵芝精华油露滋养焕亮淡纹修护以油养肤面部,东边野兽,东边野兽旗舰店,,42,17736.0,72.0,,16.0,2025年03月
415,伊迩露久·玫瑰花纯露油敷好搭档乳化好助手,,PAPA乐购新疆的店,,42,670.0,4.0,,1.0,2025年03月
416,敛花萃·【抗老专属】垮脸救星檀香精华油,,敛花萃纯净护肤的店,,42,5222.0,25.0,,1.0,2025年03月
417,DAISY SKY 雏菊的天空·布兰尼田田专属 大马士革玫瑰纯露双瓶,雏菊的天空DAISY SKY,DAISY SKY 雏菊的天空旗舰店,296.0,42,12432.0,1.0,,1.0,2025年03月
418,LAN·时光兰花悦活精萃油 气泡油 A,,LAN蘭旗舰店,,42,6858.0,38.0,,8.0,2025年03月
419,花水匠 · 永久花纯露 改善痘印肌肤改善暗沉黑眼圈粉刺1:1蒸馏头道饱和纯露,花水匠,纯露护肤的店,,41,1672.8,,,,2025年03月
420,WEIJIA LIFE·薇家官方大马士革玫瑰檀香精华油10ml保湿以油清爽好吸收不油腻,,薇家日记WEIJIA LIFE的店,85.0,41,3485.0,31.0,,1.0,2025年03月
421,唐印·岳岳妈妈不长纹超值纯露组合！檀香玫瑰到手1250ml,,岳岳的妈妈的店,,41,8047.0,10.0,,1.0,2025年03月
422,RMK·【章小蕙专享】双重护理菁萃油,润民康RMK,Bonnie&Clyde美护海外旗舰店,,41,8815.0,2.0,,2.0,2025年03月
423,AFU阿芙·11籽双养精华30g+30g+极光玫瑰美白精华油45粒+45粒以油养肤Z1,阿芙AFU,AFU阿芙旗舰店,,41,24019.0,36.0,,1.0,2025年03月
424,AFU阿芙·【水乳+油密】11籽双养精华30g11籽精华水乳以油养肤  Z2,阿芙AFU,AFU阿芙旗舰店,,41,16369.0,38.0,,1.0,2025年03月
425,唐印·岳岳妈妈直播间超值专享双瓶抗老以油养肤,,岳岳的妈妈的店,,41,11480.0,10.0,,1.0,2025年03月
426,LAN·兰时光精华油3.0 修护抗皱保湿舒缓面部以油养肤 L,,LAN蘭旗舰店,,41,6579.0,55.0,,11.0,2025年03月
427,ENOW·【管姐专属】檀香玫瑰Attar精油抗皱紧致山茶角鲨烷仙人掌籽油,ENOW,ENOW旗舰店,388.0,41,13808.0,4.0,,1.0,2025年03月
428,LAN·橱窗 【先试后买】气泡油2.0体验装保湿舒缓面部护肤以油养肤,,LAN蘭旗舰店,,40,1563.6,11.0,,1.0,2025年03月
429,天露芬·面部精华油35ml+润泽保湿精华霜50ml组合--店播链接,天露芬TAUTROPFEN,天露芬旗舰店,906.0,40,34722.0,21.0,4.0,2.0,2025年03月
430,天露芬·【章小蕙直播专享】赋活焕白精华油套 （美白油35ml+赋活油35ml）,天露芬TAUTROPFEN,天露芬旗舰店,1256.0,40,50240.0,14.0,,1.0,2025年03月
431,AFU阿芙·美白精华油45粒+焕采亮白水乳120ml+120ml 以油养肤套组 Z2,阿芙AFU,AFU阿芙旗舰店,,40,14680.0,18.0,,1.0,2025年03月
432,ELEMIS·艾丽美海洋臻萃胶原保湿面部精华油（玫瑰味）15ml,艾丽美Elemis,Elemis旗舰店,790.0,39,30810.0,53.0,,2.0,2025年03月
433,嘉媚乐·神采美目精油10ml滚珠版,嘉媚乐CAMENAE,M&V的店,89.0,39,3471.0,4.0,,1.0,2025年03月
434,hanaumi花近·【章小蕙直播专享】光透焕白淡斑美白油30ml,hanaumi花近,hanaumi花近海外旗舰店,,39,19461.0,12.0,,1.0,2025年03月
435,QINGSHIDO·玫瑰纯露体验装 乳香纯露 洋甘菊纯露 橙花纯露 茶树纯露 迷迭香,,美美姐护肤品配方师的店,,39,808.1,20.0,,1.0,2025年03月
436,【魅】天竺葵精油乳香，清爽花香,,十七de妙悦香舍的店,68.0,39,2652.0,,3.0,1.0,2025年03月
437,野有花 · 大马士革玫瑰纯露玫瑰花水天然补水保湿爽肤水精油湿敷提亮喷雾女,,野有花芳疗肌肤管理的店,,38,1097.8,,4.0,1.0,2025年03月
438,欧树·源258【批次25年3月】 鎏金油 清爽不粘腻 多效亮泽护理精油10ml,,今天也是美女鸭！的店,,38,604.2,14.0,,1.0,2025年03月
439,Gulbirlik·原装进口精粹玫瑰纯露+湿敷套装,,环球云创精选的店,128.0,38,4864.0,2.0,,1.0,2025年03月
440,唯肯·甜橙精油10毫升单方精油,,刘桐妍·wake唯肯芳香的店,79.0,37,2923.0,24.0,,1.0,2025年03月
441,唐印·前两个小时初露！高浓马鞭草酮迷迭香纯露500ml告别脏脏脸反孔,,岳岳的妈妈的店,68.0,37,2516.0,15.0,1.0,1.0,2025年03月
442,东边野兽·【Ashley雯子专属秒杀】灵芝修护淡纹精华油1.5ml,东边野兽,东边野兽旗舰店,,37,366.3,1.0,,1.0,2025年03月
443,香奈儿·Chanel水光棒珠光亮面修容棒Transparent/Seculpting8g,香奈儿Chanel,小兽兽的百宝箱的店,,37,11696.0,32.0,,1.0,2025年03月
444,虞舜佳人·仙人掌油和檀香油,,虞舜佳人的店,,37,5365.0,,,,2025年03月
445,枫缇·【直播专享】马卡龙红石榴精华胶囊新加坡BledeFonty面部精华油,枫缇Ble de Fonty,白烦烦的店,,37,6586.0,24.0,,1.0,2025年03月
446,菲诗伊人FSYR·（拍一发二）马鞭草酮迷迭香纯露补水（打开毛孔）,,小悦老师护肤的店,,36,1422.0,30.0,,1.0,2025年03月
447,alteya·爱蒂娅白玫瑰纯露120ml/500ml 纯露系列,,alteya海外旗舰店,,36,5873.0,6.0,,2.0,2025年03月
448,蜜晓 · 大马士革玫瑰纯露花水保湿爽肤水湿敷补水,,蜜蜜家独立实验室的店,,36,504.0,,1.0,1.0,2025年03月
449,阳洋家 · 大马士革玫瑰纯露500ml爽肤水提亮肤色细腻毛孔保湿补水喷雾,阳洋家,阳洋家旗舰店,29.9,36,1076.4,,,,2025年03月
450,AFU阿芙·美白精华油45粒+11籽精华面霜30g以油养肤 Z2,阿芙AFU,AFU阿芙旗舰店,,36,10764.0,38.0,,1.0,2025年03月
451,Cania Organique·白玫瑰亮眼紧致精华油 2只装 送海豚金眼部拨筋棒,,Delia｜Cania Organique的店,,36,12898.0,16.0,,1.0,2025年03月
452,Biossance·角鲨烷VC玫瑰精油 30ml赠同款玫瑰油15ml*2,BIOSSANCE,BIOSSANCE海外旗舰店,,36,21420.0,6.0,,3.0,2025年03月
453,PHYT'S·【小p老师专属】抗皱精华油套组,,菲茨旗舰店,999.0,36,35964.0,2.0,,1.0,2025年03月
454,唐印·直播间超值专享内修抗老苦橙花面部精华油30ml和小蓝油30ml,,岳岳的妈妈的店,,36,13160.0,12.0,,1.0,2025年03月
455,嘉媚乐·玫瑰薰衣草蓝甘菊复合纯露 湿敷 爽肤,嘉媚乐CAMENAE,M&V的店,,35,1015.0,4.0,,1.0,2025年03月
456,WEIJIA LIFE·官方|橙花檀香精华油10ml 紧致抗皱 保湿以油 清爽 好吸收 不油腻,,薇家日记WEIJIA LIFE的店,75.0,35,2625.0,31.0,,1.0,2025年03月
457,ZRZR·法国原装进口葡萄籽精油抗皱紧致面部保湿精油脸部护肤精华油,,ZRZR旗舰店,,35,2484.0,43.0,30.0,12.0,2025年03月
458,SUXIEFANG·抗皱紧致 胶原蛋白水光 乳香抗皱精华油 彭弹紧致,,SUXIEFANG旗舰店,,35,14046.0,45.0,,1.0,2025年03月
459,天露芬·【章小蕙专享】舒缓修护精华油35ml,天露芬TAUTROPFEN,天露芬旗舰店,678.0,35,23730.0,2.0,,2.0,2025年03月
460,ZRZR·[以油养肤]法国葡萄籽精油脸部精油抗初老精华油以油养肤精华油,,ZRZR旗舰店,,34,2346.0,42.0,,5.0,2025年03月
461,薇家·白玫瑰纯露200ml 24年好香大马士革补保湿爽肤湿敷化妆水干皮沙漠,,薇家旗舰店,,34,2872.0,7.0,,1.0,2025年03月
462,薇家·24年新茉莉纯露200ml好香 补水保湿鲜花自然敷爽肤水喷雾干皮沙漠,,薇家旗舰店,,34,3366.0,31.0,3.0,1.0,2025年03月
463,Melvita·【姨夫专属】淡纹抗皱精华油 10ml,蜜葳特Melvita,Melvita蜜葳特旗舰店,,34,4250.0,2.0,,1.0,2025年03月
464,阳洋家 · 高浓柠檬纯露补水嫩肤均匀肤色痘印维C爽肤水喷雾湿敷,阳洋家,阳洋家旗舰店,,34,180.8,,10.0,1.0,2025年03月
465,薇家·沙棘果茉莉精华油3瓶（10ml）,,薇家旗舰店,248.0,34,8072.0,32.0,,1.0,2025年03月
466,皙阁·（直播）红木籽精华油紧致肌肤按摩面部油紧致精油脸部养肤精华油,皙阁XIGENATURE,XIGENATURE皙阁旗舰店,,34,5501.2,22.0,,1.0,2025年03月
467,skin lane·【直播间专属】肌侣大师睡茄能量油抗皱紧致滋养修护保湿柔光淡纹,肌侣skin lane,skinlane肌侣旗舰店,,34,13566.0,37.0,,1.0,2025年03月
468,Cania Organique·澳洲之宝精油盒子（有机薰衣草，有机茶树，有机尤加利）10ML,,Delia｜Cania Organique的店,,33,9504.0,14.0,,1.0,2025年03月
469,AFU·神采多效美目精华油改善细纹 Z1,阿芙AFU,AFU阿芙旗舰店,,33,2484.0,21.0,,2.0,2025年03月
470,美在心·大马士革玫瑰纯露天然玫瑰花水提亮补水湿敷水300ML500ML,,两木三水的店,168.0,33,5124.0,31.0,2.0,1.0,2025年03月
471,NYWOW O·女娲OAO兰花油50ml兰花精萃以油养肤滋润紧致修护精华液达人专属,,nywow o旗舰店,886.0,33,29238.0,30.0,,4.0,2025年03月
472,蜜晓 · 蜜蜜家玫瑰花瓣护肤油万金油面部身体保湿白雪公主油量贩装100ml,,蜜蜜家独立实验室的店,,33,1617.0,,,,2025年03月
473,芯丝翠·【38节 配方师专属】胶水精华敏感肌修护屏障补水保湿30ml,芯丝翠Neostrata,芯丝翠海外旗舰店,378.0,33,12474.0,1.0,,1.0,2025年03月
474,MapleBio枫萃·双彩凝萃精华油*1盒+双萃油体验装（5ml）*1支,,枫萃生物枫燚凯兮专卖店,,33,13167.0,1.0,,1.0,2025年03月
475,SUXIEFANG · 紧致提升   促进胶原蛋白生成  索马里乳香抗皱纯露,,SUXIEFANG旗舰店,,32,3468.0,2.0,1.0,2.0,2025年03月
476,AFU阿芙·11籽精华油水乳套组面部护肤品以油养肤抗干老  Z1,阿芙AFU,AFU阿芙旗舰店,,32,15731.0,36.0,,1.0,2025年03月
477,花水匠 · 澳洲茶树纯露控油补水清爽净痘去闭口粉刺湿敷水控油爽肤水500ml,花水匠,纯露护肤的店,,32,1141.4,,1.0,1.0,2025年03月
478,东边野兽·【直播间】灵芝精华油露 滋养焕亮淡纹修护以油养肤面部,东边野兽,东边野兽旗舰店,,32,11106.0,37.0,,1.0,2025年03月
479,枫缇·向日葵立体紧致修护颈部胶囊精华【店铺自播】,枫缇Ble de Fonty,Ble de Fonty 枫缇旗舰店,,32,13056.0,30.0,,1.0,2025年03月
480,Monica Queen · 抗皱紧致精华油小样5ml*1......,,Monica Queen旗舰店,,32,1249.8,5.0,1.0,1.0,2025年03月
481,SUXIEFANG·玫瑰纯露+玫瑰精华水+玫瑰乳液+玫瑰时光精油+刷子+美容碗,,SUXIEFANG旗舰店,,32,12768.0,45.0,,1.0,2025年03月
482,其他·61645   时光紧致气泡精华油,,打包快乐源头供应链的店,,32,609.8,2.0,,1.0,2025年03月
483,熙所·华熙生物淡纹抗皱以油养肤补水保湿温和冰感滚珠按摩精华油QZB,,X LAB熙所旗舰店,99.0,32,3168.0,5.0,,4.0,2025年03月
484,枫缇·淡斑美白油 亮肤美白淡斑胶囊精华油【小爱嫲嫲专属】,枫缇Ble de Fonty,Ble de Fonty 枫缇旗舰店,,32,9536.0,1.0,,1.0,2025年03月
485,猛犸手工雕刻玫瑰牡丹雏菊樱花丁香花珠配珠 天然猛犸假一罚万,,目成心许原创珠宝的店,128.0,32,4096.0,41.0,,1.0,2025年03月
486,Dynveo·【柏林君专属·预售10天】南非醉茄+磷虾油+姜黄素【生发组合】,,Dynveo海外旗舰店,758.0,32,24256.0,1.0,,1.0,2025年03月
487,APoEM·安诗悦仲夏夜七花小金珠胶囊精华油提亮舒缓紧致60粒,,安诗悦旗舰店,,32,11776.0,1.0,,1.0,2025年03月
488,DAISY SKY 雏菊的天空·布兰尼田田专场 清肌祛痘精华油7ml,雏菊的天空DAISY SKY,DAISY SKY 雏菊的天空旗舰店,78.0,32,2496.0,1.0,,1.0,2025年03月
489,943·白池花精萃油｜小弹簧精华油 熬夜啵啵油 修护滋养 以油养肤,943,943旗舰店,,31,4619.0,7.0,,1.0,2025年03月
490,玉容初 · 藏红花精华油15ml+赋活水油双相精华30ml提亮抗老修护,玉容初,玉容初旗舰店,,31,17609.0,,14.0,1.0,2025年03月
491,CANVAS·【100°天然有机】玫瑰花妍精华油 保加利亚奥图玫瑰精油,,CANVAS海外旗舰店,,31,22775.0,34.0,1.0,1.0,2025年03月
492,璞医香·【啾鼠专属】法国9号舒缓头痛滚珠放松情绪胡椒薄荷牛至精油,璞医香Puressentiel,Puressentiel 璞医香海外旗舰店,69.0,31,2139.0,1.0,,1.0,2025年03月
493,episteme·【熙蕾】紫源赋能 焕颜匀净透亮小p瓶  先导美容精华油 26ml,嫒碧知episteme,episteme嫒碧知海外旗舰店,,31,23250.0,2.0,,1.0,2025年03月
494,笙肌·自在平衡柏木头皮精油精华液,,笙肌旗舰店,,31,6169.0,44.0,,8.0,2025年03月
495,SUXIEFANG·直播间专属：「焕白抗衰组合」（直播间加赠：玫瑰时光精油5ml）,,SUXIEFANG旗舰店,,31,6045.0,45.0,,1.0,2025年03月
496,弘莉·荷荷巴油舒缓皮肤深层锁水胶原灌注必备好物,,圆坚同学的店,26.0,31,806.0,2.0,,1.0,2025年03月
497,穆春秋·[食品级千叶玫瑰纯露]去黄、净透、调节,,穆春秋原创芳疗护肤的店,,31,1545.1,2.0,,1.0,2025年03月
498,LIFE EXTENSION·沿寿橄榄鱼油240粒4倍浓缩甘油三酯抗内调炎成人养肤祛痘,沿寿Life Extension,沿寿Life Extension海外旗舰店,,30,5340.0,3.0,,2.0,2025年03月
499,Aēsop·焕彩滋润精油 25ml澄彩面部精油,,Tcosmetics的海外店,324.0,30,9720.0,18.0,,1.0,2025年03月
500,WEIJIA LIFE·官方|桂花檀香紧致抗皱精华油10ml  清爽 好吸收 不油腻,,薇家日记WEIJIA LIFE的店,78.0,30,2340.0,29.0,,1.0,2025年03月
